League,Date,Time,Home,Away,Odd_H_Back,Odd_H_Lay,Odd_A_Back,Odd_A_Lay,Odd_D_Back,Odd_D_Lay,Odd_Under25_FT_Back,Odd_Under25_FT_Lay,Odd_Over25_FT_Back,Odd_Over25_FT_Lay,Odd_BTTS_Yes_Back,Odd_BTTS_Yes_Lay,Odd_BTTS_No_Back,Odd_BTTS_No_Lay,Odd_CS_0x0_Back,Odd_CS_0x0_Lay,Odd_CS_0x1_Back,Odd_CS_0x1_Lay,Odd_CS_0x2_Back,Odd_CS_0x2_Lay,Odd_CS_0x3_Back,Odd_CS_0x3_Lay,Odd_CS_1x0_Back,Odd_CS_1x0_Lay,Odd_CS_1x1_Back,Odd_CS_1x1_Lay,Odd_CS_1x2_Back,Odd_CS_1x2_Lay,Odd_CS_1x3_Back,Odd_CS_1x3_Lay,Odd_CS_2x0_Back,Odd_CS_2x0_Lay,Odd_CS_2x1_Back,Odd_CS_2x1_Lay,Odd_CS_2x2_Back,Odd_CS_2x2_Lay,Odd_CS_2x3_Back,Odd_CS_2x3_Lay,Odd_CS_3x0_Back,Odd_CS_3x0_Lay,Odd_CS_3x1_Back,Odd_CS_3x1_Lay,Odd_CS_3x2_Back,Odd_CS_3x2_Lay,Odd_CS_3x3_Back,Odd_CS_3x3_Lay,Odd_CS_Goleada_H_Back,Odd_CS_Goleada_H_Lay,Odd_CS_Goleada_A_Back,Odd_CS_Goleada_A_Lay,Odd_CS_Goleada_D_Back,Odd_CS_Goleada_D_Lay,ID_Evento,ID_Home,ID_Away,ID_Draw,IDMercado_Match_Odds,IDMercado_Over/Under_25_Goals,IDMercado_Both_teams_to_Score,IDMercado_Correct_Score,Odd_Under05_HT_Back,Odd_Under05_HT_Lay,Odd_Over05_HT_Back,Odd_Over05_HT_Lay,Odd_Under05_FT_Back,Odd_Under05_FT_Lay,Odd_Over05_FT_Back,Odd_Over05_FT_Lay,Odd_Under15_FT_Back,Odd_Under15_FT_Lay,Odd_Over15_FT_Back,Odd_Over15_FT_Lay,Double_Chance_Home_or_Draw_Back,Double_Chance_Home_or_Draw_Lay,Double_Chance_Draw_or_Away_Back,Double_Chance_Draw_or_Away_Lay,Double_Chance_Home_or_Away_Back,Double_Chance_Home_or_Away_Lay,IDMercado_Double_Chance,IDMercado_First_Half_Goals_05,IDMercado_Over/Under_05_Goals,IDMercado_Over/Under_15_Goals
Mexican Liga MX,2026-09-12,00:00:00,Atlante,Pachuca,3.15,3.3,2.36,2.44,3.55,3.75,2.02,2.08,1.93,1.98,1.74,1.79,2.26,2.36,13.5,21.0,10.0,14.0,13.5,19.0,5.3,38.0,12.0,17.0,7.2,8.0,10.5,11.5,21.0,25.0,21.0,29.0,12.0,16.5,14.0,19.0,5.3,42.0,5.6,65.0,5.3,42.0,36.0,50.0,5.8,90.0,20.0,40.0,15.5,19.0,6.2,1000.0,36037700,230270.0,328954.0,58805.0,1.262060031,1.262060034,1.262060078,1.262060079,3.35,3.55,1.39,1.42,13.5,15.5,1.07,1.08,4.1,4.3,1.3,1.32,1.69,1.74,1.43,1.47,1.37,1.4,1.262060080,1.262060041,1.262060032,1.262060033
Mexican Liga MX,2026-09-12,00:00:00,Tijuana,Queretaro,1.99,2.04,4.2,4.5,3.55,3.75,2.06,2.12,1.89,1.94,1.74,1.81,2.24,2.36,14.0,16.0,15.0,17.0,9.2,36.0,11.0,100.0,9.2,10.5,7.4,8.2,15.0,18.0,10.0,55.0,11.5,13.0,9.2,10.5,15.0,17.0,10.0,55.0,8.2,26.0,18.0,21.0,9.4,40.0,11.0,100.0,11.5,13.5,10.0,50.0,12.5,1000.0,36033386,5687741.0,328926.0,58805.0,1.262015046,1.262015056,1.262015045,1.262015055,3.5,3.6,1.38,1.4,14.0,17.0,1.06,1.08,4.2,4.5,1.28,1.31,1.29,1.31,1.96,2.02,1.37,1.39,1.262015037,1.262015049,1.262015050,1.262015060
Hong Kong Premier League,2026-09-12,05:00:00,Wofoo Tai Po,Hong Kong FC,1.1,110.0,1.11,1000.0,6.0,870.0,1.24,12.5,1.1,5.8,1.01,1000.0,1.01,1000.0,1.01,1000.0,1.01,1000.0,1.01,1000.0,1.01,1000.0,1.01,1000.0,1.01,1000.0,1.01,1000.0,1.01,1000.0,1.01,1000.0,1.01,1000.0,1.01,1000.0,1.01,1000.0,1.01,1000.0,1.01,1000.0,1.01,1000.0,1.01,1000.0,1.01,1000.0,1.01,1000.0,1.01,1000.0,36054100,5204518.0,5222607.0,58805.0,1.262261591,1.262261594,1.262261638,1.262261639,1.01,1000.0,1.01,1.29,1.02,110.0,1.01,1.14,1.02,100.0,1.09,1.14,1.01,110.0,1.14,970.0,1.01,1.27,1.262261640,1.262261601,1.262261592,1.262261593
Romanian Liga II,2026-09-12,05:00:00,CS Afumati,ASA Targu Mures,1.7,110.0,1.65,110.0,1.04,950.0,1.26,4.4,1.31,4.9,1.01,1000.0,1.01,1000.0,1.01,1000.0,1.01,1000.0,1.01,1000.0,1.01,1000.0,1.01,1000.0,1.01,1000.0,1.01,1000.0,1.01,1000.0,1.01,1000.0,1.01,1000.0,1.01,1000.0,1.01,1000.0,1.01,1000.0,1.01,1000.0,1.01,1000.0,1.01,1000.0,1.01,1000.0,1.01,1000.0,1.01,1000.0,36042359,7290083.0,26496369.0,58805.0,1.262116423,1.262116468,1.262116507,1.262116432,1.01,1000.0,1.01,1000.0,1.27,110.0,1.01,55.0,1.26,100.0,1.3,4.8,1.01,2.54,1.01,2.44,1.01,110.0,1.262116424,1.262116426,1.262116427,1.262116471
Hong Kong Premier League,2026-09-12,05:00:00,Southern District,Kitchee SC,3.0,980.0,1.19,110.0,1.05,110.0,1.25,110.0,1.13,5.2,1.01,1000.0,1.01,1000.0,1.01,1000.0,1.01,1000.0,1.01,1000.0,1.01,1000.0,1.01,1000.0,1.01,1000.0,1.01,1000.0,1.01,1000.0,1.01,1000.0,1.01,1000.0,1.01,1000.0,1.01,1000.0,1.01,1000.0,1.01,1000.0,1.01,1000.0,1.01,1000.0,1.01,1000.0,1.01,1000.0,1.01,1000.0,36054108,10268893.0,5696599.0,58805.0,1.262261855,1.262261900,1.262261939,1.262261864,1.01,1000.0,1.01,1.34,1.37,110.0,1.01,1.18,1.98,110.0,1.13,1.18,1.12,7.8,1.04,1.18,1.13,110.0,1.262261856,1.262261858,1.262261859,1.262261903
Romanian Liga II,2026-09-12,05:00:00,ACS Dumbravita,CSM Slatina,2.2,110.0,1.4,110.0,1.04,950.0,1.25,1.99,2.02,6.0,1.01,1000.0,1.01,1000.0,1.01,1000.0,1.01,1000.0,1.01,1000.0,1.01,1000.0,1.01,1000.0,1.01,1000.0,1.01,1000.0,1.01,1000.0,1.01,1000.0,1.01,1000.0,1.01,1000.0,1.01,1000.0,1.01,1000.0,1.01,1000.0,1.01,1000.0,1.01,1000.0,1.01,1000.0,1.01,1000.0,1.01,1000.0,36042354,20498949.0,20135213.0,58805.0,1.262116513,1.262116558,1.262116597,1.262116522,1.01,1000.0,1.01,1000.0,1.28,110.0,1.01,110.0,1.28,3.9,1.36,110.0,1.01,3.5,1.01,1.84,1.01,110.0,1.262116514,1.262116516,1.262116517,1.262116561
Romanian Liga II,2026-09-12,05:00:00,CS Gloria 2018 Bistrita,Gloria Popesti-Leordeni,1.5,110.0,2.1,110.0,1.04,950.0,1.25,3.95,1.33,6.0,1.01,1000.0,1.01,1000.0,1.01,1000.0,1.01,1000.0,1.01,1000.0,1.01,1000.0,1.01,1000.0,1.01,1000.0,1.01,1000.0,1.01,1000.0,1.01,1000.0,1.01,1000.0,1.01,1000.0,1.01,1000.0,1.01,1000.0,1.01,1000.0,1.01,1000.0,1.01,1000.0,1.01,1000.0,1.01,1000.0,1.01,1000.0,36038676,50604413.0,7707902.0,58805.0,1.262066625,1.262066670,1.262066709,1.262066634,1.01,1000.0,1.01,1000.0,1.28,110.0,1.01,110.0,1.28,3.95,1.33,55.0,1.01,1.91,1.01,3.0,1.01,110.0,1.262066626,1.262066628,1.262066629,1.262066673
Romanian Liga II,2026-09-12,05:00:00,ACSM Cetatea 1932 Suceava,CSM Ramnicu-Valcea,1.55,110.0,2.2,110.0,1.1,950.0,1.25,110.0,1.36,6.0,1.01,1000.0,1.01,1000.0,1.01,1000.0,1.01,1000.0,1.01,1000.0,1.01,1000.0,1.01,1000.0,1.01,1000.0,1.01,1000.0,1.01,1000.0,1.01,1000.0,1.01,1000.0,1.01,1000.0,1.01,1000.0,1.01,1000.0,1.01,1000.0,1.01,1000.0,1.01,1000.0,1.01,1000.0,1.01,1000.0,1.01,1000.0,36042376,101246043.0,58891141.0,58805.0,1.262116333,1.262116378,1.262116417,1.262116342,1.01,1000.0,1.01,1000.0,1.26,110.0,1.01,110.0,1.26,970.0,1.36,110.0,1.01,1.84,1.03,2.82,1.01,110.0,1.262116334,1.262116336,1.262116337,1.262116381
Romanian Liga II,2026-09-12,05:00:00,FC Metaloglobus Bucuresti,CSM Satu Mare,1.25,1000.0,2.4,1000.0,1.03,950.0,0.0,0.0,0.0,0.0,0.0,0.0,0.0,0.0,0.0,0.0,0.0,0.0,0.0,0.0,0.0,0.0,0.0,0.0,0.0,0.0,0.0,0.0,0.0,0.0,0.0,0.0,0.0,0.0,0.0,0.0,0.0,0.0,0.0,0.0,0.0,0.0,0.0,0.0,0.0,0.0,0.0,0.0,0.0,0.0,0.0,0.0,36038683,10805935.0,36410400.0,58805.0,1.262066714,0.0,0.0,0.0,0.0,0.0,0.0,0.0,0.0,0.0,0.0,0.0,0.0,0.0,0.0,0.0,0.0,0.0,0.0,0.0,0.0,0.0,0.0,0.0,0.0,0.0
Chinese League 2,2026-09-12,05:00:00,Shanghai Port B,Jiangxi Lushan,2.18,2.7,3.0,5.1,2.18,5.0,1.55,1.82,2.2,2.82,1.01,2.24,1.01,2.16,1.01,1000.0,1.01,1000.0,1.01,1000.0,1.01,1000.0,1.01,1000.0,1.01,1000.0,1.01,1000.0,1.01,1000.0,1.01,1000.0,1.01,1000.0,1.01,1000.0,1.01,1000.0,1.01,1000.0,1.01,1000.0,1.01,1000.0,1.01,1000.0,1.01,1000.0,1.01,1000.0,1.01,1000.0,36057804,67939087.0,82346032.0,58805.0,1.262292236,1.262292281,1.262292320,1.262292245,1.01,1000.0,1.01,1.66,1.02,21.0,1.05,1.57,2.62,3.4,1.41,1.62,1.33,1.5,1.59,1.85,1.27,1.67,1.262292237,1.262292239,1.262292240,1.262292284
Chinese League 2,2026-09-12,06:00:00,Hubei Istar,Changchun Xidu,1.1,110.0,1.1,110.0,1.1,900.0,1.07,110.0,1.45,55.0,1.01,1000.0,1.01,1000.0,1.01,1000.0,1.01,1000.0,1.01,1000.0,1.01,1000.0,1.01,1000.0,1.01,1000.0,1.01,1000.0,1.01,1000.0,1.01,1000.0,1.01,1000.0,1.01,1000.0,1.01,1000.0,1.01,1000.0,1.01,1000.0,1.01,1000.0,1.01,1000.0,1.01,1000.0,1.01,1000.0,1.01,1000.0,36057807,56607002.0,82346037.0,58805.0,1.262292146,1.262292191,1.262292230,1.262292155,1.01,1000.0,1.01,1000.0,1.02,1000.0,1.01,110.0,1.07,110.0,1.02,110.0,1.01,11.0,1.01,11.0,1.01,11.0,1.262292147,1.262292149,1.262292150,1.262292194
Japanese J League 3,2026-09-12,06:00:00,Fukushima Utd,Kumamoto,1.02,110.0,1.02,110.0,1.02,860.0,1.25,970.0,1.01,6.0,1.01,1000.0,1.01,1000.0,1.01,1000.0,1.01,1000.0,1.01,1000.0,1.01,1000.0,1.01,1000.0,1.01,1000.0,1.01,1000.0,1.01,1000.0,1.01,1000.0,1.01,1000.0,1.01,1000.0,1.01,1000.0,1.01,1000.0,1.01,1000.0,1.01,1000.0,1.01,1000.0,1.01,1000.0,1.01,1000.0,1.01,1000.0,36054675,4271905.0,5021204.0,58805.0,1.262265033,1.262265078,1.262265117,1.262265042,1.01,1000.0,1.01,1000.0,1.34,110.0,1.01,3.95,1.34,110.0,1.01,4.0,1.01,110.0,1.01,110.0,1.01,110.0,1.262265034,1.262265036,1.262265037,1.262265081
Japanese J League 3,2026-09-12,06:00:00,Kitakyushu,Tottori,1.02,110.0,1.02,110.0,1.02,910.0,1.34,4.2,1.32,5.0,1.01,1000.0,1.01,1000.0,1.01,1000.0,1.01,1000.0,1.01,1000.0,1.01,1000.0,1.01,1000.0,1.01,1000.0,1.01,1000.0,1.01,1000.0,1.01,1000.0,1.01,1000.0,1.01,1000.0,1.01,1000.0,1.01,1000.0,1.01,1000.0,1.01,1000.0,1.01,1000.0,1.01,1000.0,1.01,1000.0,1.01,1000.0,36054674,5026013.0,5759566.0,58805.0,1.262265123,1.262265168,1.262265207,1.262265132,1.01,1000.0,1.01,1000.0,1.34,110.0,1.06,3.9,1.34,110.0,1.28,3.9,1.01,110.0,1.01,110.0,1.01,110.0,1.262265124,1.262265126,1.262265127,1.262265171
Japanese J League 2,2026-09-12,06:00:00,Iwaki SC,Yokohama FC,3.35,3.55,2.3,2.4,3.45,3.65,1.9,2.0,2.0,2.12,1.79,1.88,2.14,2.26,12.0,16.0,9.0,10.5,13.0,17.5,1.01,38.0,11.0,15.0,7.2,8.4,10.0,13.0,21.0,30.0,21.0,28.0,12.5,17.0,15.5,21.0,1.01,46.0,1.01,70.0,1.01,46.0,1.01,60.0,1.01,110.0,1.01,44.0,17.5,24.0,1.01,1000.0,36043392,13432059.0,2319612.0,58805.0,1.262148953,1.262148956,1.262149000,1.262149001,1.01,110.0,1.01,110.0,12.0,15.5,1.07,1.09,3.65,4.1,1.34,1.38,1.71,1.77,1.39,1.43,1.37,1.41,1.262149002,1.262148963,1.262148954,1.262148955
Japanese J League 2,2026-09-12,06:00:00,Blaublitz Akita,Tokushima,2.72,3.1,2.66,3.05,3.2,3.5,1.6,1.76,2.3,2.68,1.95,2.26,1.79,2.06,1.01,11.5,7.4,970.0,1.01,1000.0,22.0,1000.0,7.4,970.0,5.5,8.6,1.01,970.0,19.5,1000.0,10.0,1000.0,1.01,970.0,16.0,1000.0,1.01,1000.0,24.0,1000.0,1.01,1000.0,1.01,95.0,1.01,1000.0,1.01,1000.0,1.01,1000.0,1.01,1000.0,36038654,5852914.0,5026012.0,58805.0,1.262066119,1.262066122,1.262066166,1.262066167,2.42,110.0,1.01,1.7,6.8,17.0,1.06,1.17,3.0,3.25,1.45,1.5,1.51,1.61,1.48,1.58,1.4,1.46,1.262066168,1.262066129,1.262066120,1.262066121
Japanese J League 3,2026-09-12,06:00:00,Nara Club,FC Gifu,1.02,110.0,1.02,110.0,1.02,940.0,1.31,5.5,1.22,5.0,1.01,1000.0,1.01,1000.0,1.01,1000.0,1.01,1000.0,1.01,1000.0,1.01,1000.0,1.01,1000.0,1.01,1000.0,1.01,1000.0,1.01,1000.0,1.01,1000.0,1.01,1000.0,1.01,1000.0,1.01,1000.0,1.01,1000.0,1.01,1000.0,1.01,1000.0,1.01,1000.0,1.01,1000.0,1.01,1000.0,1.01,1000.0,36054658,4233883.0,4270387.0,58805.0,1.262264900,1.262264945,1.262264984,1.262264909,1.01,1000.0,1.01,1000.0,1.01,110.0,1.01,110.0,1.31,110.0,1.22,4.2,1.01,110.0,1.01,110.0,1.01,110.0,1.262264901,1.262264903,1.262264904,1.262264948
Chinese League 2,2026-09-12,06:00:00,Taian Tiankuang,Wuhan Three Towns II,1.1,110.0,1.1,110.0,1.1,900.0,1.06,110.0,1.48,36.0,1.01,1000.0,1.01,1000.0,1.01,1000.0,1.01,1000.0,1.01,1000.0,1.01,1000.0,1.01,1000.0,1.01,1000.0,1.01,1000.0,1.01,1000.0,1.01,1000.0,1.01,1000.0,1.01,1000.0,1.01,1000.0,1.01,1000.0,1.01,1000.0,1.01,1000.0,1.01,1000.0,1.01,1000.0,1.01,1000.0,1.01,1000.0,36057826,47112788.0,82318915.0,58805.0,1.262291696,1.262291741,1.262291780,1.262291705,1.01,1000.0,1.01,1000.0,1.01,1000.0,1.01,110.0,1.06,110.0,1.02,110.0,1.01,11.0,1.01,11.0,1.01,11.0,1.262291697,1.262291699,1.262291700,1.262291744
Japanese J League,2026-09-12,06:00:00,Mito,Kawasaki,3.25,4.2,2.04,2.16,3.5,4.8,2.36,2.7,1.59,1.73,1.58,1.69,2.44,2.74,18.0,22.0,11.5,13.5,13.5,15.5,21.0,27.0,15.5,19.0,8.4,9.4,9.8,11.5,17.0,21.0,8.4,32.0,13.0,16.0,13.5,16.5,8.4,32.0,10.0,65.0,9.0,42.0,9.2,46.0,10.0,80.0,20.0,30.0,9.8,11.5,11.0,590.0,36038784,3455677.0,1080507.0,58805.0,1.262068280,1.262068283,1.262068327,1.262068328,3.35,4.6,1.28,1.43,5.0,36.0,1.04,1.25,5.0,6.0,1.2,1.25,1.87,1.96,1.35,1.4,1.32,1.36,1.262068329,1.262068290,1.262068281,1.262068282
Japanese J League,2026-09-12,06:30:00,Shimizu,Fukuoka,2.98,3.25,2.54,2.7,3.3,3.6,1.73,1.82,2.22,2.36,1.89,2.02,1.98,2.12,10.0,11.5,8.2,9.4,14.5,16.5,9.2,48.0,9.2,10.5,6.6,7.6,10.5,12.5,8.8,34.0,17.5,21.0,12.0,14.0,17.0,19.5,9.8,60.0,10.0,70.0,9.2,46.0,10.0,70.0,11.0,150.0,9.4,44.0,8.6,32.0,11.5,1000.0,36038814,441086.0,1405180.0,58805.0,1.262069629,1.262069632,1.262069676,1.262069677,2.56,3.2,1.45,1.64,10.0,12.0,1.09,1.11,3.1,3.4,1.42,1.47,1.59,1.63,1.46,1.5,1.4,1.44,1.262069678,1.262069639,1.262069630,1.262069631
Japanese J League 2,2026-09-12,06:30:00,Vanraure Hachinohe,Shonan,3.7,4.0,2.24,2.36,3.25,3.3,1.65,1.75,2.34,2.54,2.02,2.14,1.89,1.97,9.0,10.0,7.0,8.0,11.5,15.5,7.4,32.0,10.0,11.5,6.6,7.4,10.0,13.5,7.2,30.0,20.0,32.0,14.0,17.5,16.0,22.0,8.4,60.0,8.4,100.0,8.4,70.0,8.6,75.0,8.8,170.0,8.6,85.0,21.0,32.0,9.2,1000.0,36039024,7632116.0,4546954.0,58805.0,1.262076768,1.262076771,1.262076815,1.262076816,2.44,110.0,1.01,1.69,2.98,10.5,1.1,1.17,2.68,3.3,1.44,1.6,1.74,1.8,1.33,1.37,1.43,1.46,1.262076817,1.262076778,1.262076769,1.262076770
Japanese J League,2026-09-12,07:00:00,Nagasaki,Nagoya,3.3,3.55,2.18,2.26,3.75,4.0,2.1,2.34,1.74,1.9,1.54,1.74,2.34,2.86,13.5,29.0,9.8,17.5,12.5,23.0,2.98,40.0,13.0,23.0,7.6,12.5,9.0,15.5,17.0,30.0,2.94,36.0,11.0,21.0,12.0,23.0,3.0,44.0,3.1,85.0,3.0,50.0,3.0,55.0,3.1,100.0,16.5,40.0,10.5,18.0,3.2,1000.0,36038813,7081211.0,441084.0,58805.0,1.262069737,1.262069740,1.262069784,1.262069785,3.15,4.4,1.3,1.46,10.0,110.0,1.02,1.1,4.5,5.4,1.23,1.29,1.79,1.85,1.4,1.43,1.34,1.36,1.262069786,1.262069747,1.262069738,1.262069739
Portuguese Liga 3,2026-09-12,07:00:00,Oliveirense,Mafra,1.02,110.0,1.02,110.0,1.02,920.0,1.24,110.0,1.02,6.4,1.01,1000.0,1.01,1000.0,1.01,1000.0,1.01,1000.0,1.01,1000.0,1.01,1000.0,1.01,1000.0,1.01,1000.0,1.01,1000.0,1.01,1000.0,1.01,1000.0,1.01,1000.0,1.01,1000.0,1.01,1000.0,1.01,1000.0,1.01,1000.0,1.01,1000.0,1.01,1000.0,1.01,1000.0,1.01,1000.0,1.01,1000.0,36058498,616886.0,2268747.0,58805.0,1.262294927,1.262294972,1.262295011,1.262294936,1.01,1000.0,1.01,1000.0,1.24,1000.0,1.01,6.4,1.24,1000.0,1.02,6.4,1.01,110.0,1.01,110.0,1.01,110.0,1.262294928,1.262294930,1.262294931,1.262294975
Japanese J League 3,2026-09-12,07:00:00,Renofa Yamaguchi,Thespakusatsu Gunma,1.02,110.0,1.02,110.0,1.02,900.0,1.25,970.0,1.26,6.0,1.01,1000.0,1.01,1000.0,1.01,1000.0,1.01,1000.0,1.01,1000.0,1.01,1000.0,1.01,1000.0,1.01,1000.0,1.01,1000.0,1.01,1000.0,1.01,1000.0,1.01,1000.0,1.01,1000.0,1.01,1000.0,1.01,1000.0,1.01,1000.0,1.01,1000.0,1.01,1000.0,1.01,1000.0,1.01,1000.0,1.01,1000.0,36054650,4233875.0,7078090.0,58805.0,1.262264721,1.262264766,1.262264805,1.262264730,1.01,1000.0,1.01,1000.0,1.28,110.0,1.01,110.0,1.28,100.0,1.01,110.0,1.01,110.0,1.01,110.0,1.01,110.0,1.262264722,1.262264724,1.262264725,1.262264769
Japanese J League 2,2026-09-12,07:00:00,Tegevajaro Miyazaki,Fujieda Myfc,1.94,2.38,3.5,5.4,2.94,3.65,1.63,1.91,2.1,2.6,1.01,1000.0,1.01,1000.0,1.01,1000.0,1.01,1000.0,1.01,1000.0,1.01,1000.0,1.01,1000.0,1.01,1000.0,1.01,1000.0,1.01,1000.0,1.01,1000.0,1.01,1000.0,1.01,1000.0,1.01,1000.0,1.01,1000.0,1.01,1000.0,1.01,1000.0,1.01,1000.0,1.01,1000.0,1.01,1000.0,1.01,1000.0,36039023,16139510.0,14196415.0,58805.0,1.262076876,1.262076879,1.262076923,1.262076924,1.01,3.7,1.37,110.0,1.01,110.0,1.01,2.62,1.61,970.0,1.39,2.62,1.22,1.4,1.72,2.08,1.37,1.52,1.262076925,1.262076886,1.262076877,1.262076878
Japanese J League,2026-09-12,07:00:00,G-Osaka,FC Tokyo,3.9,4.4,1.95,2.06,3.8,4.1,2.16,2.4,1.76,1.87,1.66,1.81,2.16,2.62,11.5,1000.0,7.6,970.0,8.6,28.0,1.4,1000.0,10.0,75.0,6.4,13.5,7.4,970.0,11.5,1000.0,1.4,1000.0,10.0,60.0,11.0,1000.0,1.4,1000.0,1.4,1000.0,1.4,1000.0,1.4,1000.0,1.4,1000.0,1.4,1000.0,8.4,24.0,1.4,1000.0,36038882,441083.0,350849.0,58805.0,1.262072932,1.262072935,1.262072979,1.262072980,3.1,4.2,1.32,1.48,11.0,20.0,1.05,1.09,4.0,5.7,1.24,1.32,1.95,2.06,1.31,1.35,1.32,1.35,1.262072981,1.262072942,1.262072933,1.262072934
Ukrainian Premier League,2026-09-12,07:00:00,Kryvbas Krivyi Rih,Fc Kharkiv,4.2,110.0,1.56,1.75,1.1,9.0,2.18,2.62,1.62,1.84,1.01,970.0,1.01,970.0,1.01,1000.0,1.01,1000.0,1.01,1000.0,1.01,1000.0,1.01,1000.0,1.01,1000.0,1.01,1000.0,1.01,1000.0,1.01,1000.0,1.01,1000.0,1.01,1000.0,1.01,1000.0,1.01,1000.0,1.01,1000.0,1.01,1000.0,1.01,1000.0,1.01,1000.0,1.01,1000.0,1.01,1000.0,36044907,15868899.0,100224128.0,58805.0,1.262179627,1.262179637,1.262179626,1.262179636,1.01,110.0,1.24,1.55,1.01,110.0,1.01,1.26,4.4,100.0,1.21,1.28,2.32,2.76,1.16,1.31,1.16,1.41,1.262179618,1.262179630,1.262179631,1.262179641
Japanese J League,2026-09-12,07:00:00,FC Machida,Yokohama FM,1.82,1.95,4.2,5.5,3.55,4.8,1.91,2.26,1.79,2.1,1.73,1.97,2.02,2.38,10.5,100.0,10.5,70.0,1.44,1000.0,1.44,1000.0,6.6,16.0,6.4,14.5,11.0,1000.0,1.44,1000.0,7.6,21.0,7.0,18.5,11.5,1000.0,1.44,1000.0,1.44,1000.0,11.0,1000.0,1.44,1000.0,1.44,1000.0,8.6,21.0,1.44,1000.0,1.44,1000.0,36038800,6207339.0,441087.0,58805.0,1.262068925,1.262068928,1.262068972,1.262068973,2.98,3.8,1.36,1.51,10.0,50.0,1.02,1.1,3.65,5.2,1.29,1.38,1.24,1.3,2.02,2.22,1.3,1.37,1.262068974,1.262068935,1.262068926,1.262068927
Japanese J League 2,2026-09-12,07:00:00,Kofu,Iwata,3.85,5.2,1.99,2.22,3.25,4.2,1.61,2.88,1.53,2.62,1.63,2.5,1.66,2.58,1.01,1000.0,1.01,1000.0,1.01,1000.0,1.01,1000.0,1.01,1000.0,1.01,1000.0,1.01,1000.0,1.01,1000.0,1.01,1000.0,1.01,1000.0,1.01,1000.0,1.01,1000.0,1.01,1000.0,1.01,1000.0,1.01,1000.0,1.01,1000.0,1.01,1000.0,1.01,1000.0,1.01,1000.0,36038804,1405179.0,263079.0,58805.0,1.262069360,1.262069363,1.262069407,1.262069408,1.01,1000.0,1.01,1000.0,2.42,17.5,1.06,1.71,2.2,3.8,1.38,1.72,1.81,2.02,1.23,1.35,1.31,1.45,1.262069409,1.262069370,1.262069361,1.262069362
Japanese J League 2,2026-09-12,07:00:00,FC Imabari,Tosu,3.2,4.1,2.12,2.42,3.15,4.3,1.89,2.18,1.86,2.12,1.7,1.91,2.08,2.44,1.01,1000.0,1.01,970.0,1.01,40.0,1.01,1000.0,1.01,40.0,1.01,11.0,1.01,970.0,1.01,1000.0,1.01,1000.0,1.01,44.0,10.0,1000.0,1.01,1000.0,1.01,1000.0,1.01,1000.0,1.01,1000.0,1.01,1000.0,1.01,1000.0,10.0,1000.0,1.01,1000.0,36038805,6641602.0,3455676.0,58805.0,1.262069252,1.262069255,1.262069299,1.262069300,1.01,110.0,1.01,110.0,3.85,55.0,1.03,1.12,3.85,4.8,1.28,1.36,1.7,1.88,1.32,1.47,1.3,1.47,1.262069301,1.262069262,1.262069253,1.262069254
Japanese J League,2026-09-12,07:00:00,Hiroshima,Cerezo Osaka,1.62,1.68,5.2,5.7,4.5,4.9,2.66,2.84,1.54,1.61,1.65,1.73,2.38,2.54,9.2,30.0,19.0,27.0,10.5,48.0,12.0,130.0,11.0,13.0,10.0,11.5,18.5,22.0,11.0,60.0,11.0,12.5,9.2,10.5,15.5,18.0,10.5,55.0,15.0,17.0,13.5,15.5,19.0,26.0,11.0,70.0,5.7,6.4,11.0,60.0,13.0,540.0,36038819,744103.0,353589.0,58805.0,1.262070280,1.262070283,1.262070327,1.262070328,3.55,110.0,1.24,1.39,5.8,36.0,1.03,1.1,5.8,6.4,1.18,1.21,1.21,1.24,2.46,2.62,1.26,1.29,1.262070329,1.262070290,1.262070281,1.262070282
Portuguese Segunda Liga,2026-09-12,07:00:00,Portimonense,Tondela,3.1,3.4,2.26,2.64,3.3,4.2,1.87,1.95,2.06,2.16,1.81,1.96,2.04,2.22,11.0,13.0,8.4,9.8,13.0,18.0,7.0,40.0,10.0,12.5,6.8,8.0,10.0,12.0,21.0,32.0,17.5,24.0,12.5,14.5,16.0,19.5,7.2,48.0,7.6,70.0,7.2,48.0,7.4,60.0,7.6,120.0,7.2,48.0,18.0,27.0,8.2,1000.0,36041082,505982.0,4240339.0,58805.0,1.262105601,1.262105646,1.262105685,1.262105610,1.01,110.0,1.4,110.0,8.4,36.0,1.04,1.14,3.5,3.95,1.34,1.4,1.6,1.77,1.41,1.49,1.37,1.44,1.262105602,1.262105604,1.262105605,1.262105649
Japanese J League 2,2026-09-12,07:00:00,Omiya,Oita,2.0,2.2,3.75,5.0,2.88,4.3,1.78,1.88,2.12,2.3,1.85,2.1,1.91,2.18,1.01,25.0,1.01,44.0,1.01,1000.0,1.01,1000.0,1.01,970.0,1.01,970.0,1.01,1000.0,1.01,1000.0,1.01,24.0,7.6,970.0,1.01,1000.0,1.01,1000.0,1.01,1000.0,1.01,1000.0,1.01,1000.0,1.01,1000.0,1.01,1000.0,1.01,1000.0,1.01,1000.0,36038808,1080509.0,441089.0,58805.0,1.262070062,1.262070065,1.262070109,1.262070110,1.01,110.0,1.01,110.0,3.4,36.0,1.04,1.14,3.15,3.95,1.35,1.46,1.25,1.37,1.84,1.99,1.31,1.46,1.262070111,1.262070072,1.262070063,1.262070064
Chinese League 2,2026-09-12,08:00:00,Beijing Tech FC,Ganzhou Ruishi FC,1.1,110.0,1.1,110.0,1.1,930.0,1.25,110.0,1.36,6.0,1.01,1000.0,1.01,1000.0,1.01,1000.0,1.01,1000.0,1.01,1000.0,1.01,1000.0,1.01,1000.0,1.01,1000.0,1.01,1000.0,1.01,1000.0,1.01,1000.0,1.01,1000.0,1.01,1000.0,1.01,1000.0,1.01,1000.0,1.01,1000.0,1.01,1000.0,1.01,1000.0,1.01,1000.0,1.01,1000.0,1.01,1000.0,36057870,17824433.0,82312900.0,58805.0,1.262292572,1.262292617,1.262292656,1.262292581,1.01,1000.0,1.01,1000.0,1.01,1000.0,1.01,110.0,1.25,110.0,1.34,110.0,1.01,11.0,1.01,11.0,1.01,11.0,1.262292573,1.262292575,1.262292576,1.262292620
Chinese League 1,2026-09-12,08:00:00,Suzhou Dongwu,Foshan Nanshi FC,1.63,1.83,4.8,8.0,3.6,4.4,1.69,2.12,1.89,2.44,1.01,110.0,1.01,110.0,1.01,1000.0,1.01,1000.0,1.01,1000.0,1.01,1000.0,1.01,1000.0,1.01,1000.0,1.01,1000.0,1.01,1000.0,1.01,1000.0,1.01,1000.0,1.01,1000.0,1.01,1000.0,1.01,1000.0,1.01,1000.0,1.01,1000.0,1.01,1000.0,1.01,1000.0,1.01,1000.0,1.01,1000.0,36057660,13202951.0,84959838.0,58805.0,1.262288444,1.262288489,1.262288528,1.262288453,2.84,110.0,1.01,1.54,1.01,36.0,1.03,1.37,2.98,34.0,1.31,1.38,1.14,1.26,2.16,2.6,1.29,1.39,1.262288445,1.262288447,1.262288448,1.262288492
Chinese League 1,2026-09-12,08:00:00,Ningbo Professional,Shaanxi Union FC,1.1,110.0,1.1,110.0,1.1,890.0,1.12,110.0,1.29,110.0,1.01,1000.0,1.01,1000.0,1.01,1000.0,1.01,1000.0,1.01,1000.0,1.01,1000.0,1.01,1000.0,1.01,1000.0,1.01,1000.0,1.01,1000.0,1.01,1000.0,1.01,1000.0,1.01,1000.0,1.01,1000.0,1.01,1000.0,1.01,1000.0,1.01,1000.0,1.01,1000.0,1.01,1000.0,1.01,1000.0,1.01,1000.0,36057648,99530646.0,68158828.0,58805.0,1.262288264,1.262288309,1.262288348,1.262288273,1.01,1000.0,1.01,1000.0,1.01,1000.0,1.01,110.0,1.12,110.0,1.01,110.0,1.01,11.0,1.01,11.0,1.01,11.0,1.262288265,1.262288267,1.262288268,1.262288312
Chinese League 1,2026-09-12,08:00:00,Changchun Yatai,Jiangxi Dingnan United,1.54,1.89,4.7,7.6,3.8,7.4,2.02,2.8,1.56,1.97,1.01,1000.0,1.01,1000.0,1.01,1000.0,1.01,1000.0,1.01,1000.0,1.01,1000.0,1.01,1000.0,1.01,1000.0,1.01,1000.0,1.01,1000.0,1.01,1000.0,1.01,1000.0,1.01,1000.0,1.01,1000.0,1.01,1000.0,1.01,1000.0,1.01,1000.0,1.01,1000.0,1.01,1000.0,1.01,1000.0,1.01,1000.0,36057652,2899297.0,85226388.0,58805.0,1.262288084,1.262288129,1.262288168,1.262288093,1.01,1000.0,1.01,1000.0,1.01,110.0,1.01,1.42,3.25,100.0,1.23,1.42,1.15,1.28,2.12,2.86,1.16,1.36,1.262288085,1.262288087,1.262288088,1.262288132
Chinese Super League,2026-09-12,08:00:00,Tianjin Jinmen Tiger FC,Liaoning Tieren FC,2.02,2.16,3.7,4.1,3.6,3.95,2.02,2.16,1.86,1.97,1.74,1.86,2.16,2.36,13.5,19.5,13.0,18.5,5.6,32.0,6.4,95.0,9.0,10.5,7.6,8.6,14.0,19.0,6.2,60.0,11.5,14.0,9.4,11.0,15.0,22.0,6.2,65.0,5.6,29.0,17.5,26.0,5.9,42.0,6.6,110.0,12.5,14.5,6.2,55.0,7.0,1000.0,36039182,50443178.0,84958475.0,58805.0,1.262080347,1.262080357,1.262080346,1.262080356,3.05,3.9,1.35,1.47,13.5,16.5,1.06,1.08,3.95,4.4,1.3,1.34,1.32,1.36,1.86,1.99,1.34,1.39,1.262080338,1.262080350,1.262080351,1.262080361
German Bundesliga 2,2026-09-12,08:00:00,FC Magdeburg,Kaiserslautern,2.22,2.3,3.2,3.3,3.95,4.2,2.64,2.76,1.57,1.61,1.53,1.59,2.72,2.86,23.0,27.0,17.0,20.0,19.5,27.0,9.6,65.0,14.0,16.0,8.6,9.8,13.0,14.5,20.0,32.0,15.5,18.5,10.5,12.0,13.0,15.5,9.0,36.0,25.0,30.0,17.5,22.0,18.5,28.0,9.8,55.0,9.4,11.0,16.5,19.0,11.5,410.0,36034528,516219.0,14075.0,58805.0,1.262021951,1.262021961,1.262021950,1.262021960,3.6,4.8,1.27,1.38,5.8,26.0,1.04,1.05,5.8,6.4,1.19,1.21,1.43,1.46,1.77,1.82,1.32,1.34,1.262021942,1.262021954,1.262021955,1.262021965
German Bundesliga 2,2026-09-12,08:00:00,Braunschweig,Dynamo Dresden,2.82,2.88,2.44,2.58,3.85,4.1,2.52,2.86,1.54,1.65,1.56,1.61,2.64,2.78,19.5,25.0,13.5,16.0,16.5,21.0,7.4,36.0,14.5,17.5,8.2,9.4,11.0,12.5,19.5,25.0,19.0,24.0,11.0,13.5,13.0,15.5,23.0,34.0,8.0,50.0,19.5,29.0,7.6,38.0,8.2,65.0,15.0,17.5,12.0,14.5,9.2,440.0,36035030,199184.0,498543.0,58805.0,1.262024847,1.262024896,1.262024845,1.262024894,3.4,5.0,1.31,1.41,17.5,26.0,1.04,1.06,4.8,6.4,1.19,1.25,1.64,1.68,1.53,1.55,1.32,1.36,1.262024829,1.262024862,1.262024868,1.262024927
German Bundesliga 2,2026-09-12,08:00:00,Bochum,Greuther Furth,1.96,2.06,3.9,4.3,3.5,4.2,2.24,2.74,1.58,1.81,1.52,1.74,2.36,2.92,1.35,1000.0,11.5,1000.0,1.35,1000.0,1.35,1000.0,8.6,32.0,6.6,16.0,10.0,55.0,1.35,1000.0,9.4,44.0,7.4,22.0,10.0,65.0,1.35,1000.0,1.35,1000.0,11.0,1000.0,1.35,1000.0,1.35,1000.0,7.0,16.5,1.35,1000.0,1.35,1000.0,36035031,67143.0,64375.0,58805.0,1.262024726,1.262024736,1.262024725,1.262024735,3.45,4.4,1.31,1.41,1.01,26.0,1.04,1.06,4.5,6.2,1.19,1.25,1.31,1.35,1.94,2.06,1.31,1.36,1.262024717,1.262024729,1.262024730,1.262024740
Danish 1st Division,2026-09-12,08:00:00,Hillerod Fodbold,AB,2.38,2.7,2.66,3.1,3.75,4.2,2.26,2.8,1.56,1.79,1.49,1.68,2.46,3.05,1.01,1000.0,1.01,1000.0,1.01,1000.0,1.01,1000.0,1.01,44.0,1.01,14.0,8.6,29.0,1.01,1000.0,1.01,1000.0,8.2,25.0,1.01,1000.0,1.01,1000.0,1.01,1000.0,1.01,1000.0,1.01,1000.0,1.01,1000.0,1.01,44.0,1.01,1000.0,1.01,1000.0,36035118,12820384.0,113194.0,58805.0,1.262024616,1.262024626,1.262024615,1.262024625,1.01,110.0,1.26,1.42,5.0,110.0,1.02,1.25,4.8,6.6,1.19,1.25,1.48,1.61,1.59,1.72,1.31,1.37,1.262024607,1.262024619,1.262024620,1.262024630
Chinese League 1,2026-09-12,08:30:00,Guangxi Hengchen,Yanbian Longding,1.72,2.04,4.0,6.0,3.25,4.1,1.76,2.18,1.84,2.3,1.01,1000.0,1.01,1000.0,1.01,1000.0,1.01,1000.0,1.01,1000.0,1.01,1000.0,1.01,1000.0,1.01,1000.0,1.01,1000.0,1.01,1000.0,1.01,1000.0,1.01,1000.0,1.01,1000.0,1.01,1000.0,1.01,1000.0,1.01,1000.0,1.01,1000.0,1.01,1000.0,1.01,1000.0,1.01,1000.0,1.01,1000.0,36057673,68101080.0,39632858.0,58805.0,1.262288625,1.262288670,1.262288709,1.262288634,2.62,4.2,1.31,1.61,3.0,110.0,1.01,1.5,3.0,100.0,1.01,1.5,1.2,1.33,1.96,2.5,1.17,1.44,1.262288626,1.262288628,1.262288629,1.262288673
Chinese League 2,2026-09-12,08:30:00,Guizhou Zhucheng Athletic,Dalian Kewei,1.1,1000.0,1.1,1000.0,1.1,920.0,1.15,1000.0,1.01,8.8,1.01,1000.0,1.01,1000.0,1.01,1000.0,1.01,1000.0,1.01,1000.0,1.01,1000.0,1.01,1000.0,1.01,1000.0,1.01,1000.0,1.01,1000.0,1.01,1000.0,1.01,1000.0,1.01,1000.0,1.01,1000.0,1.01,1000.0,1.01,1000.0,1.01,1000.0,1.01,1000.0,1.01,1000.0,1.01,1000.0,1.01,1000.0,36057822,82313817.0,97256573.0,58805.0,1.262291876,1.262291921,1.262291960,1.262291885,1.01,1000.0,1.01,1000.0,1.01,1000.0,1.01,1000.0,1.01,110.0,1.01,110.0,1.01,1000.0,1.01,1000.0,1.01,1000.0,1.262291877,1.262291879,1.262291880,1.262291924
Chinese League 2,2026-09-12,08:30:00,Haimen Codion,Chengdu Rongcheng II,1.1,110.0,1.1,110.0,1.1,910.0,1.18,110.0,1.4,110.0,1.01,1000.0,1.01,1000.0,1.01,1000.0,1.01,1000.0,1.01,1000.0,1.01,1000.0,1.01,1000.0,1.01,1000.0,1.01,1000.0,1.01,1000.0,1.01,1000.0,1.01,1000.0,1.01,1000.0,1.01,1000.0,1.01,1000.0,1.01,1000.0,1.01,1000.0,1.01,1000.0,1.01,1000.0,1.01,1000.0,1.01,1000.0,36057821,46839858.0,82313590.0,58805.0,1.262291966,1.262292011,1.262292050,1.262291975,1.01,1000.0,1.01,1000.0,1.01,1000.0,1.01,110.0,1.18,110.0,1.01,110.0,1.01,11.0,1.01,11.0,1.01,11.0,1.262291967,1.262291969,1.262291970,1.262292014
Chinese League 2,2026-09-12,08:30:00,Guangdong Mingtu,Shanghai Second,1.1,110.0,1.1,110.0,1.1,900.0,1.04,110.0,1.02,110.0,1.01,1000.0,1.01,1000.0,1.01,1000.0,1.01,1000.0,1.01,1000.0,1.01,1000.0,1.01,1000.0,1.01,1000.0,1.01,1000.0,1.01,1000.0,1.01,1000.0,1.01,1000.0,1.01,1000.0,1.01,1000.0,1.01,1000.0,1.01,1000.0,1.01,1000.0,1.01,1000.0,1.01,1000.0,1.01,1000.0,1.01,1000.0,36057796,82313169.0,97429587.0,58805.0,1.262291342,1.262291387,1.262291426,1.262291351,1.01,1000.0,1.01,1000.0,1.04,1000.0,1.01,110.0,1.04,110.0,1.02,110.0,1.01,11.0,1.01,11.0,1.01,11.0,1.262291343,1.262291345,1.262291346,1.262291390
Chinese League 1,2026-09-12,08:30:00,Guangdong GZ-Power FC,Dalian Kun City FC,1.44,1.6,6.2,14.5,4.2,7.0,2.28,2.76,1.56,1.78,1.01,1000.0,1.01,1000.0,1.01,1000.0,1.01,1000.0,1.01,1000.0,1.01,1000.0,1.01,1000.0,1.01,1000.0,1.01,1000.0,1.01,1000.0,1.01,1000.0,1.01,1000.0,1.01,1000.0,1.01,1000.0,1.01,1000.0,1.01,1000.0,1.01,1000.0,1.01,1000.0,1.01,1000.0,1.01,1000.0,1.01,1000.0,36057655,68321885.0,68280380.0,58805.0,1.262287994,1.262288039,1.262288078,1.262288003,1.01,1000.0,1.01,1000.0,1.01,110.0,1.01,1.3,2.74,110.0,1.2,1.3,1.08,1.2,2.66,3.25,1.17,1.32,1.262287995,1.262287997,1.262287998,1.262288042
English National League,2026-09-12,08:30:00,Harrogate Town,Tamworth FC,1.8,1.89,4.1,4.6,4.2,4.6,2.38,2.88,1.53,1.72,1.53,1.75,2.34,2.9,19.0,27.0,16.5,24.0,7.6,46.0,7.8,110.0,11.0,14.0,9.0,11.0,15.0,18.5,7.8,55.0,12.0,15.0,9.0,11.0,14.0,17.0,7.6,46.0,17.5,22.0,14.0,18.0,18.5,27.0,7.6,70.0,7.0,8.4,7.2,36.0,8.4,540.0,36035329,256198.0,21944374.0,58805.0,1.262026402,1.262026405,1.262026449,1.262026450,1.01,110.0,1.22,110.0,5.5,110.0,1.02,1.22,5.4,6.6,1.18,1.22,1.28,1.32,2.12,2.26,1.27,1.32,1.262026451,1.262026412,1.262026403,1.262026404
Estonian Premier League,2026-09-12,08:30:00,FCI Tallinn,Parnu JK Vaprus,1.11,1.28,12.0,300.0,7.6,75.0,4.3,970.0,1.07,1.3,1.01,1000.0,1.01,2.16,1.01,1000.0,1.01,1000.0,1.01,1000.0,1.01,1000.0,1.01,1000.0,1.01,1000.0,1.01,1000.0,1.01,1000.0,1.01,1000.0,1.01,1000.0,1.01,1000.0,1.01,1000.0,1.01,1000.0,1.01,1000.0,1.01,1000.0,1.01,1000.0,2.26,1000.0,1.01,1000.0,1.01,1000.0,36043904,12562519.0,12395256.0,58805.0,1.262162311,1.262162321,1.262162310,1.262162320,1.01,1000.0,1.01,1.26,4.3,110.0,1.01,1.12,4.3,18.0,1.06,1.12,1.01,1.22,1.01,36.0,1.02,1.21,1.262162302,1.262162314,1.262162315,1.262162325
English National League,2026-09-12,08:30:00,Worthing,Barrow,2.7,3.1,2.54,2.78,3.4,3.85,2.2,2.4,1.72,1.83,1.57,1.73,2.36,2.76,1.2,1000.0,1.16,970.0,1.2,1000.0,1.2,1000.0,1.2,1000.0,1.09,970.0,1.15,970.0,1.2,1000.0,1.2,1000.0,1.16,970.0,1.2,1000.0,1.2,1000.0,1.2,1000.0,1.2,1000.0,1.2,1000.0,1.2,1000.0,1.2,1000.0,1.2,1000.0,1.2,1000.0,36035337,1034116.0,62647.0,58805.0,1.262026706,1.262026709,1.262026753,1.262026754,1.01,1000.0,1.01,1.46,10.0,26.0,1.05,1.1,4.0,5.9,1.24,1.33,1.56,1.65,1.48,1.59,1.35,1.42,1.262026755,1.262026716,1.262026707,1.262026708
Estonian Premier League,2026-09-12,08:30:00,Nomme Kalju,Trans Narva,1.51,1.65,5.1,9.2,4.3,7.2,2.42,970.0,1.18,1.7,1.01,1000.0,1.01,1000.0,1.01,1000.0,1.01,1000.0,1.01,1000.0,1.01,1000.0,1.01,1000.0,1.01,1000.0,1.01,1000.0,1.01,1000.0,1.01,1000.0,1.01,1000.0,1.01,1000.0,1.01,1000.0,1.01,1000.0,1.01,1000.0,1.01,1000.0,1.01,1000.0,1.01,1000.0,1.01,1000.0,1.01,1000.0,36043640,4007449.0,46983.0,58805.0,1.262160605,1.262160608,1.262160652,1.262160653,1.01,1000.0,1.01,1000.0,1.01,110.0,1.01,1.28,2.42,100.0,1.18,1.28,1.13,1.25,2.52,26.0,1.17,1.31,1.262160654,1.262160615,1.262160606,1.262160607
Thai League 1,2026-09-12,08:30:00,Uthai Thani,Pattani FC,1.71,2.04,3.9,5.9,3.35,6.4,1.78,2.28,1.79,2.28,1.01,1000.0,1.01,1000.0,1.01,1000.0,1.01,1000.0,1.01,1000.0,1.01,1000.0,1.01,1000.0,1.01,1000.0,1.01,1000.0,1.01,1000.0,1.01,1000.0,1.01,1000.0,1.01,1000.0,1.01,1000.0,1.01,1000.0,1.01,1000.0,1.01,1000.0,1.01,1000.0,1.01,1000.0,1.01,1000.0,1.01,1000.0,36055505,42165826.0,10371564.0,58805.0,1.262273809,1.262273812,1.262273856,1.262273857,2.64,4.2,1.01,1000.0,1.02,110.0,1.01,1.39,2.92,110.0,1.01,1.39,1.23,1.35,1.96,2.42,1.18,1.43,1.262273858,1.262273819,1.262273810,1.262273811
Chinese Super League,2026-09-12,08:35:00,Wuhan Three Towns,Henan Songshan Longmen,2.84,3.15,2.34,2.56,3.75,4.1,2.36,2.64,1.61,1.74,1.57,1.67,2.48,2.74,18.5,22.0,12.5,14.5,16.0,19.0,7.4,36.0,13.5,16.5,8.2,9.4,10.5,12.5,17.5,25.0,16.5,29.0,11.5,13.5,13.5,18.0,7.2,34.0,8.0,55.0,20.0,36.0,7.4,40.0,8.4,75.0,17.0,21.0,12.5,14.5,9.2,520.0,36042033,23228754.0,50443412.0,58805.0,1.262108247,1.262108250,1.262108294,1.262108295,3.35,4.6,1.29,1.43,15.5,26.0,1.04,1.07,4.8,5.6,1.22,1.26,1.64,1.75,1.46,1.55,1.32,1.37,1.262108296,1.262108257,1.262108248,1.262108249
German 3 Liga,2026-09-12,09:00:00,Fortuna Dusseldorf,Duisburg,2.72,3.05,2.46,2.82,3.5,3.85,2.0,2.3,1.77,1.99,1.66,1.89,2.12,2.52,1.01,1000.0,7.2,26.0,9.2,1000.0,1.01,1000.0,1.01,32.0,1.01,970.0,1.01,27.0,1.01,1000.0,1.01,1000.0,1.01,36.0,1.01,1000.0,1.01,1000.0,1.01,1000.0,1.01,1000.0,1.01,1000.0,1.01,1000.0,1.01,1000.0,9.2,1000.0,1.01,1000.0,36045850,879210.0,210943.0,58805.0,1.262184835,1.262184838,1.262184882,1.262184883,1.01,110.0,1.01,110.0,9.2,110.0,1.06,1.12,3.75,5.2,1.25,1.37,1.6,1.68,1.5,1.58,1.35,1.4,1.262184884,1.262184845,1.262184836,1.262184837
Danish 1st Division,2026-09-12,09:00:00,Hvidovre,AaB,2.26,2.62,2.88,3.45,3.3,4.6,2.12,2.4,1.72,1.89,1.59,1.83,2.28,2.64,10.5,1000.0,9.6,1000.0,1.01,1000.0,1.01,1000.0,8.6,1000.0,6.4,13.5,9.2,40.0,1.01,1000.0,10.5,1000.0,8.2,1000.0,10.5,1000.0,1.01,1000.0,1.01,1000.0,1.01,1000.0,1.01,1000.0,1.01,1000.0,9.6,1000.0,1.01,1000.0,1.01,1000.0,36035130,151007.0,28212.0,58805.0,1.262024506,1.262024516,1.262024505,1.262024515,1.01,110.0,1.01,110.0,4.0,110.0,1.02,1.11,3.9,5.2,1.25,1.34,1.41,1.54,1.61,1.78,1.29,1.44,1.262024497,1.262024509,1.262024510,1.262024520
French Ligue 2,2026-09-12,09:00:00,Guingamp,Annecy,2.24,2.46,3.25,3.75,3.05,3.75,1.86,2.1,1.92,2.18,1.72,1.89,2.12,2.38,1.01,32.0,1.01,36.0,1.01,1000.0,1.01,1000.0,7.4,970.0,1.01,970.0,1.01,40.0,1.01,1000.0,9.4,1000.0,1.01,22.0,1.01,1000.0,1.01,1000.0,1.01,1000.0,1.01,1000.0,1.01,1000.0,1.01,1000.0,1.01,1000.0,1.01,1000.0,1.01,1000.0,36035168,44801.0,10572632.0,58805.0,1.262023572,1.262023575,1.262023619,1.262023620,1.01,110.0,1.37,1.57,9.2,36.0,1.04,1.12,3.5,4.5,1.29,1.4,1.37,1.46,1.7,1.81,1.36,1.48,1.262023621,1.262023582,1.262023573,1.262023574
German 3 Liga,2026-09-12,09:00:00,Saarbrucken,Ingolstadt,2.18,2.36,2.9,3.45,3.6,4.4,2.42,2.9,1.53,1.7,1.49,1.64,2.56,3.05,1.19,1000.0,1.19,1000.0,1.19,1000.0,1.19,1000.0,1.19,1000.0,1.11,970.0,1.16,970.0,1.19,1000.0,1.19,1000.0,1.14,970.0,1.19,1000.0,1.19,1000.0,1.19,1000.0,1.19,1000.0,1.19,1000.0,1.19,1000.0,1.14,970.0,1.19,1000.0,1.19,1000.0,36035158,110687.0,1229688.0,58805.0,1.262042675,1.262042685,1.262042674,1.262042684,1.01,1000.0,1.01,1.4,4.7,55.0,1.03,1.22,5.0,7.8,1.17,1.22,1.41,1.51,1.73,1.85,1.3,1.37,1.262042666,1.262042678,1.262042679,1.262042689
French Ligue 2,2026-09-12,09:00:00,Sochaux,Nantes,3.15,3.95,2.14,2.4,3.25,4.3,1.83,2.08,1.93,2.2,1.78,2.04,1.97,2.3,1.41,970.0,7.0,970.0,1.39,30.0,1.46,1000.0,7.4,27.0,6.0,970.0,7.6,21.0,1.46,1000.0,1.46,1000.0,8.6,46.0,10.5,1000.0,1.46,1000.0,1.46,1000.0,1.46,1000.0,1.46,1000.0,1.46,1000.0,1.46,1000.0,1.46,1000.0,1.46,1000.0,36043660,44796.0,10774.0,58805.0,1.262160930,1.262160933,1.262160977,1.262160978,2.68,110.0,1.4,1.59,9.2,26.0,1.06,1.12,3.3,4.5,1.34,1.44,1.71,1.87,1.34,1.47,1.32,1.45,1.262160979,1.262160940,1.262160931,1.262160932
German 3 Liga,2026-09-12,09:00:00,Verl,SV Meppen,2.16,2.42,2.84,3.25,3.6,4.4,2.52,3.05,1.5,1.66,1.47,1.65,2.54,3.15,1.01,1000.0,1.01,1000.0,1.01,1000.0,1.01,1000.0,1.01,1000.0,6.2,16.5,1.01,1000.0,1.01,1000.0,1.01,1000.0,7.2,29.0,1.01,1000.0,1.01,1000.0,1.01,1000.0,1.01,1000.0,1.01,1000.0,1.01,1000.0,6.8,23.0,1.01,1000.0,1.01,1000.0,36043696,4901988.0,5945855.0,58805.0,1.262161256,1.262161259,1.262161303,1.262161304,1.01,1000.0,1.01,1.4,6.6,110.0,1.02,1.18,5.0,110.0,1.17,1.22,1.44,1.54,1.7,1.86,1.3,1.38,1.262161305,1.262161266,1.262161257,1.262161258
Spanish La Liga,2026-09-12,09:00:00,Racing Santander,Alaves,2.58,2.6,2.94,2.96,3.6,3.7,2.24,2.28,1.78,1.8,1.61,1.69,2.46,2.62,16.0,17.0,13.0,15.5,19.5,22.0,40.0,44.0,12.0,14.5,7.8,8.4,11.5,12.5,26.0,29.0,16.5,19.0,10.5,12.0,14.0,15.5,32.0,38.0,30.0,36.0,23.0,25.0,30.0,34.0,32.0,70.0,15.5,17.5,20.0,23.0,90.0,1000.0,36010586,24072.0,60324.0,58805.0,1.261759725,1.261759728,1.261759773,1.261759780,3.55,3.7,1.37,1.39,16.5,18.5,1.05,1.07,4.7,4.9,1.26,1.27,1.51,1.52,1.62,1.64,1.37,1.39,1.261759783,1.261759735,1.261759726,1.261759727
Polish Ekstraklasa,2026-09-12,09:45:00,Slask Wroclaw,Korona Kielce,2.74,3.0,2.58,2.74,3.5,3.75,2.04,2.18,1.85,1.95,1.69,1.79,2.28,2.46,14.0,18.5,10.5,12.5,15.5,19.0,29.0,44.0,11.0,13.5,7.4,8.8,10.5,12.5,21.0,32.0,17.0,21.0,11.0,13.5,14.5,17.0,28.0,40.0,32.0,55.0,23.0,32.0,30.0,46.0,55.0,95.0,18.5,26.0,18.0,25.0,85.0,1000.0,36035208,3143307.0,1209555.0,58805.0,1.262023962,1.262023965,1.262024009,1.262024010,3.0,110.0,1.33,1.49,12.5,17.0,1.06,1.08,4.0,4.5,1.29,1.33,1.57,1.64,1.5,1.58,1.36,1.4,1.262024011,1.262023972,1.262023963,1.262023964
Danish 1st Division,2026-09-12,10:00:00,Esbjerg,HB Koge,2.0,2.16,3.3,3.9,3.75,4.9,2.36,2.78,1.56,1.74,1.49,1.71,2.42,3.05,1.01,1000.0,1.01,1000.0,1.01,1000.0,1.01,1000.0,1.01,48.0,6.6,970.0,1.01,1000.0,1.01,1000.0,1.01,1000.0,1.01,22.0,1.01,1000.0,1.01,1000.0,1.01,1000.0,1.01,1000.0,1.01,1000.0,1.01,1000.0,7.0,970.0,1.01,1000.0,1.01,1000.0,36035241,113193.0,3981030.0,58805.0,1.262024396,1.262024406,1.262024395,1.262024405,1.01,110.0,1.25,1.41,4.9,110.0,1.02,1.24,4.9,7.0,1.18,1.26,1.35,1.43,1.86,2.0,1.26,1.37,1.262024387,1.262024399,1.262024400,1.262024410
Czech 1 Liga,2026-09-12,10:00:00,Bohemians 1905,Slovacko,2.12,2.34,3.35,4.3,3.3,4.4,1.9,2.18,1.84,2.12,1.66,1.91,2.08,2.52,1.01,1000.0,8.8,50.0,1.01,1000.0,1.01,1000.0,7.2,19.0,6.0,970.0,9.0,60.0,1.01,1000.0,1.01,38.0,7.6,20.0,1.01,1000.0,1.01,1000.0,1.01,1000.0,1.01,1000.0,1.01,1000.0,1.01,1000.0,9.8,1000.0,1.01,1000.0,1.01,1000.0,36035271,2467701.0,1533861.0,58805.0,1.262024810,1.262024832,1.262024891,1.262024893,2.96,110.0,1.34,1.51,8.8,36.0,1.03,1.11,3.7,4.3,1.31,1.37,1.33,1.42,1.75,1.9,1.3,1.44,1.262024895,1.262024846,1.262024828,1.262024830
Portuguese Segunda Liga,2026-09-12,10:00:00,Felgueiras,Penafiel,2.36,2.7,3.1,3.8,3.1,3.75,1.64,1.71,2.42,2.58,1.93,2.3,1.77,2.08,7.0,16.0,7.2,17.5,1.01,1000.0,1.01,1000.0,6.0,12.5,5.4,9.6,9.8,70.0,1.01,1000.0,9.2,38.0,8.4,27.0,1.01,1000.0,1.01,1000.0,1.01,1000.0,1.01,1000.0,1.01,1000.0,1.01,1000.0,1.01,1000.0,1.01,1000.0,1.01,1000.0,36038811,334304.0,505984.0,58805.0,1.262069846,1.262069849,1.262069893,1.262069894,2.32,3.05,1.48,1.7,6.4,15.0,1.07,1.17,2.82,3.2,1.45,1.55,1.37,1.48,1.59,1.74,1.37,1.48,1.262069895,1.262069856,1.262069847,1.262069848
Italian Serie B,2026-09-12,10:00:00,Sudtirol,Modena,3.3,3.85,2.5,2.74,2.66,3.05,1.58,1.77,2.28,2.74,1.85,2.14,1.87,2.18,6.4,14.0,6.8,10.0,9.6,18.5,3.9,50.0,9.0,12.5,5.6,7.6,9.4,15.0,3.85,44.0,18.0,32.0,12.0,18.5,14.5,25.0,4.0,75.0,4.0,95.0,3.95,65.0,4.0,95.0,4.2,1000.0,4.0,85.0,3.8,40.0,4.2,1000.0,36046969,4893599.0,60293.0,58805.0,1.262193956,1.262193959,1.262194003,1.262194004,2.48,3.1,1.48,1.67,7.2,10.5,1.11,1.16,2.78,3.35,1.43,1.56,1.57,1.67,1.35,1.43,1.48,1.59,1.262194005,1.262193966,1.262193957,1.262193958
Czech 1 Liga,2026-09-12,10:00:00,Slovan Liberec,Mlada Boleslav,1.65,1.78,5.0,6.2,4.2,4.6,2.26,2.56,1.64,1.8,1.63,1.84,2.18,2.58,1.01,1000.0,1.01,1000.0,1.01,1000.0,1.01,1000.0,1.01,970.0,1.01,970.0,1.01,1000.0,1.01,1000.0,1.01,22.0,1.01,970.0,1.01,1000.0,1.01,1000.0,1.01,1000.0,1.01,1000.0,1.01,1000.0,1.01,1000.0,6.0,970.0,1.01,1000.0,1.01,1000.0,36037702,10503.0,886284.0,58805.0,1.262060139,1.262060142,1.262060186,1.262060187,1.01,110.0,1.27,1.43,4.3,110.0,1.02,1.3,4.3,5.9,1.2,1.31,1.2,1.25,2.28,2.54,1.27,1.32,1.262060188,1.262060149,1.262060140,1.262060141
Czech 1 Liga,2026-09-12,10:00:00,FC Zbrojovka Brno,SK Artis Brno,1.59,1.67,6.0,6.8,3.9,4.5,2.0,2.36,1.73,2.0,1.86,2.02,1.98,2.16,14.5,18.0,18.5,23.0,8.4,65.0,8.4,200.0,7.6,9.2,8.4,10.5,18.5,26.0,8.8,110.0,8.6,10.5,8.6,10.5,18.0,23.0,8.6,95.0,13.0,16.0,14.5,18.0,7.6,36.0,9.0,140.0,7.6,9.0,9.0,130.0,9.6,1000.0,36036046,9833553.0,85908106.0,58805.0,1.262035821,1.262035842,1.262035820,1.262035836,2.88,4.5,1.32,1.49,3.95,26.0,1.05,1.1,4.0,4.6,1.28,1.33,1.17,1.2,2.48,2.7,1.28,1.35,1.262035806,1.262035829,1.262035830,1.262035846
Italian Serie A,2026-09-12,10:00:00,Genoa,Frosinone,2.28,2.32,3.65,3.7,3.4,3.5,1.98,2.02,1.99,2.02,1.79,1.84,2.2,2.28,12.5,14.0,13.0,14.0,23.0,25.0,55.0,70.0,9.6,10.5,7.2,7.6,13.5,15.0,36.0,40.0,12.5,14.5,10.0,11.0,15.5,16.5,44.0,55.0,25.0,29.0,21.0,24.0,34.0,38.0,36.0,90.0,15.5,17.5,34.0,42.0,70.0,1000.0,36006553,60310.0,924268.0,58805.0,1.261753133,1.261753117,1.261753132,1.261753142,3.2,3.35,1.43,1.45,12.5,14.5,1.07,1.09,3.95,4.2,1.32,1.34,1.37,1.38,1.76,1.79,1.4,1.42,1.261753135,1.261753137,1.261753138,1.261753120
Italian Serie B,2026-09-12,10:00:00,Padova,Ascoli,2.24,2.4,3.55,3.8,3.3,3.45,1.71,1.99,2.02,2.42,1.78,2.0,2.0,2.3,8.2,25.0,8.6,29.0,1.59,1000.0,1.56,90.0,6.6,15.0,5.6,7.6,9.8,60.0,1.59,1000.0,9.0,36.0,7.8,22.0,11.0,1000.0,1.59,1000.0,1.59,1000.0,1.59,1000.0,1.59,1000.0,1.59,1000.0,17.5,1000.0,1.59,1000.0,1.59,1000.0,36046968,522042.0,201261.0,58805.0,1.262193649,1.262193652,1.262193696,1.262193697,2.68,3.45,1.41,1.6,8.0,13.5,1.09,1.15,3.1,4.2,1.37,1.45,1.35,1.4,1.72,1.81,1.4,1.44,1.262193698,1.262193659,1.262193650,1.262193651
Swedish Allsvenskan,2026-09-12,10:00:00,AIK,Vasteras SK,2.04,2.1,3.85,4.0,3.65,3.9,2.16,2.64,1.61,1.85,1.58,1.75,2.34,2.72,11.5,21.0,11.0,1000.0,2.38,44.0,2.54,1000.0,8.4,970.0,6.4,10.5,10.0,19.0,2.54,1000.0,9.6,970.0,7.8,12.5,10.0,19.0,2.54,1000.0,2.36,36.0,16.5,29.0,2.38,40.0,2.54,1000.0,7.4,12.5,18.5,44.0,2.54,1000.0,36043030,168731.0,4638399.0,58805.0,1.262120304,1.262120307,1.262120351,1.262120352,3.2,4.5,1.29,1.45,15.0,55.0,1.05,1.07,4.2,6.4,1.21,1.31,1.33,1.36,1.9,1.97,1.34,1.37,1.262120353,1.262120314,1.262120305,1.262120306
Italian Serie B,2026-09-12,10:00:00,LR Vicenza Virtus,Juve Stabia,2.04,2.16,4.2,4.8,3.25,3.45,0.0,0.0,0.0,0.0,0.0,0.0,0.0,0.0,0.0,0.0,0.0,0.0,0.0,0.0,0.0,0.0,0.0,0.0,0.0,0.0,0.0,0.0,0.0,0.0,0.0,0.0,0.0,0.0,0.0,0.0,0.0,0.0,0.0,0.0,0.0,0.0,0.0,0.0,0.0,0.0,0.0,0.0,0.0,0.0,0.0,0.0,36046971,19857199.0,1270340.0,58805.0,1.262193760,0.0,0.0,0.0,0.0,0.0,0.0,0.0,0.0,0.0,0.0,0.0,0.0,0.0,0.0,0.0,0.0,0.0,0.0,0.0,0.0,0.0,0.0,0.0,0.0,0.0
Polish I Liga,2026-09-12,10:30:00,Warta Poznan,Arka Gdynia,2.36,3.1,2.44,3.15,3.75,5.1,2.06,2.34,1.74,1.95,1.01,1000.0,1.01,1000.0,1.01,1000.0,1.01,1000.0,1.01,1000.0,1.01,1000.0,1.01,1000.0,1.01,1000.0,1.01,1000.0,1.01,1000.0,1.01,1000.0,1.01,1000.0,1.01,1000.0,1.01,1000.0,1.01,1000.0,1.01,1000.0,1.01,1000.0,1.01,1000.0,1.01,1000.0,1.01,1000.0,1.01,1000.0,36039237,3348521.0,1209553.0,58805.0,1.262080783,1.262080786,1.262080830,1.262080831,1.01,1000.0,1.01,1000.0,1.01,110.0,1.01,110.0,2.58,4.9,1.26,1.63,1.54,1.7,1.51,1.65,1.28,1.37,1.262080832,1.262080793,1.262080784,1.262080785
German Bundesliga,2026-09-12,10:30:00,Hoffenheim,Stuttgart,2.42,2.46,2.8,2.84,4.2,4.3,3.5,3.65,1.38,1.4,1.39,1.42,3.35,3.55,34.0,38.0,22.0,25.0,26.0,29.0,40.0,46.0,21.0,23.0,10.5,12.0,13.0,14.5,22.0,27.0,22.0,24.0,11.5,13.0,12.0,13.5,23.0,25.0,34.0,36.0,19.0,21.0,21.0,23.0,34.0,36.0,8.0,8.8,10.0,11.0,44.0,1000.0,36005852,208026.0,44519.0,58805.0,1.261750575,1.261750559,1.261750574,1.261750584,5.2,5.6,1.22,1.24,34.0,55.0,1.02,1.03,8.6,9.0,1.12,1.13,1.54,1.56,1.68,1.7,1.3,1.32,1.261750577,1.261750579,1.261750580,1.261750562
German Bundesliga,2026-09-12,10:30:00,Mainz,Eintracht Frankfurt,2.02,2.06,3.7,3.75,4.0,4.2,2.82,2.9,1.52,1.55,1.51,1.54,2.88,2.98,24.0,27.0,20.0,23.0,29.0,32.0,32.0,70.0,14.0,16.0,9.2,10.0,14.0,15.5,30.0,34.0,15.0,16.5,10.0,11.0,13.5,14.5,30.0,36.0,23.0,26.0,16.5,18.0,22.0,25.0,42.0,55.0,7.8,8.6,20.0,23.0,50.0,340.0,36005679,64374.0,347774.0,58805.0,1.261751743,1.261751727,1.261751742,1.261751752,4.4,4.8,1.27,1.29,22.0,32.0,1.03,1.05,6.6,7.0,1.17,1.18,1.36,1.38,1.94,1.99,1.31,1.33,1.261751745,1.261751747,1.261751748,1.261751730
German Bundesliga,2026-09-12,10:30:00,Dortmund,Paderborn,1.26,1.27,12.5,13.0,7.8,8.0,3.45,3.5,1.4,1.41,1.84,1.9,2.12,2.2,34.0,42.0,50.0,60.0,42.0,1000.0,55.0,440.0,13.0,14.0,16.0,18.5,38.0,44.0,44.0,1000.0,9.4,10.5,10.0,11.5,25.0,29.0,40.0,120.0,10.0,11.0,11.5,12.5,25.0,28.0,40.0,120.0,3.2,3.35,44.0,140.0,60.0,1000.0,36005672,44785.0,208035.0,58805.0,1.261752136,1.261752120,1.261752135,1.261752145,5.2,5.6,1.22,1.24,36.0,55.0,1.02,1.03,8.4,8.8,1.13,1.14,1.08,1.09,4.8,4.9,1.14,1.15,1.261752138,1.261752140,1.261752141,1.261752123
German Bundesliga,2026-09-12,10:30:00,Augsburg,Leverkusen,4.3,4.4,1.86,1.87,4.3,4.4,3.1,3.25,1.45,1.48,1.49,1.52,2.94,3.05,29.0,34.0,15.0,16.5,14.5,16.5,21.0,22.0,25.0,28.0,10.0,11.0,10.0,11.0,14.5,15.5,34.0,40.0,16.5,18.0,13.5,14.5,20.0,23.0,36.0,85.0,36.0,40.0,32.0,38.0,40.0,50.0,21.0,24.0,6.0,6.6,48.0,1000.0,36005686,498560.0,44787.0,58805.0,1.261751043,1.261751016,1.261751042,1.261751052,4.8,5.2,1.24,1.27,27.0,50.0,1.02,1.04,7.4,8.0,1.14,1.16,2.14,2.18,1.29,1.31,1.29,1.31,1.261751045,1.261751047,1.261751048,1.261751021
Polish I Liga,2026-09-12,10:30:00,Chrobry Glogow,Pogon Siedlce,1.84,2.1,4.0,110.0,3.4,950.0,1.83,2.06,1.95,2.2,1.01,1000.0,1.01,1000.0,1.01,1000.0,1.01,1000.0,1.01,1000.0,1.01,1000.0,1.01,1000.0,1.01,1000.0,1.01,1000.0,1.01,1000.0,1.01,1000.0,1.01,1000.0,1.01,1000.0,1.01,1000.0,1.01,1000.0,1.01,1000.0,1.01,1000.0,1.01,1000.0,1.01,1000.0,1.01,1000.0,1.01,1000.0,36041065,5822815.0,7186877.0,58805.0,1.262094164,1.262094167,1.262094211,1.262094212,1.01,1000.0,1.01,1.57,3.1,110.0,1.01,1.39,3.1,100.0,1.31,1.39,1.26,1.34,1.9,2.3,1.33,1.42,1.262094213,1.262094174,1.262094165,1.262094166
Azerbaijan Premier League,2026-09-12,10:30:00,Kapaz Ganja,FK Qabala,2.74,3.45,2.44,3.15,2.84,4.4,1.58,1.9,2.12,2.72,1.01,1000.0,1.01,1000.0,1.01,1000.0,1.01,1000.0,1.01,1000.0,1.01,1000.0,1.01,1000.0,1.01,1000.0,1.01,1000.0,1.01,1000.0,1.01,1000.0,1.01,1000.0,1.01,1000.0,1.01,1000.0,1.01,1000.0,1.01,1000.0,1.01,1000.0,1.01,1000.0,1.01,1000.0,1.01,1000.0,1.01,1000.0,36057603,10135605.0,6586894.0,58805.0,1.262286847,1.262286857,1.262286846,1.262286856,2.28,3.6,1.38,1.79,2.64,110.0,1.01,1.61,2.64,110.0,1.02,1.61,1.47,1.69,1.41,1.58,1.29,1.54,1.262286838,1.262286850,1.262286851,1.262286861
German Bundesliga,2026-09-12,10:30:00,Freiburg,Mgladbach,1.75,1.76,4.9,5.0,4.3,4.4,2.58,2.66,1.6,1.63,1.64,1.69,2.46,2.56,21.0,24.0,21.0,24.0,36.0,42.0,38.0,110.0,11.5,12.5,9.4,10.0,17.5,19.0,46.0,55.0,11.5,13.0,9.4,10.5,15.5,17.0,44.0,55.0,17.0,18.5,14.5,16.0,24.0,27.0,55.0,70.0,7.0,7.6,34.0,44.0,55.0,580.0,36005684,44520.0,84649.0,58805.0,1.261751359,1.261751320,1.261751357,1.261751375,4.1,4.4,1.3,1.32,21.0,26.0,1.04,1.05,5.8,6.0,1.2,1.21,1.25,1.26,2.3,2.34,1.29,1.31,1.261751363,1.261751367,1.261751368,1.261751333
Estonian Premier League,2026-09-12,11:00:00,Nomme Utd,Tallinna FC Flora,4.8,8.0,1.53,1.71,4.4,7.2,1.24,970.0,1.09,6.4,1.01,1000.0,1.01,1000.0,1.01,1000.0,1.01,1000.0,1.01,1000.0,1.01,1000.0,1.01,1000.0,1.01,1000.0,1.01,1000.0,1.01,1000.0,1.01,1000.0,1.01,1000.0,1.01,1000.0,1.01,1000.0,1.01,1000.0,1.01,1000.0,1.01,1000.0,1.01,1000.0,1.01,1000.0,1.01,1000.0,1.01,1000.0,36043645,10443529.0,10748720.0,58805.0,1.262161550,1.262161560,1.262161549,1.262161559,1.01,1000.0,1.01,1000.0,1.25,110.0,1.01,1.15,6.0,12.5,1.09,1.15,2.42,2.86,1.14,1.27,1.16,1.3,1.262161541,1.262161553,1.262161554,1.262161564
English National League,2026-09-12,11:00:00,Boston Utd,Wealdstone,2.14,2.28,3.3,3.6,3.7,4.1,2.24,2.38,1.72,1.81,1.63,1.73,2.38,2.58,16.5,21.0,14.0,19.0,18.0,32.0,5.8,70.0,10.5,12.5,8.0,9.0,12.5,15.5,5.4,36.0,4.5,16.0,9.8,11.5,14.0,19.5,5.5,42.0,20.0,34.0,16.0,22.0,5.3,32.0,5.8,70.0,4.5,16.0,19.5,1000.0,6.2,1000.0,36035331,256306.0,2608900.0,58805.0,1.262026206,1.262026209,1.262026253,1.262026254,1.01,110.0,1.01,110.0,15.0,21.0,1.05,1.07,4.5,5.1,1.24,1.28,1.38,1.44,1.78,1.87,1.32,1.38,1.262026255,1.262026216,1.262026207,1.262026208
English National League,2026-09-12,11:00:00,FC Halifax Town,Hornchurch,2.02,2.34,3.25,4.1,3.45,4.6,1.99,2.38,1.73,2.02,1.63,1.85,2.16,2.58,1.03,1000.0,8.4,1000.0,1.03,1000.0,1.03,1000.0,7.0,28.0,5.7,12.5,1.03,1000.0,1.03,1000.0,8.4,1000.0,7.0,26.0,1.03,1000.0,1.03,1000.0,1.03,1000.0,1.03,1000.0,1.03,1000.0,1.03,1000.0,7.8,1000.0,1.01,1000.0,1.03,1000.0,36035330,4231683.0,598920.0,58805.0,1.262026314,1.262026317,1.262026361,1.262026362,2.92,110.0,1.01,1.53,4.2,55.0,1.03,1.11,4.1,50.0,1.26,1.31,1.33,1.45,1.75,1.97,1.27,1.41,1.262026363,1.262026324,1.262026315,1.262026316
English National League,2026-09-12,11:00:00,Sutton Utd,Scunthorpe,2.18,2.28,3.2,3.45,3.85,4.2,2.24,2.52,1.65,1.81,1.58,1.74,2.36,2.7,1.01,1000.0,1.01,18.5,1.01,1000.0,1.01,1000.0,10.5,1000.0,1.01,970.0,9.2,17.5,1.01,40.0,1.01,20.0,1.01,22.0,1.01,18.0,1.01,1000.0,1.01,1000.0,1.01,1000.0,1.01,38.0,1.01,85.0,8.4,26.0,1.01,1000.0,1.01,1000.0,36035336,1034133.0,18566.0,58805.0,1.262026794,1.262026797,1.262026841,1.262026842,1.01,110.0,1.01,110.0,4.8,26.0,1.04,1.1,4.7,6.8,1.23,1.27,1.4,1.46,1.78,1.85,1.31,1.36,1.262026843,1.262026804,1.262026795,1.262026796
English National League,2026-09-12,11:00:00,Solihull Moors,Aldershot,2.26,2.44,2.88,3.2,3.9,4.3,2.28,2.68,1.6,1.76,1.53,1.72,2.38,2.9,1.01,1000.0,1.01,19.5,1.01,1000.0,1.01,1000.0,1.01,1000.0,1.01,15.5,1.01,1000.0,1.01,38.0,1.01,21.0,1.01,1000.0,1.01,19.0,1.01,42.0,1.01,36.0,1.01,1000.0,1.01,36.0,1.01,1000.0,1.01,1000.0,1.01,1000.0,1.01,1000.0,36035339,2437395.0,62504.0,58805.0,1.262026490,1.262026493,1.262026537,1.262026538,1.01,1000.0,1.01,1.42,5.0,110.0,1.02,1.25,5.0,6.4,1.19,1.25,1.45,1.54,1.67,1.81,1.3,1.36,1.262026539,1.262026500,1.262026491,1.262026492
English Premier League,2026-09-12,11:00:00,Chelsea,Hull,1.25,1.26,15.0,15.5,7.2,7.4,3.2,3.3,1.44,1.46,2.0,2.06,1.96,1.99,30.0,32.0,46.0,60.0,75.0,150.0,65.0,690.0,12.0,12.5,15.5,16.5,46.0,50.0,55.0,210.0,8.6,9.2,11.0,12.0,28.0,30.0,48.0,150.0,9.2,9.6,12.0,13.0,30.0,34.0,80.0,140.0,3.3,3.35,130.0,220.0,70.0,1000.0,36005122,55190.0,70385.0,58805.0,1.261736976,1.261736915,1.261736975,1.261736986,4.8,5.1,1.25,1.26,27.0,38.0,1.02,1.04,7.6,8.0,1.14,1.16,1.06,1.08,4.8,5.0,1.15,1.17,1.261736978,1.261736980,1.261736981,1.261736919
Norwegian Eliteserien,2026-09-12,11:00:00,Lillestrom,Valerenga,1.94,2.02,3.6,4.1,4.0,4.5,2.84,8.4,1.13,1.55,1.39,1.57,2.78,3.55,1.31,1000.0,1.31,1000.0,1.31,1000.0,1.31,1000.0,10.5,90.0,7.4,970.0,10.0,75.0,1.31,1000.0,10.5,1000.0,7.8,21.0,9.4,42.0,1.31,1000.0,1.31,1000.0,10.5,1000.0,1.31,1000.0,1.31,1000.0,5.7,11.0,1.31,1000.0,1.31,1000.0,36039990,10770.0,132563.0,58805.0,1.262086152,1.262086159,1.262086209,1.262086212,3.9,110.0,1.21,1.34,2.84,110.0,1.01,1.18,2.84,8.8,1.12,1.18,1.01,1000.0,1.01,1000.0,1.24,1.39,1.262086215,1.262086169,1.262086155,1.262086156
Scottish League One,2026-09-12,11:00:00,Airdrieonians,Alloa,1.87,3.35,2.5,3.5,2.4,15.0,1.69,2.18,1.85,2.44,1.01,1000.0,1.01,1000.0,1.03,1000.0,1.03,1000.0,1.03,1000.0,1.03,1000.0,1.03,1000.0,1.03,1000.0,1.03,1000.0,1.03,1000.0,1.03,1000.0,1.03,1000.0,1.03,1000.0,1.03,1000.0,1.03,1000.0,1.03,1000.0,1.03,1000.0,1.03,1000.0,1.01,1000.0,1.01,1000.0,1.03,1000.0,36036361,7394884.0,203715.0,58805.0,1.262043508,1.262043519,1.262043507,1.262043517,1.01,1000.0,1.01,1000.0,8.8,110.0,1.01,1.13,2.8,100.0,1.01,1.56,1.4,26.0,1.38,2.14,1.2,1.47,1.262043499,1.262043511,1.262043512,1.262043524
Scottish League One,2026-09-12,11:00:00,East Kilbride,Peterhead,1.5,1.84,3.2,110.0,4.0,100.0,2.72,970.0,1.03,1.59,1.01,1000.0,1.01,1000.0,1.03,1000.0,1.03,1000.0,1.03,1000.0,1.03,1000.0,1.03,1000.0,1.03,1000.0,1.03,1000.0,1.03,1000.0,1.03,1000.0,1.03,1000.0,1.03,1000.0,1.03,1000.0,1.03,1000.0,1.03,1000.0,1.03,1000.0,1.03,1000.0,1.01,1000.0,1.01,1000.0,1.03,1000.0,36036360,8831169.0,729810.0,58805.0,1.262043621,1.262043631,1.262043620,1.262043630,1.01,110.0,1.01,110.0,12.0,110.0,1.01,1.09,5.7,100.0,1.02,1.22,1.23,1.34,2.28,26.0,1.16,1.33,1.262043612,1.262043624,1.262043625,1.262043635
Scottish League Two,2026-09-12,11:00:00,Edinburgh City,Stirling,1.76,1.99,4.1,6.4,3.65,5.4,1.98,2.26,1.79,2.04,1.01,1000.0,1.01,1000.0,1.03,1000.0,1.03,1000.0,1.03,1000.0,1.03,1000.0,1.03,1000.0,1.03,1000.0,1.03,1000.0,1.03,1000.0,1.03,1000.0,1.03,1000.0,1.03,1000.0,1.03,1000.0,1.03,1000.0,1.03,1000.0,1.03,1000.0,1.03,1000.0,1.01,1000.0,1.01,1000.0,1.03,1000.0,36036337,615040.0,729811.0,58805.0,1.262043735,1.262043745,1.262043734,1.262043744,1.01,1000.0,1.01,1.56,3.5,1000.0,1.01,1.4,3.5,110.0,1.01,1.4,1.19,1.33,2.0,2.32,1.23,1.38,1.262043726,1.262043738,1.262043739,1.262043749
Scottish League Two,2026-09-12,11:00:00,Clyde,Kelty Hearts,1.77,1.97,3.95,4.8,3.9,4.7,2.16,8.0,1.5,1.87,1.01,1000.0,1.01,1000.0,17.0,25.0,15.0,22.0,6.4,50.0,7.0,110.0,10.5,13.0,8.6,12.5,13.0,19.0,6.6,60.0,11.5,14.5,9.0,11.5,12.0,17.5,6.6,65.0,15.0,22.0,12.5,18.5,20.0,40.0,6.8,85.0,7.4,9.2,6.4,50.0,7.6,600.0,36036619,328050.0,10317903.0,58805.0,1.262045203,1.262045213,1.262045202,1.262045212,3.0,110.0,1.01,1.49,4.0,110.0,1.01,1.34,4.0,8.0,1.14,1.34,1.26,1.34,2.02,2.3,1.27,1.35,1.262045194,1.262045206,1.262045207,1.262045217
Swedish Division 1,2026-09-12,11:00:00,Gefle,FC Jarfalla,1.64,1.86,3.75,7.0,3.9,8.0,2.14,2.52,1.66,1.88,1.01,1000.0,1.01,1000.0,1.03,1000.0,1.03,1000.0,1.03,1000.0,1.03,1000.0,1.03,1000.0,1.03,1000.0,1.03,1000.0,1.03,1000.0,1.03,1000.0,1.03,1000.0,1.03,1000.0,1.03,1000.0,1.03,1000.0,1.03,1000.0,1.03,1000.0,1.03,1000.0,1.01,1000.0,1.01,1000.0,1.03,1000.0,36046772.0,151470.0,39685139.0,58805.0,1.262197589,1.262197599,1.262197588,1.262197598,1.01,1000.0,1.01,1000.0,3.7,110.0,1.01,1.37,3.7,110.0,1.01,1.37,1.21,1.36,2.16,2.56,1.14,1.35,1.26219758,1.262197592,1.262197593,1.262197603
Turkish Super League,2026-09-12,11:00:00,Samsunspor,Corum Belediyespor,2.28,2.4,3.5,3.7,3.3,3.55,1.98,2.1,1.91,2.02,1.74,1.81,2.22,2.34,12.5,14.5,12.5,14.5,21.0,27.0,9.2,75.0,9.6,11.0,7.0,7.8,13.0,15.0,32.0,42.0,13.0,15.5,10.0,12.0,14.0,17.0,38.0,60.0,7.8,32.0,20.0,26.0,8.2,38.0,9.4,100.0,15.0,18.5,8.4,44.0,10.5,1000.0,36035589,113124.0,6781499.0,58805.0,1.262038102,1.262038112,1.262038101,1.262038111,3.1,3.9,1.35,1.47,12.0,14.5,1.07,1.09,3.9,4.2,1.31,1.35,1.37,1.4,1.72,1.79,1.39,1.43,1.262038093,1.262038105,1.262038106,1.262038116
English Premier League,2026-09-12,11:00:00,Liverpool,Fulham,1.47,1.49,7.2,7.4,5.3,5.4,2.9,2.96,1.51,1.53,1.68,1.72,2.4,2.48,28.0,32.0,30.0,34.0,60.0,70.0,46.0,190.0,11.5,12.5,11.5,12.0,24.0,25.0,70.0,85.0,10.5,11.0,9.4,9.8,18.0,19.0,55.0,65.0,13.0,14.0,12.5,13.0,23.0,24.0,65.0,75.0,5.0,5.2,60.0,70.0,110.0,750.0,36005116,56323.0,56764.0,58805.0,1.261737136,1.261737075,1.261737135,1.261737146,4.5,4.8,1.26,1.29,27.0,36.0,1.03,1.04,6.6,7.0,1.17,1.18,1.15,1.17,3.05,3.15,1.22,1.24,1.261737138,1.261737140,1.261737141,1.261737079
Scottish Championship,2026-09-12,11:00:00,Ayr,Inverness CT,2.76,3.1,2.58,2.86,3.25,3.7,1.71,1.95,2.06,2.42,1.77,2.06,1.96,2.3,1.92,970.0,1.9,970.0,1.75,970.0,1.58,46.0,1.9,970.0,3.0,970.0,1.92,970.0,1.57,36.0,3.45,24.0,3.95,970.0,1.76,21.0,1.59,55.0,1.59,60.0,1.58,44.0,1.59,60.0,1.61,110.0,1.58,42.0,1.56,32.0,1.63,1000.0,36036355,48005.0,56285.0,58805.0,1.262042785,1.262042795,1.262042784,1.262042794,1.01,110.0,1.01,110.0,3.05,970.0,1.08,1.14,3.0,3.8,1.38,1.49,1.53,1.64,1.47,1.57,1.37,1.45,1.262042776,1.262042788,1.262042789,1.262042799
Scottish League One,2026-09-12,11:00:00,Montrose,Cove Rangers,1.79,1.83,4.3,5.6,3.85,4.5,2.12,2.5,1.67,1.9,1.01,1000.0,1.01,1000.0,1.01,1000.0,1.01,1000.0,1.01,1000.0,1.01,1000.0,1.01,1000.0,1.01,1000.0,1.01,1000.0,1.01,1000.0,1.01,1000.0,1.01,1000.0,1.01,1000.0,1.01,1000.0,1.01,1000.0,1.01,1000.0,1.01,1000.0,1.01,1000.0,1.01,1000.0,1.01,1000.0,1.01,1000.0,36036580,674746.0,284608.0,58805.0,1.262044595,1.262044605,1.262044594,1.262044604,1.01,1000.0,1.01,1000.0,1.01,110.0,1.01,110.0,2.1,110.0,1.01,1.9,1.22,1.31,2.2,2.28,1.28,1.35,1.262044586,1.262044598,1.262044599,1.262044609
Scottish League Two,2026-09-12,11:00:00,Annan,Elgin City FC,2.56,4.1,1.87,2.78,3.6,6.0,2.14,2.68,1.59,1.88,1.01,1000.0,1.01,1000.0,1.03,1000.0,1.03,1000.0,1.03,1000.0,1.03,1000.0,1.03,1000.0,1.03,1000.0,1.03,1000.0,1.03,1000.0,1.03,1000.0,1.03,1000.0,1.03,1000.0,1.03,1000.0,1.03,1000.0,1.03,1000.0,1.03,1000.0,1.03,1000.0,1.01,1000.0,1.01,1000.0,1.03,1000.0,36036074,11386623.0,46277118.0,58805.0,1.262037462,1.262037472,1.262037461,1.262037471,1.01,1000.0,1.01,1000.0,4.4,110.0,1.01,1.29,4.4,5.8,1.21,1.29,1.56,1.87,1.46,1.65,1.2,1.39,1.262037453,1.262037465,1.262037466,1.262037476
Scottish League Two,2026-09-12,11:00:00,Stranraer,Dumbarton,1.55,1.69,5.4,7.6,4.3,5.1,2.34,2.7,1.59,1.74,1.69,1.86,2.16,2.44,1.03,1000.0,1.03,1000.0,1.03,1000.0,1.03,1000.0,1.03,1000.0,1.03,1000.0,1.03,1000.0,1.03,1000.0,1.03,1000.0,1.03,1000.0,1.03,1000.0,1.03,1000.0,1.03,1000.0,1.03,1000.0,1.03,1000.0,1.03,1000.0,1.01,1000.0,1.01,1000.0,1.03,1000.0,36036299,122903.0,2152.0,58805.0,1.262043845,1.262043855,1.262043844,1.262043854,1.01,1000.0,1.01,1000.0,4.3,110.0,1.01,1.3,4.3,6.8,1.17,1.3,1.15,1.23,2.44,2.82,1.24,1.31,1.262043836,1.262043848,1.262043849,1.262043859
Turkish Super League,2026-09-12,11:00:00,Eyupspor,Rizespor,4.3,4.7,1.92,1.99,3.6,3.95,1.9,2.02,1.99,2.12,1.81,2.12,1.9,2.24,9.4,40.0,6.4,13.5,7.6,20.0,1.49,1000.0,9.4,42.0,6.2,12.5,7.6,19.0,12.0,1000.0,1.49,1000.0,11.0,1000.0,1.49,1000.0,1.49,1000.0,1.49,1000.0,1.49,1000.0,1.49,1000.0,1.49,1000.0,1.49,1000.0,9.0,36.0,1.49,1000.0,36035354,4202656.0,113643.0,58805.0,1.262038212,1.262038222,1.262038211,1.262038221,3.0,3.5,1.41,1.49,9.8,25.0,1.04,1.11,3.55,4.5,1.32,1.39,2.0,2.1,1.27,1.31,1.33,1.38,1.262038203,1.262038215,1.262038216,1.262038226
English Premier League,2026-09-12,11:00:00,Crystal Palace,Ipswich,1.93,1.94,4.3,4.4,3.95,4.0,2.16,2.18,1.84,1.87,1.76,1.79,2.26,2.32,15.5,17.0,16.0,17.5,29.0,34.0,55.0,90.0,9.6,10.5,8.4,8.6,16.0,17.0,44.0,55.0,11.0,12.0,9.6,10.0,16.0,18.0,48.0,55.0,20.0,22.0,17.0,18.0,29.0,32.0,75.0,85.0,10.5,11.5,26.0,48.0,140.0,1000.0,36005135,62523.0,48324.0,58805.0,1.261736816,1.261736755,1.261736815,1.261736826,3.4,3.55,1.39,1.41,15.5,18.0,1.06,1.07,4.4,4.6,1.28,1.3,1.29,1.31,2.06,2.08,1.33,1.34,1.261736818,1.261736820,1.261736821,1.261736759
English National League,2026-09-12,11:00:00,Yeovil,AFC Fylde,2.52,2.84,2.62,2.9,3.75,4.1,2.16,2.54,1.64,1.87,1.54,1.72,2.38,2.82,12.5,1000.0,1.01,20.0,14.5,28.0,1.01,55.0,10.0,19.0,7.0,12.0,9.6,17.5,17.5,36.0,14.0,26.0,8.2,17.0,11.5,21.0,1.01,48.0,1.01,50.0,16.5,34.0,1.01,46.0,1.01,90.0,12.5,22.0,14.0,26.0,1.01,1000.0,36035338,132555.0,4317866.0,58805.0,1.262026598,1.262026601,1.262026645,1.262026646,1.01,110.0,1.01,110.0,4.2,110.0,1.05,1.09,4.2,6.2,1.23,1.31,1.54,1.62,1.54,1.63,1.33,1.37,1.262026647,1.262026608,1.262026599,1.262026600
English Premier League,2026-09-12,11:00:00,Aston Villa,Nottm Forest,2.36,2.4,3.35,3.4,3.5,3.55,1.92,1.94,2.06,2.1,1.81,1.86,2.16,2.24,12.5,13.5,12.0,12.5,20.0,22.0,50.0,60.0,9.4,9.8,7.2,7.4,13.0,14.0,34.0,40.0,13.5,14.5,10.5,11.0,16.5,17.0,46.0,55.0,29.0,32.0,23.0,25.0,36.0,40.0,90.0,100.0,18.5,20.0,34.0,40.0,60.0,1000.0,36005217,63908.0,39674645.0,58805.0,1.261737316,1.261737255,1.261737315,1.261737326,3.1,3.25,1.44,1.47,12.5,13.5,1.08,1.09,3.75,3.9,1.35,1.36,1.41,1.43,1.71,1.73,1.39,1.4,1.261737318,1.261737320,1.261737321,1.261737259
Finnish Veikkausliiga,2026-09-12,11:00:00,IFK Mariehamn,TPS,2.54,2.62,2.7,2.8,3.95,4.2,2.26,2.44,1.71,1.8,1.59,1.74,2.36,2.68,12.0,1000.0,9.2,38.0,11.5,1000.0,1.01,1000.0,9.0,32.0,6.8,15.0,8.6,29.0,1.01,1000.0,11.0,1000.0,8.4,26.0,10.5,1000.0,1.01,1000.0,1.01,1000.0,1.01,1000.0,1.01,1000.0,1.01,1000.0,10.0,60.0,11.0,1000.0,1.01,1000.0,36048417,1099216.0,344793.0,58805.0,1.262208323,1.262208326,1.262208370,1.262208371,1.01,4.4,1.3,1.46,11.0,110.0,1.02,1.1,4.5,6.0,1.23,1.28,1.56,1.59,1.61,1.65,1.32,1.34,1.262208372,1.262208333,1.262208324,1.262208325
Scottish Championship,2026-09-12,11:00:00,Raith,Arbroath,1.91,1.93,4.8,5.0,3.55,3.65,1.74,1.87,2.16,2.34,2.0,2.08,1.92,2.0,7.4,12.5,13.0,14.5,11.0,36.0,12.0,140.0,7.4,8.0,7.4,8.4,17.0,22.0,13.5,75.0,7.2,11.0,9.6,11.0,19.0,22.0,13.5,85.0,19.0,22.0,19.5,22.0,38.0,50.0,12.5,140.0,14.0,970.0,16.5,110.0,7.0,1000.0,36035436,674747.0,306045.0,58805.0,1.262029543,1.262029553,1.262029542,1.262029552,2.74,110.0,1.01,1.57,9.2,12.5,1.09,1.12,3.25,3.5,1.4,1.44,1.25,1.27,2.06,2.1,1.37,1.39,1.262029534,1.262029546,1.262029547,1.262029557
Turkish 1 Lig,2026-09-12,11:00:00,Van Buyuksehir Belediyespor,Keciorengucu,4.0,5.0,1.88,2.08,3.7,4.2,2.0,2.36,1.74,2.0,1.65,1.87,2.14,2.54,10.5,1000.0,7.4,18.5,8.4,27.0,1.01,1000.0,10.5,1000.0,6.4,13.0,7.4,19.0,11.5,1000.0,1.01,1000.0,10.5,1000.0,11.0,1000.0,1.01,1000.0,1.01,1000.0,1.01,1000.0,1.01,1000.0,1.01,1000.0,1.01,1000.0,8.0,23.0,1.01,1000.0,36041054,12049689.0,2080693.0,58805.0,1.262094056,1.262094059,1.262094103,1.262094104,1.01,110.0,1.01,110.0,3.85,110.0,1.05,1.11,3.85,4.9,1.27,1.36,1.93,2.14,1.25,1.34,1.31,1.38,1.262094105,1.262094066,1.262094057,1.262094058
English National League,2026-09-12,11:00:00,Forest Green,Gateshead,1.47,1.59,5.7,9.6,4.3,6.6,2.5,2.98,1.51,1.67,1.67,1.92,2.08,2.5,1.01,1000.0,1.01,1000.0,1.01,1000.0,1.01,1000.0,1.01,1000.0,1.01,1000.0,1.01,1000.0,1.01,1000.0,1.01,21.0,1.01,19.5,12.5,1000.0,1.01,1000.0,1.01,1000.0,1.01,1000.0,1.01,1000.0,1.01,1000.0,1.01,970.0,1.01,1000.0,1.01,1000.0,36035346,36033.0,18571.0,58805.0,1.262027010,1.262027013,1.262027057,1.262027058,1.01,110.0,1.01,110.0,2.5,110.0,1.02,1.26,2.5,110.0,1.16,1.26,1.13,1.2,2.68,3.15,1.19,1.31,1.262027059,1.262027020,1.262027011,1.262027012
English National League,2026-09-12,11:00:00,Eastleigh,Boreham Wood,5.2,6.8,1.55,1.67,4.3,5.1,2.38,2.82,1.55,1.73,1.69,1.88,2.12,2.46,1.01,1000.0,1.01,22.0,1.01,20.0,1.01,1000.0,1.01,1000.0,1.01,20.0,1.01,970.0,1.01,1000.0,1.01,1000.0,1.01,1000.0,1.01,1000.0,1.01,1000.0,1.01,1000.0,1.01,1000.0,1.01,1000.0,1.01,1000.0,1.01,1000.0,5.0,970.0,1.01,1000.0,36036131,1222691.0,256120.0,58805.0,1.262033364,1.262033367,1.262033411,1.262033412,1.01,110.0,1.01,110.0,4.7,110.0,1.02,1.27,4.7,7.2,1.19,1.27,2.44,2.82,1.18,1.24,1.25,1.31,1.262033413,1.262033374,1.262033365,1.262033366
Scottish Championship,2026-09-12,11:00:00,Dunfermline,Queens Park,1.49,1.59,7.0,8.6,4.3,4.8,1.96,2.32,1.76,2.06,1.9,2.18,1.84,2.12,14.5,970.0,17.5,26.0,3.25,80.0,2.16,260.0,7.2,970.0,8.8,970.0,20.0,29.0,2.56,130.0,7.8,970.0,8.6,10.5,17.0,25.0,2.14,110.0,11.5,14.5,14.0,970.0,3.8,40.0,2.32,150.0,6.6,970.0,2.34,160.0,2.18,1000.0,36035446,48812.0,729809.0,58805.0,1.262029433,1.262029443,1.262029432,1.262029442,3.1,110.0,1.01,1.47,12.5,26.0,1.05,1.08,3.9,4.8,1.28,1.34,1.13,1.17,2.7,3.05,1.26,1.31,1.262029424,1.262029436,1.262029437,1.262029447
English Premier League,2026-09-12,11:00:00,Bournemouth,Brentford,2.58,2.6,2.86,2.88,3.75,3.8,2.44,2.48,1.68,1.69,1.57,1.6,2.68,2.74,19.0,21.0,15.0,16.0,20.0,21.0,40.0,44.0,13.5,14.0,8.2,8.6,12.0,13.0,25.0,27.0,17.5,19.0,11.0,11.5,13.0,13.5,30.0,32.0,34.0,36.0,22.0,24.0,27.0,28.0,50.0,60.0,14.0,15.5,16.5,18.5,55.0,400.0,36005142,1141.0,78864.0,58805.0,1.261736331,1.261736270,1.261736330,1.261736341,3.75,3.95,1.34,1.36,18.5,21.0,1.05,1.06,5.3,5.6,1.22,1.24,1.53,1.54,1.62,1.64,1.35,1.37,1.261736333,1.261736335,1.261736336,1.261736274
Scottish League Two,2026-09-12,11:00:00,Spartans,Forfar,1.62,1.68,4.7,6.6,2.92,5.9,2.04,2.4,1.71,1.96,1.01,1000.0,1.01,1000.0,1.03,1000.0,1.03,1000.0,1.03,1000.0,1.03,1000.0,1.03,1000.0,1.03,1000.0,1.03,1000.0,1.03,1000.0,1.03,1000.0,1.03,1000.0,1.03,1000.0,1.03,1000.0,1.03,1000.0,1.03,1000.0,1.03,1000.0,1.03,1000.0,1.01,1000.0,1.01,1000.0,1.03,1000.0,36036230,66266.0,729805.0,58805.0,1.262043961,1.262043973,1.262043960,1.262043972,1.01,1000.0,1.01,110.0,3.55,1000.0,1.01,1.39,3.55,110.0,1.01,1.39,1.18,1.28,2.46,2.62,1.2,1.34,1.262043951,1.262043964,1.262043965,1.262043978
Scottish League One,2026-09-12,11:00:00,Queen of South,East Fife,2.24,3.75,2.24,3.15,2.88,7.0,1.67,2.06,1.96,2.62,1.01,1000.0,1.01,1000.0,1.03,1000.0,1.03,1000.0,1.03,1000.0,1.03,1000.0,1.03,1000.0,1.03,1000.0,1.03,1000.0,1.03,1000.0,1.03,1000.0,1.03,1000.0,1.03,1000.0,1.03,1000.0,1.03,1000.0,1.03,1000.0,1.03,1000.0,1.03,1000.0,1.01,1000.0,1.01,1000.0,1.03,1000.0,36036363,674744.0,674743.0,58805.0,1.262043394,1.262043404,1.262043393,1.262043403,2.54,4.0,1.01,1000.0,2.86,110.0,1.01,1.54,2.86,4.2,1.32,1.54,1.46,1.81,1.36,1.81,1.2,1.54,1.262043385,1.262043397,1.262043398,1.262043408
English National League,2026-09-12,11:00:00,Woking,Altrincham,2.04,2.2,3.6,4.3,3.3,3.9,1.98,2.2,1.83,2.02,1.67,1.86,2.16,2.5,9.8,1000.0,10.0,1000.0,1.01,1000.0,1.01,1000.0,7.4,18.5,5.9,11.5,10.0,1000.0,1.01,1000.0,9.0,40.0,7.6,19.0,10.5,1000.0,1.01,1000.0,1.01,1000.0,12.5,1000.0,1.01,1000.0,1.01,1000.0,9.0,28.0,1.01,1000.0,1.01,1000.0,36035351,41998.0,62505.0,58805.0,1.262027334,1.262027337,1.262027381,1.262027382,3.0,110.0,1.01,1.49,9.2,110.0,1.05,1.12,3.9,4.8,1.28,1.34,1.33,1.38,1.79,1.95,1.34,1.43,1.262027383,1.262027344,1.262027335,1.262027336
Turkish 1 Lig,2026-09-12,11:00:00,Boluspor,Pendikspor,7.8,9.4,1.4,1.48,4.8,5.6,2.12,2.42,1.71,1.9,2.0,2.3,1.78,2.0,17.5,21.0,7.6,9.4,7.6,9.0,10.5,12.5,21.0,32.0,10.0,12.5,8.8,11.0,13.0,16.0,8.2,85.0,7.2,34.0,19.5,29.0,7.4,40.0,8.8,330.0,8.6,150.0,8.4,130.0,8.6,170.0,8.6,190.0,5.5,6.6,9.0,1000.0,36036358,2553026.0,5342556.0,58805.0,1.262041714,1.262041724,1.262041713,1.262041723,2.8,110.0,1.01,1.55,12.0,970.0,1.05,1.08,3.95,5.5,1.22,1.34,3.05,3.5,1.12,1.15,1.21,1.27,1.262041705,1.262041717,1.262041718,1.262041728
Spanish Segunda Division,2026-09-12,11:15:00,Cadiz,Las Palmas,2.78,3.1,2.6,2.82,3.1,3.55,1.74,2.02,1.99,2.36,1.79,2.0,2.0,2.26,8.2,25.0,7.4,21.0,10.5,100.0,1.42,1000.0,7.8,23.0,5.9,11.5,8.6,27.0,1.42,1000.0,11.5,1000.0,9.0,32.0,11.5,1000.0,1.42,1000.0,1.42,1000.0,1.42,1000.0,1.42,1000.0,1.42,1000.0,1.42,1000.0,1.42,1000.0,1.42,1000.0,36041774,516259.0,9163.0,58805.0,1.262100418,1.262100421,1.262100465,1.262100466,2.7,3.5,1.41,1.59,8.6,17.0,1.06,1.13,3.1,3.8,1.36,1.47,1.55,1.63,1.47,1.55,1.4,1.45,1.262100467,1.262100428,1.262100419,1.262100420
Spanish La Liga,2026-09-12,11:15:00,Osasuna,Espanyol,2.22,2.26,3.85,3.9,3.35,3.4,1.71,1.75,2.34,2.4,2.02,2.08,1.93,1.99,10.0,10.5,11.0,12.0,23.0,26.0,70.0,80.0,7.6,8.2,7.0,7.4,15.0,16.0,48.0,55.0,11.5,12.5,10.5,11.5,19.0,21.0,60.0,70.0,25.0,28.0,23.0,27.0,44.0,50.0,42.0,140.0,21.0,23.0,55.0,70.0,60.0,1000.0,36010726,10543.0,59044.0,58805.0,1.261758763,1.261758702,1.261758762,1.261758773,2.82,2.94,1.51,1.55,10.0,11.0,1.1,1.11,3.15,3.3,1.44,1.46,1.34,1.36,1.8,1.82,1.41,1.43,1.261758765,1.261758767,1.261758768,1.261758706
Dutch Eerste Divisie,2026-09-12,11:30:00,Roda JC,Vitesse Arnhem,2.18,2.46,2.88,3.65,3.6,4.8,2.26,2.6,1.63,1.79,1.53,1.74,2.36,2.9,1.01,1000.0,10.0,1000.0,1.01,1000.0,1.01,1000.0,9.0,40.0,6.6,14.0,9.0,44.0,1.01,1000.0,10.5,1000.0,7.8,22.0,10.0,1000.0,1.01,1000.0,1.01,1000.0,1.01,1000.0,1.01,1000.0,1.01,1000.0,8.6,34.0,1.01,1000.0,1.01,1000.0,36040014,50331.0,56363.0,58805.0,1.262086468,1.262086471,1.262086515,1.262086516,1.01,110.0,1.01,110.0,4.6,110.0,1.02,1.26,4.5,6.8,1.2,1.28,1.4,1.54,1.68,1.85,1.27,1.38,1.262086517,1.262086478,1.262086469,1.262086470
Portuguese Primeira Liga,2026-09-12,11:30:00,CD Nacional Funchal,Alverca,2.68,2.9,2.76,3.1,3.25,3.5,1.83,1.93,2.08,2.2,1.79,1.93,2.08,2.38,8.4,29.0,8.4,13.0,11.0,23.0,3.75,60.0,8.2,12.5,5.7,9.0,10.5,15.5,3.7,44.0,13.0,23.0,10.0,15.0,11.0,22.0,3.75,60.0,3.75,55.0,3.65,40.0,3.75,60.0,4.0,1000.0,17.5,34.0,19.0,38.0,4.0,1000.0,36036898,22012893.0,48789.0,58805.0,1.262053220,1.262053230,1.262053219,1.262053229,2.74,3.6,1.39,1.58,10.0,13.5,1.08,1.11,3.2,3.8,1.36,1.46,1.5,1.57,1.53,1.59,1.4,1.45,1.262053211,1.262053223,1.262053224,1.262053234
Dutch Eredivisie,2026-09-12,11:30:00,FC Twente,ADO Den Haag,1.26,1.3,11.0,14.0,6.8,7.6,3.35,4.4,1.3,1.42,1.7,1.91,2.08,2.44,1.8,1000.0,1.8,1000.0,1.8,1000.0,1.8,1000.0,1.8,1000.0,1.8,1000.0,1.8,1000.0,1.8,1000.0,1.66,22.0,1.68,27.0,1.8,1000.0,1.8,1000.0,1.64,18.5,1.71,38.0,1.8,1000.0,1.8,1000.0,2.74,3.55,1.8,1000.0,1.8,1000.0,36005298,7928242.0,315069.0,58805.0,1.261744735,1.261744832,1.261744728,1.261744810,3.5,110.0,1.19,1.28,7.6,110.0,1.02,1.14,7.2,55.0,1.11,1.14,1.08,1.1,4.3,4.9,1.15,1.17,1.261744656,1.261744757,1.261744766,1.261744880
German 3 Liga,2026-09-12,11:30:00,Alemannia Aachen,Jahn Regensburg,1.81,1.93,3.8,4.3,4.0,4.8,2.6,3.15,1.48,1.63,1.47,1.67,2.58,3.1,1.01,1000.0,1.01,1000.0,1.01,1000.0,1.01,1000.0,9.2,1000.0,7.2,19.5,10.5,1000.0,1.01,1000.0,9.4,1000.0,7.2,1000.0,10.0,1000.0,1.01,1000.0,1.01,1000.0,10.5,1000.0,1.01,1000.0,1.01,1000.0,5.6,11.0,1.01,1000.0,1.01,1000.0,36035511,199607.0,4855758.0,58805.0,1.262030038,1.262030043,1.262030096,1.262030097,1.01,110.0,1.01,110.0,5.7,110.0,1.02,1.2,5.5,100.0,1.15,1.2,1.3,1.36,2.06,2.28,1.26,1.33,1.262030098,1.262030054,1.262030040,1.262030041
Ukrainian Premier League,2026-09-12,12:00:00,Veres Rivne,FK Kudrivka,1.92,2.42,3.4,4.9,2.92,5.9,1.63,1.99,2.02,2.6,1.01,1000.0,1.01,1000.0,1.01,1000.0,1.01,1000.0,1.01,1000.0,1.01,1000.0,1.01,1000.0,1.01,1000.0,1.01,1000.0,1.01,1000.0,1.01,1000.0,1.01,1000.0,1.01,1000.0,1.01,1000.0,1.01,1000.0,1.01,1000.0,1.01,1000.0,1.01,1000.0,1.01,1000.0,1.01,1000.0,1.01,1000.0,36044954,10053070.0,72925573.0,58805.0,1.262173117,1.262173120,1.262173164,1.262173165,1.01,110.0,1.01,110.0,1.02,18.0,1.06,1.48,2.54,110.0,1.41,1.65,1.25,1.42,1.7,2.1,1.28,1.53,1.262173166,1.262173127,1.262173118,1.262173119
Austrian Bundesliga,2026-09-12,12:00:00,SCR Altach,Grazer AK,2.12,2.4,3.2,3.9,3.4,4.3,1.92,2.1,1.92,2.08,1.69,1.89,2.12,2.44,9.8,46.0,8.6,40.0,1.01,1000.0,1.01,1000.0,7.6,20.0,5.7,11.0,8.4,44.0,1.01,1000.0,8.0,44.0,7.4,22.0,9.8,1000.0,1.01,1000.0,1.01,1000.0,1.01,1000.0,1.01,1000.0,1.01,1000.0,9.6,1000.0,1.01,1000.0,1.01,1000.0,36006490,872710.0,14074.0,58805.0,1.261752595,1.261752616,1.261752594,1.261752612,2.94,3.85,1.35,1.52,8.6,36.0,1.03,1.13,3.95,5.0,1.29,1.34,1.34,1.46,1.71,1.9,1.31,1.42,1.261752562,1.261752601,1.261752603,1.261752621
French Ligue 1,2026-09-12,12:15:00,Strasbourg,Monaco,3.3,3.35,2.24,2.28,3.9,4.0,2.52,2.62,1.61,1.66,1.56,1.59,2.7,2.78,21.0,23.0,13.5,14.5,15.5,17.0,27.0,30.0,16.5,18.0,8.8,9.2,10.0,11.5,18.5,20.0,24.0,26.0,13.0,14.5,13.5,15.0,24.0,27.0,46.0,55.0,28.0,32.0,30.0,36.0,48.0,60.0,18.5,21.0,10.5,11.5,100.0,440.0,36005497,51404.0,361706.0,58805.0,1.261748193,1.261748301,1.261748192,1.261748326,3.5,4.5,1.29,1.4,17.5,26.0,1.04,1.06,5.5,5.9,1.2,1.22,1.78,1.81,1.42,1.44,1.33,1.35,1.261748195,1.261748321,1.261748198,1.261748304
Italian Serie B,2026-09-12,12:15:00,Catanzaro,Carrarese,2.08,2.16,4.1,4.3,3.3,3.5,1.79,1.93,2.08,2.28,1.88,2.02,1.99,2.14,8.0,12.0,10.0,42.0,2.02,1000.0,2.02,1000.0,6.4,8.8,5.8,10.5,10.5,95.0,2.02,1000.0,11.0,28.0,7.6,11.5,11.5,1000.0,1.97,85.0,2.02,1000.0,2.02,1000.0,1.93,50.0,2.02,1000.0,9.4,95.0,1.97,85.0,2.02,1000.0,36046977,522058.0,5727549.0,58805.0,1.262194193,1.262194196,1.262194240,1.262194241,2.8,3.6,1.39,1.55,9.6,15.5,1.08,1.12,3.4,3.9,1.35,1.42,1.3,1.33,1.86,1.93,1.4,1.44,1.262194242,1.262194203,1.262194194,1.262194195
Romanian Liga I,2026-09-12,12:30:00,ACS Sepsi OSK,CFR Cluj,2.84,3.2,2.56,2.84,3.35,3.5,1.78,1.88,2.14,2.28,1.84,2.16,1.87,2.18,2.5,22.0,7.4,16.0,12.0,23.0,2.7,60.0,7.2,15.0,6.4,10.5,9.6,17.5,2.66,46.0,14.0,29.0,10.0,18.5,2.56,28.0,2.7,70.0,2.72,75.0,2.68,55.0,2.72,75.0,2.82,1000.0,2.7,60.0,18.5,44.0,2.82,1000.0,36030358,8916863.0,1193695.0,58805.0,1.261991309,1.261991319,1.261991308,1.261991318,1.01,110.0,1.42,1.55,9.2,12.5,1.09,1.12,3.15,3.5,1.4,1.47,1.55,1.65,1.46,1.54,1.4,1.43,1.261991300,1.261991312,1.261991313,1.261991323
Swedish Allsvenskan,2026-09-12,12:30:00,IFK Goteborg,Halmstads,1.48,1.5,7.0,7.6,5.0,5.4,2.46,2.74,1.58,1.69,1.73,1.93,2.06,2.36,3.85,30.0,3.95,36.0,4.2,85.0,4.4,1000.0,9.2,11.5,9.4,15.0,3.9,34.0,4.4,1000.0,8.4,12.5,8.8,12.5,3.8,28.0,4.2,100.0,11.5,17.0,11.0,18.5,3.95,38.0,4.4,1000.0,4.5,6.4,4.4,1000.0,4.4,1000.0,36043026,30689.0,10765.0,58805.0,1.262120043,1.262120046,1.262120090,1.262120091,3.4,4.9,1.26,1.4,5.4,36.0,1.03,1.23,5.4,5.9,1.2,1.23,1.15,1.17,3.0,3.1,1.23,1.25,1.262120092,1.262120053,1.262120044,1.262120045
Polish Ekstraklasa,2026-09-12,12:30:00,Gornik Zabrze,Lech Poznan,2.9,3.25,2.3,2.52,3.75,4.5,2.18,2.64,1.61,1.85,1.5,1.71,2.42,3.0,1.01,1000.0,1.01,44.0,1.01,1000.0,1.01,1000.0,1.01,1000.0,6.2,970.0,8.2,26.0,12.0,1000.0,1.01,1000.0,1.01,40.0,1.01,1000.0,1.01,1000.0,1.01,1000.0,1.01,1000.0,1.01,1000.0,1.01,1000.0,1.01,1000.0,9.0,36.0,1.01,1000.0,36035882,503499.0,502303.0,58805.0,1.262030703,1.262030706,1.262030750,1.262030751,1.01,110.0,1.28,1.43,10.0,110.0,1.02,1.1,4.4,6.0,1.21,1.28,1.66,1.77,1.45,1.52,1.33,1.39,1.262030752,1.262030713,1.262030704,1.262030705
Slovenian Premier League,2026-09-12,12:30:00,Koper,Olimpija,2.3,2.5,2.98,3.55,3.45,4.2,2.0,2.14,1.88,1.99,1.66,1.91,2.1,2.5,9.2,1000.0,9.2,1000.0,1.01,1000.0,1.01,1000.0,8.2,29.0,5.9,11.5,9.4,1000.0,1.01,1000.0,10.0,1000.0,8.4,32.0,11.0,1000.0,1.01,1000.0,1.01,1000.0,1.01,1000.0,1.01,1000.0,1.01,1000.0,11.0,1000.0,1.01,1000.0,1.01,1000.0,36041384,166903.0,489147.0,58805.0,1.262099563,1.262099566,1.262099610,1.262099611,3.15,110.0,1.01,1.46,8.6,36.0,1.04,1.13,3.55,5.0,1.3,1.35,1.39,1.5,1.66,1.77,1.31,1.41,1.262099612,1.262099573,1.262099564,1.262099565
Chilean Primera Division,2026-09-12,12:30:00,Nublense,Everton De Vina,2.62,3.2,2.58,3.05,3.15,4.1,1.79,2.04,1.96,2.26,1.7,1.83,2.2,2.44,8.4,27.0,7.8,22.0,1.01,1000.0,1.01,1000.0,8.0,24.0,5.8,11.0,8.8,32.0,1.01,1000.0,1.01,1000.0,9.0,36.0,1.01,1000.0,1.01,1000.0,1.01,1000.0,1.01,1000.0,1.01,1000.0,1.01,1000.0,1.01,1000.0,1.01,1000.0,1.01,1000.0,36037720,3303740.0,3677851.0,58805.0,1.262061316,1.262061326,1.262061315,1.262061325,2.78,110.0,1.39,1.55,8.4,18.0,1.06,1.13,3.35,4.5,1.33,1.42,1.48,1.63,1.45,1.62,1.33,1.47,1.262061307,1.262061319,1.262061320,1.262061330
Peruvian Primera Division,2026-09-12,12:30:00,CD Los Chankas,FC Cajamarca,1.86,2.06,3.6,5.4,3.65,5.5,2.14,3.05,1.48,1.87,1.01,1000.0,1.01,1000.0,1.01,1000.0,1.01,1000.0,1.01,1000.0,1.01,1000.0,1.01,1000.0,1.01,1000.0,1.01,1000.0,1.01,1000.0,1.01,1000.0,1.01,1000.0,1.01,1000.0,1.01,1000.0,1.01,1000.0,1.01,1000.0,1.01,1000.0,1.01,1000.0,1.01,1000.0,1.01,1000.0,1.01,1000.0,36040834,65437610.0,84010697.0,58805.0,1.262093244,1.262093254,1.262093243,1.262093253,1.01,1000.0,1.01,1000.0,2.54,110.0,1.01,1.65,2.54,100.0,1.22,1.65,1.25,1.37,1.94,2.18,1.24,1.38,1.262093235,1.262093247,1.262093248,1.262093258
Azerbaijan Premier League,2026-09-12,12:45:00,FK Sumqayit,Shamakhi FK,2.62,3.3,2.68,3.35,2.8,4.1,1.57,1.92,2.08,2.74,1.01,1000.0,1.01,1000.0,1.01,1000.0,1.01,1000.0,1.01,1000.0,1.01,1000.0,1.01,1000.0,1.01,1000.0,1.01,1000.0,1.01,1000.0,1.01,1000.0,1.01,1000.0,1.01,1000.0,1.01,1000.0,1.01,1000.0,1.01,1000.0,1.01,1000.0,1.01,1000.0,1.01,1000.0,1.01,1000.0,1.01,1000.0,36057602,7547173.0,52957291.0,58805.0,1.262286737,1.262286747,1.262286736,1.262286746,1.01,1000.0,1.4,1.78,2.62,110.0,1.01,1.17,2.62,100.0,1.01,1.62,1.43,1.6,1.44,1.61,1.32,1.55,1.262286727,1.262286740,1.262286741,1.262286751
Saudi Professional League,2026-09-12,12:50:00,Al-Taawoun Buraidah,Al-Hilal,11.5,13.5,1.25,1.29,6.8,7.8,2.92,3.2,1.46,1.52,1.95,2.08,1.92,2.06,8.0,36.0,10.5,12.5,8.4,10.0,9.0,10.5,8.6,55.0,14.5,17.0,10.0,12.0,12.0,14.0,9.6,150.0,8.6,55.0,8.0,38.0,8.2,42.0,10.0,510.0,9.8,210.0,9.6,150.0,9.6,170.0,9.8,230.0,3.4,3.75,9.6,1000.0,36048525,12157288.0,3725113.0,58805.0,1.262226224,1.262226234,1.262226223,1.262226233,1.01,110.0,1.2,1.29,6.8,110.0,1.02,1.11,6.8,7.6,1.15,1.18,4.4,4.9,1.08,1.09,1.15,1.17,1.262226215,1.262226227,1.262226228,1.262226238
Finnish Veikkausliiga,2026-09-12,13:00:00,Jaro,SJK,3.65,3.9,2.12,2.2,3.7,3.75,2.0,2.38,1.72,2.0,1.62,1.81,2.22,2.62,10.0,80.0,7.8,26.0,8.2,50.0,1.01,1000.0,8.8,65.0,6.2,14.0,7.6,25.0,11.0,1000.0,1.01,1000.0,8.6,70.0,9.2,95.0,1.01,1000.0,1.01,1000.0,1.01,1000.0,1.01,1000.0,1.01,1000.0,1.01,1000.0,7.8,34.0,1.01,1000.0,36048420,139508.0,5418845.0,58805.0,1.262208557,1.262208560,1.262208604,1.262208605,3.0,4.2,1.32,1.48,8.6,21.0,1.05,1.12,3.85,5.2,1.23,1.36,1.83,1.89,1.35,1.38,1.36,1.38,1.262208606,1.262208567,1.262208558,1.262208559
Finnish Veikkausliiga,2026-09-12,13:00:00,Ilves,Lahti,2.2,2.28,3.2,3.45,3.85,4.0,2.38,2.8,1.56,1.73,1.51,1.66,2.5,2.98,1.01,1000.0,9.4,1000.0,1.01,1000.0,1.01,1000.0,9.0,38.0,6.6,14.5,8.2,40.0,1.01,1000.0,9.2,100.0,7.4,22.0,9.4,46.0,1.01,1000.0,1.01,1000.0,12.0,1000.0,1.01,1000.0,1.01,1000.0,7.8,25.0,1.01,1000.0,1.01,1000.0,36048416,1229635.0,139506.0,58805.0,1.262208431,1.262208434,1.262208478,1.262208479,3.0,5.6,1.27,1.41,4.6,110.0,1.02,1.26,4.6,6.6,1.18,1.28,1.41,1.45,1.78,1.83,1.33,1.35,1.262208480,1.262208441,1.262208432,1.262208433
Uruguayan Primera Division,2026-09-12,13:00:00,Racing Club (Uru),Boston River,1.91,2.2,3.9,5.5,3.05,4.6,1.4,2.54,1.64,3.5,1.01,1000.0,1.01,1000.0,1.01,1000.0,1.01,1000.0,1.01,1000.0,1.01,1000.0,1.01,1000.0,1.01,1000.0,1.01,1000.0,1.01,1000.0,1.01,1000.0,1.01,1000.0,1.01,1000.0,1.01,1000.0,1.01,1000.0,1.01,1000.0,1.01,1000.0,1.01,1000.0,1.01,1000.0,1.01,1000.0,1.01,1000.0,36041117,4465708.0,9484111.0,58805.0,1.262098023,1.262098033,1.262098022,1.262098032,2.36,3.4,1.41,1.74,1.01,110.0,1.01,110.0,1.01,110.0,1.02,110.0,1.25,1.35,1.83,2.1,1.37,1.5,1.262098014,1.262098026,1.262098027,1.262098037
Swiss Super League,2026-09-12,13:00:00,Thun,Grasshoppers Zurich,1.82,1.9,4.1,4.4,4.3,4.7,2.78,3.4,1.42,1.57,1.43,1.62,2.6,3.3,1.01,1000.0,1.01,1000.0,1.01,1000.0,1.01,1000.0,10.0,90.0,7.4,21.0,9.0,1000.0,1.01,1000.0,8.6,75.0,7.6,21.0,8.6,65.0,1.01,1000.0,12.0,1000.0,10.0,1000.0,1.01,1000.0,1.01,1000.0,5.3,9.4,1.01,1000.0,1.01,1000.0,36039885,176184.0,373489.0,58805.0,1.262089101,1.262089111,1.262089100,1.262089110,1.01,5.7,1.21,1.35,5.6,110.0,1.02,1.19,5.6,9.4,1.13,1.19,1.3,1.33,2.1,2.22,1.27,1.31,1.262089092,1.262089104,1.262089105,1.262089115
Bulgarian A League,2026-09-12,13:00:00,CSKA 1948 Sofia,Dunav Ruse,1.37,1.51,7.4,24.0,4.4,7.0,2.16,2.64,1.61,1.85,1.99,2.36,1.74,2.02,12.0,1000.0,1.01,1000.0,1.01,1000.0,1.01,1000.0,1.01,970.0,1.01,1000.0,1.01,1000.0,1.01,1000.0,1.01,13.5,1.01,1000.0,1.01,1000.0,1.01,1000.0,1.01,20.0,1.01,1000.0,1.01,1000.0,1.01,1000.0,1.01,970.0,1.01,1000.0,1.01,1000.0,36036685,20732043.0,7739574.0,58805.0,1.262046734,1.262046744,1.262046733,1.262046743,1.01,110.0,1.01,110.0,12.0,100.0,1.03,1.08,4.5,36.0,1.21,1.26,1.09,1.15,2.96,3.75,1.19,1.3,1.262046725,1.262046737,1.262046738,1.262046748
Norwegian Eliteserien,2026-09-12,13:00:00,Rosenborg,Tromso,1.77,1.81,4.5,5.3,4.1,4.5,2.32,2.6,1.62,1.76,1.62,1.76,2.3,2.6,1.4,1000.0,12.0,1000.0,1.4,1000.0,1.4,1000.0,7.8,23.0,7.0,16.5,11.0,1000.0,1.4,1000.0,8.4,26.0,7.0,970.0,10.5,1000.0,1.4,1000.0,12.0,1000.0,10.5,95.0,1.4,1000.0,1.4,1000.0,6.4,13.5,1.4,1000.0,1.4,1000.0,36041104,55224.0,50046.0,58805.0,1.262094608,1.262094611,1.262094655,1.262094656,3.3,4.7,1.28,1.43,1.01,1000.0,1.01,1000.0,2.32,110.0,1.2,1.75,1.01,1000.0,1.01,1000.0,1.24,1.38,1.262094657,1.262094618,1.262094609,1.262094610
Finnish Veikkausliiga,2026-09-12,13:00:00,AC Oulu,Gnistan,2.32,2.44,3.05,3.3,3.65,3.75,2.04,2.22,1.82,1.97,1.65,1.8,2.26,2.52,10.5,75.0,9.0,34.0,1.01,1000.0,1.01,1000.0,8.0,22.0,6.0,12.0,9.2,36.0,1.01,1000.0,10.0,50.0,8.0,22.0,10.5,95.0,1.01,1000.0,1.01,1000.0,1.01,1000.0,1.01,1000.0,1.01,1000.0,10.5,65.0,1.01,1000.0,1.01,1000.0,36048523,396699.0,495186.0,58805.0,1.262209514,1.262209517,1.262209561,1.262209562,3.2,3.95,1.34,1.45,9.2,17.0,1.06,1.1,4.0,5.2,1.26,1.34,1.43,1.48,1.69,1.75,1.36,1.38,1.262209563,1.262209524,1.262209515,1.262209516
Bosnian Premier League,2026-09-12,13:00:00,Siroki Brijeg,FK BSK Banja Luka,1.61,2.02,4.7,8.0,3.45,4.1,1.6,1.95,2.06,2.64,1.01,1000.0,1.01,1000.0,1.01,1000.0,1.01,1000.0,1.01,1000.0,1.01,1000.0,1.01,1000.0,1.01,1000.0,1.01,1000.0,1.01,1000.0,1.01,1000.0,1.01,1000.0,1.01,1000.0,1.01,1000.0,1.01,1000.0,1.01,1000.0,1.01,1000.0,1.01,1000.0,1.01,1000.0,1.01,1000.0,1.01,1000.0,36053962,198684.0,59856642.0,58805.0,1.262259399,1.262259409,1.262259398,1.262259408,1.01,1000.0,1.36,1.68,2.6,110.0,1.01,1.47,2.6,110.0,1.02,1.63,1.14,1.28,1.98,2.64,1.32,1.41,1.262259390,1.262259402,1.262259403,1.262259413
Czech 1 Liga,2026-09-12,13:00:00,Sparta Prague,FK Jablonec,1.6,1.7,5.2,6.4,4.2,4.7,2.16,2.46,1.69,1.85,1.74,1.94,2.06,2.36,1.01,1000.0,16.0,1000.0,1.01,1000.0,1.01,1000.0,8.2,11.5,8.4,11.0,16.0,1000.0,1.01,90.0,9.0,11.5,8.6,11.0,1.01,1000.0,1.01,85.0,1.01,20.0,1.01,20.0,1.01,38.0,1.01,1000.0,1.01,8.4,1.01,95.0,1.01,1000.0,36037705,110475.0,367578.0,58805.0,1.262060249,1.262060252,1.262060296,1.262060297,1.01,110.0,1.28,1.45,11.5,110.0,1.02,1.07,4.5,6.2,1.22,1.28,1.18,1.24,2.42,2.68,1.27,1.32,1.262060298,1.262060259,1.262060250,1.262060251
Slovakian Super League,2026-09-12,13:00:00,Trencin,Dunajska Streda,4.8,5.4,1.63,1.7,4.7,5.2,2.88,3.45,1.41,1.52,1.55,1.62,2.6,2.84,25.0,42.0,13.0,16.5,12.5,17.5,15.5,19.0,22.0,36.0,11.0,15.0,9.6,13.5,13.0,15.5,34.0,60.0,18.0,26.0,14.5,21.0,17.0,29.0,70.0,130.0,36.0,65.0,30.0,55.0,38.0,70.0,24.0,42.0,5.0,5.8,240.0,410.0,36036705,501167.0,3176495.0,58805.0,1.262046511,1.262046521,1.262046510,1.262046520,1.01,1000.0,1.01,110.0,6.2,110.0,1.02,1.16,6.2,100.0,1.12,1.16,2.42,2.6,1.23,1.26,1.23,1.28,1.262046502,1.262046514,1.262046515,1.262046525
Italian Serie A,2026-09-12,13:00:00,Lazio,AC Milan,3.55,3.65,2.38,2.4,3.3,3.35,1.68,1.72,2.4,2.48,2.0,2.08,1.93,1.99,9.4,10.5,7.8,8.4,12.5,13.5,30.0,34.0,10.0,11.0,6.8,7.2,10.5,11.5,27.0,30.0,20.0,23.0,14.0,15.5,19.0,21.0,44.0,55.0,60.0,75.0,42.0,50.0,55.0,70.0,44.0,140.0,50.0,65.0,25.0,28.0,60.0,1000.0,36007450,56966.0,127991.0,58805.0,1.261755359,1.261755343,1.261755358,1.261755368,2.82,2.92,1.52,1.55,9.6,10.5,1.1,1.12,3.1,3.25,1.45,1.48,1.71,1.73,1.38,1.4,1.42,1.44,1.261755361,1.261755363,1.261755364,1.261755346
Greek Super League,2026-09-12,13:00:00,Olympiakos,OFI,1.22,1.24,15.5,21.0,7.4,8.4,2.66,2.86,1.54,1.61,2.2,2.34,1.74,1.84,9.0,34.0,10.0,60.0,11.0,190.0,11.5,1000.0,8.6,9.8,15.5,18.5,10.0,70.0,11.0,320.0,7.2,8.0,10.0,11.5,9.4,48.0,11.0,230.0,8.2,9.2,12.5,15.0,9.8,50.0,11.0,260.0,3.65,3.95,11.5,440.0,11.5,1000.0,36025362,55243.0,728087.0,58805.0,1.261945071,1.261945081,1.261945070,1.261945080,1.01,110.0,1.24,1.38,8.4,55.0,1.02,1.09,5.7,6.6,1.18,1.22,1.05,1.07,5.1,5.5,1.14,1.16,1.261945062,1.261945074,1.261945075,1.261945085
Swiss Challenge League,2026-09-12,13:00:00,Aarau,Kriens,1.68,1.85,4.0,5.4,3.6,6.6,2.72,3.1,1.47,1.59,1.01,1.7,1.01,2.92,1.01,1000.0,1.01,1000.0,1.01,1000.0,1.01,1000.0,1.01,1000.0,1.01,1000.0,1.01,1000.0,1.01,1000.0,1.01,1000.0,1.01,1000.0,1.01,1000.0,1.01,1000.0,1.01,1000.0,1.01,1000.0,1.01,1000.0,1.01,1000.0,1.01,1000.0,1.01,1000.0,1.01,1000.0,36036078,65777.0,328828.0,58805.0,1.262031532,1.262031535,1.262031579,1.262031580,1.01,1000.0,1.01,1000.0,2.72,110.0,1.01,1.19,2.72,9.4,1.12,1.19,1.23,1.34,2.16,2.48,1.18,1.38,1.262031581,1.262031542,1.262031533,1.262031534
Cypriot 1st Division,2026-09-12,13:00:00,Anorthosis,APOEL,4.3,5.9,1.84,1.98,3.45,4.0,1.79,2.0,2.0,2.28,1.01,1000.0,1.01,1000.0,1.01,1000.0,1.01,1000.0,1.01,1000.0,1.01,1000.0,1.01,1000.0,1.01,1000.0,1.01,1000.0,1.01,1000.0,1.01,1000.0,1.01,1000.0,1.01,1000.0,1.01,1000.0,1.01,1000.0,1.01,1000.0,1.01,1000.0,1.01,1000.0,1.01,1000.0,1.01,1000.0,1.01,1000.0,36044003,242449.0,1209582.0,58805.0,1.262163036,1.262163046,1.262163035,1.262163045,2.54,3.95,1.33,1.65,3.35,110.0,1.01,1.42,3.35,110.0,1.34,1.42,2.02,2.2,1.26,1.31,1.33,1.41,1.262163027,1.262163039,1.262163040,1.262163050
Cypriot 1st Division,2026-09-12,13:00:00,Karmiotissa Polemidion,Omonia FC Aradippou,3.25,4.4,1.95,2.5,3.25,5.6,1.66,2.14,1.87,2.52,1.01,1000.0,1.01,1000.0,1.01,1000.0,1.01,1000.0,1.01,1000.0,1.01,1000.0,1.01,1000.0,1.01,1000.0,1.01,1000.0,1.01,1000.0,1.01,1000.0,1.01,1000.0,1.01,1000.0,1.01,1000.0,1.01,1000.0,1.01,1000.0,1.01,1000.0,1.01,1000.0,1.01,1000.0,1.01,1000.0,1.01,1000.0,36044070,12403733.0,10527998.0,58805.0,1.262162816,1.262162826,1.262162815,1.262162825,1.01,1000.0,1.35,1.66,2.76,110.0,1.01,1.57,2.76,110.0,1.36,1.57,1.66,2.06,1.29,1.45,1.22,1.44,1.262162807,1.262162819,1.262162820,1.262162830
Slovakian Super League,2026-09-12,13:00:00,Ruzomberok,Zemplin,2.0,2.14,3.65,4.0,3.75,4.1,2.22,2.36,1.74,1.82,1.67,1.76,2.32,2.48,16.5,24.0,14.5,17.5,25.0,34.0,50.0,80.0,10.0,11.5,8.0,9.2,13.5,19.5,30.0,48.0,12.5,18.0,9.6,11.0,14.5,17.5,32.0,55.0,19.0,26.0,17.5,21.0,26.0,32.0,50.0,85.0,10.5,12.5,25.0,40.0,1.01,1000.0,36041095,52764.0,4985275.0,58805.0,1.262096688,1.262096698,1.262096687,1.262096697,1.01,110.0,1.01,110.0,13.5,21.0,1.05,1.07,4.5,5.0,1.25,1.28,1.33,1.38,1.87,2.0,1.32,1.37,1.262096679,1.262096691,1.262096692,1.262096702
Slovakian Super League,2026-09-12,13:00:00,Dukla Banska Bystrica,MFk Skalica,2.34,2.5,3.1,3.3,3.5,3.8,1.81,2.18,1.86,2.22,1.65,1.89,2.12,2.54,13.5,1000.0,11.5,14.5,19.0,24.0,42.0,55.0,9.8,12.0,7.2,8.8,11.5,14.5,28.0,36.0,14.0,17.5,9.8,12.5,13.5,17.5,34.0,44.0,27.0,36.0,21.0,27.0,30.0,38.0,65.0,85.0,15.5,19.5,24.0,30.0,85.0,1000.0,36040011,8517600.0,12690369.0,58805.0,1.262093464,1.262093474,1.262093463,1.262093473,2.92,110.0,1.01,1.52,3.9,18.0,1.06,1.12,3.9,4.8,1.27,1.34,1.43,1.48,1.66,1.75,1.35,1.4,1.262093455,1.262093467,1.262093468,1.262093478
Swiss Super League,2026-09-12,13:00:00,St Gallen,Sion,2.04,2.24,3.0,3.45,3.75,4.9,2.94,3.7,1.37,1.52,1.37,1.52,2.96,3.7,26.0,38.0,18.5,32.0,23.0,40.0,40.0,70.0,14.5,21.0,10.0,12.0,13.5,19.0,21.0,32.0,15.0,22.0,11.0,13.0,12.0,14.5,21.0,32.0,20.0,36.0,16.0,23.0,16.5,28.0,29.0,50.0,7.0,8.0,13.0,15.5,140.0,260.0,36039882,6392.0,65785.0,58805.0,1.262085398,1.262085401,1.262085445,1.262085446,1.01,110.0,1.19,1.33,6.2,110.0,1.02,1.16,6.2,10.5,1.11,1.17,1.41,1.5,1.81,1.95,1.26,1.35,1.262085447,1.262085408,1.262085399,1.262085400
German Bundesliga,2026-09-12,13:30:00,FC Koln,Werder Bremen,2.16,2.2,3.45,3.5,3.9,3.95,2.6,2.68,1.6,1.63,1.54,1.58,2.72,2.84,21.0,23.0,18.0,19.5,25.0,29.0,50.0,60.0,13.5,14.5,8.6,9.2,13.5,15.0,29.0,34.0,15.0,17.0,10.0,11.5,13.0,14.5,32.0,36.0,24.0,27.0,17.5,20.0,24.0,28.0,46.0,55.0,9.4,10.5,20.0,23.0,55.0,410.0,36005674,44783.0,6555433.0,58805.0,1.261751991,1.261751975,1.261751990,1.261752000,4.2,4.5,1.29,1.32,21.0,25.0,1.04,1.05,5.9,6.0,1.2,1.21,1.4,1.41,1.83,1.86,1.33,1.35,1.261751993,1.261751995,1.261751996,1.261751978
Spanish Segunda Division,2026-09-12,13:30:00,Granada,Albacete,2.12,2.28,3.75,4.2,3.35,3.55,1.79,1.94,2.06,2.26,1.83,2.02,1.98,2.22,8.2,28.0,10.0,16.0,19.0,30.0,3.4,100.0,7.6,10.5,5.7,9.0,13.0,65.0,3.3,70.0,10.5,15.0,8.2,13.5,11.5,24.0,3.35,90.0,19.5,40.0,18.5,32.0,3.3,60.0,3.5,1000.0,15.5,25.0,3.35,85.0,3.5,1000.0,36040945,2255452.0,309089.0,58805.0,1.262091056,1.262091059,1.262091103,1.262091104,2.62,3.4,1.42,1.61,9.4,13.5,1.08,1.11,3.15,4.2,1.37,1.46,1.32,1.39,1.79,1.9,1.39,1.43,1.262091105,1.262091066,1.262091057,1.262091058
Spanish Segunda Division,2026-09-12,13:30:00,Girona,CD Castellon,2.26,2.32,3.2,3.35,3.85,3.95,2.3,2.38,1.72,1.76,1.63,1.68,2.48,2.6,17.0,20.0,15.0,16.5,22.0,25.0,48.0,60.0,12.0,13.5,8.0,8.8,12.5,14.0,28.0,34.0,14.5,16.0,10.0,11.5,14.0,16.0,32.0,38.0,26.0,32.0,19.0,22.0,11.0,32.0,50.0,70.0,11.5,13.5,20.0,25.0,15.0,560.0,36043226,968185.0,8916596.0,58805.0,1.262128122,1.262128125,1.262128169,1.262128170,3.05,4.3,1.31,1.48,17.0,20.0,1.05,1.07,4.9,5.2,1.24,1.26,1.42,1.46,1.75,1.8,1.33,1.36,1.262128171,1.262128132,1.262128123,1.262128124
English Premier League,2026-09-12,13:30:00,Tottenham,Everton,2.12,2.14,3.75,3.8,3.75,3.8,2.04,2.08,1.93,1.96,1.8,1.84,2.2,2.26,14.0,15.0,13.5,14.0,25.0,26.0,60.0,75.0,9.4,9.8,8.0,8.2,15.0,16.0,38.0,44.0,12.0,12.5,10.0,10.5,17.0,17.5,44.0,50.0,24.0,26.0,19.5,21.0,32.0,36.0,65.0,90.0,13.5,15.5,36.0,42.0,60.0,1000.0,36005149,48224.0,56343.0,58805.0,1.261737498,1.261737437,1.261737497,1.261737508,3.3,3.45,1.41,1.44,14.0,16.0,1.07,1.08,4.0,4.2,1.31,1.33,1.35,1.37,1.88,1.9,1.35,1.37,1.261737500,1.261737502,1.261737503,1.261737441
English National League,2026-09-12,13:30:00,Carlisle,Southend,2.3,2.88,2.86,3.2,2.92,4.7,2.24,2.56,1.64,1.76,1.01,1000.0,1.01,1000.0,1.01,1000.0,11.0,20.0,1.01,1000.0,1.01,1000.0,1.01,17.5,1.01,11.5,1.01,17.5,20.0,40.0,1.01,1000.0,8.4,1000.0,10.5,19.5,1.01,44.0,1.01,40.0,16.0,1000.0,21.0,40.0,42.0,80.0,10.0,18.5,1.01,1000.0,95.0,1000.0,36036091,18561.0,69719.0,58805.0,1.262032537,1.262032540,1.262032584,1.262032585,1.01,1000.0,1.01,1000.0,1.01,110.0,1.01,1.29,1.01,95.0,1.2,1.29,1.45,1.54,1.61,1.77,1.27,1.4,1.262032586,1.262032547,1.262032538,1.262032539
Danish 1st Division,2026-09-12,13:30:00,Kolding IF,Fredericia,3.7,4.9,1.89,2.08,3.55,5.0,2.28,2.82,1.55,1.78,1.53,1.75,2.34,2.88,1.01,1000.0,7.6,34.0,7.8,38.0,1.01,1000.0,12.0,1000.0,6.0,18.0,6.6,20.0,8.8,1000.0,1.01,1000.0,8.8,1000.0,8.6,70.0,1.01,1000.0,1.01,1000.0,1.01,1000.0,1.01,1000.0,1.01,1000.0,1.01,1000.0,6.4,14.0,1.01,1000.0,36039025,151010.0,151003.0,58805.0,1.262097695,1.262097705,1.262097694,1.262097704,3.05,110.0,1.26,1.42,5.1,110.0,1.02,1.24,5.1,6.6,1.19,1.24,1.92,2.14,1.27,1.37,1.25,1.39,1.262097686,1.262097698,1.262097699,1.262097709
Serbian Super League,2026-09-12,13:30:00,Cukaricki,FK Novi Pazar,2.2,2.28,3.75,4.1,3.1,3.55,2.06,2.28,1.79,1.94,1.55,1.79,2.06,2.8,12.0,20.0,12.0,17.0,21.0,29.0,42.0,70.0,9.4,13.0,7.2,9.8,12.0,16.5,1.01,44.0,10.5,18.0,9.4,11.5,11.5,16.0,34.0,50.0,19.5,28.0,15.5,23.0,23.0,34.0,50.0,75.0,10.5,15.0,25.0,38.0,1.01,1000.0,36044205,2503611.0,9899252.0,58805.0,1.262166931,1.262166934,1.262166978,1.262166979,1.01,110.0,1.01,110.0,12.0,18.0,1.06,1.08,4.1,4.9,1.26,1.32,1.32,1.37,1.78,1.84,1.39,1.43,1.262166980,1.262166941,1.262166932,1.262166933
Spanish La Liga,2026-09-12,13:30:00,Athletic Bilbao,Elche,1.45,1.46,8.4,8.6,5.2,5.3,2.28,2.36,1.74,1.78,2.0,2.06,1.94,2.0,18.5,21.0,26.0,28.0,65.0,75.0,50.0,330.0,8.4,9.0,10.5,11.0,28.0,32.0,40.0,130.0,8.0,8.6,9.4,10.0,23.0,25.0,40.0,110.0,11.5,12.0,13.5,15.0,32.0,36.0,42.0,140.0,5.9,6.2,44.0,150.0,60.0,1000.0,36010626,9162.0,309111.0,58805.0,1.261867200,1.261867203,1.261867248,1.261867255,3.65,3.8,1.36,1.38,18.5,21.0,1.05,1.06,4.8,5.0,1.25,1.26,1.13,1.14,3.2,3.25,1.23,1.24,1.261867258,1.261867210,1.261867201,1.261867202
Welsh Premiership,2026-09-12,13:30:00,Colwyn Bay,Connahs Quay,3.25,4.2,2.0,2.6,3.25,16.0,1.75,2.04,1.96,2.34,1.01,1000.0,1.01,1000.0,1.01,1000.0,1.01,1000.0,1.01,1000.0,1.01,1000.0,1.01,1000.0,1.01,1000.0,1.01,1000.0,1.01,1000.0,1.01,1000.0,1.01,1000.0,1.01,1000.0,1.01,1000.0,1.01,1000.0,1.01,1000.0,1.01,1000.0,1.01,1000.0,1.01,1000.0,1.01,1000.0,1.01,1000.0,36054852.0,2662205.0,339727.0,58805.0,1.262267972,1.262267975,1.262268019,1.26226802,2.42,3.75,1.36,1.7,3.15,110.0,1.01,1.46,3.15,110.0,1.02,1.46,1.62,2.0,1.31,1.45,1.24,1.45,1.262268021,1.262267982,1.262267973,1.262267974
Dutch Eredivisie,2026-09-12,13:45:00,Go Ahead Eagles,FC Groningen,2.38,2.5,2.88,3.05,3.95,4.4,2.62,3.3,1.44,1.61,1.39,1.55,2.7,3.55,1.66,1000.0,12.0,22.0,1.66,1000.0,1.66,1000.0,11.0,1000.0,7.2,17.0,9.2,38.0,1.66,1000.0,1.66,1000.0,8.4,28.0,9.2,40.0,1.66,1000.0,1.59,40.0,17.5,1000.0,19.0,1000.0,1.66,1000.0,7.4,18.5,9.2,38.0,1.66,1000.0,36005306,419123.0,24931403.0,58805.0,1.261742212,1.261742222,1.261742211,1.261742221,3.75,5.6,1.26,1.36,6.0,36.0,1.03,1.05,5.4,9.4,1.15,1.2,1.5,1.54,1.66,1.73,1.3,1.34,1.261742203,1.261742215,1.261742216,1.261742226
Turkish Super League,2026-09-12,14:00:00,Alanyaspor,Goztepe,2.2,2.34,3.45,3.75,3.4,3.7,1.9,2.02,1.98,2.1,1.73,1.96,2.04,2.36,9.2,40.0,8.8,34.0,1.42,1000.0,1.42,1000.0,7.2,18.0,5.7,11.0,9.6,48.0,1.42,1000.0,9.2,36.0,7.8,22.0,11.0,1000.0,1.42,1000.0,1.42,1000.0,1.42,1000.0,1.42,1000.0,1.42,1000.0,11.0,1000.0,1.42,1000.0,1.42,1000.0,36036335,2080777.0,113239.0,58805.0,1.262041242,1.262041261,1.262041241,1.262041257,2.8,3.75,1.37,1.54,8.6,15.5,1.07,1.1,3.5,4.7,1.32,1.4,1.36,1.41,1.74,1.84,1.37,1.41,1.262041228,1.262041248,1.262041249,1.262041269
Portuguese Primeira Liga,2026-09-12,14:00:00,Casa Pia,Porto,15.0,17.0,1.26,1.27,6.8,7.2,2.18,2.3,1.77,1.84,2.52,2.6,1.62,1.66,18.0,21.0,7.0,7.6,6.2,7.0,8.0,9.0,34.0,42.0,13.0,15.5,10.0,11.0,13.5,16.0,15.0,170.0,48.0,60.0,36.0,46.0,44.0,55.0,15.5,1000.0,15.0,420.0,15.0,360.0,15.0,330.0,16.0,680.0,4.8,5.3,16.0,1000.0,36041066,616839.0,48785.0,58805.0,1.262097585,1.262097595,1.262097584,1.262097594,3.2,4.4,1.35,1.45,17.5,21.0,1.05,1.06,4.4,4.9,1.26,1.29,4.7,4.9,1.06,1.07,1.16,1.18,1.262097576,1.262097588,1.262097589,1.262097599
Turkish Super League,2026-09-12,14:00:00,Konyaspor,Trabzonspor,3.75,4.2,1.96,2.06,3.85,4.1,2.2,2.4,1.71,1.84,1.65,1.74,2.36,2.54,17.0,21.0,10.5,12.0,12.0,14.5,20.0,25.0,15.0,18.5,8.2,9.2,9.6,11.0,16.5,20.0,8.2,32.0,13.5,16.5,14.5,17.0,8.2,32.0,9.6,75.0,8.8,44.0,9.0,48.0,9.6,75.0,8.4,36.0,9.8,11.5,11.0,1000.0,36036334,482032.0,113125.0,58805.0,1.262041582,1.262041593,1.262041581,1.262041592,3.25,4.1,1.34,1.44,15.0,21.0,1.05,1.07,4.7,5.2,1.24,1.28,1.94,2.06,1.31,1.37,1.32,1.36,1.262041572,1.262041585,1.262041586,1.262041597
Swiss Super League,2026-09-12,14:00:00,Lugano,Young Boys,2.46,2.58,2.48,2.84,3.7,5.2,3.1,3.8,1.36,1.48,1.32,1.49,3.05,4.1,1.01,1000.0,1.01,1000.0,1.01,1000.0,1.01,1000.0,1.01,1000.0,8.0,22.0,9.2,36.0,1.01,1000.0,1.01,1000.0,9.0,36.0,9.0,34.0,1.01,1000.0,1.01,1000.0,1.01,1000.0,1.01,1000.0,1.01,1000.0,6.8,15.5,7.0,16.5,1.01,1000.0,36039890,65780.0,65778.0,58805.0,1.262085640,1.262085643,1.262085687,1.262085688,1.01,6.8,1.18,1.31,7.4,110.0,1.02,1.08,7.4,12.5,1.1,1.14,1.57,1.68,1.63,1.69,1.24,1.34,1.262085689,1.262085650,1.262085641,1.262085642
Cypriot 1st Division,2026-09-12,14:00:00,Omonia,Apollon Limassol,1.64,1.98,4.4,7.0,3.75,4.4,1.87,2.54,1.64,2.14,1.01,1000.0,1.01,1000.0,1.01,1000.0,1.01,1000.0,1.01,1000.0,1.01,1000.0,1.01,1000.0,1.01,1000.0,1.01,1000.0,1.01,1000.0,1.01,1000.0,1.01,1000.0,1.01,1000.0,1.01,1000.0,1.01,1000.0,1.01,1000.0,1.01,1000.0,1.01,1000.0,1.01,1000.0,1.01,1000.0,1.01,1000.0,36044082,1209587.0,46976.0,58805.0,1.262165202,1.262165259,1.262165194,1.262165255,2.82,4.6,1.27,1.55,2.88,110.0,1.01,1.53,2.88,100.0,1.25,1.53,1.17,1.3,2.02,2.58,1.29,1.37,1.262165167,1.262165217,1.262165225,1.262165268
Turkish 1 Lig,2026-09-12,14:00:00,Umraniyespor,Antalyaspor,2.9,3.45,2.32,2.74,3.45,4.5,1.8,2.12,1.9,2.26,1.01,1000.0,1.01,1000.0,1.01,1000.0,1.01,1000.0,1.01,1000.0,1.01,1000.0,1.01,1000.0,1.01,1000.0,1.01,1000.0,1.01,1000.0,1.01,1000.0,1.01,1000.0,1.01,1000.0,1.01,1000.0,1.01,1000.0,1.01,1000.0,1.01,1000.0,1.01,1000.0,1.01,1000.0,1.01,1000.0,1.01,1000.0,36041102,6250160.0,113188.0,58805.0,1.262094495,1.262094498,1.262094542,1.262094543,1.01,1000.0,1.01,1000.0,3.55,110.0,1.01,1.39,3.55,100.0,1.3,1.39,1.57,1.76,1.42,1.53,1.28,1.41,1.262094545,1.262094505,1.262094496,1.262094497
Turkish 1 Lig,2026-09-12,14:00:00,Bodrum Belediyesi Bodrumspor,Batman Petrolspor,2.6,3.1,2.7,3.2,2.98,3.95,0.0,0.0,0.0,0.0,0.0,0.0,0.0,0.0,0.0,0.0,0.0,0.0,0.0,0.0,0.0,0.0,0.0,0.0,0.0,0.0,0.0,0.0,0.0,0.0,0.0,0.0,0.0,0.0,0.0,0.0,0.0,0.0,0.0,0.0,0.0,0.0,0.0,0.0,0.0,0.0,0.0,0.0,0.0,0.0,0.0,0.0,36045290,10408670.0,5291013.0,58805.0,1.262173954,0.0,0.0,0.0,0.0,0.0,0.0,0.0,0.0,0.0,0.0,0.0,0.0,0.0,0.0,0.0,0.0,0.0,0.0,0.0,0.0,0.0,0.0,0.0,0.0,0.0
Austrian Bundesliga,2026-09-12,14:30:00,RZ Pellets WAC,Rapid Vienna,4.4,5.5,1.71,1.8,4.3,4.7,2.42,2.96,1.51,1.71,1.55,1.74,2.34,2.8,1.01,1000.0,9.4,25.0,9.8,29.0,11.0,25.0,14.5,29.0,7.4,13.0,8.4,17.5,12.5,22.0,25.0,55.0,14.0,26.0,13.5,1000.0,16.5,36.0,60.0,1000.0,32.0,70.0,30.0,70.0,42.0,95.0,25.0,55.0,5.8,11.0,85.0,1000.0,36006471,6491604.0,65350.0,58805.0,1.261752717,1.261752727,1.261752716,1.261752726,1.01,110.0,1.26,1.4,17.5,55.0,1.03,1.06,4.7,6.6,1.18,1.28,2.26,2.44,1.21,1.28,1.27,1.31,1.261752708,1.261752720,1.261752721,1.261752731
Italian Serie B,2026-09-12,14:30:00,Cesena,US Cremonese,3.3,3.75,2.3,2.52,3.1,3.4,1.83,1.94,2.06,2.2,1.75,1.94,2.06,2.34,8.6,30.0,7.4,20.0,9.4,42.0,1.44,1000.0,8.8,34.0,5.4,9.8,8.0,24.0,1.44,1000.0,1.44,1000.0,9.4,44.0,1.44,1000.0,1.44,1000.0,1.44,1000.0,1.44,1000.0,1.44,1000.0,1.44,1000.0,1.44,1000.0,1.44,1000.0,1.44,1000.0,36046978,501219.0,10513040.0,58805.0,1.262194083,1.262194086,1.262194132,1.262194133,2.78,3.65,1.39,1.55,8.0,13.0,1.08,1.14,3.35,4.3,1.36,1.43,1.65,1.77,1.37,1.44,1.41,1.48,1.262194134,1.262194094,1.262194084,1.262194085
Argentinian Primera Division,2026-09-12,14:45:00,Independiente Rivadavia,Aldosivi,1.49,1.54,8.2,10.0,4.3,4.6,1.86,110.0,1.01,2.16,0.0,0.0,0.0,0.0,0.0,0.0,0.0,0.0,0.0,0.0,0.0,0.0,0.0,0.0,0.0,0.0,0.0,0.0,0.0,0.0,0.0,0.0,0.0,0.0,0.0,0.0,0.0,0.0,0.0,0.0,0.0,0.0,0.0,0.0,0.0,0.0,0.0,0.0,0.0,0.0,0.0,0.0,35999947,5333044.0,5174666.0,58805.0,1.261712066,1.261712076,0.0,0.0,0.0,0.0,0.0,0.0,0.0,0.0,0.0,0.0,0.0,0.0,0.0,0.0,0.0,0.0,0.0,0.0,0.0,0.0,0.0,0.0,0.0,0.0
Argentinian Primera Division,2026-09-12,14:45:00,Estudiantes,CA Platense,1.92,1.98,5.1,5.5,3.25,3.45,1.53,1.57,2.76,2.9,2.38,2.48,1.67,1.72,7.8,8.4,11.5,13.0,30.0,55.0,14.5,1000.0,5.8,6.2,7.0,7.8,20.0,23.0,38.0,140.0,9.0,9.8,10.5,11.5,19.5,34.0,14.0,160.0,20.0,25.0,22.0,28.0,48.0,80.0,14.5,310.0,19.5,30.0,14.0,1000.0,14.5,1000.0,35999946,194509.0,10305879.0,58805.0,1.261712176,1.261712186,1.261712175,1.261712185,0.0,0.0,0.0,0.0,7.6,8.4,1.13,1.15,0.0,0.0,0.0,0.0,0.0,0.0,0.0,0.0,0.0,0.0,0.0,0.0,1.261712180,0.0
Norwegian 1st Division,2026-09-12,15:00:00,Bryne,Stabaek,2.94,3.65,2.14,2.5,3.5,4.3,2.34,2.82,1.55,1.75,1.5,1.65,2.54,2.98,1.01,1000.0,1.01,1000.0,1.01,1000.0,1.01,1000.0,1.01,1000.0,6.6,15.0,1.01,27.0,1.01,1000.0,1.01,1000.0,1.01,1000.0,1.01,1000.0,1.01,1000.0,1.01,1000.0,1.01,1000.0,1.01,1000.0,1.01,1000.0,1.01,1000.0,6.8,16.5,1.01,1000.0,36036671,7033.0,50045.0,58805.0,1.262045954,1.262045964,1.262045953,1.262045963,1.01,1000.0,1.01,1.38,5.3,110.0,1.02,1.22,5.3,7.4,1.16,1.23,1.67,1.88,1.39,1.52,1.3,1.4,1.262045945,1.262045957,1.262045958,1.262045968
Ecuadorian Serie B,2026-09-12,15:00:00,Club Nueve de Octubre,Independiente Juniors,1.04,1000.0,1.04,1000.0,1.02,1000.0,1.05,110.0,1.01,110.0,1.01,1000.0,1.01,1000.0,1.01,1000.0,1.01,1000.0,1.01,1000.0,1.01,1000.0,1.01,1000.0,1.01,1000.0,1.01,1000.0,1.01,1000.0,1.01,1000.0,1.01,1000.0,1.01,1000.0,1.01,1000.0,1.01,1000.0,1.01,1000.0,1.01,1000.0,1.01,1000.0,1.01,1000.0,1.01,1000.0,1.01,1000.0,36058782,27144898.0,23112034.0,58805.0,1.262298269,1.262298272,1.262298316,1.262298317,1.01,1000.0,1.01,1000.0,1.01,1000.0,1.01,110.0,1.05,110.0,1.01,110.0,1.01,36.0,1.01,36.0,1.01,1000.0,1.262298318,1.262298279,1.262298270,1.262298271
Peruvian Primera Division,2026-09-12,15:00:00,Comerciantes Unidos,Sport Huancayo,2.18,2.94,2.7,3.25,3.2,5.8,1.86,2.1,1.91,2.16,1.01,1000.0,1.01,1000.0,1.01,1000.0,1.01,1000.0,1.01,1000.0,1.01,1000.0,1.01,1000.0,1.01,1000.0,1.01,1000.0,1.01,1000.0,1.01,1000.0,1.01,1000.0,1.01,1000.0,1.01,1000.0,1.01,1000.0,1.01,1000.0,1.01,1000.0,1.01,1000.0,1.01,1000.0,1.01,1000.0,1.01,1000.0,36037633,10778457.0,4972227.0,58805.0,1.262059253,1.262059263,1.262059252,1.262059262,1.01,1000.0,1.01,1000.0,1.01,110.0,1.01,1.39,1.86,100.0,1.3,1.39,1.44,1.59,1.51,1.84,1.21,1.46,1.262059244,1.262059256,1.262059257,1.262059267
Dutch Eredivisie,2026-09-12,15:00:00,Fortuna Sittard,Ajax,7.0,7.4,1.48,1.49,5.3,5.5,3.2,3.4,1.42,1.46,1.62,1.66,2.52,2.62,29.0,36.0,13.5,15.0,11.5,13.0,13.5,15.0,32.0,42.0,12.0,13.5,9.8,11.0,12.5,13.5,55.0,70.0,23.0,28.0,17.0,19.0,21.0,24.0,16.5,210.0,60.0,75.0,14.0,60.0,55.0,80.0,14.0,55.0,4.2,4.4,17.5,450.0,36005309,49058.0,52494689.0,58805.0,1.261742648,1.261742658,1.261742647,1.261742657,4.0,110.0,1.22,1.29,18.5,55.0,1.03,1.04,7.6,8.4,1.13,1.15,3.0,3.1,1.16,1.17,1.22,1.23,1.261742639,1.261742651,1.261742652,1.261742662
French Ligue 2,2026-09-12,15:00:00,Dunkerque,St Etienne,4.5,5.0,1.8,1.84,4.1,4.3,2.18,2.3,1.78,1.85,1.78,1.82,2.22,2.3,16.0,20.0,8.8,11.0,10.0,12.5,16.0,22.0,16.5,21.0,8.2,10.0,8.6,11.0,15.0,18.5,28.0,42.0,15.5,23.0,15.5,19.0,23.0,34.0,70.0,120.0,40.0,65.0,40.0,65.0,60.0,100.0,38.0,60.0,8.2,9.8,85.0,1000.0,36036789,2250259.0,309689.0,58805.0,1.262053000,1.262053010,1.262052999,1.262053009,1.01,4.6,1.33,1.49,16.0,21.0,1.05,1.07,4.5,4.9,1.26,1.29,2.18,2.28,1.25,1.29,1.3,1.33,1.262052991,1.262053003,1.262053004,1.262053014
Saudi Professional League,2026-09-12,15:00:00,Al-Shabab (KSA),Al-Feiha,1.64,1.73,4.7,6.0,4.3,5.3,2.3,2.68,1.6,1.76,1.66,1.85,2.16,2.5,1.44,1000.0,1.44,1000.0,1.44,1000.0,1.44,1000.0,7.4,19.0,7.6,19.5,12.0,1000.0,1.44,1000.0,7.8,22.0,7.0,17.0,11.0,1000.0,1.44,1000.0,11.0,1000.0,10.5,1000.0,1.44,1000.0,1.44,1000.0,5.5,10.0,1.44,1000.0,1.44,1000.0,36049688,5344868.0,13886091.0,58805.0,1.262226004,1.262226014,1.262226003,1.262226013,3.35,4.8,1.27,1.4,4.5,34.0,1.03,1.29,4.5,6.4,1.19,1.29,1.21,1.27,2.36,2.58,1.23,1.31,1.262225995,1.262226007,1.262226008,1.262226018
Saudi Professional League,2026-09-12,15:00:00,Al-Khaleej Saihat,Al Nassr,13.0,16.0,1.21,1.25,7.8,9.2,3.1,4.1,1.32,1.47,1.84,2.14,1.87,2.18,2.24,1000.0,9.6,55.0,7.0,17.5,7.2,17.5,2.18,80.0,11.5,1000.0,8.6,30.0,8.8,34.0,2.24,1000.0,2.4,1000.0,2.1,40.0,2.12,40.0,2.24,1000.0,2.24,1000.0,2.24,1000.0,2.24,1000.0,2.24,1000.0,2.64,3.4,2.24,1000.0,36049693,10369569.0,6359075.0,58805.0,1.262224795,1.262224805,1.262224794,1.262224804,4.3,110.0,1.17,1.3,6.6,110.0,1.01,1.16,6.6,9.8,1.11,1.16,5.0,5.8,1.06,1.08,1.12,1.15,1.262224786,1.262224798,1.262224799,1.262224809
Chilean Primera Division,2026-09-12,15:00:00,Cobresal,Coquimbo Unido,3.55,4.0,2.06,2.26,3.3,4.3,1.9,2.02,1.98,2.12,1.72,1.98,2.02,2.38,1.01,36.0,7.2,17.0,8.8,32.0,1.01,1000.0,9.4,40.0,6.0,11.5,7.8,22.0,1.01,1000.0,1.01,1000.0,1.01,1000.0,1.01,1000.0,1.01,1000.0,1.01,1000.0,1.01,1000.0,1.01,1000.0,1.01,1000.0,1.01,1000.0,1.01,42.0,1.01,1000.0,36037722,5129865.0,5800422.0,58805.0,1.262061206,1.262061216,1.262061205,1.262061215,2.92,110.0,1.36,1.51,9.2,21.0,1.05,1.13,3.45,4.7,1.31,1.4,1.8,1.95,1.35,1.39,1.31,1.42,1.262061197,1.262061209,1.262061210,1.262061220
Greek Super League,2026-09-12,15:00:00,Iraklis,Atromitos,2.82,3.25,2.54,3.05,2.86,3.7,1.65,1.79,2.26,2.54,1.89,2.18,1.85,2.12,7.4,19.0,6.8,16.0,10.0,1000.0,1.5,1000.0,7.4,18.5,5.4,9.4,8.6,30.0,1.5,1000.0,11.0,1000.0,1.44,40.0,1.5,1000.0,1.5,1000.0,1.5,1000.0,1.5,1000.0,1.5,1000.0,1.5,1000.0,1.5,1000.0,1.5,1000.0,1.5,1000.0,36024555,14076.0,1234639.0,58805.0,1.261939905,1.261939915,1.261939904,1.261939914,2.58,110.0,1.42,1.57,6.8,15.0,1.07,1.16,2.88,3.45,1.41,1.54,1.51,1.61,1.44,1.55,1.38,1.54,1.261939896,1.261939908,1.261939909,1.261939919
Bulgarian A League,2026-09-12,15:15:00,CSKA Sofia,Arda,1.73,1.84,5.5,6.6,3.5,3.95,1.76,1.95,2.04,2.3,1.94,2.18,1.86,2.08,1.01,27.0,1.01,22.0,1.01,1000.0,1.01,1000.0,1.01,8.6,1.01,10.5,1.01,1000.0,1.01,1000.0,6.8,970.0,8.4,11.0,17.0,1000.0,1.01,1000.0,1.01,1000.0,16.0,1000.0,1.01,1000.0,1.01,1000.0,10.5,970.0,1.01,1000.0,1.01,1000.0,36036690,46982.0,20731976.0,58805.0,1.262046622,1.262046632,1.262046621,1.262046631,2.72,110.0,1.01,1.58,1.01,110.0,1.08,1.14,3.35,3.8,1.36,1.43,1.19,1.23,2.18,2.38,1.34,1.4,1.262046613,1.262046625,1.262046626,1.262046636
Slovenian Premier League,2026-09-12,15:15:00,NK Bravo,NK Celje,4.2,6.0,1.67,1.88,3.75,5.1,2.48,3.2,1.46,1.68,1.49,1.65,2.52,3.05,1.01,1000.0,9.0,40.0,9.0,38.0,12.0,1000.0,1.01,1000.0,7.4,19.0,7.4,19.0,10.0,1000.0,1.01,1000.0,11.5,1000.0,10.0,1000.0,1.01,1000.0,1.01,1000.0,1.01,1000.0,1.01,1000.0,1.01,1000.0,1.01,1000.0,5.3,9.2,1.01,1000.0,36041708,15740271.0,3188553.0,58805.0,1.262099719,1.262099722,1.262099766,1.262099767,1.01,110.0,1.01,110.0,5.3,110.0,1.02,1.21,5.3,8.6,1.15,1.21,2.14,2.54,1.2,1.31,1.24,1.37,1.262099768,1.262099729,1.262099720,1.262099721
Polish Ekstraklasa,2026-09-12,15:15:00,Zaglebie Lubin,GKS Katowice,2.72,2.9,2.6,2.82,3.55,3.85,1.98,2.36,1.74,2.02,1.62,1.8,2.24,2.62,1.01,1000.0,9.6,18.0,15.0,26.0,1.01,55.0,10.0,18.5,6.8,12.0,9.2,17.5,16.5,38.0,14.5,28.0,9.2,18.0,12.0,23.0,1.01,55.0,1.01,60.0,17.5,40.0,1.01,55.0,1.01,100.0,13.5,32.0,15.0,30.0,1.01,1000.0,36036691,166904.0,3351396.0,58805.0,1.262046037,1.262046040,1.262046084,1.262046085,1.01,4.2,1.32,1.49,12.0,110.0,1.06,1.09,4.1,4.6,1.27,1.33,1.54,1.63,1.53,1.59,1.35,1.4,1.262046086,1.262046047,1.262046038,1.262046039
Slovakian Super League,2026-09-12,15:30:00,Spartak Trnava,FC Kosice,1.8,2.02,3.8,5.2,4.0,5.4,2.26,2.62,1.62,1.8,1.63,1.82,2.2,2.6,17.0,1000.0,11.5,1000.0,26.0,1000.0,1.01,1000.0,10.5,21.0,8.6,10.0,10.5,1000.0,1.01,1000.0,8.8,38.0,9.2,22.0,11.0,1000.0,1.01,1000.0,12.0,1000.0,11.0,1000.0,21.0,1000.0,1.01,1000.0,8.0,9.2,1.01,1000.0,1.01,1000.0,36041085,427643.0,1539445.0,58805.0,1.262096908,1.262096918,1.262096907,1.262096917,1.01,110.0,1.23,110.0,4.2,55.0,1.03,1.3,4.2,6.2,1.2,1.3,1.24,1.36,1.98,2.26,1.23,1.34,1.262096899,1.262096911,1.262096912,1.262096922
Romanian Liga I,2026-09-12,15:30:00,Rapid Bucharest,FC Voluntari,1.48,1.53,7.4,8.6,4.5,4.9,2.0,2.3,1.78,2.0,1.93,2.18,1.8,2.14,1.61,55.0,1.66,1000.0,1.66,1000.0,1.66,1000.0,1.45,11.5,1.5,16.5,1.66,1000.0,1.66,1000.0,6.2,13.0,1.5,15.5,1.66,1000.0,1.66,1000.0,1.66,1000.0,1.66,1000.0,1.66,1000.0,1.66,1000.0,1.44,11.0,1.66,1000.0,1.66,1000.0,36033014,6394.0,8838645.0,58805.0,1.262011752,1.262011762,1.262011751,1.262011761,1.01,110.0,1.01,1.48,4.2,110.0,1.02,1.1,4.2,5.3,1.27,1.31,1.13,1.16,2.88,3.1,1.25,1.29,1.262011743,1.262011755,1.262011756,1.262011766
Serbian Super League,2026-09-12,15:30:00,FK Radnicki 1923,Mladost Lucani,1.56,1.75,5.5,16.0,3.55,5.7,1.71,2.02,1.99,2.4,1.01,1000.0,1.01,1000.0,1.01,1000.0,1.01,1000.0,1.01,1000.0,1.01,1000.0,1.01,1000.0,1.01,1000.0,1.01,1000.0,1.01,1000.0,1.01,1000.0,1.01,1000.0,1.01,1000.0,1.01,1000.0,1.01,1000.0,1.01,1000.0,1.01,1000.0,1.01,1000.0,1.01,1000.0,1.01,1000.0,1.01,1000.0,36044209,10465511.0,2503610.0,58805.0,1.262167129,1.262167132,1.262167176,1.262167177,2.5,3.95,1.01,1000.0,3.0,110.0,1.01,1.47,3.0,100.0,1.34,1.48,1.1,1.23,2.32,2.8,1.22,1.37,1.262167178,1.262167139,1.262167130,1.262167131
Irish Division 1,2026-09-12,15:30:00,Longford,Treaty United,1.95,2.2,3.55,4.3,3.75,4.0,1.84,110.0,1.27,2.2,1.01,1000.0,1.01,1000.0,1.01,1000.0,1.01,1000.0,1.01,1000.0,1.01,1000.0,1.01,1000.0,1.01,1000.0,1.01,1000.0,1.01,1000.0,1.01,1000.0,1.01,1000.0,1.01,1000.0,1.01,1000.0,1.01,1000.0,1.01,1000.0,1.01,1000.0,1.01,1000.0,1.01,1000.0,1.01,1000.0,1.01,1000.0,36036722,184330.0,38594512.0,58805.0,1.262046766,1.262046769,1.262046813,1.262046814,1.01,1000.0,1.01,1000.0,3.6,110.0,1.01,1.37,3.6,100.0,1.27,1.38,1.02,1.4,1.01,26.0,1.33,110.0,1.262046815,1.262046776,1.262046767,1.262046768
German Bundesliga 2,2026-09-12,15:30:00,St Pauli,Wolfsburg,2.74,2.76,2.52,2.56,4.0,4.1,2.66,2.82,1.55,1.61,1.48,1.55,2.82,3.1,21.0,27.0,15.5,18.5,18.5,21.0,32.0,42.0,16.5,19.5,9.2,10.0,11.0,13.0,20.0,23.0,20.0,24.0,11.5,13.5,13.0,14.5,25.0,32.0,38.0,44.0,22.0,27.0,26.0,30.0,42.0,60.0,12.5,14.5,11.0,12.0,15.5,340.0,36036719,44526.0,44521.0,58805.0,1.262053110,1.262053120,1.262053109,1.262053119,3.6,110.0,1.27,1.35,16.0,36.0,1.03,1.05,6.0,6.6,1.18,1.2,1.64,1.65,1.56,1.58,1.32,1.33,1.262053101,1.262053113,1.262053114,1.262053124
French Ligue 1,2026-09-12,15:45:00,Le Havre,Angers,2.66,2.72,2.98,3.05,3.35,3.4,1.79,1.85,2.18,2.26,1.88,1.95,2.04,2.14,10.5,12.0,9.6,11.0,17.5,19.5,42.0,50.0,9.2,10.0,7.0,7.6,12.0,13.5,32.0,38.0,15.5,17.5,11.0,12.0,16.5,18.5,44.0,55.0,36.0,42.0,28.0,34.0,42.0,48.0,15.0,110.0,25.0,29.0,30.0,36.0,16.0,1000.0,36005450,70446.0,473963.0,58805.0,1.261747945,1.261747929,1.261747944,1.261747954,2.6,3.3,1.44,1.63,10.5,12.0,1.09,1.11,3.35,3.5,1.4,1.43,1.48,1.51,1.58,1.61,1.41,1.43,1.261747947,1.261747949,1.261747950,1.261747932
French Ligue 1,2026-09-12,15:45:00,Lorient,Toulouse,2.72,2.76,2.84,2.96,3.4,3.55,1.94,2.02,1.99,2.08,1.77,1.84,2.2,2.3,12.5,14.0,10.5,12.0,17.5,21.0,25.0,60.0,10.0,11.5,7.0,7.8,11.5,13.0,20.0,34.0,16.0,18.5,11.0,12.5,15.0,19.0,32.0,55.0,32.0,42.0,19.0,34.0,32.0,42.0,36.0,110.0,17.5,27.0,18.0,32.0,10.5,1000.0,36005431,44794.0,305969.0,58805.0,1.261748069,1.261748053,1.261748068,1.261748078,2.8,3.65,1.38,1.56,12.5,14.0,1.07,1.09,3.85,4.0,1.33,1.36,1.52,1.55,1.56,1.59,1.39,1.42,1.261748071,1.261748073,1.261748074,1.261748056
Italian Serie A,2026-09-12,15:45:00,Atalanta,Cagliari,1.64,1.66,6.4,6.6,4.1,4.3,1.95,2.0,2.0,2.06,2.04,2.1,1.91,1.97,13.0,14.0,17.5,19.5,46.0,55.0,46.0,200.0,7.4,7.8,8.6,9.4,22.0,25.0,38.0,100.0,8.4,9.0,9.2,10.5,21.0,24.0,38.0,95.0,14.0,15.0,16.0,17.5,34.0,40.0,44.0,150.0,9.0,9.8,42.0,130.0,60.0,1000.0,36006570,215817.0,60297.0,58805.0,1.261753008,1.261752992,1.261753007,1.261753017,3.25,3.4,1.42,1.45,13.5,15.0,1.07,1.08,3.85,4.0,1.33,1.35,1.17,1.19,2.52,2.58,1.3,1.33,1.261753010,1.261753012,1.261753013,1.261752995
Bosnian Premier League,2026-09-12,15:45:00,Borac Banja Luka,Zrinjski,2.02,2.42,3.45,4.9,2.58,4.7,1.6,1.81,2.22,2.68,1.01,1000.0,1.01,1000.0,1.01,1000.0,1.01,1000.0,1.01,1000.0,1.01,1000.0,1.01,1000.0,1.01,1000.0,1.01,1000.0,1.01,1000.0,1.01,1000.0,1.01,1000.0,1.01,1000.0,1.01,1000.0,1.01,1000.0,1.01,1000.0,1.01,1000.0,1.01,1000.0,1.01,1000.0,1.01,1000.0,1.01,1000.0,36053905,4837337.0,4807138.0,58805.0,1.262257806,1.262257816,1.262257805,1.262257815,1.01,1000.0,1.39,1.76,2.72,110.0,1.01,1.58,2.72,110.0,1.02,1.58,1.26,1.41,1.71,1.99,1.27,1.64,1.262257797,1.262257809,1.262257810,1.262257820
French Ligue 1,2026-09-12,15:45:00,Auxerre,Nice,2.72,2.76,2.86,2.9,3.45,3.55,1.92,2.0,2.0,2.08,1.79,1.85,2.18,2.28,12.5,14.0,10.5,12.0,17.0,19.5,40.0,46.0,10.5,11.5,7.0,7.8,11.5,13.0,28.0,32.0,16.0,18.0,11.5,12.5,15.5,17.0,38.0,44.0,36.0,42.0,26.0,30.0,36.0,42.0,38.0,95.0,22.0,26.0,25.0,28.0,15.0,1000.0,36005525,44800.0,189829.0,58805.0,1.261747673,1.261747657,1.261747672,1.261747682,2.82,3.45,1.41,1.55,12.0,14.0,1.07,1.09,3.7,3.95,1.34,1.37,1.52,1.54,1.56,1.59,1.39,1.41,1.261747675,1.261747677,1.261747678,1.261747660
French Ligue 1,2026-09-12,15:45:00,Paris FC,Lyon,2.72,2.76,2.68,2.72,3.75,3.8,2.34,2.44,1.71,1.75,1.6,1.64,2.56,2.66,18.5,20.0,13.0,14.5,18.0,20.0,36.0,40.0,13.5,15.0,8.0,8.6,11.5,12.5,23.0,26.0,18.5,20.0,11.5,12.5,13.5,15.0,29.0,34.0,36.0,42.0,23.0,26.0,29.0,34.0,30.0,65.0,16.0,19.0,15.5,17.5,55.0,540.0,36005451,5168454.0,55271.0,58805.0,1.261747797,1.261747781,1.261747796,1.261747806,3.2,4.1,1.33,1.46,17.5,20.0,1.05,1.06,4.9,5.2,1.23,1.26,1.58,1.6,1.56,1.59,1.35,1.37,1.261747799,1.261747801,1.261747802,1.261747784
Spanish Segunda Division,2026-09-12,16:00:00,Cordoba,Almeria,2.44,2.62,2.8,3.0,3.7,4.0,2.28,2.72,1.58,1.77,0.0,0.0,0.0,0.0,0.0,0.0,0.0,0.0,0.0,0.0,0.0,0.0,0.0,0.0,0.0,0.0,0.0,0.0,0.0,0.0,0.0,0.0,0.0,0.0,0.0,0.0,0.0,0.0,0.0,0.0,0.0,0.0,0.0,0.0,0.0,0.0,0.0,0.0,0.0,0.0,0.0,0.0,36043215,68247.0,248020.0,58805.0,1.262126285,1.262126288,0.0,0.0,0.0,0.0,0.0,0.0,0.0,0.0,0.0,0.0,0.0,0.0,0.0,0.0,0.0,0.0,0.0,0.0,0.0,0.0,0.0,0.0,0.0,0.0
Brazilian Serie A,2026-09-12,16:00:00,Atletico MG,Fluminense,2.18,2.42,3.4,4.3,3.0,4.0,1.67,1.82,2.22,2.48,1.89,2.08,1.92,2.14,7.6,21.0,8.0,24.0,1.53,1000.0,1.53,1000.0,6.2,13.5,5.6,10.5,10.0,65.0,1.53,1000.0,8.8,32.0,8.0,23.0,1.53,1000.0,1.53,1000.0,1.53,1000.0,1.53,1000.0,1.53,1000.0,1.53,1000.0,1.53,1000.0,1.53,1000.0,1.53,1000.0,36016526,361329.0,198133.0,58805.0,1.261819438,1.261819448,1.261819437,1.261819447,2.6,3.3,1.44,1.63,7.8,17.5,1.06,1.12,2.9,3.8,1.42,1.53,1.31,1.42,1.7,1.85,1.34,1.5,1.261819429,1.261819441,1.261819442,1.261819452
Dutch Eredivisie,2026-09-12,16:00:00,Cambuur Leeuwarden,NEC Nijmegen,5.4,5.8,1.57,1.6,5.1,5.5,3.3,3.55,1.39,1.44,1.53,1.61,2.64,2.86,7.8,40.0,14.5,16.5,12.0,16.5,15.5,21.0,7.8,42.0,11.5,13.5,10.0,11.5,13.0,15.0,8.4,65.0,20.0,28.0,15.5,21.0,20.0,26.0,9.2,140.0,8.4,65.0,8.2,55.0,8.4,65.0,7.6,36.0,4.3,4.6,9.4,330.0,36005348,8942269.0,48456.0,58805.0,1.261743304,1.261743314,1.261743303,1.261743313,4.0,110.0,1.21,1.28,7.8,55.0,1.02,1.09,7.8,8.8,1.13,1.15,2.62,2.76,1.2,1.23,1.23,1.25,1.261743295,1.261743307,1.261743308,1.261743318
Spanish La Liga,2026-09-12,16:00:00,Real Madrid,Rayo Vallecano,1.13,1.14,30.0,32.0,11.5,12.5,4.2,4.4,1.29,1.32,2.1,2.18,1.85,1.9,50.0,85.0,40.0,140.0,55.0,550.0,23.0,1000.0,15.0,16.5,24.0,27.0,38.0,110.0,55.0,420.0,9.2,10.0,13.0,14.5,40.0,48.0,50.0,260.0,8.6,9.2,12.0,13.5,32.0,38.0,46.0,230.0,2.32,2.4,95.0,430.0,60.0,1000.0,36010686,2426.0,10779.0,58805.0,1.261759864,1.261759869,1.261759917,1.261759925,5.9,6.4,1.18,1.21,50.0,85.0,1.01,1.02,11.0,12.5,1.09,1.1,1.03,1.04,8.4,8.8,1.08,1.1,1.261759929,1.261759876,1.261759866,1.261759868
Paraguayan Primera Division,2026-09-12,16:00:00,Guarani (Par),Cerro Porteno,0.0,0.0,0.0,0.0,0.0,0.0,1.25,920.0,1.41,6.0,1.01,1000.0,1.01,1000.0,1.01,1000.0,1.01,1000.0,1.01,1000.0,1.01,1000.0,1.01,1000.0,1.01,1000.0,1.01,1000.0,1.01,1000.0,1.01,1000.0,1.01,1000.0,1.01,1000.0,1.01,1000.0,1.01,1000.0,1.01,1000.0,1.01,1000.0,1.01,1000.0,1.01,1000.0,1.01,1000.0,1.01,1000.0,36045667,0.0,0.0,0.0,0.0,1.262182040,1.262182084,1.262182085,1.01,1000.0,1.01,1000.0,1.01,1000.0,1.01,1000.0,1.26,110.0,1.01,110.0,1.01,1000.0,1.01,1000.0,1.01,1000.0,1.262182086,1.262182047,1.262182038,1.262182039
Bolivian Liga de Futbol Profesional,2026-09-12,16:00:00,CD Gualberto Villarroel,Nacional Potosi,1.04,110.0,1.04,110.0,1.04,950.0,1.28,110.0,1.19,4.8,1.01,1000.0,1.01,1000.0,1.01,1000.0,1.01,1000.0,1.01,1000.0,1.01,1000.0,1.01,1000.0,1.01,1000.0,1.01,1000.0,1.01,1000.0,1.01,1000.0,1.01,1000.0,1.01,1000.0,1.01,1000.0,1.01,1000.0,1.01,1000.0,1.01,1000.0,1.01,1000.0,1.01,1000.0,1.01,1000.0,1.01,1000.0,36053366,61511713.0,5885611.0,58805.0,1.262252099,1.262252102,1.262252148,1.262252149,1.01,1000.0,1.01,1000.0,1.28,110.0,1.01,4.5,1.28,110.0,1.19,4.5,1.02,26.0,1.02,26.0,1.01,110.0,1.262252150,1.262252110,1.262252100,1.262252101
Brazilian Serie A,2026-09-12,16:00:00,Gremio,Vasco da Gama,2.48,3.0,2.66,3.2,3.05,3.95,1.71,1.93,2.06,2.42,1.78,1.99,2.0,2.3,8.2,26.0,7.8,22.0,11.5,1000.0,1.44,1000.0,7.2,970.0,5.7,11.5,9.2,34.0,1.44,1000.0,9.8,55.0,8.4,29.0,11.5,1000.0,1.44,1000.0,1.44,1000.0,1.44,1000.0,1.44,1000.0,1.44,1000.0,1.44,1000.0,1.44,1000.0,1.44,1000.0,36017173,198134.0,198124.0,58805.0,1.261823144,1.261823154,1.261823143,1.261823153,2.68,3.45,1.41,1.6,8.2,17.5,1.06,1.14,3.15,3.65,1.37,1.46,1.46,1.58,1.52,1.68,1.35,1.49,1.261823135,1.261823147,1.261823148,1.261823158
Ecuadorian Serie A,2026-09-12,16:00:00,Manta FC,Aucas,3.6,5.0,2.16,2.48,3.0,3.65,1.5,1.67,2.5,3.0,0.0,0.0,0.0,0.0,0.0,0.0,0.0,0.0,0.0,0.0,0.0,0.0,0.0,0.0,0.0,0.0,0.0,0.0,0.0,0.0,0.0,0.0,0.0,0.0,0.0,0.0,0.0,0.0,0.0,0.0,0.0,0.0,0.0,0.0,0.0,0.0,0.0,0.0,0.0,0.0,0.0,0.0,36044220,5366102.0,897347.0,58805.0,1.262167438,1.262167448,0.0,0.0,0.0,0.0,0.0,0.0,0.0,0.0,0.0,0.0,0.0,0.0,0.0,0.0,0.0,0.0,0.0,0.0,0.0,0.0,0.0,0.0,0.0,0.0
English Premier League,2026-09-12,16:00:00,Sunderland,Arsenal,8.4,8.6,1.51,1.52,4.5,4.6,1.84,1.88,2.12,2.2,2.3,2.36,1.74,1.76,12.0,13.0,6.2,6.6,7.2,7.4,12.0,13.0,20.0,21.0,9.2,9.8,9.6,10.0,16.5,17.5,65.0,75.0,29.0,34.0,27.0,30.0,44.0,48.0,75.0,330.0,75.0,160.0,55.0,160.0,95.0,220.0,75.0,260.0,9.0,9.8,60.0,1000.0,36005130,62783.0,1096.0,58805.0,1.261737702,1.261737641,1.261737701,1.261737712,3.05,3.2,1.45,1.48,12.0,13.5,1.08,1.09,3.5,3.55,1.39,1.4,2.92,2.98,1.13,1.14,1.27,1.29,1.261737704,1.261737706,1.261737707,1.261737645
Portuguese Primeira Liga,2026-09-12,16:30:00,Academico de Viseu,Guimaraes,3.7,4.2,2.06,2.2,3.25,3.6,1.74,1.9,2.1,2.46,1.82,2.04,1.96,2.22,8.2,24.0,6.4,13.5,8.2,27.0,1.49,1000.0,8.8,38.0,5.8,11.0,7.8,21.0,1.49,1000.0,1.49,1000.0,10.5,90.0,12.0,1000.0,1.49,1000.0,1.49,1000.0,1.49,1000.0,1.49,1000.0,1.49,1000.0,1.49,1000.0,9.8,1000.0,1.49,1000.0,36043439,7611327.0,50085.0,58805.0,1.262149376,1.262149379,1.262149423,1.262149424,2.66,3.4,1.42,1.6,8.4,21.0,1.07,1.12,3.3,4.1,1.36,1.44,1.83,1.94,1.31,1.36,1.38,1.45,1.262149425,1.262149386,1.262149377,1.262149378
Uruguayan Primera Division,2026-09-12,16:30:00,Wanderers (Uru),Nacional (Uru),4.0,4.8,1.98,2.16,3.5,3.7,1.71,2.06,1.94,2.42,0.0,0.0,0.0,0.0,0.0,0.0,0.0,0.0,0.0,0.0,0.0,0.0,0.0,0.0,0.0,0.0,0.0,0.0,0.0,0.0,0.0,0.0,0.0,0.0,0.0,0.0,0.0,0.0,0.0,0.0,0.0,0.0,0.0,0.0,0.0,0.0,0.0,0.0,0.0,0.0,0.0,0.0,36041078,2794560.0,504780.0,58805.0,1.262098396,1.262098406,0.0,0.0,0.0,0.0,0.0,0.0,0.0,0.0,0.0,0.0,0.0,0.0,0.0,0.0,0.0,0.0,0.0,0.0,0.0,0.0,0.0,0.0,0.0,0.0
Algerian Ligue 1,2026-09-12,17:00:00,CS Constantine,ASO Chlef,1.52,1.71,6.2,14.5,3.6,4.2,1.58,1.84,2.18,2.74,1.01,1000.0,1.01,1.75,1.01,20.0,1.01,1000.0,1.01,1000.0,1.01,1000.0,1.01,1000.0,1.01,1000.0,1.01,1000.0,1.01,1000.0,1.01,1000.0,1.01,1000.0,1.01,1000.0,1.01,1000.0,1.01,1000.0,1.01,1000.0,1.01,1000.0,1.01,1000.0,1.01,1000.0,1.01,1000.0,1.01,1000.0,36055427,7598561.0,6488669.0,58805.0,1.262272688,1.262272691,1.262272735,1.262272736,2.32,3.15,1.47,1.76,2.62,18.0,1.06,1.62,2.62,17.5,1.07,1.62,1.1,1.19,2.42,2.94,1.31,1.39,1.262272737,1.262272698,1.262272689,1.262272690
Brazilian Serie C,2026-09-12,17:00:00,Botafogo PB,Floresta EC,1.56,1.76,6.4,9.8,3.3,3.95,1.47,1.69,2.46,3.1,1.01,1000.0,1.01,1000.0,1.03,1000.0,1.03,1000.0,1.03,1000.0,1.03,1000.0,1.03,1000.0,1.03,1000.0,1.03,1000.0,1.03,1000.0,1.03,1000.0,1.03,1000.0,1.03,1000.0,1.03,1000.0,1.03,1000.0,1.03,1000.0,1.03,1000.0,1.03,1000.0,1.01,1000.0,1.01,1000.0,1.03,1000.0,36053781,5310328.0,14754815.0,58805.0,1.262256535,1.262256545,1.262256534,1.262256544,1.01,110.0,1.01,110.0,3.15,110.0,1.01,1.47,2.38,4.3,1.3,1.72,1.11,1.19,2.28,2.76,1.33,1.43,1.262256526,1.262256538,1.262256539,1.262256549
Brazilian Serie A,2026-09-12,17:00:00,Chapecoense,Internacional,3.15,3.75,2.26,2.6,3.1,4.2,1.9,2.22,1.82,2.1,1.64,1.9,2.12,2.54,9.6,46.0,7.8,23.0,9.8,60.0,1.38,1000.0,9.2,36.0,5.9,11.0,7.8,26.0,1.38,1000.0,1.38,1000.0,9.4,40.0,10.5,100.0,1.38,1000.0,1.38,1000.0,1.38,1000.0,1.38,1000.0,1.38,1000.0,1.38,1000.0,10.5,1000.0,1.38,1000.0,36016803,2909511.0,198137.0,58805.0,1.261823691,1.261823701,1.261823690,1.261823700,2.94,3.9,1.35,1.52,9.8,18.0,1.07,1.09,3.6,5.0,1.29,1.39,1.63,1.8,1.36,1.47,1.35,1.48,1.261823682,1.261823694,1.261823695,1.261823705
Peruvian Primera Division,2026-09-12,17:15:00,Cesar Vallejo Moquegua,Sporting Cristal,4.9,5.9,1.74,1.82,3.7,4.1,2.06,2.32,1.76,1.95,1.77,1.95,2.06,2.3,1.01,1000.0,1.01,1000.0,1.01,1000.0,1.01,1000.0,1.01,1000.0,1.01,1000.0,1.01,1000.0,1.01,1000.0,1.01,1000.0,1.01,1000.0,1.01,1000.0,1.01,1000.0,1.01,1000.0,1.01,1000.0,1.01,1000.0,1.01,1000.0,1.01,1000.0,1.01,1000.0,1.01,1000.0,36041173,62939001.0,328696.0,58805.0,1.262104697,1.262104707,1.262104696,1.262104706,1.01,1000.0,1.01,1000.0,12.5,18.5,1.05,1.09,4.0,4.9,1.26,1.33,2.2,2.36,1.22,1.25,1.32,1.36,1.262104688,1.262104700,1.262104701,1.262104711
Colombian Primera B,2026-09-12,17:30:00,Envigado,Leones FC,1.04,1000.0,1.04,1000.0,1.02,1000.0,1.07,1000.0,1.01,26.0,1.01,1000.0,1.01,1000.0,1.01,1000.0,1.01,1000.0,1.01,1000.0,1.01,1000.0,1.01,1000.0,1.01,1000.0,1.01,1000.0,1.01,1000.0,1.01,1000.0,1.01,1000.0,1.01,1000.0,1.01,1000.0,1.01,1000.0,1.01,1000.0,1.01,1000.0,1.01,1000.0,1.01,1000.0,1.01,1000.0,1.01,1000.0,36058759,5180320.0,9948447.0,58805.0,1.262299942,1.262299952,1.262299941,1.262299951,1.01,1000.0,1.01,1000.0,1.07,1000.0,1.01,26.0,1.08,3.05,1.49,110.0,1.01,36.0,1.01,36.0,1.01,1000.0,1.262299933,1.262299945,1.262299946,1.262299956
Argentinian Primera Division,2026-09-12,17:30:00,Atl Tucuman,River Plate,4.0,4.4,2.1,2.2,3.2,3.35,1.55,1.73,2.38,2.86,0.0,0.0,0.0,0.0,0.0,0.0,0.0,0.0,0.0,0.0,0.0,0.0,0.0,0.0,0.0,0.0,0.0,0.0,0.0,0.0,0.0,0.0,0.0,0.0,0.0,0.0,0.0,0.0,0.0,0.0,0.0,0.0,0.0,0.0,0.0,0.0,0.0,0.0,0.0,0.0,0.0,0.0,35999791,5181445.0,194515.0,58805.0,1.261710474,1.261710484,0.0,0.0,0.0,0.0,0.0,0.0,7.6,9.0,1.12,1.15,0.0,0.0,0.0,0.0,0.0,0.0,0.0,0.0,0.0,0.0,0.0,0.0,1.261710478,0.0
Argentinian Primera Division,2026-09-12,17:30:00,Atl Tucuman,River Plate,4.3,4.8,2.08,2.18,3.15,3.35,1.54,1.72,2.38,2.86,0.0,0.0,0.0,0.0,0.0,0.0,0.0,0.0,0.0,0.0,0.0,0.0,0.0,0.0,0.0,0.0,0.0,0.0,0.0,0.0,0.0,0.0,0.0,0.0,0.0,0.0,0.0,0.0,0.0,0.0,0.0,0.0,0.0,0.0,0.0,0.0,0.0,0.0,0.0,0.0,0.0,0.0,35999791.0,5181445.0,194515.0,58805.0,1.261710474,1.261710484,0.0,0.0,0.0,0.0,0.0,0.0,7.6,8.8,1.12,1.15,0.0,0.0,0.0,0.0,0.0,0.0,0.0,0.0,0.0,0.0,0.0,0.0,1.261710478,0.0
Colombian Primera A,2026-09-12,18:05:00,Internacional de Bogotá,Llaneros FC,1.74,1.91,5.2,7.2,3.15,4.3,1.58,1.74,2.36,2.7,2.06,2.52,1.66,1.89,1.49,17.0,1.58,44.0,1.63,1000.0,1.63,1000.0,5.2,9.6,6.0,12.0,1.63,1000.0,1.63,1000.0,1.47,14.5,8.6,20.0,1.63,1000.0,1.63,1000.0,1.63,1000.0,1.63,1000.0,1.63,1000.0,1.63,1000.0,1.63,1000.0,1.63,1000.0,1.63,1000.0,36045491,94680813.0,6563307.0,58805.0,1.262178558,1.262178568,1.262178557,1.262178567,1.01,110.0,1.01,110.0,2.96,15.0,1.07,1.15,2.7,3.15,1.46,1.59,1.17,1.24,2.1,2.36,1.32,1.47,1.262178549,1.262178561,1.262178562,1.262178572
Bolivian Liga de Futbol Profesional,2026-09-12,18:15:00,The Strongest,CDT Real Oruro,1.04,110.0,1.15,1000.0,1.22,950.0,4.7,110.0,1.05,1.27,1.01,1000.0,1.01,1000.0,1.01,1000.0,1.01,1000.0,1.01,1000.0,1.01,1000.0,1.01,1000.0,1.01,1000.0,1.01,1000.0,1.01,1000.0,1.01,1000.0,1.01,1000.0,1.01,1000.0,1.01,1000.0,1.01,1000.0,1.01,1000.0,1.01,1000.0,1.01,1000.0,1.01,1000.0,1.01,1000.0,1.01,1000.0,36053374,328205.0,57257944.0,58805.0,1.262252258,1.262252261,1.262252305,1.262252306,1.01,1000.0,1.01,1000.0,4.7,1000.0,1.01,1.07,4.7,110.0,1.05,1.12,1.02,26.0,1.13,26.0,1.01,110.0,1.262252307,1.262252268,1.262252259,1.262252260
Paraguayan Primera Division,2026-09-12,18:30:00,Deportivo Recoleta,Sportivo Trinidense,0.0,0.0,0.0,0.0,0.0,0.0,1.26,480.0,1.3,5.2,1.01,1000.0,1.01,1000.0,1.01,1000.0,1.01,1000.0,1.01,1000.0,1.01,1000.0,1.01,1000.0,1.01,1000.0,1.01,1000.0,1.01,1000.0,1.01,1000.0,1.01,1000.0,1.01,1000.0,1.01,1000.0,1.01,1000.0,1.01,1000.0,1.01,1000.0,1.01,1000.0,1.01,1000.0,1.01,1000.0,1.01,1000.0,36045467,0.0,0.0,0.0,0.0,1.262181021,1.262181010,1.262181020,1.01,1000.0,1.01,1000.0,1.01,1000.0,1.01,110.0,1.26,110.0,1.3,4.8,1.01,1000.0,1.01,1000.0,1.01,1000.0,1.262181002,1.262181014,1.262181015,1.262181025
Brazilian Serie A,2026-09-12,18:30:00,SE Palmeiras,Sao Paulo,1.71,1.73,5.7,6.2,3.95,4.1,1.88,1.95,2.04,2.14,2.02,2.08,1.93,1.99,12.5,14.0,16.0,17.5,40.0,46.0,18.5,1000.0,7.0,7.8,8.2,9.0,20.0,22.0,36.0,110.0,8.8,9.8,9.2,10.0,20.0,23.0,38.0,110.0,15.0,17.0,16.5,19.0,36.0,48.0,44.0,150.0,10.5,12.0,40.0,120.0,16.0,1000.0,36017203,22498185.0,198126.0,58805.0,1.261823034,1.261823044,1.261823033,1.261823043,2.78,3.65,1.38,1.57,12.5,15.5,1.08,1.09,3.6,3.8,1.35,1.39,1.19,1.21,2.36,2.42,1.32,1.34,1.261823025,1.261823037,1.261823038,1.261823048
Ecuadorian Serie A,2026-09-12,18:30:00,Guayaquil City,Mushuc Runa,2.72,3.55,2.6,3.5,2.86,3.65,1.5,1.85,2.18,2.98,0.0,0.0,0.0,0.0,0.0,0.0,0.0,0.0,0.0,0.0,0.0,0.0,0.0,0.0,0.0,0.0,0.0,0.0,0.0,0.0,0.0,0.0,0.0,0.0,0.0,0.0,0.0,0.0,0.0,0.0,0.0,0.0,0.0,0.0,0.0,0.0,0.0,0.0,0.0,0.0,0.0,0.0,36044219,15116449.0,8225986.0,58805.0,1.262167548,1.262167558,0.0,0.0,0.0,0.0,0.0,0.0,0.0,0.0,0.0,0.0,0.0,0.0,0.0,0.0,0.0,0.0,0.0,0.0,0.0,0.0,0.0,0.0,0.0,0.0
Brazilian Serie C,2026-09-12,19:30:00,Maringa,Santa Cruz PE,1.68,1.93,4.6,7.0,3.45,5.3,1.64,1.9,2.12,2.56,1.01,1000.0,1.01,1000.0,1.03,1000.0,1.03,1000.0,1.03,1000.0,1.03,1000.0,1.03,1000.0,1.03,1000.0,1.03,1000.0,1.03,1000.0,1.03,1000.0,1.03,1000.0,1.03,1000.0,1.03,1000.0,1.03,1000.0,1.03,1000.0,1.03,1000.0,1.03,1000.0,1.01,1000.0,1.01,1000.0,1.03,1000.0,36053773,16918367.0,6132724.0,58805.0,1.262256645,1.262256655,1.262256644,1.262256654,2.4,3.65,1.37,1.71,2.92,21.0,1.05,1.5,2.92,3.85,1.35,1.52,1.17,1.28,2.08,2.46,1.26,1.41,1.262256636,1.262256648,1.262256649,1.262256659
Uruguayan Primera Division,2026-09-12,19:30:00,Cerro Largo FC,Central Espanol,2.24,2.56,3.5,4.4,2.96,3.65,1.52,1.66,2.52,2.92,2.06,2.38,1.73,1.94,6.4,13.0,7.4,18.0,1.01,1000.0,1.01,1000.0,5.9,11.5,5.5,9.8,10.5,1000.0,1.01,1000.0,8.6,34.0,8.6,34.0,1.01,1000.0,1.01,1000.0,1.01,1000.0,1.01,1000.0,1.01,1000.0,1.01,1000.0,1.01,1000.0,1.01,1000.0,1.01,1000.0,36040831,10573041.0,5330852.0,58805.0,1.262098614,1.262098624,1.262098613,1.262098623,1.01,110.0,1.01,110.0,6.2,12.5,1.09,1.18,2.62,3.0,1.5,1.61,1.3,1.4,1.64,1.8,1.38,1.51,1.262098605,1.262098617,1.262098618,1.262098628
Mexican Liga MX,2026-09-12,20:00:00,Toluca,Atlas,1.5,1.61,6.0,7.8,4.1,5.2,2.22,2.56,1.64,1.82,1.74,2.04,1.98,2.38,1.58,1000.0,1.58,1000.0,1.58,1000.0,1.58,1000.0,7.2,18.5,7.6,19.5,1.58,1000.0,1.58,1000.0,7.0,16.0,7.0,17.0,1.58,1000.0,1.58,1000.0,10.0,1000.0,10.0,65.0,1.58,1000.0,1.58,1000.0,4.8,7.8,1.58,1000.0,1.58,1000.0,36037697,230914.0,328950.0,58805.0,1.262059923,1.262059926,1.262059970,1.262059971,3.4,4.9,1.26,1.41,11.0,110.0,1.02,1.1,4.4,6.4,1.19,1.3,1.14,1.2,2.66,3.15,1.23,1.3,1.262059972,1.262059933,1.262059924,1.262059925
Argentinian Primera Division,2026-09-12,20:00:00,Talleres,Union Santa Fe,1.04,2.78,3.5,1000.0,2.84,3.55,1.25,970.0,1.11,5.6,0.0,0.0,0.0,0.0,0.0,0.0,0.0,0.0,0.0,0.0,0.0,0.0,0.0,0.0,0.0,0.0,0.0,0.0,0.0,0.0,0.0,0.0,0.0,0.0,0.0,0.0,0.0,0.0,0.0,0.0,0.0,0.0,0.0,0.0,0.0,0.0,0.0,0.0,0.0,0.0,0.0,0.0,35999842,194518.0,194516.0,58805.0,1.261710016,1.261710026,0.0,0.0,0.0,0.0,0.0,0.0,6.0,970.0,1.1,1.2,0.0,0.0,0.0,0.0,0.0,0.0,0.0,0.0,0.0,0.0,0.0,0.0,1.261710020,0.0
Chilean Primera Division,2026-09-12,20:00:00,Palestino,Univ Catolica (Chile),2.9,3.55,2.3,2.7,3.3,4.4,2.04,2.36,1.74,1.96,1.58,1.83,2.26,2.64,10.0,1000.0,8.6,1000.0,10.5,1000.0,1.01,1000.0,9.4,1000.0,6.0,12.0,8.2,1000.0,1.01,1000.0,1.01,1000.0,9.0,1000.0,10.0,1000.0,1.01,1000.0,1.01,1000.0,1.01,1000.0,1.01,1000.0,1.01,1000.0,1.01,1000.0,10.0,1000.0,1.01,1000.0,36037718,5129869.0,7029037.0,58805.0,1.262061426,1.262061436,1.262061425,1.262061435,1.01,110.0,1.01,110.0,9.2,110.0,1.02,1.12,3.9,5.7,1.24,1.3,1.59,1.76,1.4,1.53,1.3,1.44,1.262061417,1.262061429,1.262061430,1.262061440
Colombian Primera B,2026-09-12,20:00:00,Internacional de Palmira,Real Cartagena,1.04,1000.0,1.04,1000.0,1.02,1000.0,1.07,110.0,1.01,110.0,1.01,1000.0,1.01,1000.0,1.01,1000.0,1.01,1000.0,1.01,1000.0,1.01,1000.0,1.01,1000.0,1.01,1000.0,1.01,1000.0,1.01,1000.0,1.01,1000.0,1.01,1000.0,1.01,1000.0,1.01,1000.0,1.01,1000.0,1.01,1000.0,1.01,1000.0,1.01,1000.0,1.01,1000.0,1.01,1000.0,1.01,1000.0,36058812,65615688.0,5284704.0,58805.0,1.262298398,1.262298401,1.262298445,1.262298446,1.01,1000.0,1.01,1000.0,1.08,1000.0,1.01,110.0,1.08,110.0,1.01,110.0,1.01,36.0,1.01,36.0,1.01,1000.0,1.262298447,1.262298408,1.262298399,1.262298400
Colombian Primera B,2026-09-12,20:00:00,Real Soacha Cundinamarca FC,Union Magdalena,1.04,1000.0,1.04,1000.0,1.02,1000.0,1.07,110.0,1.01,110.0,1.01,1000.0,1.01,1000.0,1.01,1000.0,1.01,1000.0,1.01,1000.0,1.01,1000.0,1.01,1000.0,1.01,1000.0,1.01,1000.0,1.01,1000.0,1.01,1000.0,1.01,1000.0,1.01,1000.0,1.01,1000.0,1.01,1000.0,1.01,1000.0,1.01,1000.0,1.01,1000.0,1.01,1000.0,1.01,1000.0,1.01,1000.0,36058811,58543152.0,5343365.0,58805.0,1.262298506,1.262298509,1.262298553,1.262298554,1.01,1000.0,1.01,1000.0,1.08,1000.0,1.01,110.0,1.08,110.0,1.01,110.0,1.01,36.0,1.01,36.0,1.01,1000.0,1.262298555,1.262298516,1.262298507,1.262298508
Colombian Primera A,2026-09-12,20:10:00,Boyaca Chico,Ind Medellin,4.3,5.2,1.83,2.02,3.5,3.95,1.72,1.94,2.04,2.4,1.88,2.22,1.82,2.16,1.36,1000.0,6.0,11.5,7.2,21.0,1.36,1000.0,1.36,1000.0,1.22,12.0,7.2,21.0,1.36,1000.0,1.36,1000.0,1.36,1000.0,1.36,1000.0,1.36,1000.0,1.36,1000.0,1.36,1000.0,1.36,1000.0,1.36,1000.0,1.36,1000.0,1.36,1000.0,1.36,1000.0,36045487,3636902.0,1067444.0,58805.0,1.262177237,1.262177240,1.262177284,1.262177285,1.01,110.0,1.01,110.0,3.45,36.0,1.04,1.13,3.35,3.95,1.35,1.41,1.98,2.2,1.24,1.31,1.35,1.4,1.262177286,1.262177247,1.262177238,1.262177239
Brazilian Serie A,2026-09-12,20:30:00,Botafogo FR,Red Bull Bragantino,2.32,2.54,3.1,3.75,3.15,4.1,2.0,2.24,1.81,1.99,1.67,1.81,2.22,2.5,9.6,46.0,9.0,34.0,1.37,1000.0,1.37,1000.0,7.8,25.0,6.0,970.0,9.2,40.0,1.37,1000.0,10.0,70.0,8.2,23.0,10.5,1000.0,1.37,1000.0,1.37,1000.0,1.37,1000.0,1.37,1000.0,1.37,1000.0,10.0,95.0,1.37,1000.0,1.37,1000.0,36016522,11302836.0,71387076.0,58805.0,1.261819878,1.261819888,1.261819877,1.261819887,3.1,3.9,1.4,1.46,8.6,55.0,1.03,1.1,3.6,4.4,1.29,1.39,1.37,1.47,1.65,1.76,1.33,1.47,1.261819869,1.261819881,1.261819882,1.261819892
US MLS,2026-09-12,20:30:00,FC Cincinnati,Charlotte FC,2.06,2.12,3.35,3.5,4.2,4.7,3.3,3.5,1.4,1.43,1.42,1.46,3.2,3.4,23.0,48.0,17.5,29.0,28.0,34.0,32.0,60.0,17.0,22.0,10.5,12.0,13.5,18.0,25.0,38.0,17.5,21.0,10.5,12.5,12.5,15.0,19.0,29.0,18.5,30.0,15.5,20.0,19.0,27.0,24.0,48.0,6.6,7.6,14.5,16.5,48.0,1000.0,36040123,10962520.0,42741188.0,58805.0,1.262089216,1.262089226,1.262089215,1.262089225,5.1,5.6,1.22,1.25,27.0,55.0,1.02,1.04,7.8,8.8,1.13,1.15,1.4,1.43,1.89,1.95,1.27,1.31,1.262089207,1.262089219,1.262089220,1.262089230
US MLS,2026-09-12,20:30:00,DC Utd,Atlanta Utd,2.26,2.32,3.1,3.2,3.95,4.1,2.44,2.52,1.66,1.7,1.59,1.65,2.56,2.7,19.0,25.0,14.5,16.5,17.0,28.0,28.0,260.0,12.0,13.5,8.6,10.5,12.5,14.0,20.0,34.0,15.0,18.5,10.0,11.5,13.5,16.0,23.0,40.0,19.5,34.0,18.0,25.0,19.5,34.0,30.0,1000.0,11.5,12.5,19.0,22.0,10.0,490.0,36040098,436099.0,12592557.0,58805.0,1.262089458,1.262089468,1.262089457,1.262089467,3.95,4.2,1.31,1.34,18.0,26.0,1.04,1.06,5.1,5.6,1.22,1.24,1.45,1.48,1.75,1.8,1.32,1.34,1.262089449,1.262089461,1.262089462,1.262089472
US MLS,2026-09-12,20:30:00,Inter Miami CF,Nashville SC,1.89,1.93,3.8,4.0,4.4,4.8,3.25,3.4,1.42,1.45,1.45,1.49,3.05,3.2,24.0,38.0,18.5,27.0,22.0,38.0,34.0,1000.0,15.5,18.0,10.5,12.0,15.0,17.5,22.0,42.0,15.0,18.0,10.0,12.0,13.0,15.0,21.0,34.0,20.0,24.0,14.5,17.0,19.5,23.0,25.0,120.0,6.0,6.8,17.5,21.0,46.0,1000.0,36040118,27785243.0,17790476.0,58805.0,1.262089326,1.262089336,1.262089325,1.262089335,5.0,5.4,1.23,1.25,27.0,55.0,1.02,1.04,7.6,8.4,1.13,1.15,1.33,1.36,2.06,2.14,1.27,1.3,1.262089317,1.262089329,1.262089330,1.262089340
US MLS,2026-09-12,20:30:00,Columbus,New York Red Bulls,1.8,1.85,4.1,4.4,4.4,4.8,3.0,3.1,1.47,1.5,1.51,1.56,2.8,2.96,22.0,36.0,17.5,27.0,23.0,44.0,36.0,1000.0,13.5,16.5,10.0,11.5,15.0,18.0,23.0,46.0,13.5,16.0,9.8,11.0,14.0,16.0,23.0,85.0,18.0,22.0,14.0,16.5,20.0,25.0,28.0,260.0,6.2,6.8,22.0,29.0,100.0,330.0,36040094,171903.0,2362970.0,58805.0,1.262089568,1.262089578,1.262089567,1.262089577,4.7,5.1,1.25,1.27,21.0,55.0,1.02,1.04,6.8,7.6,1.15,1.17,1.3,1.33,2.16,2.26,1.26,1.3,1.262089559,1.262089571,1.262089572,1.262089582
US MLS,2026-09-12,20:30:00,Orlando City,Toronto FC,1.92,1.98,3.75,3.95,4.2,4.5,3.0,3.15,1.47,1.5,1.49,1.52,2.94,3.05,27.0,32.0,17.0,26.0,22.0,38.0,34.0,80.0,14.5,16.5,10.0,11.5,14.5,17.0,22.0,44.0,15.0,17.5,10.0,11.0,13.0,15.0,22.0,38.0,21.0,25.0,15.0,17.5,20.0,23.0,38.0,55.0,6.8,7.4,19.5,22.0,100.0,1000.0,36040126,5640226.0,2362969.0,58805.0,1.262089683,1.262089693,1.262089682,1.262089692,4.7,5.0,1.25,1.27,26.0,55.0,1.03,1.04,6.8,7.6,1.15,1.17,1.33,1.36,2.02,2.1,1.28,1.32,1.262089674,1.262089686,1.262089687,1.262089697
Bolivian Liga de Futbol Profesional,2026-09-12,20:30:00,Blooming Santa Cruz,Academia de Balompie Bolivi,1.04,3.0,3.0,1000.0,3.0,950.0,1.25,110.0,1.07,6.0,1.01,1000.0,1.01,1000.0,1.01,1000.0,1.01,1000.0,1.01,1000.0,1.01,1000.0,1.01,1000.0,1.01,1000.0,1.01,1000.0,1.01,1000.0,1.01,1000.0,1.01,1000.0,1.01,1000.0,1.01,1000.0,1.01,1000.0,1.01,1000.0,1.01,1000.0,1.01,1000.0,1.01,1000.0,1.01,1000.0,1.01,1000.0,36053372,10259108.0,85266190.0,58805.0,1.262255332,1.262255342,1.262255331,1.262255341,1.01,1000.0,1.01,1000.0,1.01,1000.0,1.01,1.13,1.26,110.0,1.07,1.13,1.02,1.5,1.51,36.0,1.01,1.5,1.262255323,1.262255335,1.262255336,1.262255346
Brazilian Serie A,2026-09-12,21:00:00,Santos,Cruzeiro MG,3.1,1000.0,2.44,2.66,3.05,3.6,1.07,1.99,2.0,21.0,0.0,0.0,0.0,0.0,0.0,0.0,0.0,0.0,0.0,0.0,0.0,0.0,0.0,0.0,0.0,0.0,0.0,0.0,0.0,0.0,0.0,0.0,0.0,0.0,0.0,0.0,0.0,0.0,0.0,0.0,0.0,0.0,0.0,0.0,0.0,0.0,0.0,0.0,0.0,0.0,0.0,0.0,36017204,198127.0,10901767.0,58805.0,1.261822687,1.261822697,0.0,0.0,0.0,0.0,0.0,0.0,0.0,0.0,0.0,0.0,0.0,0.0,0.0,0.0,0.0,0.0,0.0,0.0,0.0,0.0,0.0,0.0,0.0,0.0
Ecuadorian Serie A,2026-09-12,21:00:00,LDU,Deportivo Cuenca,1.7,1.75,5.6,5.7,4.0,4.2,1.9,2.02,1.98,2.14,0.0,0.0,0.0,0.0,0.0,0.0,0.0,0.0,0.0,0.0,0.0,0.0,0.0,0.0,0.0,0.0,0.0,0.0,0.0,0.0,0.0,0.0,0.0,0.0,0.0,0.0,0.0,0.0,0.0,0.0,0.0,0.0,0.0,0.0,0.0,0.0,0.0,0.0,0.0,0.0,0.0,0.0,36042059,474678.0,1067928.0,58805.0,1.262110032,1.262110042,0.0,0.0,0.0,0.0,0.0,0.0,0.0,0.0,0.0,0.0,0.0,0.0,0.0,0.0,0.0,0.0,0.0,0.0,0.0,0.0,0.0,0.0,0.0,0.0
US MLS,2026-09-12,21:30:00,Kansas City,Los Angeles FC,4.7,4.9,1.7,1.72,4.6,4.8,2.72,2.84,1.54,1.58,1.62,1.68,2.48,2.62,23.0,28.0,12.0,13.5,12.0,13.0,16.5,18.5,21.0,24.0,10.0,11.0,9.6,10.5,14.0,15.5,34.0,44.0,17.0,19.5,15.5,17.5,22.0,25.0,40.0,1000.0,42.0,55.0,40.0,55.0,55.0,70.0,32.0,38.0,6.2,6.6,95.0,510.0,36040124,171912.0,17268707.0,58805.0,1.262089904,1.262089914,1.262089903,1.262089913,4.3,4.6,1.28,1.3,22.0,36.0,1.03,1.05,6.0,6.6,1.18,1.2,2.38,2.42,1.25,1.27,1.26,1.28,1.262089895,1.262089907,1.262089908,1.262089918
US MLS,2026-09-12,21:30:00,St Louis City SC,Minnesota Utd,2.1,2.18,3.4,3.55,3.95,4.2,2.6,2.7,1.59,1.63,1.56,1.61,2.66,2.8,21.0,26.0,17.0,19.5,18.5,29.0,30.0,940.0,13.0,15.0,9.0,10.0,13.0,15.5,21.0,34.0,14.5,17.0,10.0,11.5,13.5,15.5,23.0,36.0,18.5,27.0,17.0,20.0,18.0,28.0,11.0,60.0,9.0,10.0,19.5,23.0,13.0,440.0,36040131,52290449.0,7533070.0,58805.0,1.262089794,1.262089804,1.262089793,1.262089803,4.2,4.5,1.29,1.32,18.0,26.0,1.04,1.05,5.7,6.2,1.2,1.21,1.39,1.41,1.85,1.91,1.31,1.34,1.262089785,1.262089797,1.262089798,1.262089808
US MLS,2026-09-12,21:30:00,FC Dallas,Portland Timbers,1.85,1.91,3.95,4.1,4.3,4.7,3.2,3.4,1.42,1.45,1.46,1.51,2.98,3.2,24.0,55.0,18.5,30.0,22.0,44.0,34.0,1000.0,15.5,19.5,10.5,11.5,16.0,18.0,23.0,42.0,15.5,17.5,10.5,12.0,13.0,15.5,21.0,38.0,16.5,23.0,14.5,16.5,19.0,23.0,25.0,120.0,5.9,6.4,18.0,23.0,46.0,1000.0,36040122,2937353.0,4004854.0,58805.0,1.262090014,1.262090024,1.262090013,1.262090023,4.9,5.3,1.24,1.26,27.0,55.0,1.02,1.04,7.6,8.6,1.13,1.15,1.32,1.34,2.1,2.18,1.27,1.3,1.262090005,1.262090017,1.262090018,1.262090028
Peruvian Primera Division,2026-09-12,22:00:00,Alianza Lima,Universitario de Deportes,2.06,2.28,4.0,5.0,3.15,3.5,1.63,1.77,2.3,2.6,1.01,2.24,1.01,2.12,9.0,11.5,10.5,1000.0,22.0,36.0,1.01,1000.0,6.0,9.4,5.9,1000.0,14.5,21.0,1.01,80.0,10.5,1000.0,9.4,1000.0,17.5,1000.0,1.01,95.0,23.0,29.0,20.0,34.0,1.01,1000.0,10.0,1000.0,19.5,1000.0,1.01,1000.0,1.01,1000.0,36041210,219457.0,3636903.0,58805.0,1.262098428,1.262098431,1.262098475,1.262098476,1.01,1000.0,1.01,1000.0,1.01,18.0,1.06,1.51,2.76,17.5,1.43,1.52,1.25,1.33,1.78,1.95,1.4,1.47,1.262098477,1.262098438,1.262098429,1.262098430
Mexican Liga MX,2026-09-12,22:10:00,Monterrey,Tigres,2.3,2.36,3.15,3.35,3.65,3.95,2.34,2.52,1.65,1.74,1.59,1.66,2.56,2.7,17.5,21.0,15.0,17.5,20.0,26.0,36.0,55.0,12.5,14.0,8.0,8.8,12.5,14.5,8.8,34.0,15.5,17.5,10.5,12.0,13.0,15.0,9.2,38.0,8.8,32.0,19.5,23.0,8.8,32.0,10.0,70.0,11.5,13.5,16.5,23.0,11.5,470.0,36037607,328949.0,328916.0,58805.0,1.262058496,1.262058499,1.262058543,1.262058544,3.3,110.0,1.28,1.43,14.0,21.0,1.05,1.07,5.0,5.4,1.23,1.25,1.43,1.47,1.73,1.77,1.33,1.38,1.262058545,1.262058506,1.262058497,1.262058498
Colombian Primera A,2026-09-12,22:20:00,Alianza FC Valledupar,Junior FC Barranquilla,3.15,3.65,2.26,2.54,3.45,3.6,1.75,1.96,2.02,2.34,1.77,2.08,1.93,2.28,1.5,1000.0,1.36,14.5,1.38,18.0,1.45,40.0,10.0,1000.0,1.33,11.5,1.5,1000.0,1.44,34.0,17.0,1000.0,1.38,17.5,1.5,1000.0,1.5,1000.0,1.47,80.0,1.5,1000.0,1.5,1000.0,1.5,1000.0,1.5,1000.0,1.5,1000.0,1.5,1000.0,36045494,79102706.0,22018255.0,58805.0,1.262178338,1.262178348,1.262178337,1.262178347,1.01,110.0,1.01,110.0,3.35,36.0,1.04,1.14,3.1,3.8,1.37,1.43,1.65,1.8,1.37,1.47,1.38,1.41,1.262178329,1.262178341,1.262178342,1.262178352
US MLS,2026-09-12,22:30:00,Real Salt Lake,New York City,2.02,2.08,3.85,4.1,3.8,3.95,2.36,2.44,1.7,1.74,1.63,1.69,2.44,2.58,18.0,23.0,16.5,19.0,19.5,34.0,34.0,1000.0,11.0,12.5,8.0,8.8,14.0,17.0,34.0,95.0,12.5,14.5,9.6,11.0,14.0,16.0,36.0,130.0,20.0,25.0,16.5,19.5,19.5,32.0,32.0,1000.0,9.8,11.0,21.0,36.0,95.0,570.0,36040165,1101610.0,9280784.0,58805.0,1.262090234,1.262090244,1.262090233,1.262090243,3.85,4.1,1.32,1.35,17.0,26.0,1.05,1.06,5.1,5.4,1.23,1.24,1.33,1.35,1.94,1.99,1.34,1.36,1.262090225,1.262090237,1.262090238,1.262090248
US MLS,2026-09-12,22:30:00,Colorado,CF Montreal,1.76,1.81,4.6,4.9,4.2,4.5,2.36,2.44,1.69,1.74,1.7,1.76,2.32,2.44,16.5,30.0,17.5,26.0,4.6,80.0,4.9,1000.0,9.8,20.0,8.8,10.5,15.5,19.5,27.0,210.0,10.0,24.0,8.8,10.5,16.0,20.0,4.8,260.0,16.0,21.0,13.5,18.0,19.0,34.0,4.9,1000.0,7.8,13.5,4.8,160.0,4.9,1000.0,36040226,171911.0,42741189.0,58805.0,1.262090124,1.262090134,1.262090123,1.262090133,3.8,4.1,1.33,1.36,18.0,36.0,1.04,1.06,5.0,5.4,1.23,1.25,1.26,1.28,2.22,2.32,1.28,1.31,1.262090115,1.262090127,1.262090128,1.262090138
US MLS,2026-09-12,23:30:00,San Jose Earthquakes,Houston Dynamo,2.48,2.58,2.88,3.0,3.7,3.9,2.3,2.4,1.72,1.77,1.59,1.65,2.54,2.7,17.0,22.0,13.5,16.5,15.0,24.0,25.0,55.0,12.5,16.0,8.0,8.8,11.5,14.0,19.0,36.0,15.5,19.5,10.5,12.5,13.5,18.0,22.0,42.0,22.0,40.0,20.0,28.0,21.0,38.0,32.0,1000.0,13.5,17.0,17.5,23.0,7.2,580.0,36040215,408102.0,1432923.0,58805.0,1.262090344,1.262090354,1.262090343,1.262090353,3.75,4.1,1.33,1.36,15.0,26.0,1.05,1.06,4.9,5.3,1.23,1.26,1.5,1.54,1.63,1.68,1.34,1.38,1.262090335,1.262090347,1.262090348,1.262090358
US MLS,2026-09-12,23:30:00,LA Galaxy,Seattle Sounders,2.24,2.32,3.1,3.25,3.95,4.2,2.58,2.68,1.59,1.63,1.55,1.6,2.66,2.8,19.0,25.0,16.0,18.5,17.5,26.0,28.0,55.0,13.0,15.0,8.8,9.8,12.5,14.5,19.5,34.0,16.0,18.0,10.5,12.0,13.0,17.0,21.0,65.0,20.0,34.0,18.5,22.0,21.0,32.0,28.0,65.0,10.0,11.5,16.5,20.0,10.5,420.0,36040188,2658589.0,4019787.0,58805.0,1.262090454,1.262090464,1.262090453,1.262090463,4.1,4.4,1.3,1.32,18.5,26.0,1.04,1.05,5.6,6.0,1.2,1.22,1.45,1.48,1.75,1.81,1.31,1.34,1.262090445,1.262090457,1.262090458,1.262090468
