League,Date,Time,Home,Away,Odd_H_Back,Odd_H_Lay,Odd_A_Back,Odd_A_Lay,Odd_D_Back,Odd_D_Lay,Odd_Under25_FT_Back,Odd_Under25_FT_Lay,Odd_Over25_FT_Back,Odd_Over25_FT_Lay,Odd_BTTS_Yes_Back,Odd_BTTS_Yes_Lay,Odd_BTTS_No_Back,Odd_BTTS_No_Lay,Odd_CS_0x0_Back,Odd_CS_0x0_Lay,Odd_CS_0x1_Back,Odd_CS_0x1_Lay,Odd_CS_0x2_Back,Odd_CS_0x2_Lay,Odd_CS_0x3_Back,Odd_CS_0x3_Lay,Odd_CS_1x0_Back,Odd_CS_1x0_Lay,Odd_CS_1x1_Back,Odd_CS_1x1_Lay,Odd_CS_1x2_Back,Odd_CS_1x2_Lay,Odd_CS_1x3_Back,Odd_CS_1x3_Lay,Odd_CS_2x0_Back,Odd_CS_2x0_Lay,Odd_CS_2x1_Back,Odd_CS_2x1_Lay,Odd_CS_2x2_Back,Odd_CS_2x2_Lay,Odd_CS_2x3_Back,Odd_CS_2x3_Lay,Odd_CS_3x0_Back,Odd_CS_3x0_Lay,Odd_CS_3x1_Back,Odd_CS_3x1_Lay,Odd_CS_3x2_Back,Odd_CS_3x2_Lay,Odd_CS_3x3_Back,Odd_CS_3x3_Lay,Odd_CS_Goleada_H_Back,Odd_CS_Goleada_H_Lay,Odd_CS_Goleada_A_Back,Odd_CS_Goleada_A_Lay,Odd_CS_Goleada_D_Back,Odd_CS_Goleada_D_Lay,ID_Evento,ID_Home,ID_Away,ID_Draw,IDMercado_Match_Odds,IDMercado_Over/Under_25_Goals,IDMercado_Both_teams_to_Score,IDMercado_Correct_Score,Odd_Under05_HT_Back,Odd_Under05_HT_Lay,Odd_Over05_HT_Back,Odd_Over05_HT_Lay,Odd_Under05_FT_Back,Odd_Under05_FT_Lay,Odd_Over05_FT_Back,Odd_Over05_FT_Lay,Odd_Under15_FT_Back,Odd_Under15_FT_Lay,Odd_Over15_FT_Back,Odd_Over15_FT_Lay,Double_Chance_Home_or_Draw_Back,Double_Chance_Home_or_Draw_Lay,Double_Chance_Draw_or_Away_Back,Double_Chance_Draw_or_Away_Lay,Double_Chance_Home_or_Away_Back,Double_Chance_Home_or_Away_Lay,IDMercado_Double_Chance,IDMercado_First_Half_Goals_05,IDMercado_Over/Under_05_Goals,IDMercado_Over/Under_15_Goals
Romanian Liga II,2026-08-15,05:00:00,Bihor Oradea,ASA Targu Mures,1.5,990.0,2.3,990.0,1.1,950.0,1.32,3.45,1.41,5.0,1.11,1000.0,1.11,1000.0,1.01,1000.0,1.01,1000.0,1.01,1000.0,1.01,1000.0,1.01,1000.0,1.01,1000.0,1.01,1000.0,1.01,1000.0,1.01,1000.0,1.01,1000.0,1.01,1000.0,1.01,1000.0,1.01,1000.0,1.01,1000.0,1.01,1000.0,1.01,1000.0,1.01,1000.0,1.01,1000.0,1.01,1000.0,35927409,5525110.0,26496369.0,58805.0,1.261003292,1.261003337,1.261003376,1.261003301,1.01,1000.0,1.01,20.0,3.0,110.0,1.01,1.5,3.0,3.9,1.36,1.5,1.01,1.77,1.01,3.0,1.01,110.0,1.261003293,1.261003295,1.261003296,1.261003340
Romanian Liga II,2026-08-15,05:00:00,ACS Dumbravita,Gloria Popesti-Leordeni,1.7,990.0,1.95,990.0,1.1,950.0,1.33,2.04,1.96,5.0,1.11,1000.0,1.11,1000.0,1.01,1000.0,1.01,1000.0,1.01,1000.0,1.01,1000.0,1.01,1000.0,1.01,1000.0,1.01,1000.0,1.01,1000.0,1.01,1000.0,1.01,1000.0,1.01,1000.0,1.01,1000.0,1.01,1000.0,1.01,1000.0,1.01,1000.0,1.01,1000.0,1.01,1000.0,1.01,1000.0,1.01,1000.0,35927413,20498949.0,7707902.0,58805.0,1.261003114,1.261003159,1.261003198,1.261003123,1.01,1000.0,1.01,20.0,1.34,18.0,1.07,1.14,3.0,3.95,1.35,1.48,1.06,2.06,1.2,2.44,1.04,1.47,1.261003115,1.261003117,1.261003118,1.261003162
Romanian Liga II,2026-08-15,05:00:00,FC Metaloglobus Bucuresti,CSC 1599 Selimbar,1.6,4.8,2.2,990.0,2.98,950.0,1.26,3.95,1.38,4.8,1.11,1000.0,1.11,1000.0,1.01,1000.0,1.01,1000.0,1.01,1000.0,1.01,1000.0,1.01,1000.0,1.01,1000.0,1.01,1000.0,1.01,1000.0,1.01,1000.0,1.01,1000.0,1.01,1000.0,1.01,1000.0,1.01,1000.0,1.01,1000.0,1.01,1000.0,1.01,1000.0,1.01,1000.0,1.01,1000.0,1.01,1000.0,35927414,10805935.0,48459989.0,58805.0,1.261001387,1.261001390,1.261001434,1.261001435,1.01,1000.0,1.01,20.0,7.4,26.0,1.04,1.16,2.9,3.95,1.38,1.53,1.06,1.84,1.28,2.68,1.01,1.51,1.261001436,1.261001397,1.261001388,1.261001389
Romanian Liga II,2026-08-15,05:00:00,CSM Scolar Resita,CSL Stefanestii de Jos,1.07,600.0,3.5,870.0,1.1,950.0,1.25,5.0,1.3,6.0,1.01,1000.0,1.01,1000.0,1.01,1000.0,1.01,1000.0,1.01,1000.0,1.01,1000.0,1.01,1000.0,1.01,1000.0,1.01,1000.0,1.01,1000.0,1.01,1000.0,1.01,1000.0,1.01,1000.0,1.01,1000.0,1.01,1000.0,1.01,1000.0,1.01,1000.0,1.01,1000.0,1.01,1000.0,1.01,1000.0,1.01,1000.0,35927399,12623697.0,75785596.0,58805.0,1.261003474,1.261003566,1.261003643,1.261003492,1.01,1000.0,1.01,1000.0,3.4,1000.0,1.01,1.38,3.4,5.0,1.3,1.38,1.01,1.4,1.01,36.0,1.01,110.0,1.261003476,1.261003480,1.261003482,1.261003571
Romanian Liga II,2026-08-15,05:00:00,Politehnica Timisoara,Unirea Slobozia,1.25,1.93,2.6,870.0,2.14,950.0,1.29,4.4,1.32,4.4,1.01,1000.0,1.01,1000.0,1.01,1000.0,1.01,1000.0,1.01,1000.0,1.01,1000.0,1.01,1000.0,1.01,1000.0,1.01,1000.0,1.01,1000.0,1.01,1000.0,1.01,1000.0,1.01,1000.0,1.01,1000.0,1.01,1000.0,1.01,1000.0,1.01,1000.0,1.01,1000.0,1.01,1000.0,1.01,1000.0,1.01,1000.0,35927408,5964785.0,6803100.0,58805.0,1.261001565,1.261001568,1.261001612,1.261001613,1.01,1000.0,1.01,1000.0,9.6,110.0,1.01,1.12,3.35,5.0,1.3,1.43,1.01,1.63,2.08,5.0,1.01,1.88,1.261001614,1.261001575,1.261001566,1.261001567
Romanian Liga II,2026-08-15,05:00:00,ACSM Cetatea 1932 Suceava,CSM Satu Mare,1.44,990.0,2.3,990.0,1.1,3.8,1.32,2.14,1.87,5.0,1.11,1000.0,1.11,1000.0,1.01,1000.0,1.01,1000.0,1.01,1000.0,1.01,1000.0,1.01,1000.0,1.01,1000.0,1.01,1000.0,1.01,1000.0,1.01,1000.0,1.01,1000.0,1.01,1000.0,1.01,1000.0,1.01,1000.0,1.01,1000.0,1.01,1000.0,1.01,1000.0,1.01,1000.0,1.01,1000.0,1.01,1000.0,35927403,101246043.0,36410400.0,58805.0,1.261003382,1.261003427,1.261003466,1.261003391,1.01,1000.0,1.01,20.0,1.33,18.0,1.07,7.8,1.33,4.3,1.32,4.1,1.01,1.77,1.01,4.4,1.35,110.0,1.261003383,1.261003385,1.261003386,1.261003430
Chinese League 2,2026-08-15,05:00:00,Dalian Kewei,Taian Tiankuang,1.73,2.24,4.5,8.0,2.96,3.5,1.31,1.72,2.4,4.2,1.01,1000.0,1.01,1000.0,1.01,1000.0,1.01,1000.0,1.01,1000.0,1.01,1000.0,1.01,1000.0,1.01,1000.0,1.01,1000.0,1.01,1000.0,1.01,1000.0,1.01,1000.0,1.01,1000.0,1.01,1000.0,1.01,1000.0,1.01,1000.0,1.01,1000.0,1.01,1000.0,1.01,1000.0,1.01,1000.0,1.01,1000.0,35937877,97256573.0,47112788.0,58805.0,1.261102837,1.261102847,1.261102836,1.261102846,1.01,2.88,1.01,2.0,2.48,110.0,1.01,1.68,2.3,2.9,1.53,1.77,1.14,1.29,1.81,2.38,1.4,1.52,1.261102828,1.261102840,1.261102841,1.261102851
Chinese League 2,2026-08-15,05:00:00,Qingdao Red Lions,Xian Chongde Ronghai,3.3,4.3,2.2,2.66,2.8,4.2,1.5,1.74,2.36,3.0,1.01,1000.0,1.01,1000.0,1.01,1000.0,1.01,1000.0,1.01,1000.0,1.01,1000.0,1.01,1000.0,1.01,1000.0,1.01,1000.0,1.01,1000.0,1.01,1000.0,1.01,1000.0,1.01,1000.0,1.01,1000.0,1.01,1000.0,1.01,1000.0,1.01,1000.0,1.01,1000.0,1.01,1000.0,1.01,1000.0,1.01,1000.0,35937942,23344678.0,68158822.0,58805.0,1.261102616,1.261102626,1.261102615,1.261102625,1.01,3.2,1.01,1.87,1.02,110.0,1.01,110.0,1.02,4.6,1.27,1.74,1.6,1.84,1.3,1.44,1.32,1.55,1.261102607,1.261102619,1.261102620,1.261102630
Chinese League 2,2026-08-15,05:00:00,Shanghai Second,Haimen Codion,3.25,4.5,2.16,2.62,2.88,4.3,1.56,1.78,2.28,2.8,1.01,1000.0,1.01,1000.0,1.01,1000.0,1.01,1000.0,1.01,1000.0,1.01,1000.0,1.01,1000.0,1.01,1000.0,1.01,1000.0,1.01,1000.0,1.01,1000.0,1.01,1000.0,1.01,1000.0,1.01,1000.0,1.01,1000.0,1.01,1000.0,1.01,1000.0,1.01,1000.0,1.01,1000.0,1.01,1000.0,1.01,1000.0,35937902,97429587.0,46839858.0,58805.0,1.261102726,1.261102736,1.261102725,1.261102735,1.01,1000.0,1.41,1.78,2.66,110.0,1.01,1.54,2.66,3.3,1.43,1.57,1.62,1.85,1.29,1.44,1.3,1.53,1.261102717,1.261102729,1.261102730,1.261102740
Romanian Liga II,2026-08-15,05:00:00,CS Gloria 2018,Conc. Chiajna,1.04,1000.0,1.04,1000.0,1.02,1000.0,1.15,110.0,1.38,8.2,1.01,1000.0,1.01,1000.0,1.01,1000.0,1.01,1000.0,1.01,1000.0,1.01,1000.0,1.01,1000.0,1.01,1000.0,1.01,1000.0,1.01,1000.0,1.01,1000.0,1.01,1000.0,1.01,1000.0,1.01,1000.0,1.01,1000.0,1.01,1000.0,1.01,1000.0,1.01,1000.0,1.01,1000.0,1.01,1000.0,1.01,1000.0,35927410,40674969.0,5367199.0,58805.0,1.261001477,1.261001480,1.261001524,1.261001525,1.01,1000.0,1.01,1000.0,1.15,1000.0,1.01,55.0,1.15,110.0,1.38,7.8,1.01,36.0,1.01,36.0,1.01,1000.0,1.261001526,1.261001487,1.261001478,1.261001479
Romanian Liga II,2026-08-15,05:00:00,Din. Bucuresti,Metalul Buzau,1.04,1000.0,1.04,1000.0,1.02,1000.0,1.15,110.0,1.13,8.8,1.01,1000.0,1.01,1000.0,1.01,1000.0,1.01,1000.0,1.01,1000.0,1.01,1000.0,1.01,1000.0,1.01,1000.0,1.01,1000.0,1.01,1000.0,1.01,1000.0,1.01,1000.0,1.01,1000.0,1.01,1000.0,1.01,1000.0,1.01,1000.0,1.01,1000.0,1.01,1000.0,1.01,1000.0,1.01,1000.0,1.01,1000.0,35937871,75211571.0,14925624.0,58805.0,1.261096172,1.261096175,1.261096219,1.261096220,1.01,1000.0,1.01,1000.0,1.15,1000.0,1.01,1.2,1.15,110.0,1.13,1.2,1.01,36.0,1.01,36.0,1.01,1000.0,1.261096221,1.261096182,1.261096173,1.261096174
Romanian Liga II,2026-08-15,05:00:00,Ramnicu-Valcea,CSM Slatina,1.04,1000.0,1.04,1000.0,1.02,1000.0,1.05,3.95,1.37,55.0,1.01,1000.0,1.01,1000.0,1.01,1000.0,1.01,1000.0,1.01,1000.0,1.01,1000.0,1.01,1000.0,1.01,1000.0,1.01,1000.0,1.01,1000.0,1.01,1000.0,1.01,1000.0,1.01,1000.0,1.01,1000.0,1.01,1000.0,1.01,1000.0,1.01,1000.0,1.01,1000.0,1.01,1000.0,1.01,1000.0,1.01,1000.0,35928665,58891141.0,20135213.0,58805.0,1.261012118,1.261012121,1.261012166,1.261012167,1.01,1000.0,1.01,1000.0,2.9,1000.0,1.01,1.53,2.9,3.95,1.37,1.53,1.01,36.0,1.01,36.0,1.01,1000.0,1.261012168,1.261012129,1.261012119,1.261012120
Japanese J League 3,2026-08-15,06:00:00,FC Gifu,Kochi United,1.03,110.0,1.03,110.0,1.04,110.0,1.24,110.0,1.01,6.4,1.01,1000.0,1.01,1000.0,1.01,1000.0,1.01,1000.0,1.01,1000.0,1.01,1000.0,1.01,1000.0,1.01,1000.0,1.01,1000.0,1.01,1000.0,1.01,1000.0,1.01,1000.0,1.01,1000.0,1.01,1000.0,1.01,1000.0,1.01,1000.0,1.01,1000.0,1.01,1000.0,1.01,1000.0,1.01,1000.0,1.01,1000.0,35938832,4270387.0,26982171.0,58805.0,1.261105109,1.261105119,1.261105108,1.261105118,1.01,1000.0,1.01,1000.0,1.02,1000.0,1.01,110.0,1.24,110.0,1.01,55.0,1.01,110.0,1.01,110.0,1.01,110.0,1.261105100,1.261105112,1.261105113,1.261105123
Japanese J League 2,2026-08-15,06:00:00,Tochigi Uva FC,Vanraure Hachinohe,2.3,2.5,3.1,3.55,3.4,3.7,1.78,1.91,2.1,2.28,1.89,2.04,1.97,2.12,10.5,14.0,9.8,11.5,16.5,23.0,1.01,70.0,7.6,9.0,7.0,9.0,10.5,16.0,32.0,48.0,11.0,17.5,9.6,12.5,1.02,23.0,1.01,60.0,1.02,40.0,1.01,34.0,1.02,48.0,1.01,140.0,1.01,27.0,1.01,55.0,1.01,1000.0,35937984,9937190.0,7632116.0,58805.0,1.261096921,1.261096924,1.261096968,1.261096969,2.4,3.65,1.37,1.72,10.5,13.5,1.08,1.11,3.15,3.65,1.37,1.47,1.39,1.47,1.66,1.77,1.37,1.42,1.261096970,1.261096931,1.261096922,1.261096923
Japanese J League 2,2026-08-15,06:00:00,Blaublitz Akita,Toyama,2.86,3.15,2.72,2.98,3.05,3.35,1.61,1.76,2.32,2.64,1.93,2.12,1.89,2.08,9.2,12.5,8.4,11.5,13.0,22.0,1.01,60.0,8.6,12.0,5.5,7.4,11.5,16.0,1.01,46.0,13.5,23.0,9.8,16.5,14.0,24.0,1.01,70.0,1.01,65.0,1.01,48.0,1.01,70.0,1.01,160.0,34.0,55.0,1.01,48.0,1.01,1000.0,35927514,5852914.0,4296466.0,58805.0,1.261002654,1.261002657,1.261002701,1.261002702,1.05,1000.0,1.01,110.0,4.5,18.0,1.06,1.17,2.82,3.3,1.43,1.54,1.5,1.59,1.46,1.54,1.44,1.49,1.261002703,1.261002664,1.261002655,1.261002656
Japanese J League,2026-08-15,06:00:00,Kashima,Nagoya,1.89,1.92,4.6,5.1,3.55,3.8,1.84,1.91,2.1,2.2,1.94,2.04,1.97,2.06,11.5,13.0,11.5,18.5,29.0,38.0,8.0,140.0,7.4,8.4,7.4,8.4,17.0,21.0,8.0,85.0,9.6,11.5,9.2,11.0,17.5,22.0,8.2,90.0,18.0,22.0,18.0,23.0,32.0,42.0,8.0,150.0,12.0,17.5,8.2,100.0,8.6,1000.0,35916674,441079.0,441084.0,58805.0,1.260887393,1.260887396,1.260887440,1.260887441,1.01,3.5,1.4,110.0,11.5,13.5,1.08,1.1,3.45,3.8,1.36,1.41,1.25,1.28,2.08,2.14,1.35,1.39,1.260887442,1.260887403,1.260887394,1.260887395
Japanese J League 3,2026-08-15,06:00:00,Kitakyushu,Kamatamare Sanuki,1.04,110.0,1.03,110.0,1.03,110.0,1.1,110.0,1.01,110.0,1.01,1000.0,1.01,1000.0,1.01,1000.0,1.01,1000.0,1.01,1000.0,1.01,1000.0,1.01,1000.0,1.01,1000.0,1.01,1000.0,1.01,1000.0,1.01,1000.0,1.01,1000.0,1.01,1000.0,1.01,1000.0,1.01,1000.0,1.01,1000.0,1.01,1000.0,1.01,1000.0,1.01,1000.0,1.01,1000.0,1.01,1000.0,35938824,5026013.0,4233864.0,58805.0,1.261105558,1.261105568,1.261105557,1.261105567,1.01,1000.0,1.01,1000.0,1.02,1000.0,1.01,110.0,1.1,110.0,1.01,110.0,1.01,110.0,1.01,110.0,1.01,110.0,1.261105549,1.261105561,1.261105562,1.261105572
Japanese J League,2026-08-15,06:00:00,Mito,G-Osaka,2.86,3.05,2.62,2.82,3.3,3.5,1.79,1.94,2.06,2.26,1.82,1.92,2.08,2.22,11.0,15.5,9.4,13.0,14.0,21.0,4.6,55.0,9.6,13.0,6.8,8.8,11.0,15.0,4.5,40.0,16.5,23.0,11.0,15.0,15.5,22.0,4.6,55.0,4.7,60.0,4.5,42.0,4.7,60.0,4.7,130.0,4.5,40.0,21.0,36.0,4.8,1000.0,35916671,3455677.0,441083.0,58805.0,1.260887302,1.260887305,1.260887349,1.260887350,1.2,3.5,1.4,110.0,1.15,15.5,1.08,1.13,3.35,3.9,1.35,1.43,1.55,1.61,1.49,1.54,1.4,1.44,1.260887351,1.260887312,1.260887303,1.260887304
Japanese J League 2,2026-08-15,06:30:00,Fujieda Myfc,Iwaki SC,3.2,3.85,2.4,2.64,3.1,3.35,1.54,1.75,2.32,2.86,1.97,2.34,1.75,2.04,7.6,12.5,6.4,10.5,11.0,18.0,1.01,46.0,8.0,13.0,5.5,8.8,8.8,14.5,1.01,40.0,16.5,28.0,11.0,18.5,14.5,25.0,1.01,65.0,1.01,85.0,1.01,60.0,1.01,80.0,1.01,170.0,1.01,75.0,1.01,38.0,1.01,1000.0,35927516,14196415.0,13432059.0,58805.0,1.261002564,1.261002567,1.261002611,1.261002612,1.05,1000.0,1.01,110.0,7.6,11.0,1.1,1.13,2.84,3.4,1.42,1.55,1.6,1.72,1.35,1.46,1.42,1.48,1.261002613,1.261002574,1.261002565,1.261002566
Japanese J League,2026-08-15,06:30:00,Shimizu,Yokohama FM,2.54,2.68,2.98,3.15,3.35,3.55,1.88,1.95,2.06,2.14,1.81,1.88,2.14,2.24,11.5,15.5,10.0,13.5,18.0,22.0,6.6,60.0,9.4,11.0,7.0,8.2,12.0,15.5,6.2,42.0,15.0,18.0,10.5,14.0,15.5,18.5,6.6,55.0,6.2,38.0,6.2,34.0,6.4,50.0,7.0,110.0,6.0,29.0,6.2,40.0,7.2,1000.0,35916652,441086.0,441087.0,58805.0,1.260886702,1.260886705,1.260886749,1.260886750,1.2,3.65,1.37,110.0,12.0,13.5,1.08,1.09,3.6,3.8,1.36,1.39,1.47,1.51,1.6,1.65,1.39,1.43,1.260886751,1.260886712,1.260886703,1.260886704
Japanese J League,2026-08-15,06:55:00,Okayama,Nagasaki,2.2,2.34,3.6,3.85,3.3,3.55,1.76,1.88,2.14,2.32,1.89,2.0,2.0,2.12,10.0,12.0,10.5,12.5,8.0,32.0,9.2,95.0,7.6,8.6,6.8,7.8,14.0,16.0,36.0,50.0,12.0,14.0,9.8,11.5,17.0,19.5,8.8,65.0,8.0,30.0,19.0,32.0,8.8,46.0,9.6,150.0,19.5,26.0,8.8,70.0,10.0,1000.0,35920245,5561025.0,7081211.0,58805.0,1.260930026,1.260930029,1.260930073,1.260930074,1.01,110.0,1.01,110.0,8.8,12.5,1.09,1.12,3.2,3.6,1.4,1.45,1.35,1.39,1.74,1.84,1.39,1.44,1.260930075,1.260930036,1.260930027,1.260930028
Japanese J League 2,2026-08-15,07:00:00,Kofu,Tegevajaro Miyazaki,2.84,3.5,2.42,2.88,3.2,4.3,1.62,1.85,2.16,2.62,1.01,1000.0,1.01,1000.0,1.01,1000.0,1.01,1000.0,1.01,1000.0,1.01,1000.0,1.01,1000.0,1.01,1000.0,1.01,1000.0,1.01,1000.0,1.01,1000.0,1.01,1000.0,1.01,1000.0,1.01,1000.0,1.01,1000.0,1.01,1000.0,1.01,1000.0,1.01,1000.0,1.01,1000.0,1.01,1000.0,1.01,1000.0,35937988,1405179.0,16139510.0,58805.0,1.261097114,1.261097118,1.261097163,1.261097164,2.38,3.7,1.37,1.72,2.76,110.0,1.01,1.57,2.76,100.0,1.02,1.57,1.53,1.71,1.4,1.54,1.3,1.46,1.261097165,1.261097125,1.261097116,1.261097117
Japanese J League 3,2026-08-15,07:00:00,Renofa Yamaguchi,FC Ryukyu,1.02,1000.0,1.02,1000.0,1.02,1000.0,1.1,110.0,1.01,110.0,1.01,1000.0,1.01,1000.0,1.01,1000.0,1.01,1000.0,1.01,1000.0,1.01,1000.0,1.01,1000.0,1.01,1000.0,1.01,1000.0,1.01,1000.0,1.01,1000.0,1.01,1000.0,1.01,1000.0,1.01,1000.0,1.01,1000.0,1.01,1000.0,1.01,1000.0,1.01,1000.0,1.01,1000.0,1.01,1000.0,1.01,1000.0,35938859,4233875.0,7379405.0,58805.0,1.261105844,1.261105854,1.261105843,1.261105853,1.01,1000.0,1.01,1000.0,1.12,1000.0,1.01,9.4,1.1,110.0,1.01,110.0,1.01,110.0,1.01,110.0,1.01,1000.0,1.261105835,1.261105847,1.261105848,1.261105858
Japanese J League 3,2026-08-15,07:00:00,Kanazawa,Fukushima Utd,1.03,110.0,1.02,110.0,1.03,110.0,1.24,110.0,1.02,6.4,1.01,1000.0,1.01,1000.0,1.01,1000.0,1.01,1000.0,1.01,1000.0,1.01,1000.0,1.01,1000.0,1.01,1000.0,1.01,1000.0,1.01,1000.0,1.01,1000.0,1.01,1000.0,1.01,1000.0,1.01,1000.0,1.01,1000.0,1.01,1000.0,1.01,1000.0,1.01,1000.0,1.01,1000.0,1.01,1000.0,1.01,1000.0,35938831,9280258.0,4271905.0,58805.0,1.261105329,1.261105339,1.261105328,1.261105338,1.01,1000.0,1.01,1000.0,1.25,1000.0,1.01,5.0,1.24,110.0,1.01,110.0,1.01,110.0,1.01,110.0,1.01,110.0,1.261105320,1.261105332,1.261105333,1.261105343
Japanese J League 3,2026-08-15,07:00:00,Kumamoto,Tochigi SC,1.03,110.0,1.02,110.0,1.03,110.0,1.24,110.0,1.01,6.4,1.01,1000.0,1.01,1000.0,1.01,1000.0,1.01,1000.0,1.01,1000.0,1.01,1000.0,1.01,1000.0,1.01,1000.0,1.01,1000.0,1.01,1000.0,1.01,1000.0,1.01,1000.0,1.01,1000.0,1.01,1000.0,1.01,1000.0,1.01,1000.0,1.01,1000.0,1.01,1000.0,1.01,1000.0,1.01,1000.0,1.01,1000.0,35938830,5021204.0,5945153.0,58805.0,1.261105219,1.261105229,1.261105218,1.261105228,1.01,1000.0,1.01,1000.0,1.25,1000.0,1.01,5.0,1.24,110.0,1.01,110.0,1.01,110.0,1.01,110.0,1.01,110.0,1.261105210,1.261105222,1.261105223,1.261105233
Japanese J League 2,2026-08-15,07:00:00,Albirex Niigata,Sapporo,2.22,2.82,2.78,3.95,2.88,5.3,1.6,1.95,2.06,2.64,1.11,970.0,1.11,970.0,1.01,1000.0,1.01,1000.0,1.01,1000.0,1.01,1000.0,1.01,1000.0,1.01,1000.0,1.01,1000.0,1.01,1000.0,1.01,1000.0,1.01,1000.0,1.01,1000.0,1.01,1000.0,1.01,1000.0,1.01,1000.0,1.01,1000.0,1.01,1000.0,1.01,1000.0,1.01,1000.0,1.01,1000.0,35937983,5712145.0,2245760.0,58805.0,1.261096831,1.261096834,1.261096878,1.261096879,2.5,3.95,1.34,1.66,2.7,110.0,1.01,1.59,2.7,3.75,1.36,1.59,1.34,1.57,1.54,1.82,1.23,1.53,1.261096880,1.261096841,1.261096832,1.261096833
Japanese J League 2,2026-08-15,07:00:00,Shonan,Yamagata,1.86,2.14,3.9,5.4,3.35,4.8,1.71,2.04,1.97,2.4,1.01,1000.0,1.01,1000.0,1.01,1000.0,1.01,1000.0,1.01,1000.0,1.01,1000.0,1.01,1000.0,1.01,1000.0,1.01,1000.0,1.01,1000.0,1.01,1000.0,1.01,1000.0,1.01,1000.0,1.01,1000.0,1.01,1000.0,1.01,1000.0,1.01,1000.0,1.01,1000.0,1.01,1000.0,1.01,1000.0,1.01,1000.0,35937985,4546954.0,3718961.0,58805.0,1.261097011,1.261097014,1.261097058,1.261097059,1.01,1000.0,1.32,1.63,1.01,110.0,1.01,1.47,2.86,100.0,1.34,1.47,1.24,1.34,1.89,2.16,1.26,1.42,1.261097060,1.261097021,1.261097012,1.261097013
Japanese J League,2026-08-15,07:00:00,Jef Utd Chiba,FC Machida,4.4,4.9,1.95,2.04,3.45,3.65,1.75,1.83,2.2,2.32,1.98,2.08,1.93,2.02,10.0,12.0,7.0,7.8,10.0,11.5,18.0,27.0,12.5,16.0,7.2,8.0,9.4,11.0,17.5,27.0,6.6,40.0,16.5,22.0,6.0,24.0,7.0,55.0,7.4,130.0,7.2,80.0,7.2,90.0,7.6,160.0,7.4,110.0,15.5,21.0,8.0,1000.0,35916654,5021203.0,6207339.0,58805.0,1.260886792,1.260886795,1.260886839,1.260886840,1.01,110.0,1.01,110.0,10.0,12.5,1.09,1.11,3.2,3.45,1.41,1.45,1.96,2.06,1.26,1.3,1.37,1.41,1.260886841,1.260886802,1.260886793,1.260886794
Japanese J League,2026-08-15,07:00:00,Urawa,Hiroshima,4.0,4.4,1.97,2.06,3.6,3.85,1.92,2.06,1.94,2.1,1.81,1.89,2.12,2.22,13.0,17.0,8.4,11.0,11.0,14.5,20.0,28.0,13.5,18.0,7.4,9.6,9.4,12.5,18.5,25.0,4.9,36.0,15.0,20.0,16.0,22.0,5.0,42.0,5.3,110.0,5.1,65.0,5.2,70.0,5.3,120.0,5.1,65.0,12.5,16.5,5.1,1000.0,35916665,441088.0,744103.0,58805.0,1.260886973,1.260886976,1.260887020,1.260887021,3.0,3.8,1.36,1.5,9.6,15.5,1.07,1.09,3.45,4.3,1.31,1.41,1.94,2.04,1.29,1.33,1.35,1.39,1.260887022,1.260886983,1.260886974,1.260886975
Japanese J League,2026-08-15,07:00:00,Fukuoka,Cerezo Osaka,2.76,2.86,2.74,2.88,3.3,3.5,1.79,1.93,2.08,2.28,1.81,1.95,2.06,2.24,11.5,16.5,9.6,13.0,16.0,23.0,4.1,55.0,9.6,13.0,7.0,9.6,11.0,15.5,4.0,40.0,16.0,23.0,11.0,15.5,16.0,22.0,4.1,55.0,4.1,55.0,4.0,40.0,4.1,55.0,4.3,130.0,21.0,36.0,21.0,36.0,4.5,1000.0,35916672,1405180.0,353589.0,58805.0,1.260887212,1.260887215,1.260887259,1.260887260,1.2,110.0,1.01,110.0,9.4,13.0,1.08,1.12,3.35,3.95,1.35,1.42,1.53,1.58,1.53,1.57,1.4,1.44,1.260887261,1.260887222,1.260887213,1.260887214
Japanese J League 2,2026-08-15,07:00:00,FC Imabari,Omiya,3.25,3.65,2.24,2.42,3.4,3.75,1.91,2.06,1.94,2.1,1.66,1.88,2.14,2.52,11.0,16.5,7.8,12.0,11.5,17.5,1.01,36.0,10.0,15.5,6.2,9.2,8.6,13.0,19.0,29.0,18.5,28.0,11.0,17.0,13.0,20.0,1.01,44.0,1.01,75.0,1.01,48.0,1.01,60.0,1.01,110.0,1.01,46.0,14.5,22.0,1.01,1000.0,35927518,6641602.0,1080509.0,58805.0,1.261002745,1.261002748,1.261002792,1.261002793,1.05,1000.0,1.01,110.0,11.0,15.5,1.07,1.09,3.65,4.6,1.3,1.38,1.7,1.81,1.37,1.44,1.36,1.42,1.261002794,1.261002755,1.261002746,1.261002747
Japanese J League,2026-08-15,07:00:00,Kawasaki,Kyoto,2.3,2.44,3.2,3.45,3.5,3.75,1.98,2.14,1.88,2.02,1.73,1.79,2.26,2.38,13.5,18.5,12.0,16.0,18.0,27.0,5.2,65.0,9.8,12.5,7.2,9.4,12.5,16.5,5.0,42.0,13.5,18.5,10.0,13.5,14.5,19.5,5.1,50.0,4.9,36.0,18.5,28.0,5.0,42.0,5.3,95.0,15.5,21.0,4.9,36.0,5.3,1000.0,35920248,1080507.0,441085.0,58805.0,1.260930116,1.260930119,1.260930163,1.260930164,3.0,110.0,1.01,1.49,12.0,18.0,1.06,1.09,3.9,4.4,1.29,1.33,1.41,1.46,1.69,1.77,1.36,1.4,1.260930165,1.260930126,1.260930117,1.260930118
Japanese J League 2,2026-08-15,07:00:00,Sendai,Oita,1.72,1.89,5.4,7.2,3.45,3.85,1.57,1.76,2.32,2.76,2.14,2.5,1.67,1.88,8.2,12.5,12.0,18.5,1.01,55.0,1.01,220.0,5.3,7.8,6.4,9.4,18.0,28.0,1.01,130.0,7.4,11.5,8.0,12.0,19.0,29.0,1.01,130.0,15.0,23.0,17.0,26.0,1.01,60.0,1.01,220.0,12.5,19.5,1.01,200.0,1.01,1000.0,35927517,442179.0,441089.0,58805.0,1.261002835,1.261002838,1.261002882,1.261002883,1.01,1000.0,1.01,1000.0,8.2,11.0,1.1,1.14,2.68,3.6,1.41,1.6,1.17,1.23,2.12,2.4,1.35,1.41,1.261002884,1.261002845,1.261002836,1.261002837
Chinese League 1,2026-08-15,07:00:00,Yanbian Longding,Dalian Kun City FC,2.28,2.54,3.25,3.85,3.1,3.45,1.66,1.81,2.24,2.52,1.91,2.1,1.91,2.1,8.2,12.5,1.01,13.0,1.01,27.0,1.01,80.0,6.6,9.8,5.8,8.4,11.5,17.5,1.01,55.0,11.0,17.0,9.0,13.5,15.0,23.0,1.01,75.0,1.01,40.0,1.01,36.0,1.01,60.0,1.01,150.0,1.01,32.0,1.01,65.0,1.01,1000.0,35933691,39632858.0,68280380.0,58805.0,1.261062230,1.261062240,1.261062229,1.261062239,2.5,3.35,1.43,1.67,8.2,12.5,1.09,1.14,3.0,3.4,1.42,1.5,1.35,1.45,1.64,1.79,1.4,1.48,1.261062221,1.261062233,1.261062234,1.261062244
Japanese J League 3,2026-08-15,07:00:00,Thespakusatsu Gunma,Sagamihara,1.03,110.0,1.02,110.0,1.03,110.0,1.1,110.0,1.01,15.5,1.01,1000.0,1.01,1000.0,1.01,1000.0,1.01,1000.0,1.01,1000.0,1.01,1000.0,1.01,1000.0,1.01,1000.0,1.01,1000.0,1.01,1000.0,1.01,1000.0,1.01,1000.0,1.01,1000.0,1.01,1000.0,1.01,1000.0,1.01,1000.0,1.01,1000.0,1.01,1000.0,1.01,1000.0,1.01,1000.0,1.01,1000.0,35938825,7078090.0,9339232.0,58805.0,1.261105447,1.261105457,1.261105446,1.261105456,1.01,1000.0,1.01,1000.0,1.12,1000.0,1.01,9.4,1.1,110.0,1.01,110.0,1.01,110.0,1.01,110.0,1.01,110.0,1.261105438,1.261105450,1.261105451,1.261105461
Japanese J League,2026-08-15,07:00:00,Kobe,FC Tokyo,2.26,2.36,3.5,3.75,3.3,3.5,1.73,1.82,2.22,2.38,1.94,2.02,1.98,2.08,10.0,14.0,10.5,14.5,18.5,32.0,4.2,90.0,7.6,10.5,6.6,9.0,13.5,19.0,4.2,60.0,12.0,17.0,10.0,14.0,3.85,24.0,4.2,75.0,4.1,38.0,20.0,34.0,4.1,55.0,4.3,150.0,17.5,29.0,4.2,70.0,4.4,1000.0,35916664,441082.0,350849.0,58805.0,1.260886882,1.260886885,1.260886929,1.260886930,1.2,110.0,1.01,110.0,10.0,12.5,1.09,1.11,3.2,3.45,1.41,1.46,1.37,1.4,1.73,1.8,1.4,1.43,1.260886931,1.260886892,1.260886883,1.260886884
Chinese League 2,2026-08-15,08:00:00,Beijing Tech FC,Changchun Xidu,1.04,110.0,1.04,110.0,1.06,110.0,1.01,110.0,1.01,110.0,1.01,1000.0,1.01,1000.0,1.01,1000.0,1.01,1000.0,1.01,1000.0,1.01,1000.0,1.01,1000.0,1.01,1000.0,1.01,1000.0,1.01,1000.0,1.01,1000.0,1.01,1000.0,1.01,1000.0,1.01,1000.0,1.01,1000.0,1.01,1000.0,1.01,1000.0,1.01,1000.0,1.01,1000.0,1.01,1000.0,1.01,1000.0,35937919,17824433.0,82346037.0,58805.0,1.261103057,1.261103067,1.261103056,1.261103066,1.01,1000.0,1.01,1000.0,1.01,1000.0,1.01,110.0,1.01,110.0,1.01,110.0,1.02,36.0,1.02,36.0,1.01,110.0,1.261103048,1.261103060,1.261103061,1.261103071
Chinese League 2,2026-08-15,08:00:00,Shandong Taishan B,Dalian Yingbo II,1.04,110.0,1.04,110.0,1.06,110.0,1.01,110.0,1.01,110.0,1.01,1000.0,1.01,1000.0,1.01,1000.0,1.01,1000.0,1.01,1000.0,1.01,1000.0,1.01,1000.0,1.01,1000.0,1.01,1000.0,1.01,1000.0,1.01,1000.0,1.01,1000.0,1.01,1000.0,1.01,1000.0,1.01,1000.0,1.01,1000.0,1.01,1000.0,1.01,1000.0,1.01,1000.0,1.01,1000.0,1.01,1000.0,35938039,68158837.0,97450775.0,58805.0,1.261102947,1.261102957,1.261102946,1.261102956,1.01,1000.0,1.01,1000.0,1.01,1000.0,1.01,110.0,1.01,110.0,1.01,110.0,1.02,36.0,1.02,36.0,1.01,110.0,1.261102938,1.261102950,1.261102951,1.261102961
Swedish Division 1,2026-08-15,08:00:00,BK Olympic,Ariana FC,2.5,4.0,1.96,2.8,3.15,500.0,2.2,3.45,1.4,1.83,1.11,1000.0,1.11,1000.0,1.01,1000.0,1.01,1000.0,1.01,1000.0,1.01,1000.0,1.01,1000.0,1.01,1000.0,1.01,1000.0,1.01,1000.0,1.01,1000.0,1.01,1000.0,1.01,1000.0,1.01,1000.0,1.01,1000.0,1.01,1000.0,1.01,1000.0,1.01,1000.0,1.01,1000.0,1.01,1000.0,1.01,1000.0,35934699,5618747.0,43917177.0,58805.0,1.261070720,1.261070740,1.261070718,1.261070738,1.01,1000.0,1.01,20.0,6.8,1000.0,1.01,1.18,3.9,990.0,1.01,1.34,1.55,2.04,1.33,1.66,1.1,1.46,1.261070702,1.261070726,1.261070728,1.261070748
Swedish Division 1,2026-08-15,08:00:00,Gefle,Umea FC,1.06,990.0,1.06,990.0,1.08,500.0,1.5,990.0,1.01,3.0,1.11,1000.0,1.11,1000.0,1.01,1000.0,1.01,1000.0,1.01,1000.0,1.01,1000.0,1.01,1000.0,1.01,1000.0,1.01,1000.0,1.01,1000.0,1.01,1000.0,1.01,1000.0,1.01,1000.0,1.01,1000.0,1.01,1000.0,1.01,1000.0,1.01,1000.0,1.01,1000.0,1.01,1000.0,1.01,1000.0,1.01,1000.0,35934688,151470.0,501184.0,58805.0,1.261070861,1.261070871,1.261070860,1.261070870,1.01,1000.0,1.01,20.0,1.49,1000.0,1.01,3.05,1.5,990.0,1.01,3.0,1.02,36.0,1.02,36.0,1.01,110.0,1.261070852,1.261070864,1.261070865,1.261070875
Swedish Superettan,2026-08-15,08:00:00,Ljungskile,Osters,1.93,2.04,3.85,4.1,3.9,4.3,2.66,2.9,1.52,1.61,1.52,1.61,2.66,2.9,19.0,32.0,20.0,29.0,21.0,42.0,1.01,85.0,13.0,15.0,8.8,10.0,11.0,22.0,1.01,48.0,14.0,16.5,9.8,11.5,12.5,14.5,1.01,48.0,14.0,29.0,11.5,22.0,15.0,32.0,1.01,75.0,7.4,9.8,15.5,38.0,1.01,390.0,35917289,502383.0,780885.0,58805.0,1.260896758,1.260896775,1.260896757,1.260896772,1.05,1000.0,1.01,110.0,16.0,55.0,1.03,1.07,6.0,6.8,1.17,1.2,1.32,1.36,1.96,2.08,1.3,1.35,1.260896744,1.260896764,1.260896766,1.260896782
German Bundesliga 2,2026-08-15,08:00:00,Hertha Berlin,FC Heidenheim,2.34,2.46,2.98,3.25,3.8,3.9,2.3,2.46,1.69,1.77,1.62,1.7,2.44,2.64,18.0,21.0,13.5,16.0,20.0,23.0,40.0,60.0,11.5,13.5,8.2,9.2,12.0,14.0,8.2,32.0,15.5,18.0,10.0,12.0,13.5,15.5,30.0,38.0,27.0,32.0,20.0,24.0,8.2,32.0,9.6,80.0,10.5,17.0,19.0,22.0,10.5,590.0,35923730,44518.0,3237590.0,58805.0,1.260961189,1.260961199,1.260961188,1.260961198,1.2,110.0,1.01,110.0,17.5,21.0,1.05,1.06,4.7,5.4,1.23,1.27,1.45,1.51,1.68,1.75,1.34,1.36,1.260961180,1.260961192,1.260961193,1.260961203
Chinese Super League,2026-08-15,08:00:00,Liaoning Tieren FC,Shenzhen Peng City,2.32,2.4,3.0,3.25,3.7,3.95,2.4,2.64,1.6,1.71,1.54,1.65,2.56,2.82,19.0,28.0,15.0,19.0,20.0,30.0,18.5,60.0,12.5,15.5,8.0,11.0,12.0,17.0,4.8,36.0,15.5,23.0,10.0,12.5,12.5,15.5,4.9,42.0,4.8,38.0,19.0,25.0,4.8,36.0,22.0,70.0,11.0,15.5,17.0,24.0,5.1,470.0,35916800,84958475.0,84995278.0,58805.0,1.260891764,1.260891774,1.260891763,1.260891773,1.2,110.0,1.01,110.0,15.5,990.0,1.02,1.07,5.1,6.2,1.2,1.24,1.44,1.5,1.71,1.76,1.33,1.38,1.260891755,1.260891767,1.260891768,1.260891778
German Bundesliga 2,2026-08-15,08:00:00,Greuther Furth,Nurnberg,3.1,3.3,2.28,2.4,3.7,3.85,2.24,2.56,1.64,1.81,1.62,1.7,2.42,2.6,17.0,23.0,11.0,13.0,14.5,19.5,7.2,36.0,13.5,16.0,8.0,9.0,10.0,12.0,20.0,27.0,21.0,24.0,12.0,14.0,13.5,17.0,7.2,38.0,7.6,55.0,7.2,34.0,32.0,44.0,7.8,80.0,21.0,25.0,12.5,14.5,8.6,610.0,35916762,64375.0,121724.0,58805.0,1.260896988,1.260896998,1.260896987,1.260896997,1.2,110.0,1.01,110.0,15.0,26.0,1.05,1.07,4.3,5.5,1.22,1.28,1.71,1.78,1.44,1.48,1.35,1.37,1.260896979,1.260896991,1.260896992,1.260897002
Danish 1st Division,2026-08-15,08:00:00,Hillerod Fodbold,Aarhus Fremad,2.48,2.76,2.76,3.15,3.45,4.3,2.08,2.34,1.74,1.93,1.54,1.77,2.3,2.86,12.5,22.0,10.0,16.5,15.0,26.0,1.01,55.0,9.2,15.5,6.4,10.5,9.6,16.0,21.0,38.0,13.0,22.0,8.8,14.5,11.5,19.5,1.01,46.0,1.01,44.0,19.0,32.0,1.01,44.0,1.01,90.0,13.5,23.0,16.5,28.0,1.01,1000.0,35920887,12820384.0,895064.0,58805.0,1.260935483,1.260935493,1.260935482,1.260935492,1.05,1000.0,1.01,110.0,1.15,26.0,1.04,7.8,2.66,5.0,1.25,1.6,1.46,1.57,1.56,1.68,1.3,1.41,1.260935474,1.260935486,1.260935487,1.260935497
German Bundesliga 2,2026-08-15,08:00:00,VfL Osnabruck,FC Magdeburg,2.66,2.68,2.66,2.68,4.0,4.1,2.48,2.62,1.61,1.68,1.56,1.6,2.66,2.8,20.0,23.0,14.5,16.0,18.5,21.0,32.0,40.0,14.5,16.0,8.6,9.6,11.0,12.5,22.0,25.0,19.0,21.0,11.0,12.5,13.0,15.0,27.0,32.0,34.0,38.0,22.0,25.0,27.0,32.0,50.0,60.0,13.5,15.5,13.5,15.5,15.0,440.0,35923736,13450471.0,516219.0,58805.0,1.260961079,1.260961089,1.260961078,1.260961088,1.2,110.0,1.01,110.0,20.0,26.0,1.04,1.06,5.3,5.8,1.2,1.23,1.59,1.61,1.59,1.61,1.33,1.34,1.260961070,1.260961082,1.260961083,1.260961093
Welsh Premiership,2026-08-15,08:30:00,Barry Town Utd,Cardiff Metropolitan,1.13,990.0,1.06,990.0,1.14,950.0,1.25,990.0,1.22,6.0,1.11,970.0,1.11,970.0,1.01,1000.0,1.01,1000.0,1.01,1000.0,1.01,1000.0,1.01,1000.0,1.01,1000.0,1.01,1000.0,1.01,1000.0,1.01,1000.0,1.01,1000.0,1.01,1000.0,1.01,1000.0,1.01,1000.0,1.01,1000.0,1.01,1000.0,1.01,1000.0,1.01,1000.0,1.01,1000.0,1.01,1000.0,35928977,8749415.0,9013315.0,58805.0,1.261014498,1.261014501,1.261014545,1.261014546,1.05,1000.0,1.01,110.0,4.1,990.0,1.01,1.31,1.26,970.0,1.23,1.31,1.01,990.0,1.01,990.0,1.01,110.0,1.261014547,1.261014508,1.261014499,1.261014500
Chinese League 1,2026-08-15,08:30:00,Guangxi Hengchen,Meizhou Hakka,1.39,1.64,5.9,12.0,4.5,9.2,2.24,3.2,1.45,1.81,1.11,970.0,1.11,970.0,1.01,1000.0,1.01,1000.0,1.01,1000.0,1.01,1000.0,1.01,1000.0,1.01,1000.0,1.01,1000.0,1.01,1000.0,1.01,1000.0,1.01,1000.0,1.01,1000.0,1.01,1000.0,1.01,1000.0,1.01,1000.0,1.01,1000.0,1.01,1000.0,1.01,1000.0,1.01,1000.0,1.01,1000.0,35933689,68101080.0,11079690.0,58805.0,1.261062340,1.261062350,1.261062339,1.261062349,1.05,1000.0,1.01,110.0,2.58,110.0,1.01,1.24,2.6,110.0,1.19,1.26,1.09,1.21,2.58,3.6,1.12,1.29,1.261062331,1.261062343,1.261062344,1.261062354
Chinese League 2,2026-08-15,08:30:00,Lanzhou Longyuan Athletic,Shanghai Port B,1.04,110.0,1.04,110.0,1.06,110.0,1.01,110.0,1.01,110.0,1.01,1000.0,1.01,1000.0,1.01,1000.0,1.01,1000.0,1.01,1000.0,1.01,1000.0,1.01,1000.0,1.01,1000.0,1.01,1000.0,1.01,1000.0,1.01,1000.0,1.01,1000.0,1.01,1000.0,1.01,1000.0,1.01,1000.0,1.01,1000.0,1.01,1000.0,1.01,1000.0,1.01,1000.0,1.01,1000.0,1.01,1000.0,35938040,84266016.0,67939087.0,58805.0,1.261103167,1.261103177,1.261103166,1.261103176,1.01,1000.0,1.01,1000.0,1.01,1000.0,1.01,110.0,1.01,110.0,1.01,110.0,1.02,36.0,1.02,36.0,1.01,110.0,1.261103158,1.261103170,1.261103171,1.261103181
Chinese Super League,2026-08-15,08:35:00,Tianjin Jinmen Tiger FC,Beijing Guoan,3.35,3.75,2.16,2.32,3.55,3.8,2.02,2.2,1.84,1.97,1.71,1.79,2.26,2.4,14.5,17.5,9.6,11.0,12.5,18.0,20.0,36.0,13.0,17.5,7.4,10.0,9.6,13.0,19.5,28.0,18.5,32.0,13.0,17.5,14.5,20.0,13.5,95.0,5.1,65.0,32.0,100.0,32.0,60.0,5.2,85.0,25.0,42.0,14.0,18.5,5.6,1000.0,35920851,50443178.0,2955487.0,58805.0,1.260934044,1.260934047,1.260934091,1.260934092,3.1,4.1,1.32,1.48,13.5,18.0,1.06,1.08,4.0,4.6,1.29,1.33,1.75,1.86,1.37,1.43,1.35,1.4,1.260934093,1.260934054,1.260934045,1.260934046
Chinese Super League,2026-08-15,08:35:00,Zhejiang Greentown,Chengdu Rongcheng,2.88,3.15,2.22,2.34,4.0,4.5,2.86,3.15,1.46,1.54,1.46,1.54,2.84,3.15,12.0,40.0,15.5,21.0,17.0,24.0,12.0,32.0,18.0,23.0,9.4,12.5,10.5,14.0,18.0,23.0,21.0,32.0,12.0,16.5,12.5,17.5,18.5,32.0,18.0,55.0,19.5,34.0,21.0,36.0,16.5,55.0,12.5,16.5,8.4,12.0,5.0,300.0,35917184,23257633.0,50443280.0,58805.0,1.260891874,1.260891884,1.260891873,1.260891883,1.2,110.0,1.01,110.0,1.15,110.0,1.02,1.07,6.4,8.8,1.15,1.17,1.74,1.82,1.46,1.54,1.28,1.34,1.260891865,1.260891877,1.260891878,1.260891888
German 3 Liga,2026-08-15,09:00:00,Preussen Munster,Ingolstadt,2.3,2.64,2.74,3.3,3.6,5.0,2.16,2.58,1.64,1.85,1.11,970.0,1.11,970.0,1.01,1000.0,1.01,1000.0,1.01,1000.0,1.01,1000.0,1.01,1000.0,1.01,1000.0,1.01,1000.0,1.01,1000.0,1.01,1000.0,1.01,1000.0,1.01,1000.0,1.01,1000.0,1.01,1000.0,1.01,1000.0,1.01,1000.0,1.01,1000.0,1.01,1000.0,1.01,1000.0,1.01,1000.0,35932126,3235019.0,1229688.0,58805.0,1.261046074,1.261046077,1.261046121,1.261046122,1.01,1000.0,1.01,20.0,4.3,110.0,1.01,1.29,4.4,8.4,1.2,1.29,1.43,1.57,1.6,1.77,1.25,1.38,1.261046123,1.261046084,1.261046075,1.261046076
German 3 Liga,2026-08-15,09:00:00,Fortuna Koln,Alemannia Aachen,3.5,4.0,1.92,2.06,4.0,4.5,2.56,2.94,1.51,1.65,1.45,1.65,2.52,3.25,19.5,32.0,10.5,17.5,11.5,19.5,17.0,29.0,15.5,26.0,7.8,12.5,8.2,13.5,13.0,22.0,1.01,38.0,12.0,19.5,11.0,18.5,18.5,32.0,1.01,80.0,1.01,44.0,1.01,46.0,1.01,70.0,17.5,29.0,6.8,10.5,1.01,440.0,35931593,5790034.0,199607.0,58805.0,1.261042005,1.261042008,1.261042052,1.261042053,1.05,1000.0,1.01,110.0,10.5,55.0,1.02,1.09,5.7,6.8,1.17,1.22,1.94,2.1,1.33,1.4,1.28,1.34,1.261042054,1.261042015,1.261042006,1.261042007
German 3 Liga,2026-08-15,09:00:00,SV Meppen,SG Sonnenhof,2.6,2.92,2.6,2.92,3.45,4.1,2.16,2.24,1.81,1.86,1.58,1.79,2.26,2.7,12.5,18.5,11.0,14.5,14.0,24.0,1.01,48.0,9.6,14.5,6.4,9.0,9.2,15.0,20.0,34.0,14.0,21.0,9.2,15.0,11.5,18.0,1.01,46.0,32.0,50.0,20.0,36.0,1.01,42.0,1.01,90.0,19.0,26.0,15.5,26.0,1.01,1000.0,35932125,5945855.0,4069229.0,58805.0,1.261046164,1.261046167,1.261046211,1.261046212,1.05,1000.0,1.01,110.0,11.5,18.0,1.06,1.08,3.9,4.7,1.27,1.34,1.52,1.63,1.52,1.63,1.32,1.41,1.261046213,1.261046174,1.261046165,1.261046166
Chinese Super League,2026-08-15,09:00:00,Yunnan Yukun,Dalian Yingbo,2.12,2.2,3.15,3.3,4.3,4.6,3.1,3.3,1.43,1.47,1.46,1.49,3.05,3.2,23.0,80.0,20.0,25.0,20.0,32.0,32.0,580.0,14.0,19.0,10.5,11.5,14.0,16.0,19.0,44.0,14.5,25.0,11.0,14.0,12.5,15.5,19.0,46.0,21.0,44.0,17.0,24.0,16.5,27.0,27.0,46.0,7.2,8.4,13.5,15.0,48.0,1000.0,35917182,55896077.0,67154937.0,58805.0,1.260891985,1.260891995,1.260891984,1.260891994,1.2,110.0,1.18,110.0,21.0,110.0,1.02,1.05,7.4,8.2,1.14,1.16,1.43,1.47,1.83,1.9,1.27,1.31,1.260891976,1.260891988,1.260891989,1.260891999
Chinese Super League,2026-08-15,09:00:00,Shanghai Shenhua,Henan Songshan Longmen,1.9,1.98,3.65,4.0,4.2,4.6,2.6,3.15,1.47,1.63,1.53,1.55,2.74,2.86,6.2,32.0,19.0,24.0,6.2,40.0,7.0,80.0,13.0,16.0,9.6,13.0,14.5,17.0,6.4,40.0,14.0,16.5,9.6,11.5,14.0,20.0,29.0,40.0,19.0,28.0,15.5,22.0,21.0,32.0,6.8,65.0,7.0,8.0,19.5,24.0,7.2,380.0,35923647,1550828.0,50443412.0,58805.0,1.260959460,1.260959463,1.260959507,1.260959508,1.2,110.0,1.01,110.0,5.3,110.0,1.02,1.2,5.3,8.2,1.14,1.2,1.33,1.38,2.02,2.12,1.27,1.32,1.260959509,1.260959470,1.260959461,1.260959462
Danish 1st Division,2026-08-15,09:00:00,Esbjerg,Hobro,1.86,2.22,3.15,4.3,3.15,7.0,2.08,3.55,1.39,1.93,1.11,1000.0,1.11,1000.0,1.01,1000.0,11.5,25.0,18.0,40.0,1.01,85.0,8.0,17.0,6.2,13.0,9.8,21.0,1.01,50.0,9.8,20.0,7.2,15.0,10.5,22.0,1.01,55.0,16.0,34.0,13.0,28.0,18.5,40.0,1.01,95.0,7.6,16.0,18.5,42.0,1.01,1000.0,35920357,113193.0,1212772.0,58805.0,1.260932508,1.260932518,1.260932507,1.260932517,1.05,1000.0,1.01,110.0,13.5,55.0,1.03,1.08,2.46,28.0,1.2,1.29,1.3,1.47,1.81,2.18,1.17,1.47,1.260932499,1.260932511,1.260932512,1.260932522
German 3 Liga,2026-08-15,09:00:00,Rot-Weiss Essen,TSV Havelse,1.34,1.41,7.6,10.5,6.0,8.2,2.42,4.2,1.32,1.71,1.57,1.71,2.42,2.76,1.01,60.0,1.01,60.0,1.01,110.0,1.01,250.0,15.5,22.0,12.0,20.0,1.01,40.0,1.01,110.0,11.5,14.5,10.0,12.5,17.5,22.0,1.01,75.0,10.5,15.0,11.5,14.5,20.0,25.0,1.01,80.0,3.1,3.6,1.01,70.0,1.01,430.0,35921549,886332.0,5340376.0,58805.0,1.260938600,1.260938603,1.260938647,1.260938648,1.05,1000.0,1.01,110.0,1.15,110.0,1.01,1.13,2.42,15.5,1.07,1.13,1.11,1.15,3.4,3.9,1.14,1.2,1.260938649,1.260938610,1.260938601,1.260938602
Ukrainian Premier League,2026-08-15,09:30:00,FK Kudrivka,Obolon-Brovar Kiev,2.58,2.86,2.98,3.55,3.05,3.4,1.58,1.7,2.44,2.72,1.68,2.6,1.63,2.46,1.01,1000.0,6.2,13.5,12.0,30.0,8.8,85.0,5.6,12.5,4.8,10.0,8.4,20.0,27.0,65.0,10.0,24.0,8.0,18.5,12.5,30.0,8.8,90.0,25.0,65.0,22.0,50.0,8.8,85.0,8.8,1000.0,23.0,55.0,32.0,70.0,85.0,1000.0,35932272,72925573.0,9460511.0,58805.0,1.261047929,1.261047932,1.261047976,1.261047977,2.26,3.45,1.4,1.79,6.2,13.0,1.08,1.2,2.74,3.0,1.5,1.57,1.39,1.51,1.53,1.64,1.42,1.49,1.261047978,1.261047939,1.261047930,1.261047931
Polish Ekstraklasa,2026-08-15,09:45:00,Zaglebie Lubin,Slask Wroclaw,2.2,2.3,3.65,4.0,3.25,3.7,1.7,1.92,2.08,2.44,1.65,2.14,1.88,10.5,1.01,1000.0,1.01,1000.0,1.01,1000.0,1.01,1000.0,1.01,1000.0,1.01,1000.0,1.01,1000.0,1.01,1000.0,1.01,1000.0,1.01,1000.0,1.01,1000.0,1.01,1000.0,1.01,1000.0,1.01,1000.0,1.01,1000.0,1.01,1000.0,1.01,1000.0,1.01,1000.0,1.01,1000.0,35931811,166904.0,3143307.0,58805.0,1.261044361,1.261044364,1.261044408,1.261044409,1.01,1000.0,1.01,20.0,3.0,110.0,1.01,1.5,3.0,100.0,1.34,1.5,1.33,1.38,1.76,1.84,1.37,1.45,1.261044410,1.261044371,1.261044362,1.261044363
Swedish Superettan,2026-08-15,10:00:00,Sundsvall,Helsingborgs,3.5,3.85,2.1,2.22,3.65,3.95,2.08,2.22,1.81,1.92,1.7,1.8,2.24,2.44,1.01,1000.0,8.2,1000.0,11.0,17.5,20.0,34.0,11.0,18.5,1.01,1000.0,8.2,1000.0,16.0,1000.0,18.5,1000.0,11.0,18.5,1.01,20.0,1.01,40.0,1.01,80.0,1.01,1000.0,32.0,1000.0,1.01,95.0,1.01,42.0,11.0,17.0,95.0,1000.0,35923941,30680.0,764222.0,58805.0,1.260967897,1.260967907,1.260967896,1.260967906,2.96,4.6,1.28,1.51,12.5,20.0,1.05,1.09,4.1,4.8,1.27,1.32,1.81,1.91,1.35,1.4,1.34,1.38,1.260967888,1.260967900,1.260967901,1.260967911
Portuguese Segunda Liga,2026-08-15,10:00:00,Leiria,Benfica B,2.16,2.42,3.3,3.95,3.0,4.3,1.96,2.2,1.84,2.04,1.11,970.0,1.11,970.0,1.01,1000.0,1.01,1000.0,1.01,1000.0,1.01,1000.0,1.01,1000.0,1.01,1000.0,1.01,1000.0,1.01,1000.0,1.01,1000.0,1.01,1000.0,1.01,1000.0,1.01,1000.0,1.01,1000.0,1.01,1000.0,1.01,1000.0,1.01,1000.0,1.01,1000.0,1.01,1000.0,1.01,1000.0,35925598,191603.0,6563318.0,58805.0,1.260982294,1.260982297,1.260982341,1.260982342,2.84,4.4,1.29,1.54,3.5,110.0,1.01,1.4,3.5,4.5,1.28,1.4,1.33,1.44,1.71,1.86,1.3,1.5,1.260982343,1.260982304,1.260982295,1.260982296
Swedish Allsvenskan,2026-08-15,10:00:00,Mjallby,Sirius,3.6,3.65,2.1,2.14,3.9,3.95,2.28,2.48,1.67,1.78,1.61,1.7,2.44,2.62,17.0,21.0,11.0,13.0,13.5,16.0,24.0,27.0,15.5,18.0,8.0,9.0,9.8,11.5,17.5,21.0,23.0,28.0,13.0,15.5,13.5,16.0,25.0,30.0,50.0,70.0,32.0,38.0,36.0,60.0,55.0,100.0,23.0,30.0,10.0,12.5,12.0,640.0,35917902,60143.0,4638067.0,58805.0,1.260902301,1.260902304,1.260902348,1.260902349,1.2,110.0,1.01,110.0,17.0,21.0,1.05,1.07,4.8,5.4,1.23,1.26,1.87,1.9,1.37,1.39,1.33,1.35,1.260902350,1.260902311,1.260902302,1.260902303
Uruguayan Primera Division,2026-08-15,10:00:00,Cerro,Albion FC,3.35,4.2,2.14,2.86,2.72,4.1,1.53,1.74,2.34,5.2,1.11,1000.0,1.11,1000.0,1.01,14.0,1.01,1000.0,1.01,1000.0,1.97,1000.0,1.01,1000.0,1.01,1000.0,1.01,1000.0,1.97,1000.0,1.01,1000.0,1.01,1000.0,1.55,1000.0,1.97,1000.0,1.97,1000.0,1.97,1000.0,1.97,1000.0,1.97,1000.0,1.01,1000.0,1.01,1000.0,1.01,1000.0,35921448,2329297.0,18466913.0,58805.0,1.260937428,1.260937438,1.260937427,1.260937437,2.22,1000.0,1.01,1.81,5.7,12.0,1.09,1.21,2.46,12.5,1.09,1.69,1.53,1.87,1.32,1.42,1.32,1.59,1.260937419,1.260937431,1.260937432,1.260937442
Polish I Liga,2026-08-15,10:30:00,Chrobry Glogow,Podbeskidzie B-B,2.7,2.92,2.48,2.88,3.35,4.5,2.1,2.32,1.76,1.9,1.11,10.5,1.11,970.0,1.01,1000.0,1.01,1000.0,1.01,1000.0,1.01,1000.0,1.01,1000.0,1.01,1000.0,1.01,1000.0,1.01,1000.0,1.01,1000.0,1.01,1000.0,1.01,1000.0,1.01,1000.0,1.01,1000.0,1.01,1000.0,1.01,1000.0,1.01,1000.0,1.01,1000.0,1.01,1000.0,1.01,1000.0,35924826,5822815.0,4135278.0,58805.0,1.260979272,1.260979282,1.260979271,1.260979281,2.96,4.4,1.3,1.51,2.4,110.0,1.01,1.33,2.4,4.7,1.27,1.72,1.53,1.68,1.52,1.59,1.29,1.43,1.260979263,1.260979275,1.260979276,1.260979286
Polish I Liga,2026-08-15,10:30:00,Pogon Siedlce,Polonia Warszawa,4.1,7.0,1.63,1.99,3.35,7.2,1.94,2.58,1.64,2.06,1.54,1.97,2.04,970.0,1.01,1000.0,1.01,1000.0,1.01,1000.0,1.01,1000.0,1.01,1000.0,1.01,1000.0,1.01,1000.0,1.01,1000.0,1.01,1000.0,1.01,1000.0,1.01,1000.0,1.01,1000.0,1.01,1000.0,1.01,1000.0,1.01,1000.0,1.01,1000.0,1.01,1000.0,1.01,1000.0,1.01,1000.0,35917863,7186877.0,10490469.0,58805.0,1.260901192,1.260901195,1.260901239,1.260901240,1.01,1000.0,1.01,20.0,2.24,110.0,1.01,1.38,2.24,5.5,1.22,1.8,2.0,2.6,1.17,1.33,1.18,1.43,1.260901241,1.260901202,1.260901193,1.260901194
Romanian Liga II,2026-08-15,10:30:00,CS Afumati,Chindia Targoviste,1.06,600.0,1.06,870.0,1.08,950.0,1.25,100.0,1.34,6.0,1.01,1000.0,1.01,1000.0,1.01,1000.0,1.01,1000.0,1.01,1000.0,1.01,1000.0,1.01,1000.0,1.01,1000.0,1.01,1000.0,1.01,1000.0,1.01,1000.0,1.01,1000.0,1.01,1000.0,1.01,1000.0,1.01,1000.0,1.01,1000.0,1.01,1000.0,1.01,1000.0,1.01,1000.0,1.01,1000.0,1.01,1000.0,35927284,7290083.0,5823182.0,58805.0,1.261000271,1.261000274,1.261000318,1.261000319,1.01,1000.0,1.01,1000.0,1.01,110.0,1.01,970.0,1.26,100.0,1.34,970.0,1.01,36.0,1.01,36.0,1.01,110.0,1.261000320,1.261000281,1.261000272,1.261000273
Polish I Liga,2026-08-15,10:30:00,Odra Opole,Warta Poznan,2.28,3.05,2.54,3.45,3.45,3.75,1.75,2.26,1.79,2.34,1.01,1000.0,1.01,970.0,1.01,1000.0,1.01,1000.0,1.01,1000.0,1.01,1000.0,1.01,1000.0,1.01,1000.0,1.01,1000.0,1.01,1000.0,1.01,1000.0,1.01,1000.0,1.01,1000.0,1.01,1000.0,1.01,1000.0,1.01,1000.0,1.01,1000.0,1.01,1000.0,1.01,1000.0,1.01,1000.0,1.01,1000.0,35924790,2618007.0,3348521.0,58805.0,1.260976596,1.260976599,1.260976643,1.260976644,2.68,4.2,1.31,1.6,3.2,110.0,1.01,1.4,3.2,5.2,1.29,1.4,1.4,1.65,1.5,1.78,1.36,1.41,1.260976645,1.260976606,1.260976597,1.260976598
Norwegian Eliteserien,2026-08-15,11:00:00,KFUM Oslo,Lillestrom,2.96,3.05,2.36,2.46,3.9,4.1,2.34,2.5,1.66,1.75,1.6,1.67,2.48,2.66,18.5,21.0,12.5,16.5,16.0,18.5,30.0,34.0,14.0,19.0,8.2,10.5,10.5,12.0,20.0,26.0,20.0,27.0,12.0,16.0,13.5,16.0,27.0,32.0,40.0,55.0,26.0,34.0,30.0,40.0,55.0,65.0,18.5,23.0,12.5,14.5,8.4,550.0,35920028,14136987.0,10770.0,58805.0,1.260927229,1.260927232,1.260927276,1.260927277,1.2,110.0,1.01,110.0,17.5,26.0,1.04,1.06,4.9,5.4,1.23,1.26,1.69,1.73,1.48,1.52,1.32,1.35,1.260927278,1.260927239,1.260927230,1.260927231
English National League,2026-08-15,11:00:00,Sutton Utd,Altrincham,2.04,2.26,3.35,4.2,3.7,4.7,2.14,2.5,1.67,1.87,1.54,1.78,1.11,970.0,1.01,1000.0,1.01,1000.0,1.01,1000.0,1.01,1000.0,1.01,1000.0,1.01,1000.0,1.01,1000.0,1.01,1000.0,1.01,1000.0,1.01,1000.0,1.01,1000.0,1.01,1000.0,1.01,1000.0,1.01,1000.0,1.01,1000.0,1.01,1000.0,1.01,1000.0,1.01,1000.0,1.01,1000.0,35917882,1034133.0,62505.0,58805.0,1.260901846,1.260901849,1.260901893,1.260901894,1.01,1000.0,1.01,20.0,1.15,110.0,1.01,7.4,2.72,100.0,1.23,1.56,1.32,1.43,1.79,1.97,1.27,1.38,1.260901895,1.260901856,1.260901847,1.260901848
Czech 2 Liga,2026-08-15,11:00:00,Arsenal Ceska Lipa,MFK Karvina,3.8,4.5,1.85,2.02,3.95,4.3,2.28,2.52,1.65,1.78,1.64,1.79,2.28,2.54,1.01,23.0,1.01,14.0,1.01,15.0,1.01,25.0,13.0,18.5,8.6,10.5,1.01,11.0,13.0,25.0,1.01,36.0,11.5,19.5,1.01,21.0,21.0,36.0,1.01,95.0,1.01,50.0,1.01,55.0,1.01,95.0,1.01,48.0,1.01,10.0,1.01,1000.0,35931706,6450518.0,3358864.0,58805.0,1.261048942,1.261048987,1.261049026,1.261048951,1.05,1000.0,1.01,110.0,17.5,21.0,1.05,1.06,4.6,5.9,1.23,1.28,1.98,2.18,1.29,1.36,1.3,1.34,1.261048943,1.261048945,1.261048946,1.261048990
English National League,2026-08-15,11:00:00,Worthing,Forest Green,3.0,3.75,2.2,2.46,3.6,4.1,2.0,2.74,1.58,2.0,1.44,970.0,1.11,3.25,1.01,1000.0,1.01,1000.0,1.01,1000.0,1.01,1000.0,9.2,23.0,1.01,13.0,7.2,17.0,14.0,1000.0,1.01,36.0,8.4,1000.0,1.01,23.0,19.0,48.0,1.01,75.0,1.01,50.0,1.01,1000.0,1.01,1000.0,1.01,1000.0,1.01,1000.0,1.01,1000.0,35917921,1034116.0,36033.0,58805.0,1.260903065,1.260903068,1.260903112,1.260903113,1.01,1000.0,1.01,20.0,12.0,55.0,1.03,1.1,2.32,6.0,1.2,1.3,1.68,1.84,1.36,1.5,1.32,1.39,1.260903114,1.260903075,1.260903066,1.260903067
English National League,2026-08-15,11:00:00,Kidderminster,Eastleigh,2.0,2.02,3.75,4.0,3.9,4.3,2.06,2.9,1.53,1.93,1.11,1.87,2.16,970.0,1.01,1000.0,12.0,24.0,1.01,46.0,1.01,100.0,8.0,17.0,6.4,12.5,10.5,23.0,1.01,60.0,8.8,18.0,7.0,13.5,10.5,21.0,1.01,65.0,14.0,30.0,12.0,23.0,17.5,40.0,1.01,95.0,6.6,12.5,1.01,48.0,1.01,1000.0,35917922,18560.0,1222691.0,58805.0,1.260902957,1.260902960,1.260903004,1.260903005,1.01,1000.0,1.01,20.0,14.0,55.0,1.03,1.08,2.06,30.0,1.2,1.93,1.33,1.37,1.98,2.0,1.3,1.35,1.260903006,1.260902967,1.260902958,1.260902959
Scottish League One,2026-08-15,11:00:00,Hamilton,Airdrieonians,2.08,2.24,3.5,4.2,3.3,3.7,1.82,2.02,1.98,2.22,1.79,1.99,2.02,2.26,9.8,14.0,11.0,14.0,9.0,29.0,1.01,100.0,7.6,9.6,6.8,8.4,13.5,16.5,1.01,60.0,11.5,14.0,9.2,11.5,15.5,19.5,1.01,85.0,19.5,40.0,17.0,34.0,1.01,48.0,1.01,130.0,13.5,19.0,1.01,65.0,1.01,1000.0,35917620,203716.0,7394884.0,58805.0,1.260899895,1.260899905,1.260899894,1.260899904,2.52,4.0,1.33,1.65,9.2,15.5,1.07,1.1,3.35,3.95,1.33,1.42,1.31,1.4,1.8,1.93,1.37,1.43,1.260899886,1.260899898,1.260899899,1.260899909
Norwegian 1st Division,2026-08-15,11:00:00,Ranheim IL,Stromsgodset,3.9,4.6,1.68,1.81,4.9,6.8,4.4,5.9,1.22,1.29,1.33,1.41,3.4,3.95,1.01,85.0,20.0,34.0,16.5,28.0,17.5,25.0,1.01,55.0,12.0,17.5,9.8,14.0,11.5,970.0,1.01,65.0,15.5,26.0,11.0,16.0,14.0,24.0,1.01,110.0,1.01,46.0,1.01,32.0,1.01,36.0,13.0,16.0,3.35,4.4,1.01,160.0,35921599,22623366.0,31319.0,58805.0,1.260938912,1.260938915,1.260938959,1.260938960,1.01,1000.0,1.01,20.0,11.5,990.0,1.01,1.06,9.8,14.0,1.07,1.1,2.22,2.48,1.28,1.35,1.17,1.26,1.260938961,1.260938922,1.260938913,1.260938914
Scottish League Two,2026-08-15,11:00:00,Elgin City FC,Kelty Hearts,2.24,2.6,2.98,3.55,3.3,3.85,1.98,2.18,1.84,2.02,1.69,1.88,2.14,2.46,11.5,17.5,10.0,14.0,19.0,24.0,1.01,65.0,8.4,12.5,6.4,8.6,10.5,15.0,1.01,40.0,13.5,17.0,8.8,12.5,12.5,19.5,1.01,55.0,25.0,38.0,21.0,30.0,28.0,44.0,1.01,100.0,16.0,21.0,1.01,34.0,1.01,1000.0,35917918,46277118.0,10317903.0,58805.0,1.260902925,1.260902935,1.260902924,1.260902934,1.01,1000.0,1.01,20.0,11.0,18.0,1.06,1.09,3.45,4.8,1.28,1.41,1.39,1.51,1.62,1.81,1.35,1.44,1.260902916,1.260902928,1.260902929,1.260902939
English National League,2026-08-15,11:00:00,Barrow,Hornchurch,1.64,1.76,5.4,6.4,3.9,4.5,1.89,2.08,1.92,2.14,1.92,2.12,1.89,2.1,13.0,16.0,15.5,19.0,38.0,48.0,1.01,190.0,6.8,8.4,8.0,10.0,18.5,24.0,1.01,110.0,8.4,10.5,8.4,10.5,16.5,24.0,1.01,100.0,14.0,17.5,15.5,19.5,1.01,40.0,1.01,170.0,8.0,11.5,1.01,140.0,1.01,1000.0,35917924,62647.0,598920.0,58805.0,1.260903439,1.260903446,1.260903506,1.260903507,2.66,4.1,1.33,1.6,11.0,16.0,1.06,1.09,3.55,4.2,1.31,1.39,1.19,1.23,2.3,2.58,1.28,1.35,1.260903509,1.260903460,1.260903442,1.260903444
English National League,2026-08-15,11:00:00,Wealdstone,Harrogate Town,3.35,3.85,2.06,2.34,3.65,4.2,1.9,2.32,1.75,2.12,1.11,1000.0,1.11,1000.0,1.01,1000.0,1.01,1000.0,1.01,1000.0,1.01,1000.0,1.01,1000.0,1.01,1000.0,1.01,1000.0,1.01,1000.0,1.01,1000.0,1.01,1000.0,1.01,1000.0,1.01,1000.0,1.01,1000.0,1.01,1000.0,1.01,1000.0,1.01,1000.0,1.01,1000.0,1.01,1000.0,1.01,1000.0,35917920,2608900.0,256198.0,58805.0,1.260903173,1.260903176,1.260903220,1.260903221,2.92,4.7,1.27,1.53,4.0,110.0,1.01,1.33,4.0,6.0,1.23,1.33,1.74,1.95,1.35,1.43,1.31,1.38,1.260903222,1.260903183,1.260903174,1.260903175
Norwegian 1st Division,2026-08-15,11:00:00,Bryne,Moss,1.6,1.72,4.7,5.9,4.7,5.3,2.86,3.3,1.43,1.54,1.41,1.73,1.11,970.0,1.01,1000.0,1.01,1000.0,1.01,1000.0,1.01,1000.0,1.01,1000.0,1.01,1000.0,1.01,1000.0,1.01,1000.0,1.01,1000.0,1.01,1000.0,1.01,1000.0,1.01,1000.0,1.01,1000.0,1.01,1000.0,1.01,1000.0,1.01,1000.0,1.01,1000.0,1.01,1000.0,1.01,1000.0,35924066,7033.0,401947.0,58805.0,1.260968844,1.260968847,1.260968891,1.260968892,1.01,1000.0,1.01,20.0,1.15,110.0,1.01,1.2,2.86,9.2,1.12,1.2,1.21,1.27,2.4,2.66,1.23,1.28,1.260968893,1.260968854,1.260968845,1.260968846
Swedish Division 1,2026-08-15,11:00:00,Sollentuna FF,FC Jarfalla,1.06,600.0,1.06,870.0,1.08,950.0,1.25,110.0,1.02,5.6,1.01,1000.0,1.01,1000.0,1.01,1000.0,1.01,1000.0,1.01,1000.0,1.01,1000.0,1.01,1000.0,1.01,1000.0,1.01,1000.0,1.01,1000.0,1.01,1000.0,1.01,1000.0,1.01,1000.0,1.01,1000.0,1.01,1000.0,1.01,1000.0,1.01,1000.0,1.01,1000.0,1.01,1000.0,1.01,1000.0,1.01,1000.0,35927547,8438639.0,39685139.0,58805.0,1.261010284,1.261010329,1.261010368,1.261010293,1.01,1000.0,1.01,1000.0,1.25,1000.0,1.01,5.6,1.25,1000.0,1.01,5.6,1.01,36.0,1.01,36.0,1.01,110.0,1.261010285,1.261010287,1.261010288,1.261010332
Scottish League One,2026-08-15,11:00:00,East Kilbride,Cove Rangers,1.43,1.53,6.2,8.2,5.0,6.0,2.82,3.35,1.43,1.55,1.63,1.8,2.26,2.58,1.01,38.0,1.01,36.0,1.01,70.0,1.01,200.0,1.01,14.0,10.0,14.0,1.01,28.0,1.01,80.0,1.01,12.5,8.4,11.5,1.01,21.0,1.01,70.0,1.01,15.5,10.5,15.0,1.01,27.0,1.01,80.0,1.01,5.0,1.01,75.0,1.01,580.0,35917712,8831169.0,284608.0,58805.0,1.260899675,1.260899685,1.260899674,1.260899684,1.01,1000.0,1.01,20.0,13.5,110.0,1.02,1.08,6.4,7.8,1.14,1.19,1.15,1.19,2.88,3.35,1.2,1.25,1.260899666,1.260899678,1.260899679,1.260899689
English National League,2026-08-15,11:00:00,Solihull Moors,Boston Utd,2.44,2.86,2.72,3.35,2.86,4.5,2.04,2.82,1.54,1.95,1.11,1000.0,1.11,1000.0,1.01,1000.0,1.01,1000.0,1.01,1000.0,1.01,1000.0,1.01,1000.0,1.01,1000.0,1.01,1000.0,1.01,1000.0,1.01,1000.0,1.01,1000.0,1.01,1000.0,1.01,1000.0,1.01,1000.0,1.01,1000.0,1.01,1000.0,1.01,1000.0,1.01,1000.0,1.01,1000.0,1.01,1000.0,35917878,2437395.0,256306.0,58805.0,1.260901738,1.260901741,1.260901785,1.260901786,1.01,1000.0,1.01,20.0,2.42,110.0,1.01,1.32,2.42,4.9,1.25,1.34,1.43,1.58,1.53,1.7,1.28,1.54,1.260901787,1.260901748,1.260901739,1.260901740
English National League,2026-08-15,11:00:00,FC Halifax Town,Boreham Wood,3.35,3.85,2.06,2.2,3.6,4.2,2.1,2.4,1.72,1.91,1.51,2.02,1.98,2.98,1.01,1000.0,7.4,16.0,9.6,21.0,16.5,38.0,10.0,22.0,5.8,12.5,7.2,15.5,14.0,30.0,16.5,38.0,9.6,21.0,10.5,23.0,1.01,46.0,1.01,90.0,1.01,50.0,1.01,60.0,1.01,100.0,1.01,46.0,8.8,18.5,1.01,1000.0,35917873,4231683.0,256120.0,58805.0,1.260901522,1.260901525,1.260901569,1.260901570,1.01,1000.0,1.01,20.0,13.5,21.0,1.05,1.08,4.2,5.0,1.25,1.31,1.83,1.95,1.35,1.43,1.31,1.39,1.260901571,1.260901532,1.260901523,1.260901524
Scottish League One,2026-08-15,11:00:00,Peterhead,East Fife,1.99,2.18,3.9,5.0,3.2,3.7,1.74,1.9,2.12,2.36,1.11,1000.0,1.11,1000.0,1.01,1000.0,1.01,1000.0,1.01,1000.0,1.01,1000.0,1.01,1000.0,1.01,1000.0,1.01,1000.0,1.01,1000.0,1.01,1000.0,1.01,1000.0,1.01,1000.0,1.01,1000.0,1.01,1000.0,1.01,1000.0,1.01,1000.0,1.01,1000.0,1.01,1000.0,1.01,1000.0,1.01,1000.0,35917707,729810.0,674743.0,58805.0,1.260899785,1.260899795,1.260899784,1.260899794,2.42,3.8,1.36,1.7,3.0,110.0,1.01,1.49,3.0,4.1,1.33,1.49,1.26,1.35,1.84,2.02,1.37,1.46,1.260899776,1.260899788,1.260899789,1.260899799
English National League,2026-08-15,11:00:00,Gateshead,Woking,2.64,3.05,2.48,2.86,3.55,4.1,2.06,2.38,1.73,1.93,1.58,1.77,1.11,970.0,1.01,1000.0,1.01,1000.0,1.01,1000.0,1.01,1000.0,1.01,1000.0,1.01,1000.0,1.01,1000.0,1.01,1000.0,1.01,1000.0,1.01,1000.0,1.01,1000.0,1.01,1000.0,1.01,1000.0,1.01,1000.0,1.01,1000.0,1.01,1000.0,1.01,1000.0,1.01,1000.0,1.01,1000.0,35917883,18571.0,41998.0,58805.0,1.260902076,1.260902080,1.260902125,1.260902126,1.01,1000.0,1.01,20.0,4.1,110.0,1.01,1.32,4.1,5.1,1.25,1.32,1.54,1.68,1.49,1.61,1.32,1.4,1.260902127,1.260902087,1.260902077,1.260902078
Danish 1st Division,2026-08-15,11:00:00,HB Koge,Hvidovre,2.72,3.7,2.22,2.74,3.25,5.5,2.02,2.64,1.61,1.98,1.01,1000.0,1.01,1000.0,1.01,1000.0,1.01,1000.0,1.01,1000.0,1.01,1000.0,1.01,1000.0,1.01,1000.0,1.01,1000.0,1.01,1000.0,1.01,1000.0,1.01,1000.0,1.01,1000.0,1.01,1000.0,1.01,1000.0,1.01,1000.0,1.01,1000.0,1.01,1000.0,1.01,1000.0,1.01,1000.0,1.01,1000.0,35920362,3981030.0,151007.0,58805.0,1.260933156,1.260933166,1.260933155,1.260933165,1.01,1000.0,1.01,1000.0,2.34,110.0,1.01,1.74,2.34,100.0,1.21,1.74,1.57,1.82,1.37,1.59,1.22,1.45,1.260933147,1.260933159,1.260933160,1.260933170
English National League,2026-08-15,11:00:00,Tamworth FC,AFC Fylde,2.06,2.22,3.25,3.6,3.95,4.3,2.48,2.72,1.58,1.68,1.46,1.78,2.28,3.2,17.5,30.0,13.5,23.0,20.0,34.0,40.0,70.0,10.0,17.5,7.4,12.0,11.0,18.5,24.0,42.0,12.0,21.0,8.4,14.0,11.0,18.5,26.0,44.0,19.0,32.0,14.5,24.0,19.5,34.0,40.0,70.0,7.8,13.0,16.5,28.0,280.0,490.0,35917919,21944374.0,4317866.0,58805.0,1.260902739,1.260902742,1.260902786,1.260902787,1.01,1000.0,1.01,1000.0,5.3,110.0,1.01,1.23,5.3,6.2,1.19,1.23,1.38,1.45,1.81,1.95,1.3,1.34,1.260902788,1.260902749,1.260902740,1.260902741
English National League,2026-08-15,11:00:00,Aldershot,Hartlepool,3.25,3.65,2.14,2.26,3.7,4.0,1.96,2.58,1.63,2.06,1.54,1.93,2.08,970.0,13.5,19.0,8.6,12.0,11.0,15.5,20.0,28.0,13.5,16.0,7.8,9.0,9.6,11.5,1.01,22.0,1.01,26.0,13.0,15.0,12.0,16.5,1.01,32.0,1.01,75.0,1.01,46.0,1.02,55.0,1.01,90.0,1.02,32.0,12.0,14.0,1.01,1000.0,35917881,62504.0,48303.0,58805.0,1.260901954,1.260901957,1.260902001,1.260902002,1.01,1000.0,1.01,20.0,2.26,26.0,1.05,1.79,2.26,5.2,1.24,1.79,1.79,1.88,1.37,1.44,1.33,1.38,1.260902003,1.260901964,1.260901955,1.260901956
English National League,2026-08-15,11:00:00,Southend,Scunthorpe,1.85,1.95,4.2,4.5,3.85,4.4,2.16,2.42,1.7,1.87,1.67,1.84,2.2,2.48,14.5,20.0,14.5,20.0,1.01,38.0,1.01,110.0,8.2,11.0,7.2,9.6,14.0,19.0,38.0,60.0,9.6,13.0,8.0,11.0,13.0,18.0,40.0,60.0,15.5,21.0,14.0,20.0,1.01,32.0,1.01,90.0,7.8,10.5,36.0,55.0,1.01,1000.0,35917874,69719.0,18566.0,58805.0,1.260901414,1.260901417,1.260901461,1.260901462,1.01,1000.0,1.01,20.0,14.5,19.5,1.05,1.07,4.3,5.6,1.23,1.3,1.28,1.31,2.06,2.18,1.3,1.35,1.260901463,1.260901424,1.260901415,1.260901416
Norwegian 1st Division,2026-08-15,11:00:00,Lyn,Odds BK,2.86,3.15,2.2,2.38,4.2,4.7,2.78,3.45,1.4,1.57,1.11,970.0,1.11,970.0,1.01,1000.0,1.01,1000.0,1.01,1000.0,21.0,40.0,1.01,1000.0,8.2,1000.0,8.8,1000.0,1.01,1000.0,19.0,36.0,10.0,19.0,10.0,18.5,16.5,1000.0,1.01,1000.0,18.5,36.0,19.0,38.0,1.01,1000.0,1.01,18.0,1.01,11.5,95.0,1000.0,35924065,31318.0,10833201.0,58805.0,1.260968754,1.260968757,1.260968801,1.260968802,1.01,1000.0,1.01,20.0,1.15,110.0,1.02,1.18,2.78,9.6,1.11,1.18,1.72,1.84,1.46,1.54,1.27,1.32,1.260968803,1.260968764,1.260968755,1.260968756
Scottish League One,2026-08-15,11:00:00,Alloa,Montrose,2.06,2.34,3.3,3.95,3.45,3.95,1.95,2.24,1.81,2.06,1.11,970.0,1.11,970.0,12.0,18.5,11.0,15.5,1.01,28.0,1.01,75.0,9.0,11.5,7.2,9.0,11.5,16.0,1.01,48.0,11.5,15.0,9.4,12.0,14.5,18.5,1.01,60.0,8.8,29.0,18.0,23.0,1.01,38.0,1.01,100.0,13.0,16.5,1.01,40.0,1.01,1000.0,35917744,203715.0,674746.0,58805.0,1.260902707,1.260902717,1.260902706,1.260902716,2.72,1000.0,1.01,1.58,12.0,17.0,1.06,1.09,3.7,4.7,1.27,1.37,1.34,1.43,1.76,1.95,1.33,1.41,1.260902698,1.260902710,1.260902711,1.260902721
Scottish League Two,2026-08-15,11:00:00,Forfar,Stirling,2.4,2.78,2.68,3.35,3.2,4.8,2.1,2.14,1.87,1.91,1.11,1000.0,1.11,1000.0,1.01,1000.0,1.01,1000.0,1.01,1000.0,1.01,1000.0,1.01,1000.0,1.01,1000.0,1.01,1000.0,1.01,1000.0,1.01,1000.0,1.01,1000.0,1.01,1000.0,1.01,1000.0,1.01,1000.0,1.01,1000.0,1.01,1000.0,1.01,1000.0,1.01,1000.0,1.01,1000.0,1.01,1000.0,35917915,729805.0,729811.0,58805.0,1.260903339,1.260903349,1.260903338,1.260903348,1.01,1000.0,1.01,20.0,3.7,110.0,1.01,1.37,3.7,95.0,1.01,1.37,1.42,1.6,1.56,1.72,1.26,1.45,1.260903330,1.260903342,1.260903343,1.260903353
Scottish League Two,2026-08-15,11:00:00,Dumbarton,Edinburgh City,1.9,2.6,2.7,3.85,3.35,9.6,1.86,2.5,1.67,2.16,1.11,1000.0,1.11,1000.0,1.01,1000.0,1.01,1000.0,1.01,1000.0,1.01,1000.0,1.01,1000.0,1.01,1000.0,1.01,1000.0,1.01,1000.0,1.01,1000.0,1.01,1000.0,1.01,1000.0,1.01,1000.0,1.01,1000.0,1.01,1000.0,1.01,1000.0,1.01,1000.0,1.01,1000.0,1.01,1000.0,1.01,1000.0,35917913,2152.0,615040.0,58805.0,1.260903459,1.260903508,1.260903457,1.260903505,2.92,4.5,1.28,1.52,2.82,990.0,1.01,1.55,2.82,110.0,1.01,1.55,1.35,1.59,1.63,2.1,1.11,1.42,1.260903441,1.260903466,1.260903473,1.260903535
Scottish League Two,2026-08-15,11:00:00,Annan,Clyde,3.35,4.0,2.0,2.28,3.55,4.1,2.1,2.54,1.65,1.91,1.11,970.0,1.11,970.0,1.01,1000.0,1.01,15.0,8.8,19.0,15.0,34.0,10.5,21.0,5.8,11.5,7.2,15.0,14.0,29.0,16.0,38.0,1.01,20.0,1.01,23.0,1.01,46.0,1.01,90.0,1.01,55.0,1.02,60.0,1.01,100.0,19.0,48.0,1.01,17.5,1.01,1000.0,35917912,11386623.0,328050.0,58805.0,1.260903647,1.260903657,1.260903646,1.260903656,2.78,4.6,1.28,1.56,3.3,24.0,1.04,1.12,2.82,24.0,1.04,1.43,1.78,2.0,1.33,1.43,1.32,1.4,1.260903638,1.260903650,1.260903651,1.260903661
Scottish League Two,2026-08-15,11:00:00,Stranraer,Spartans,2.76,3.2,2.5,2.82,3.3,3.75,1.86,2.04,1.98,2.18,1.74,1.91,2.1,2.34,10.0,15.5,9.0,11.5,13.5,18.5,6.4,46.0,9.8,13.0,6.6,8.2,10.0,13.0,6.0,44.0,15.0,21.0,4.8,14.0,14.5,18.5,6.4,50.0,6.6,60.0,6.0,46.0,6.4,55.0,6.8,110.0,6.0,46.0,19.5,34.0,7.4,1000.0,35918360,122903.0,66266.0,58805.0,1.260904266,1.260904276,1.260904265,1.260904275,1.05,1000.0,1.01,110.0,11.0,15.5,1.07,1.1,3.5,4.1,1.33,1.4,1.54,1.67,1.45,1.57,1.37,1.44,1.260904257,1.260904269,1.260904270,1.260904280
English National League,2026-08-15,11:00:00,Yeovil,Carlisle,3.9,4.9,1.94,2.04,3.6,4.0,1.9,2.14,1.87,2.12,1.11,1000.0,1.11,1000.0,1.01,1000.0,1.01,1000.0,1.01,1000.0,1.01,1000.0,1.01,1000.0,1.01,1000.0,1.01,1000.0,1.01,1000.0,1.01,1000.0,1.01,1000.0,1.01,1000.0,1.01,1000.0,1.01,1000.0,1.01,1000.0,1.01,1000.0,1.01,1000.0,1.01,1000.0,1.01,1000.0,1.01,1000.0,35917872,132555.0,18561.0,58805.0,1.260901630,1.260901633,1.260901677,1.260901678,2.78,4.3,1.31,1.56,1.15,110.0,1.01,1.45,3.2,100.0,1.01,1.45,1.96,2.14,1.26,1.35,1.33,1.39,1.260901679,1.260901640,1.260901631,1.260901632
German 3 Liga,2026-08-15,11:30:00,Verl,Duisburg,2.96,3.3,2.26,2.46,3.7,4.5,2.18,2.62,1.61,1.85,1.53,10.5,1.11,970.0,1.01,1000.0,1.01,18.0,1.01,1000.0,1.01,40.0,11.0,1000.0,1.01,1000.0,8.4,1000.0,1.01,1000.0,16.5,1000.0,1.01,17.5,10.5,19.5,1.01,40.0,1.01,1000.0,1.01,40.0,1.01,1000.0,1.01,80.0,1.01,1000.0,1.01,17.5,1.01,1000.0,35922538,4901988.0,210943.0,58805.0,1.260944847,1.260944850,1.260944894,1.260944895,1.01,1000.0,1.01,20.0,4.5,110.0,1.01,1.28,4.5,6.4,1.19,1.28,1.68,1.8,1.44,1.52,1.28,1.38,1.260944896,1.260944857,1.260944848,1.260944849
Portuguese Segunda Liga,2026-08-15,11:30:00,Sporting Lisbon B,Chaves,2.52,2.9,2.66,3.1,3.35,4.4,1.86,2.06,1.94,2.18,1.69,1.9,1.01,970.0,1.01,1000.0,1.01,1000.0,1.01,1000.0,1.01,1000.0,1.01,1000.0,1.01,1000.0,1.01,1000.0,1.01,1000.0,1.01,1000.0,1.01,1000.0,1.01,1000.0,1.01,1000.0,1.01,1000.0,1.01,1000.0,1.01,1000.0,1.01,1000.0,1.01,1000.0,1.01,1000.0,1.01,1000.0,35921537,10071727.0,311029.0,58805.0,1.260938294,1.260938297,1.260938341,1.260938342,2.72,4.2,1.32,1.58,3.4,110.0,1.01,1.41,3.4,100.0,1.3,1.41,1.48,1.6,1.52,1.65,1.3,1.42,1.260938343,1.260938304,1.260938295,1.260938296
Hungarian NB I,2026-08-15,11:30:00,Ujpest,MTK Budapest,1.95,2.28,3.4,4.3,3.7,5.2,2.32,3.4,1.42,1.75,1.42,1.74,1.12,970.0,1.01,1000.0,1.01,1000.0,1.01,1000.0,1.01,1000.0,1.01,1000.0,1.01,1000.0,1.01,1000.0,1.01,1000.0,1.01,1000.0,1.01,1000.0,1.01,1000.0,1.01,1000.0,1.01,1000.0,1.01,1000.0,1.01,1000.0,1.01,1000.0,1.01,1000.0,1.01,1000.0,1.01,1000.0,35927447,521199.0,473659.0,58805.0,1.261002017,1.261002020,1.261002064,1.261002065,1.01,1000.0,1.01,20.0,1.15,110.0,1.01,990.0,2.32,100.0,1.15,1.59,1.3,1.42,1.78,2.06,1.23,1.38,1.261002066,1.261002027,1.261002018,1.261002019
Dutch Eredivisie,2026-08-15,11:30:00,Willem II,NEC Nijmegen,5.1,5.5,1.65,1.69,4.6,5.0,2.74,3.15,1.47,1.57,1.58,1.67,2.48,2.7,7.0,36.0,12.5,14.5,11.5,14.5,15.0,18.0,6.8,29.0,10.0,12.5,9.4,12.5,13.5,16.0,6.8,55.0,18.0,22.0,15.0,18.0,20.0,26.0,7.4,130.0,7.0,65.0,40.0,55.0,7.0,75.0,7.2,46.0,5.3,6.4,7.8,450.0,35920355,48455.0,48456.0,58805.0,1.260932398,1.260932408,1.260932397,1.260932407,1.2,110.0,1.23,1.5,20.0,46.0,1.03,1.05,6.2,7.4,1.16,1.18,2.44,2.54,1.22,1.24,1.25,1.28,1.260932389,1.260932401,1.260932402,1.260932412
Portuguese Primeira Liga,2026-08-15,11:30:00,Alverca,Club Football Estrela,2.26,2.34,3.6,3.85,3.3,3.45,1.71,1.8,2.24,2.42,1.94,2.06,1.95,2.06,10.0,13.5,10.5,12.0,17.5,26.0,6.8,90.0,7.4,8.6,6.8,8.8,14.0,16.5,6.6,55.0,11.5,15.5,10.0,11.5,18.5,24.0,6.6,75.0,26.0,36.0,6.0,32.0,6.4,55.0,7.0,150.0,21.0,25.0,6.6,70.0,7.4,1000.0,35922505,48789.0,36362918.0,58805.0,1.260944423,1.260944426,1.260944470,1.260944471,1.01,110.0,1.01,110.0,10.0,11.5,1.09,1.11,3.15,3.4,1.42,1.46,1.35,1.39,1.74,1.8,1.41,1.43,1.260944472,1.260944433,1.260944424,1.260944425
Dutch Eerste Divisie,2026-08-15,11:30:00,FC Volendam,FC Oss,1.41,1.47,7.6,10.5,5.0,6.4,2.5,2.94,1.51,1.66,1.73,1.96,2.04,2.36,1.02,32.0,1.01,38.0,1.01,90.0,1.01,270.0,8.4,13.0,1.01,15.0,1.01,34.0,1.01,120.0,1.01,11.5,1.01,12.5,17.0,27.0,1.01,100.0,9.8,14.5,1.01,15.0,21.0,32.0,1.01,120.0,4.1,5.8,1.01,120.0,1.01,1000.0,35935395,14170968.0,4987328.0,58805.0,1.261075235,1.261075238,1.261075282,1.261075283,1.01,1000.0,1.01,20.0,5.4,110.0,1.01,1.15,5.4,7.2,1.16,1.23,1.11,1.16,3.1,3.45,1.18,1.25,1.261075284,1.261075245,1.261075236,1.261075237
Austrian Bundesliga,2026-08-15,12:00:00,SC Austria Lustenau,RZ Pellets WAC,3.7,4.7,1.98,2.18,3.5,4.5,1.88,2.06,1.95,2.14,1.67,2.14,1.88,2.48,1.01,1000.0,1.01,1000.0,1.01,1000.0,1.01,1000.0,1.01,1000.0,1.01,1000.0,1.01,1000.0,1.01,1000.0,1.01,1000.0,1.01,1000.0,1.01,1000.0,1.01,1000.0,1.01,1000.0,1.01,1000.0,1.01,1000.0,1.01,1000.0,1.01,1000.0,1.01,1000.0,1.01,1000.0,35920783,8522727.0,6491604.0,58805.0,1.260933370,1.260933373,1.260933417,1.260933418,1.01,1000.0,1.01,20.0,3.05,18.0,1.06,1.49,3.05,18.0,1.32,1.49,1.84,2.04,1.27,1.38,1.28,1.4,1.260933419,1.260933380,1.260933371,1.260933372
Ukrainian Premier League,2026-08-15,12:00:00,Karpaty,FC Bukovyna,1.68,1.81,5.9,7.0,3.45,3.9,1.67,1.8,2.24,2.58,2.12,2.4,1.72,1.89,8.4,12.5,14.0,17.5,42.0,60.0,180.0,260.0,5.7,7.0,6.6,9.8,21.0,30.0,100.0,140.0,7.0,9.6,8.8,12.0,22.0,28.0,100.0,150.0,13.5,19.0,18.5,26.0,42.0,60.0,140.0,230.0,11.5,16.0,160.0,240.0,95.0,1000.0,35932270,2017824.0,19510124.0,58805.0,1.261049507,1.261049517,1.261049506,1.261049516,2.28,3.5,1.4,1.77,9.2,11.5,1.09,1.12,2.92,3.4,1.42,1.53,1.16,1.21,2.22,2.46,1.34,1.41,1.261049498,1.261049510,1.261049511,1.261049521
Czech 1 Liga,2026-08-15,12:00:00,Slovacko,Sigma Olomouc,3.1,3.85,2.32,2.76,3.2,3.6,1.71,2.1,1.91,2.4,1.64,10.5,1.11,970.0,1.01,1000.0,1.01,1000.0,1.01,1000.0,1.01,1000.0,1.01,1000.0,1.01,1000.0,1.01,1000.0,1.01,1000.0,1.01,1000.0,1.01,1000.0,1.01,1000.0,1.01,1000.0,1.01,1000.0,1.01,1000.0,1.01,1000.0,1.01,1000.0,1.01,1000.0,1.01,1000.0,1.01,1000.0,35922599,1533861.0,50337.0,58805.0,1.260945155,1.260945158,1.260945202,1.260945203,2.6,3.9,1.34,1.63,1.15,110.0,1.01,7.8,2.8,4.2,1.31,1.56,1.62,1.76,1.39,1.48,1.38,1.46,1.260945204,1.260945165,1.260945156,1.260945157
Swedish Superettan,2026-08-15,12:00:00,Sandvikens IF,Norrkoping,3.8,4.2,1.91,2.04,3.9,4.4,2.3,2.64,1.6,1.76,1.58,1.71,1.11,2.74,1.01,1000.0,9.0,1000.0,10.0,18.0,16.0,1000.0,1.01,1000.0,1.01,1000.0,7.6,1000.0,1.01,1000.0,1.01,40.0,1.01,21.0,1.01,1000.0,19.0,36.0,1.01,90.0,1.01,1000.0,1.01,1000.0,1.01,85.0,1.01,40.0,7.0,1000.0,1.01,1000.0,35921118,804922.0,30683.0,58805.0,1.260935780,1.260935790,1.260935779,1.260935789,1.01,1000.0,1.01,20.0,4.7,110.0,1.01,1.27,4.7,6.0,1.2,1.28,1.96,2.1,1.31,1.36,1.3,1.34,1.260935771,1.260935783,1.260935784,1.260935794
Czech 1 Liga,2026-08-15,12:00:00,Pardubice,Mlada Boleslav,2.32,2.34,3.15,3.5,3.75,4.0,2.06,2.82,1.55,1.94,1.11,970.0,1.11,970.0,1.01,1000.0,1.01,1000.0,1.01,1000.0,1.01,1000.0,1.01,1000.0,1.01,1000.0,1.01,1000.0,1.01,1000.0,1.01,1000.0,1.01,1000.0,1.01,1000.0,1.01,1000.0,1.01,1000.0,1.01,1000.0,1.01,1000.0,1.01,1000.0,1.01,1000.0,1.01,1000.0,1.01,1000.0,35921020,4940265.0,886284.0,58805.0,1.260935591,1.260935594,1.260935638,1.260935639,1.01,1000.0,1.01,20.0,2.44,110.0,1.01,1.3,2.44,100.0,1.2,1.69,1.43,1.47,1.74,1.77,1.33,1.37,1.260935640,1.260935601,1.260935592,1.260935593
Czech 2 Liga,2026-08-15,12:00:00,FK Pribram,Prostejov,1.86,1.99,4.3,4.9,3.55,4.1,1.99,2.32,1.82,2.02,1.67,2.04,2.1,2.32,1.01,1000.0,11.0,23.0,8.8,48.0,8.8,1000.0,6.2,13.0,5.6,11.5,12.0,25.0,8.8,75.0,8.0,17.0,6.8,14.5,8.8,25.0,8.8,85.0,8.8,30.0,8.8,28.0,8.8,48.0,8.8,1000.0,8.4,17.5,8.8,85.0,85.0,1000.0,35931723,4142630.0,6607086.0,58805.0,1.261048362,1.261048407,1.261048446,1.261048371,1.01,1000.0,1.01,1000.0,11.5,18.0,1.06,1.1,3.9,4.5,1.29,1.35,1.25,1.3,2.0,2.18,1.32,1.4,1.261048363,1.261048365,1.261048366,1.261048410
Czech 1 Liga,2026-08-15,12:00:00,Sparta Prague,Teplice,1.38,1.46,9.0,11.5,5.0,6.2,2.3,2.6,1.63,1.77,1.11,2.0,2.0,110.0,1.01,1000.0,1.01,1000.0,1.01,1000.0,1.01,1000.0,1.01,1000.0,1.01,1000.0,1.01,1000.0,1.01,1000.0,1.01,1000.0,1.01,1000.0,1.01,1000.0,1.01,1000.0,1.01,1000.0,1.01,1000.0,1.01,1000.0,1.01,1000.0,1.01,1000.0,1.01,1000.0,1.01,1000.0,35918434,110475.0,174264.0,58805.0,1.260906184,1.260906194,1.260906183,1.260906193,1.01,1000.0,1.01,20.0,13.5,36.0,1.03,1.07,2.28,6.2,1.19,1.7,1.09,1.13,3.2,3.65,1.19,1.25,1.260906175,1.260906187,1.260906188,1.260906198
Swedish Superettan,2026-08-15,12:00:00,Falkenbergs,Norrby IF,1.88,1.99,3.9,4.4,3.9,4.3,2.32,2.5,1.67,1.76,1.64,1.74,2.36,2.56,16.0,25.0,16.5,19.0,1.01,34.0,1.01,80.0,10.5,12.0,8.4,9.6,14.5,17.0,1.01,44.0,12.0,14.0,9.4,11.0,14.5,17.0,1.01,46.0,19.0,22.0,16.0,18.5,1.01,29.0,1.01,70.0,8.8,10.0,1.01,38.0,1.01,1000.0,35920327,780883.0,778921.0,58805.0,1.260931550,1.260931553,1.260931597,1.260931598,1.01,1000.0,1.01,1000.0,4.9,25.0,1.04,1.07,4.8,5.4,1.22,1.27,1.3,1.35,2.0,2.14,1.3,1.35,1.260931599,1.260931560,1.260931551,1.260931552
Spanish Segunda Division,2026-08-15,12:00:00,FC Andorra,AD Ceuta FC,1.75,1.85,4.8,5.4,3.9,4.2,2.04,2.16,1.86,1.97,1.82,1.95,2.06,2.22,14.5,20.0,16.0,22.0,4.2,48.0,4.5,140.0,8.0,11.0,8.2,11.0,17.0,24.0,4.3,75.0,10.0,13.5,9.0,12.5,17.0,24.0,4.3,65.0,16.5,23.0,16.0,23.0,4.0,34.0,4.4,120.0,8.2,13.0,4.4,80.0,4.6,1000.0,35898578,46845986.0,8179917.0,58805.0,1.260729800,1.260729803,1.260729847,1.260729848,3.0,110.0,1.01,1.49,12.5,18.0,1.06,1.08,4.0,4.4,1.29,1.34,1.23,1.27,2.16,2.34,1.31,1.35,1.260729849,1.260729810,1.260729801,1.260729802
Hungarian NB I,2026-08-15,12:30:00,Nyiregyhaza,Kisvarda,1.77,2.08,3.5,5.7,2.9,6.8,1.8,2.3,1.76,2.24,1.64,10.5,1.89,110.0,1.01,1000.0,1.01,1000.0,1.01,1000.0,1.01,1000.0,1.01,1000.0,1.01,1000.0,1.01,1000.0,1.01,1000.0,1.01,1000.0,1.01,1000.0,1.01,1000.0,1.01,1000.0,1.01,1000.0,1.01,1000.0,1.01,1000.0,1.01,1000.0,1.01,1000.0,1.01,1000.0,1.01,1000.0,35927448,886335.0,7670420.0,58805.0,1.261001927,1.261001930,1.261001974,1.261001975,2.8,4.4,1.3,1.55,2.84,110.0,1.01,1.54,2.84,4.5,1.3,1.54,1.22,1.4,1.92,2.3,1.19,1.51,1.261001976,1.261001937,1.261001928,1.261001929
Polish Ekstraklasa,2026-08-15,12:30:00,Piast Gliwice,Wieczysta Krakow,2.08,2.26,3.3,3.85,3.65,4.1,1.94,2.54,1.65,2.06,1.53,1.91,2.08,2.86,1.01,1000.0,10.0,21.0,16.5,38.0,1.01,85.0,7.6,15.5,5.8,12.5,9.6,21.0,1.01,50.0,9.6,21.0,7.2,15.5,10.5,23.0,1.01,60.0,17.5,38.0,14.0,30.0,1.01,46.0,1.01,100.0,8.8,19.0,1.01,46.0,1.01,1000.0,35931815,3157365.0,12778552.0,58805.0,1.261044454,1.261044457,1.261044501,1.261044502,1.01,1000.0,1.01,20.0,12.0,26.0,1.04,1.09,3.9,6.0,1.23,1.33,1.35,1.44,1.79,1.93,1.33,1.38,1.261044503,1.261044464,1.261044455,1.261044456
Romanian Liga I,2026-08-15,12:30:00,Csikszereda,ACS Sepsi OSK,2.88,4.0,2.14,2.96,2.98,950.0,1.55,1.87,2.16,2.8,1.11,1000.0,1.11,1000.0,1.01,1000.0,1.01,1000.0,1.01,1000.0,1.01,1000.0,1.01,1000.0,1.01,1000.0,1.01,1000.0,1.01,1000.0,1.01,1000.0,1.01,1000.0,1.01,1000.0,1.01,1000.0,1.01,1000.0,1.01,1000.0,1.01,1000.0,1.01,1000.0,1.01,1000.0,1.01,1000.0,1.01,1000.0,35898633,8886239.0,8916863.0,58805.0,1.260734633,1.260734644,1.260734632,1.260734643,1.2,110.0,1.01,110.0,2.4,110.0,1.01,1.71,2.4,100.0,1.44,1.71,1.51,1.82,1.34,1.53,1.27,1.51,1.260734623,1.260734636,1.260734637,1.260734648
Finnish Veikkausliiga,2026-08-15,13:00:00,IFK Mariehamn,SJK,6.2,7.0,1.49,1.54,5.1,5.6,2.72,3.3,1.43,1.58,1.57,1.77,2.28,2.76,6.8,1000.0,10.0,17.0,8.4,15.0,11.0,18.5,3.4,46.0,9.2,15.5,8.0,13.0,10.0,17.5,3.5,85.0,16.5,34.0,14.0,25.0,16.5,36.0,3.65,1000.0,3.55,100.0,3.5,85.0,3.55,100.0,3.5,85.0,4.2,5.9,3.65,1000.0,35921582,1099216.0,5418845.0,58805.0,1.260938732,1.260938735,1.260938779,1.260938780,1.01,1000.0,1.01,1000.0,17.5,55.0,1.02,1.05,5.4,8.6,1.13,1.18,2.84,3.05,1.17,1.19,1.21,1.24,1.260938781,1.260938742,1.260938733,1.260938734
Slovenian Premier League,2026-08-15,13:00:00,Nafta Lendava,NK Celje,3.75,5.9,1.67,1.96,3.65,7.6,2.32,3.35,1.42,1.76,1.11,10.5,1.11,970.0,1.01,1000.0,1.01,1000.0,1.01,1000.0,1.01,1000.0,1.01,1000.0,1.01,1000.0,1.01,1000.0,1.01,1000.0,1.01,1000.0,1.01,1000.0,1.01,1000.0,1.01,1000.0,1.01,1000.0,1.01,1000.0,1.01,1000.0,1.01,1000.0,1.01,1000.0,1.01,1000.0,1.01,1000.0,35921638,11737246.0,3188553.0,58805.0,1.260939910,1.260939913,1.260939957,1.260939958,1.01,1000.0,1.01,20.0,1.15,110.0,1.01,1.29,1.1,7.8,1.15,1.29,2.04,2.5,1.2,1.37,1.16,1.38,1.260939959,1.260939920,1.260939911,1.260939912
Turkish Super League,2026-08-15,13:00:00,Kasimpasa,Trabzonspor,4.2,4.7,1.89,2.02,3.7,4.0,2.04,2.26,1.79,1.97,1.71,1.88,2.14,2.4,14.5,17.5,8.6,10.5,10.5,13.5,18.5,23.0,14.0,17.5,7.4,9.2,9.0,11.0,16.5,21.0,20.0,48.0,14.5,18.0,14.5,18.0,20.0,48.0,8.6,110.0,8.0,75.0,32.0,55.0,8.6,110.0,30.0,55.0,10.0,12.5,9.4,1000.0,35868884,2080735.0,113125.0,58805.0,1.260454104,1.260454135,1.260454099,1.260454134,3.0,110.0,1.01,1.49,14.0,18.0,1.06,1.08,4.0,4.6,1.28,1.33,1.98,2.14,1.27,1.32,1.33,1.38,1.260454079,1.260454128,1.260454129,1.260454139
Czech 2 Liga,2026-08-15,13:00:00,H Slavia Kromeriz,Vysocina Jihlava,2.44,2.8,2.82,3.35,3.25,3.7,1.83,2.04,1.96,2.22,1.11,1000.0,1.11,1000.0,1.01,1000.0,1.01,1000.0,1.01,1000.0,1.01,1000.0,1.01,1000.0,1.01,1000.0,1.01,1000.0,1.01,1000.0,1.01,1000.0,1.01,1000.0,1.01,1000.0,1.01,1000.0,1.01,1000.0,1.01,1000.0,1.01,1000.0,1.01,1000.0,1.01,1000.0,1.01,1000.0,1.01,1000.0,35931708,14998691.0,770021.0,58805.0,1.261048770,1.261048866,1.261048914,1.261048820,2.52,4.1,1.33,1.65,3.15,110.0,1.01,1.41,3.15,100.0,1.01,1.41,1.42,1.55,1.55,1.7,1.37,1.45,1.261048777,1.261048780,1.261048783,1.261048873
Czech 2 Liga,2026-08-15,13:00:00,MAS Taborsko,SFC Opava,2.0,2.32,3.45,4.7,3.15,4.8,1.73,1.98,2.02,2.38,1.11,1000.0,1.11,1000.0,1.01,1000.0,1.01,1000.0,1.01,1000.0,1.01,1000.0,1.01,1000.0,1.01,1000.0,1.01,1000.0,1.01,1000.0,1.01,1000.0,1.01,1000.0,1.01,1000.0,1.01,1000.0,1.01,1000.0,1.01,1000.0,1.01,1000.0,1.01,1000.0,1.01,1000.0,1.01,1000.0,1.01,1000.0,35931703,6998410.0,6247170.0,58805.0,1.261049232,1.261049277,1.261049316,1.261049241,2.5,3.9,1.35,1.66,3.0,110.0,1.01,1.44,3.0,110.0,1.01,1.44,1.27,1.41,1.76,1.99,1.27,1.47,1.261049233,1.261049235,1.261049236,1.261049280
Turkish Super League,2026-08-15,13:00:00,Konyaspor,Rizespor,2.42,2.62,3.0,3.3,3.35,3.55,1.96,2.1,1.91,2.04,1.73,1.83,2.2,2.38,13.0,15.0,11.0,13.0,18.5,30.0,10.5,70.0,9.6,11.0,7.0,8.2,11.5,14.0,9.6,50.0,14.5,17.0,10.0,12.0,14.0,16.5,30.0,60.0,9.6,50.0,8.8,38.0,9.8,55.0,11.5,100.0,12.5,21.0,9.2,42.0,13.0,1000.0,35868885,482032.0,113643.0,58805.0,1.260453978,1.260453988,1.260453977,1.260453987,3.0,110.0,1.01,1.49,12.0,15.5,1.07,1.09,3.8,4.2,1.31,1.36,1.43,1.5,1.61,1.7,1.39,1.43,1.260453969,1.260453981,1.260453982,1.260453992
Uruguayan Primera Division,2026-08-15,13:00:00,Juventud De Las Piedras,Torque,2.46,2.7,2.96,3.6,3.2,3.65,1.64,1.99,2.02,2.54,1.67,2.18,1.86,10.5,2.62,180.0,2.9,300.0,3.35,1000.0,9.8,1000.0,2.34,210.0,2.02,160.0,7.0,1000.0,9.2,1000.0,7.6,1000.0,2.5,230.0,3.9,1000.0,9.8,1000.0,9.2,1000.0,8.6,1000.0,9.6,1000.0,10.0,1000.0,1.01,1000.0,1.01,1000.0,1.01,1000.0,35923731,8947595.0,9459683.0,58805.0,1.260961519,1.260961529,1.260961518,1.260961528,2.62,3.9,1.34,1.62,1.15,110.0,1.01,7.8,2.84,3.9,1.34,1.55,1.39,1.51,1.58,1.69,1.37,1.46,1.260961510,1.260961522,1.260961523,1.260961533
Slovakian Super League,2026-08-15,13:00:00,MFk Skalica,FC Kosice,3.2,3.8,2.08,2.34,3.75,4.2,2.14,2.46,1.68,1.88,1.11,1000.0,1.11,1000.0,1.01,1000.0,1.01,1000.0,1.01,1000.0,1.01,1000.0,1.01,1000.0,1.01,1000.0,1.01,1000.0,1.01,1000.0,1.01,1000.0,1.01,1000.0,1.01,1000.0,1.01,1000.0,1.01,1000.0,1.01,1000.0,1.01,1000.0,1.01,1000.0,1.01,1000.0,1.01,1000.0,1.01,1000.0,35921596,12690369.0,1539445.0,58805.0,1.260939410,1.260939420,1.260939409,1.260939419,1.01,1000.0,1.01,20.0,1.15,110.0,1.01,7.4,2.82,100.0,1.24,1.55,1.74,1.93,1.36,1.46,1.31,1.37,1.260939401,1.260939413,1.260939414,1.260939424
Slovakian Super League,2026-08-15,13:00:00,Slovan Bratislava,Ruzomberok,1.35,1.42,8.4,10.5,5.4,6.2,2.5,2.86,1.54,1.67,1.88,2.08,1.92,2.14,1.01,32.0,1.01,36.0,1.01,100.0,1.01,340.0,7.8,11.0,9.8,14.0,1.01,36.0,1.01,150.0,7.0,10.0,8.0,11.5,18.5,32.0,1.01,120.0,8.6,12.5,10.5,15.0,1.01,34.0,1.01,140.0,4.3,5.8,1.01,170.0,1.01,1000.0,35917860,46933.0,52764.0,58805.0,1.260902487,1.260902497,1.260902486,1.260902496,3.9,5.3,1.23,1.35,1.15,38.0,1.03,1.15,5.3,6.6,1.18,1.23,1.1,1.14,3.4,3.9,1.2,1.23,1.260902478,1.260902490,1.260902491,1.260902501
Slovakian Super League,2026-08-15,13:00:00,Dukla Banska Bystrica,Zilina,4.4,7.4,1.46,1.87,3.75,13.5,2.12,2.88,1.53,1.9,1.11,1000.0,1.11,1000.0,1.01,1000.0,1.01,1000.0,1.01,1000.0,1.01,1000.0,1.01,1000.0,1.01,1000.0,1.01,1000.0,1.01,1000.0,1.01,1000.0,1.01,1000.0,1.01,1000.0,1.01,1000.0,1.01,1000.0,1.01,1000.0,1.01,1000.0,1.01,1000.0,1.01,1000.0,1.01,1000.0,1.01,1000.0,35927234,8517600.0,189806.0,58805.0,1.261010449,1.261010459,1.261010448,1.261010458,1.01,1000.0,1.01,20.0,2.12,110.0,1.01,1.3,2.12,100.0,1.2,1.3,2.16,3.15,1.16,1.29,1.1,1.36,1.261010440,1.261010452,1.261010453,1.261010463
Turkish 1 Lig,2026-08-15,13:00:00,Fatih Karagumruk Istanbul,Umraniyespor,1.04,110.0,1.04,110.0,1.06,110.0,1.12,110.0,1.35,110.0,1.01,1000.0,1.01,1000.0,1.01,1000.0,1.01,1000.0,1.01,1000.0,1.01,1000.0,1.01,1000.0,1.01,1000.0,1.01,1000.0,1.01,1000.0,1.01,1000.0,1.01,1000.0,1.01,1000.0,1.01,1000.0,1.01,1000.0,1.01,1000.0,1.01,1000.0,1.01,1000.0,1.01,1000.0,1.01,1000.0,1.01,1000.0,35938674,10472882.0,6250160.0,58805.0,1.261102445,1.261102448,1.261102492,1.261102493,1.01,1000.0,1.01,1000.0,1.01,1000.0,1.01,110.0,1.12,110.0,1.35,110.0,1.01,36.0,1.01,36.0,1.01,110.0,1.261102494,1.261102455,1.261102446,1.261102447
Saudi Professional League,2026-08-15,13:15:00,Al-Taawoun Buraidah,Al-Khaleej Saihat,1.85,2.04,3.8,4.5,3.45,5.2,2.28,990.0,1.44,1.77,1.54,10.5,1.11,970.0,1.01,1000.0,1.01,1000.0,1.01,1000.0,1.01,1000.0,1.01,1000.0,1.01,1000.0,1.01,1000.0,1.01,1000.0,1.01,1000.0,1.01,1000.0,1.01,1000.0,1.01,1000.0,1.01,1000.0,1.01,1000.0,1.01,1000.0,1.01,1000.0,1.01,1000.0,1.01,1000.0,1.01,1000.0,35917917,12157288.0,10369569.0,58805.0,1.260903982,1.260903992,1.260903981,1.260903991,1.2,110.0,1.01,110.0,12.0,36.0,1.03,1.08,2.28,34.0,1.18,1.28,1.29,1.36,1.96,2.18,1.28,1.41,1.260903973,1.260903985,1.260903986,1.260903996
Welsh Premiership,2026-08-15,13:15:00,Caernarfon Town,Colwyn Bay,2.52,3.15,2.46,2.94,3.35,5.1,2.06,2.42,1.71,1.93,1.11,1000.0,1.11,1000.0,1.01,1000.0,1.01,1000.0,1.01,1000.0,1.01,1000.0,1.01,1000.0,1.01,1000.0,1.01,1000.0,1.01,1000.0,1.01,1000.0,1.01,1000.0,1.01,1000.0,1.01,1000.0,1.01,1000.0,1.01,1000.0,1.01,1000.0,1.01,1000.0,1.01,1000.0,1.01,1000.0,1.01,1000.0,35928976,3664465.0,2662205.0,58805.0,1.261014588,1.261014591,1.261014635,1.261014636,1.01,1000.0,1.01,20.0,5.5,110.0,1.01,1.23,4.1,110.0,1.25,1.32,1.51,1.69,1.47,1.66,1.24,1.43,1.261014637,1.261014598,1.261014589,1.261014590
Dutch Eredivisie,2026-08-15,13:45:00,FC Utrecht,Az Alkmaar,2.8,2.9,2.5,2.58,3.85,4.1,2.42,2.66,1.6,1.7,1.57,1.62,2.6,2.76,19.5,24.0,13.0,16.0,16.5,21.0,7.6,36.0,14.5,17.0,8.2,9.2,10.5,13.0,20.0,25.0,19.0,24.0,11.5,14.0,13.0,15.5,7.4,32.0,8.0,44.0,7.2,29.0,7.6,34.0,8.4,60.0,14.5,18.5,12.0,15.0,9.6,460.0,35914718,50349.0,9220660.0,58805.0,1.260874938,1.260874941,1.260874985,1.260874986,1.2,110.0,1.01,110.0,15.0,26.0,1.04,1.07,5.1,6.0,1.21,1.24,1.63,1.66,1.53,1.56,1.33,1.36,1.260874987,1.260874948,1.260874939,1.260874940
Icelandic Urvalsdeild,2026-08-15,14:00:00,Thor,Keflavik,0.0,0.0,0.0,0.0,0.0,0.0,1.25,990.0,1.08,5.4,1.11,1000.0,1.11,1000.0,1.01,1000.0,1.01,1000.0,1.01,1000.0,1.01,1000.0,1.01,1000.0,1.01,1000.0,1.01,1000.0,1.01,1000.0,1.01,1000.0,1.01,1000.0,1.01,1000.0,1.01,1000.0,1.01,1000.0,1.01,1000.0,1.01,1000.0,1.01,1000.0,1.01,1000.0,1.01,1000.0,1.01,1000.0,35922603,0.0,0.0,0.0,0.0,1.260945913,1.260945902,1.260945912,1.01,1000.0,1.01,20.0,1.15,1000.0,1.01,1.14,1.26,990.0,1.08,1.14,1.01,1000.0,1.01,1000.0,1.01,500.0,1.260945894,1.260945906,1.260945907,1.260945917
Serbian Super League,2026-08-15,14:00:00,Radnik Surdulica,Macva Sabac,1.62,1.75,5.2,7.6,3.85,4.4,1.86,2.12,1.89,2.18,1.91,2.14,1.89,2.1,4.6,17.0,5.0,23.0,5.8,60.0,6.2,210.0,3.65,8.4,3.85,9.6,5.1,25.0,6.0,110.0,4.1,11.5,4.1,11.5,5.0,23.0,6.0,110.0,4.7,17.5,4.8,19.5,5.6,46.0,6.2,150.0,4.2,12.5,6.2,150.0,6.4,1000.0,35924990,8860947.0,13082371.0,58805.0,1.260979052,1.260979062,1.260979051,1.260979061,2.62,4.2,1.31,1.62,3.15,21.0,1.05,1.4,3.15,13.5,1.31,1.4,1.17,1.22,2.32,2.62,1.3,1.36,1.260979043,1.260979055,1.260979056,1.260979066
Spanish Segunda Division,2026-08-15,14:00:00,Cadiz,Celta Vigo B,2.06,2.16,3.9,4.2,3.5,3.7,1.78,2.08,1.92,2.28,1.73,2.0,2.0,10.5,1.01,1000.0,1.01,1000.0,1.01,1000.0,1.01,1000.0,1.01,1000.0,1.01,1000.0,1.01,1000.0,1.01,1000.0,1.01,1000.0,1.01,1000.0,1.01,1000.0,1.01,1000.0,1.01,1000.0,1.01,1000.0,1.01,1000.0,1.01,1000.0,1.01,1000.0,1.01,1000.0,1.01,1000.0,35898599,516259.0,7583222.0,58805.0,1.260730532,1.260730535,1.260730579,1.260730580,1.2,110.0,1.01,110.0,3.15,990.0,1.03,1.42,3.15,36.0,1.32,1.42,1.31,1.35,1.86,1.95,1.37,1.4,1.260730581,1.260730542,1.260730533,1.260730534
Spanish Segunda Division,2026-08-15,14:00:00,Oviedo,Granada,1.75,1.83,5.2,5.8,3.75,3.95,1.83,1.95,2.06,2.2,1.96,2.08,1.93,2.06,10.5,15.5,13.0,19.5,4.9,48.0,5.3,170.0,7.0,9.0,7.8,9.8,16.0,25.0,5.2,90.0,9.2,12.0,8.8,11.5,4.5,25.0,5.2,95.0,14.5,22.0,4.4,23.0,4.9,46.0,5.3,160.0,9.8,15.0,5.2,120.0,5.5,1000.0,35898593,21678.0,2255452.0,58805.0,1.260730020,1.260730023,1.260730067,1.260730068,1.2,110.0,1.01,110.0,10.5,13.5,1.08,1.1,3.45,3.8,1.36,1.41,1.2,1.24,2.2,2.34,1.33,1.37,1.260730069,1.260730030,1.260730021,1.260730022
Portuguese Segunda Liga,2026-08-15,14:00:00,Torreense,Penafiel,1.75,1.91,4.5,6.8,3.45,4.0,1.64,2.1,1.91,2.54,1.94,2.14,1.88,2.08,1.01,1000.0,1.01,1000.0,1.01,1000.0,1.01,1000.0,1.01,1000.0,1.01,1000.0,1.01,1000.0,1.01,1000.0,1.01,1000.0,1.01,1000.0,1.01,1000.0,1.01,1000.0,1.01,1000.0,1.01,1000.0,1.01,1000.0,1.01,1000.0,1.01,1000.0,1.01,1000.0,1.01,1000.0,35920247,2694162.0,505984.0,58805.0,1.260929936,1.260929939,1.260929983,1.260929984,2.58,3.9,1.35,1.63,2.76,110.0,1.01,1.57,2.76,100.0,1.36,1.57,1.17,1.28,2.1,2.32,1.33,1.41,1.260929985,1.260929946,1.260929937,1.260929938
Portuguese Primeira Liga,2026-08-15,14:00:00,Academico de Viseu,Santa Clara,2.98,3.25,2.6,2.8,3.15,3.4,1.67,1.78,2.28,2.5,1.98,2.04,1.97,2.02,9.4,11.0,8.2,9.4,14.0,17.0,7.0,55.0,9.0,10.5,6.4,7.4,11.0,15.0,6.4,36.0,17.0,21.0,12.0,14.5,16.5,24.0,7.0,65.0,7.2,70.0,6.8,50.0,7.2,70.0,7.6,160.0,7.0,55.0,6.6,42.0,7.6,1000.0,35928425,7611327.0,48793.0,58805.0,1.261010963,1.261010966,1.261011010,1.261011011,1.2,110.0,1.01,110.0,9.2,12.5,1.1,1.12,3.05,3.4,1.42,1.49,1.55,1.63,1.45,1.5,1.41,1.47,1.261011012,1.261010973,1.261010964,1.261010965
Spanish La Liga,2026-08-15,14:30:00,Alaves,Getafe,2.42,2.46,4.0,4.1,2.92,2.94,1.4,1.42,3.4,3.5,2.54,2.64,1.61,1.65,6.0,6.6,8.2,9.0,23.0,25.0,38.0,110.0,6.0,6.4,6.6,7.2,17.0,19.0,75.0,85.0,11.5,13.0,12.5,13.5,28.0,32.0,42.0,130.0,34.0,38.0,38.0,44.0,70.0,95.0,110.0,320.0,44.0,55.0,85.0,150.0,90.0,1000.0,35780324,60324.0,248010.0,58805.0,1.259657159,1.259657098,1.259657158,1.259657169,0.0,0.0,0.0,0.0,6.0,6.6,1.18,1.2,2.26,2.32,1.76,1.79,0.0,0.0,0.0,0.0,0.0,0.0,0.0,0.0,1.259657164,1.259657102
Argentinian Primera Division,2026-08-15,14:30:00,Aldosivi,Tigre,3.25,3.6,2.62,2.82,2.82,3.05,1.43,1.64,2.56,3.75,1.01,2.6,1.01,1.98,2.14,1000.0,6.0,10.5,10.0,23.0,2.08,70.0,7.2,12.5,1.76,10.0,1.93,20.0,2.06,65.0,14.5,30.0,1.96,23.0,2.02,38.0,2.14,1000.0,2.1,100.0,2.08,90.0,2.14,1000.0,2.14,1000.0,2.14,1000.0,2.08,85.0,2.14,1000.0,35896904,5174666.0,2451815.0,58805.0,1.260711535,1.260711545,1.260711534,1.260711544,2.1,2.62,1.62,1.9,1.01,110.0,1.01,1.57,2.32,2.54,1.65,1.75,1.54,1.62,1.39,1.44,1.51,1.55,1.260711526,1.260711538,1.260711539,1.260711549
Austrian Bundesliga,2026-08-15,14:30:00,Sturm Graz,SCR Altach,1.72,1.82,5.3,6.4,3.7,4.2,1.81,2.32,1.76,2.22,1.01,1000.0,1.01,1000.0,1.01,1000.0,1.01,1000.0,1.01,1000.0,1.01,1000.0,1.01,1000.0,1.01,1000.0,1.01,1000.0,1.01,1000.0,1.01,1000.0,1.01,1000.0,1.01,1000.0,1.01,1000.0,1.01,1000.0,1.01,1000.0,1.01,1000.0,1.01,1000.0,1.01,1000.0,1.01,1000.0,1.01,1000.0,35914196,71085.0,872710.0,58805.0,1.260871330,1.260871333,1.260871377,1.260871378,2.8,4.3,1.31,1.55,11.0,18.0,1.06,1.1,2.84,18.0,1.29,1.41,1.18,1.24,2.2,2.4,1.31,1.38,1.260871379,1.260871340,1.260871331,1.260871332
Argentinian Primera Division,2026-08-15,14:30:00,San Lorenzo,Union Santa Fe,2.56,2.78,3.15,3.45,2.96,3.25,1.53,1.6,2.68,2.88,2.14,2.28,1.78,1.9,7.6,10.5,8.0,9.2,6.8,21.0,8.8,70.0,7.0,8.2,6.2,7.2,13.0,15.0,8.4,55.0,14.0,16.5,11.5,13.5,20.0,24.0,8.8,80.0,8.2,46.0,8.0,40.0,8.8,70.0,9.6,230.0,8.2,46.0,8.8,75.0,10.0,1000.0,35896926,194503.0,194516.0,58805.0,1.260708962,1.260708972,1.260708961,1.260708971,1.01,110.0,1.01,110.0,7.6,8.6,1.13,1.15,2.58,2.8,1.56,1.64,1.4,1.46,1.56,1.64,1.44,1.52,1.260708953,1.260708965,1.260708966,1.260708976
Saudi Professional League,2026-08-15,15:00:00,Al Nassr,Al-Fateh (KSA),1.11,1.19,1.06,1000.0,9.2,1000.0,3.65,6.2,1.19,1.38,1.76,10.5,1.73,110.0,1.01,1000.0,1.01,1000.0,1.01,1000.0,1.01,1000.0,1.01,1000.0,1.01,1000.0,1.01,1000.0,1.01,1000.0,1.01,1000.0,1.01,1000.0,1.01,1000.0,1.01,1000.0,1.01,1000.0,1.01,1000.0,1.01,1000.0,1.01,1000.0,1.01,1000.0,1.01,1000.0,1.01,1000.0,35918445,6359075.0,7196232.0,58805.0,1.260906016,1.260906026,1.260906015,1.260906025,1.2,110.0,1.01,110.0,3.6,110.0,1.01,1.03,3.65,26.0,1.04,1.1,1.01,1.06,1.01,17.0,1.05,1.12,1.260906007,1.260906019,1.260906020,1.260906030
Dutch Eredivisie,2026-08-15,15:00:00,Excelsior,PSV,5.3,5.5,1.66,1.67,4.7,4.8,3.2,3.6,1.39,1.44,1.5,1.56,2.78,3.0,30.0,44.0,15.0,17.5,13.0,16.0,16.5,23.0,30.0,38.0,11.0,13.0,9.8,11.0,13.0,15.5,46.0,60.0,19.5,22.0,14.0,16.5,19.0,22.0,11.0,120.0,42.0,55.0,38.0,50.0,42.0,60.0,24.0,32.0,4.7,5.1,10.5,300.0,35914232,67164.0,48451.0,58805.0,1.260871675,1.260871678,1.260871722,1.260871723,4.7,6.4,1.19,1.28,34.0,55.0,1.02,1.03,7.6,9.0,1.12,1.15,2.5,2.52,1.22,1.23,1.26,1.28,1.260871724,1.260871685,1.260871676,1.260871677
Saudi Professional League,2026-08-15,15:00:00,Al-Ittihad,Al-Kholood Club,1.44,1.55,6.6,9.2,4.6,5.5,2.36,2.66,1.6,1.74,1.64,2.08,1.92,2.58,2.66,32.0,2.7,40.0,2.8,90.0,2.9,1000.0,2.42,14.5,2.46,16.0,19.0,38.0,2.9,1000.0,2.38,13.5,2.42,14.5,2.64,30.0,2.82,100.0,10.0,19.0,11.0,21.0,2.72,44.0,2.9,1000.0,4.4,8.2,2.9,1000.0,2.9,1000.0,35918439,3727829.0,40846946.0,58805.0,1.260905898,1.260905908,1.260905897,1.260905907,1.2,110.0,1.01,110.0,13.5,36.0,1.03,1.07,4.1,7.0,1.18,1.33,1.12,1.18,2.8,3.3,1.22,1.28,1.260905889,1.260905901,1.260905902,1.260905912
Peruvian Primera Division,2026-08-15,15:00:00,Asociacion Deportiva Tarma,Alianza Atletico,1.9,2.24,3.55,5.2,3.25,3.65,1.73,2.08,1.92,2.38,1.11,1000.0,1.11,1000.0,1.01,1000.0,1.01,1000.0,1.01,1000.0,1.01,1000.0,1.01,1000.0,1.01,1000.0,1.01,1000.0,1.01,1000.0,1.01,1000.0,1.01,1000.0,1.01,1000.0,1.01,1000.0,1.01,1000.0,1.01,1000.0,1.01,1000.0,1.01,1000.0,1.01,1000.0,1.01,1000.0,1.01,1000.0,35918648,26776138.0,898396.0,58805.0,1.260907259,1.260907262,1.260907306,1.260907307,1.01,1000.0,1.01,20.0,3.0,110.0,1.01,1.5,3.0,110.0,1.28,1.5,1.24,1.39,1.8,2.12,1.37,1.44,1.260907308,1.260907269,1.260907260,1.260907261
Serbian Super League,2026-08-15,15:00:00,Zeleznicar Pancevo,Crvena Zvezda,1.04,600.0,1.04,870.0,1.06,950.0,1.07,110.0,1.02,110.0,1.01,1000.0,1.01,1000.0,1.01,1000.0,1.01,1000.0,1.01,1000.0,1.01,1000.0,1.01,1000.0,1.01,1000.0,1.01,1000.0,1.01,1000.0,1.01,1000.0,1.01,1000.0,1.01,1000.0,1.01,1000.0,1.01,1000.0,1.01,1000.0,1.01,1000.0,1.01,1000.0,1.01,1000.0,1.01,1000.0,1.01,1000.0,35924993,17203915.0,6399.0,58805.0,1.260977977,1.260977980,1.260978024,1.260978025,1.01,1000.0,1.01,1000.0,1.07,1000.0,1.01,110.0,1.07,1000.0,1.01,110.0,1.01,36.0,1.01,36.0,1.01,110.0,1.260978026,1.260977987,1.260977978,1.260977979
Czech 1 Liga,2026-08-15,15:00:00,Plzen,Zlin,1.24,1.29,14.0,20.0,6.4,7.4,2.34,2.7,1.58,1.74,1.01,2.48,1.67,1.87,1.01,1000.0,1.01,1000.0,1.01,1000.0,1.01,1000.0,1.01,1000.0,1.01,1000.0,1.01,1000.0,1.01,1000.0,1.01,1000.0,1.01,1000.0,1.01,44.0,1.01,1000.0,7.0,1000.0,1.01,17.5,1.01,1000.0,1.01,1000.0,1.01,1000.0,1.01,1000.0,1.01,1000.0,35918444,52613879.0,367580.0,58805.0,1.260906294,1.260906304,1.260906293,1.260906303,1.01,1000.0,1.01,1000.0,13.5,36.0,1.03,1.07,2.34,6.0,1.2,1.74,1.05,1.08,4.4,5.2,1.15,1.19,1.260906285,1.260906297,1.260906298,1.260906308
Slovenian Premier League,2026-08-15,15:15:00,Olimpija,NK Maribor,3.2,4.4,2.08,2.6,3.15,3.9,1.79,2.18,1.86,2.26,1.11,970.0,1.11,970.0,1.01,1000.0,1.01,1000.0,1.01,1000.0,1.01,1000.0,1.01,1000.0,1.01,1000.0,1.01,1000.0,1.01,1000.0,1.01,1000.0,1.01,1000.0,1.01,1000.0,1.01,1000.0,1.01,1000.0,1.01,1000.0,1.01,1000.0,1.01,1000.0,1.01,1000.0,1.01,1000.0,1.01,1000.0,35922641,489147.0,44625.0,58805.0,1.260945515,1.260945518,1.260945562,1.260945563,2.78,4.3,1.3,1.56,1.15,110.0,1.01,1.43,3.75,100.0,1.28,1.37,1.63,1.93,1.29,1.46,1.34,1.47,1.260945564,1.260945525,1.260945516,1.260945517
Bulgarian A League,2026-08-15,15:15:00,Ludogorets,Botev Plovdiv,1.64,1.69,5.4,6.6,4.2,4.8,2.2,2.54,1.65,1.83,1.11,970.0,1.11,970.0,1.01,1000.0,16.0,1000.0,1.01,1000.0,1.01,1000.0,7.2,1000.0,7.2,1000.0,1.01,1000.0,1.01,95.0,7.6,1000.0,7.0,1000.0,1.01,1000.0,1.01,85.0,11.0,20.0,11.0,1000.0,1.01,40.0,1.01,1000.0,5.5,9.6,1.01,95.0,1.01,1000.0,35920304,5112599.0,1255220.0,58805.0,1.260931090,1.260931093,1.260931138,1.260931140,1.01,1000.0,1.01,20.0,14.5,110.0,1.01,1.08,4.2,5.8,1.21,1.31,1.17,1.23,2.44,2.58,1.27,1.32,1.260931141,1.260931101,1.260931091,1.260931092
Polish Ekstraklasa,2026-08-15,15:15:00,Widzew Lodz,Korona Kielce,1.89,2.22,3.55,5.2,3.15,950.0,1.58,1.91,2.08,2.74,1.81,2.36,1.73,2.22,7.8,13.0,9.4,15.5,3.9,38.0,4.2,130.0,5.7,9.2,5.7,9.2,13.0,22.0,4.1,85.0,8.8,14.5,8.0,13.5,15.5,26.0,4.2,100.0,19.0,32.0,18.5,32.0,4.0,60.0,4.2,180.0,15.5,27.0,4.2,110.0,4.3,1000.0,35922640,502304.0,1209555.0,58805.0,1.260945335,1.260945338,1.260945382,1.260945383,2.32,3.35,1.43,1.75,2.5,18.0,1.06,1.67,2.5,3.6,1.38,1.67,1.23,1.4,1.81,2.14,1.23,1.46,1.260945384,1.260945345,1.260945336,1.260945337
Turkish 1 Lig,2026-08-15,15:30:00,Manisa FK,Van Buyuksehir Belediyespor,1.8,1000.0,1.04,110.0,1.06,110.0,1.1,110.0,1.31,110.0,1.01,1000.0,1.01,1000.0,1.01,1000.0,1.01,1000.0,1.01,1000.0,1.01,1000.0,1.01,1000.0,1.01,1000.0,1.01,1000.0,1.01,1000.0,1.01,1000.0,1.01,1000.0,1.01,1000.0,1.01,1000.0,1.01,1000.0,1.01,1000.0,1.01,1000.0,1.01,1000.0,1.01,1000.0,1.01,1000.0,1.01,1000.0,35938774,27282595.0,12049689.0,58805.0,1.261104324,1.261104327,1.261104371,1.261104372,1.01,1000.0,1.01,1000.0,1.01,1000.0,1.01,110.0,1.1,110.0,1.31,110.0,1.01,36.0,1.01,2.26,1.01,110.0,1.261104373,1.261104334,1.261104325,1.261104326
Slovakian Super League,2026-08-15,15:30:00,Podbrezova,Trencin,1.55,1.68,5.3,7.2,4.4,5.4,2.58,3.15,1.46,1.64,1.11,1000.0,1.11,1000.0,1.01,1000.0,1.01,1000.0,1.01,1000.0,1.01,1000.0,1.01,1000.0,1.01,1000.0,1.01,1000.0,1.01,1000.0,1.01,1000.0,1.01,1000.0,1.01,1000.0,1.01,1000.0,1.01,1000.0,1.01,1000.0,1.01,1000.0,1.01,1000.0,1.01,1000.0,1.01,1000.0,1.01,1000.0,35918589,8672708.0,501167.0,58805.0,1.260908931,1.260908941,1.260908930,1.260908940,1.01,1000.0,1.01,20.0,1.15,110.0,1.01,1.23,5.1,110.0,1.15,1.2,1.16,1.24,2.46,2.82,1.22,1.3,1.260908922,1.260908934,1.260908935,1.260908945
Turkish Super League,2026-08-15,15:30:00,Genclerbirligi,Fenerbahce,7.6,8.2,1.46,1.48,5.2,5.3,2.22,2.38,1.73,1.82,2.0,2.14,1.88,2.0,16.0,19.5,7.8,9.2,7.6,9.0,11.5,12.5,23.0,27.0,10.0,11.0,9.2,11.0,13.5,16.0,11.0,70.0,26.0,30.0,21.0,27.0,30.0,38.0,12.5,280.0,11.5,130.0,11.5,110.0,12.0,150.0,12.5,150.0,5.9,6.8,13.0,1000.0,35868896,50350.0,46726.0,58805.0,1.260454235,1.260454245,1.260454234,1.260454244,1.2,110.0,1.01,110.0,18.0,21.0,1.05,1.06,4.6,5.0,1.25,1.28,3.05,3.2,1.13,1.16,1.23,1.25,1.260454226,1.260454238,1.260454239,1.260454249
Romanian Liga I,2026-08-15,15:30:00,Rapid Bucharest,Dinamo Bucharest,2.52,2.7,2.92,3.25,3.2,3.65,1.73,1.97,2.04,2.38,1.58,2.18,1.84,2.72,2.56,1000.0,7.2,15.5,13.0,29.0,2.48,70.0,6.6,14.5,2.06,10.5,8.4,18.5,2.44,50.0,11.0,23.0,8.0,17.0,2.32,25.0,2.48,70.0,2.46,55.0,19.0,44.0,2.46,65.0,2.56,1000.0,16.5,38.0,2.44,50.0,2.56,1000.0,35898934,6394.0,46937.0,58805.0,1.260736897,1.260736916,1.260736895,1.260736913,1.01,110.0,1.01,110.0,8.2,17.5,1.06,1.14,3.05,17.5,1.34,1.45,1.44,1.53,1.58,1.66,1.38,1.45,1.260736880,1.260736902,1.260736904,1.260736924
German Bundesliga 2,2026-08-15,15:30:00,Kaiserslautern,Karlsruhe,1.94,1.98,3.75,4.1,4.2,4.4,2.62,2.78,1.56,1.62,1.57,1.62,2.62,2.74,22.0,25.0,19.0,24.0,29.0,34.0,15.0,90.0,12.5,14.0,9.2,10.5,14.5,16.5,32.0,40.0,13.0,15.5,9.8,11.0,14.0,16.0,34.0,40.0,20.0,25.0,15.0,18.0,22.0,26.0,50.0,60.0,7.8,8.6,11.0,27.0,16.0,470.0,35918590,14075.0,113191.0,58805.0,1.260908821,1.260908831,1.260908820,1.260908830,1.2,110.0,1.01,110.0,17.5,36.0,1.04,1.06,5.7,6.4,1.19,1.21,1.33,1.36,2.02,2.08,1.29,1.32,1.260908812,1.260908824,1.260908825,1.260908835
Turkish Super League,2026-08-15,15:30:00,Gaziantep FK,Alanyaspor,2.58,2.76,2.8,3.15,3.1,3.6,1.96,2.22,1.81,2.04,1.64,1.84,2.2,2.54,2.6,1000.0,9.8,17.5,16.0,29.0,2.52,70.0,2.36,16.0,6.6,10.5,10.0,18.5,2.48,48.0,14.0,25.0,9.8,17.5,2.34,24.0,2.5,65.0,2.48,55.0,2.46,44.0,2.48,55.0,2.6,1000.0,14.0,34.0,16.5,40.0,2.6,1000.0,35868889,13848831.0,2080777.0,58805.0,1.260454345,1.260454355,1.260454344,1.260454354,3.0,110.0,1.01,1.49,11.0,21.0,1.07,1.09,3.7,5.3,1.3,1.34,1.46,1.56,1.56,1.64,1.38,1.47,1.260454336,1.260454348,1.260454349,1.260454359
Brazilian Serie B,2026-08-15,16:00:00,Criciuma,Goias,1.85,1.97,5.1,6.8,2.9,3.5,1.25,1.84,2.2,5.4,1.11,970.0,1.11,970.0,7.0,10.0,10.5,16.0,4.8,48.0,5.2,200.0,5.0,7.2,6.8,9.0,19.5,27.0,5.2,130.0,7.8,11.5,9.6,13.0,5.7,32.0,5.2,150.0,19.5,26.0,5.7,32.0,5.0,70.0,5.3,260.0,17.0,26.0,5.2,220.0,5.4,1000.0,35926399,356589.0,198131.0,58805.0,1.260990877,1.260990880,1.260990924,1.260990925,1.2,110.0,1.01,110.0,6.8,110.0,1.01,1.17,2.66,2.94,1.52,1.6,1.18,1.25,2.02,2.18,1.4,1.51,1.260990926,1.260990887,1.260990878,1.260990879
Brazilian Serie B,2026-08-15,16:00:00,Ceara SC Fortaleza,Cuiaba,2.24,2.42,4.0,4.5,2.9,3.1,1.46,1.53,2.92,3.15,2.32,2.52,1.65,1.76,5.8,8.4,8.8,10.5,21.0,29.0,9.8,130.0,5.8,6.6,6.2,7.2,17.0,19.5,9.4,85.0,11.0,13.0,11.0,13.0,7.6,28.0,9.8,140.0,8.2,36.0,8.2,38.0,9.4,80.0,10.0,300.0,8.4,42.0,10.0,160.0,10.5,1000.0,35922909,5287019.0,5327095.0,58805.0,1.260952741,1.260952751,1.260952740,1.260952750,1.2,2.66,1.6,110.0,6.8,7.4,1.15,1.18,2.36,2.54,1.65,1.73,1.29,1.34,1.7,1.81,1.47,1.53,1.260952732,1.260952744,1.260952745,1.260952755
Ecuadorian Serie A,2026-08-15,16:00:00,Manta FC,CD Leones del Norte,3.0,3.35,2.7,2.98,3.0,3.15,1.46,1.66,2.5,3.15,1.11,970.0,1.12,970.0,1.01,1000.0,1.01,1000.0,1.01,1000.0,1.01,1000.0,1.01,1000.0,1.01,1000.0,1.01,1000.0,1.01,1000.0,1.01,1000.0,1.01,1000.0,1.01,1000.0,1.01,1000.0,1.01,1000.0,1.01,1000.0,1.01,1000.0,1.01,1000.0,1.01,1000.0,1.01,1000.0,1.01,1000.0,35922863,5366102.0,67023925.0,58805.0,1.260951533,1.260951543,1.260951532,1.260951542,2.18,3.1,1.48,1.84,6.4,11.0,1.1,1.19,2.38,11.0,1.1,1.7,1.5,1.59,1.42,1.5,1.46,1.5,1.260951524,1.260951536,1.260951537,1.260951547
Dutch Eredivisie,2026-08-15,16:00:00,Fortuna Sittard,Cambuur Leeuwarden,1.72,1.8,4.5,4.9,4.3,4.7,2.68,2.9,1.52,1.6,1.58,1.65,2.52,2.72,9.4,32.0,8.6,25.0,9.4,42.0,11.0,110.0,12.0,15.0,9.6,11.0,15.5,23.0,9.8,50.0,12.0,14.0,9.6,11.0,14.0,16.5,9.6,46.0,16.5,21.0,14.0,17.0,8.8,26.0,10.0,60.0,6.4,7.0,9.6,36.0,12.0,470.0,35920387,49058.0,8942269.0,58805.0,1.260932785,1.260932788,1.260932832,1.260932833,1.2,110.0,1.26,1.5,17.5,36.0,1.03,1.06,5.9,7.0,1.17,1.2,1.25,1.28,2.24,2.4,1.27,1.31,1.260932834,1.260932795,1.260932786,1.260932787
Brazilian Serie B,2026-08-15,16:00:00,Atletico GO,Vila Nova,1.97,2.1,4.3,5.0,3.2,3.55,1.51,1.73,2.36,5.2,1.88,10.5,1.65,2.14,7.6,12.0,11.0,15.5,3.95,42.0,4.2,150.0,5.5,8.6,6.6,9.2,16.5,24.0,4.2,95.0,8.4,14.0,8.0,13.5,19.0,28.0,4.2,110.0,4.8,32.0,4.8,32.0,4.1,65.0,4.3,200.0,16.0,27.0,4.2,140.0,4.4,1000.0,35922734,5326988.0,376829.0,58805.0,1.260946964,1.260946967,1.260947011,1.260947012,1.2,2.98,1.5,110.0,1.15,110.0,1.01,110.0,2.8,100.0,1.02,1.54,1.25,1.31,1.9,2.04,1.39,1.46,1.260947013,1.260946974,1.260946965,1.260946966
Serbian Super League,2026-08-15,16:00:00,Cukaricki,OFK Beograd,2.26,2.58,3.0,3.55,3.25,3.9,1.76,2.14,1.87,2.3,1.71,1.9,2.12,2.42,5.3,15.5,5.0,13.5,6.0,24.0,7.0,60.0,4.7,11.5,4.1,8.6,5.2,15.0,6.6,40.0,5.5,17.0,4.9,12.5,5.6,18.0,7.0,50.0,6.6,36.0,6.2,28.0,6.6,40.0,7.6,110.0,5.8,21.0,6.6,38.0,8.0,1000.0,35924995,2503611.0,9790651.0,58805.0,1.260977887,1.260977890,1.260977934,1.260977935,2.56,4.1,1.32,1.64,1.15,110.0,1.01,1.27,2.98,100.0,1.3,1.38,1.39,1.5,1.63,1.8,1.34,1.44,1.260977936,1.260977897,1.260977888,1.260977889
Bolivian Liga de Futbol Profesional,2026-08-15,16:00:00,CDT Real Oruro,Oriente Petrolero,1.8,1.88,3.65,4.2,4.5,5.2,2.72,3.65,1.38,1.58,1.43,1.65,2.54,3.3,7.0,38.0,22.0,29.0,32.0,40.0,7.8,75.0,14.5,19.0,8.8,13.0,14.5,18.5,30.0,38.0,5.9,19.0,9.6,12.0,13.0,16.0,28.0,36.0,19.5,25.0,5.9,18.0,18.5,28.0,36.0,50.0,5.2,7.2,15.0,22.0,8.4,310.0,35933545,57257944.0,330231.0,58805.0,1.261059524,1.261059527,1.261059571,1.261059572,1.01,1000.0,1.01,20.0,1.15,110.0,1.01,1.16,6.2,9.8,1.12,1.16,1.31,1.38,2.12,2.26,1.24,1.29,1.261059573,1.261059534,1.261059525,1.261059526
Paraguayan Primera Division,2026-08-15,16:00:00,Guarani (Par),Rubio Nu,0.0,0.0,0.0,0.0,0.0,0.0,1.25,970.0,1.41,6.0,1.11,1000.0,1.11,1000.0,1.01,1000.0,1.01,1000.0,1.01,1000.0,1.01,1000.0,1.01,1000.0,1.01,1000.0,1.01,1000.0,1.01,1000.0,1.01,1000.0,1.01,1000.0,1.01,1000.0,1.01,1000.0,1.01,1000.0,1.01,1000.0,1.01,1000.0,1.01,1000.0,1.01,1000.0,1.01,1000.0,1.01,1000.0,35930972,0.0,0.0,0.0,0.0,1.261037273,1.261037317,1.261037318,1.01,1000.0,1.01,20.0,1.15,1000.0,1.01,7.8,1.26,970.0,1.02,110.0,1.01,1000.0,1.01,1000.0,1.01,1000.0,1.261037319,1.261037280,1.261037271,1.261037272
Spanish La Liga,2026-08-15,16:30:00,Sevilla,Rayo Vallecano,2.42,2.46,3.5,3.6,3.25,3.3,1.7,1.73,2.38,2.44,2.04,2.08,1.94,1.97,9.4,10.5,10.5,11.5,21.0,23.0,60.0,70.0,8.0,8.6,6.8,7.2,13.5,15.0,44.0,50.0,12.5,14.0,10.5,11.5,19.0,21.0,55.0,65.0,29.0,34.0,26.0,30.0,44.0,50.0,42.0,140.0,25.0,27.0,48.0,60.0,90.0,1000.0,35780314,52480974.0,10779.0,58805.0,1.259657987,1.259657926,1.259657986,1.259657997,0.0,0.0,0.0,0.0,9.6,10.5,1.1,1.12,3.1,3.25,1.45,1.47,0.0,0.0,0.0,0.0,0.0,0.0,0.0,0.0,1.259657992,1.259657930
Portuguese Primeira Liga,2026-08-15,16:30:00,Rio Ave,Porto,8.8,10.0,1.43,1.46,4.8,5.2,2.04,2.16,1.86,1.96,2.12,2.28,1.79,1.89,14.0,22.0,6.8,8.8,7.2,8.2,10.5,12.5,6.8,27.0,9.8,11.5,9.0,10.5,12.0,970.0,8.2,80.0,7.2,34.0,7.2,36.0,7.6,50.0,9.0,420.0,8.8,200.0,8.8,160.0,8.8,220.0,9.0,280.0,6.6,7.4,9.2,1000.0,35922759,495321.0,48785.0,58805.0,1.260947731,1.260947734,1.260947778,1.260947779,3.0,110.0,1.01,1.49,15.0,18.0,1.06,1.07,4.0,4.4,1.3,1.34,3.15,3.4,1.11,1.13,1.23,1.27,1.260947780,1.260947741,1.260947732,1.260947733
Spanish Segunda Division,2026-08-15,16:30:00,Mallorca,Valladolid,1.72,1.79,5.5,6.2,3.7,4.1,1.9,2.0,2.0,2.12,1.93,2.06,1.95,2.08,12.0,16.0,16.0,19.0,8.2,55.0,9.4,180.0,7.2,8.2,7.6,8.8,19.5,23.0,9.0,95.0,9.0,10.5,9.0,10.5,18.5,21.0,9.0,100.0,16.0,18.5,17.0,19.5,32.0,46.0,9.4,150.0,10.0,12.5,9.2,120.0,10.0,1000.0,35898594,10542.0,13362.0,58805.0,1.260730422,1.260730425,1.260730469,1.260730470,1.2,110.0,1.01,110.0,12.0,15.0,1.07,1.09,3.6,3.95,1.34,1.38,1.19,1.23,2.26,2.4,1.33,1.37,1.260730471,1.260730432,1.260730423,1.260730424
Uruguayan Primera Division,2026-08-15,16:30:00,Racing Club (Uru),Nacional (Uru),3.2,3.55,2.46,2.68,3.0,3.3,1.62,1.72,2.4,2.62,1.11,110.0,1.69,110.0,2.0,95.0,1.84,150.0,3.75,1000.0,4.2,1000.0,1.93,170.0,2.2,120.0,2.26,260.0,4.1,1000.0,2.56,1000.0,3.85,1000.0,4.1,1000.0,4.2,1000.0,2.96,1000.0,5.0,1000.0,5.1,1000.0,1.33,1000.0,1.01,1000.0,1.01,1000.0,1.01,1000.0,35924745,4465708.0,504780.0,58805.0,1.260976362,1.260976372,1.260976361,1.260976371,2.36,3.4,1.41,1.74,2.58,110.0,1.01,1.57,1.1,95.0,1.02,1.57,1.59,1.69,1.39,1.46,1.43,1.5,1.260976353,1.260976365,1.260976366,1.260976376
Brazilian Serie A,2026-08-15,16:30:00,Fluminense,SE Palmeiras,2.86,3.15,2.66,2.92,3.0,3.35,1.71,1.77,2.3,2.44,1.94,2.22,1.82,2.08,9.4,12.5,8.0,11.0,14.5,18.0,5.3,50.0,8.6,11.5,6.2,7.6,10.5,14.5,5.2,42.0,16.5,23.0,11.5,14.5,16.5,23.0,5.5,65.0,5.4,60.0,5.3,46.0,5.5,70.0,5.7,150.0,34.0,50.0,5.2,44.0,6.0,1000.0,35895909,198133.0,22498185.0,58805.0,1.260695312,1.260695322,1.260695311,1.260695321,1.01,110.0,1.01,110.0,9.2,11.0,1.1,1.12,3.0,3.25,1.44,1.5,1.52,1.6,1.46,1.54,1.42,1.5,1.260695303,1.260695315,1.260695316,1.260695326
Argentinian Primera Division,2026-08-15,16:45:00,Estudiantes,Gimnasia La Plata,2.08,2.18,4.4,4.7,3.05,3.35,1.55,1.61,2.66,2.82,2.22,2.36,1.74,1.82,7.8,8.8,9.8,11.5,19.0,32.0,38.0,140.0,6.2,7.0,6.6,7.6,17.0,19.0,34.0,95.0,10.0,12.0,10.5,12.0,17.5,26.0,40.0,130.0,17.5,28.0,19.0,30.0,32.0,1000.0,48.0,1000.0,17.5,28.0,40.0,1000.0,90.0,1000.0,35896919,194509.0,1213581.0,58805.0,1.260709182,1.260709192,1.260709181,1.260709191,1.2,110.0,1.01,110.0,7.6,8.8,1.13,1.15,2.68,2.82,1.55,1.59,1.27,1.3,1.85,1.93,1.43,1.48,1.260709173,1.260709185,1.260709186,1.260709196
Brazilian Serie C,2026-08-15,17:00:00,Amazonas FC,Botafogo PB,2.8,3.15,2.72,3.05,3.0,3.4,1.48,1.76,2.32,3.05,1.01,1000.0,1.01,1000.0,1.01,1000.0,1.01,1000.0,1.01,1000.0,1.01,1000.0,1.01,1000.0,1.01,1000.0,1.01,1000.0,1.01,1000.0,1.01,1000.0,1.01,1000.0,1.01,1000.0,1.01,1000.0,1.01,1000.0,1.01,1000.0,1.01,1000.0,1.01,1000.0,1.01,1000.0,1.01,1000.0,1.01,1000.0,35932979,27728928.0,5310328.0,58805.0,1.261060444,1.261060454,1.261060443,1.261060453,2.22,3.25,1.44,1.82,6.8,11.0,1.1,1.16,2.68,3.25,1.45,1.53,1.48,1.59,1.46,1.56,1.41,1.5,1.261060435,1.261060447,1.261060448,1.261060458
Venezuelan Primera Division,2026-08-15,17:00:00,Estudiantes de Merida,Academia Anzoategui FC,2.12,2.54,3.15,4.2,3.0,4.8,1.74,2.16,1.86,2.34,1.11,1000.0,1.11,1000.0,1.01,1000.0,1.01,1000.0,1.01,1000.0,1.01,1000.0,1.01,1000.0,1.01,1000.0,1.01,1000.0,1.01,1000.0,1.01,1000.0,1.01,1000.0,1.01,1000.0,1.01,1000.0,1.01,1000.0,1.01,1000.0,1.01,1000.0,1.01,1000.0,1.01,1000.0,1.01,1000.0,1.01,1000.0,35935791,7838019.0,48712776.0,58805.0,1.261083763,1.261083773,1.261083762,1.261083772,1.01,1000.0,1.01,20.0,3.0,110.0,1.01,1.5,3.0,4.3,1.34,1.5,1.32,1.47,1.64,1.9,1.26,1.49,1.261083754,1.261083766,1.261083767,1.261083777
Peruvian Primera Division,2026-08-15,17:30:00,CD Los Chankas,Melgar,2.84,3.5,2.32,2.7,3.3,4.6,1.87,2.12,1.89,2.14,1.11,1000.0,1.11,1000.0,1.01,1000.0,1.01,1000.0,1.01,1000.0,1.01,1000.0,1.01,1000.0,1.01,1000.0,1.01,1000.0,1.01,1000.0,1.01,1000.0,1.01,1000.0,1.01,1000.0,1.01,1000.0,1.01,1000.0,1.01,1000.0,1.01,1000.0,1.01,1000.0,1.01,1000.0,1.01,1000.0,1.01,1000.0,35922857,65437610.0,5839079.0,58805.0,1.260951971,1.260951981,1.260951970,1.260951980,1.01,1000.0,1.01,20.0,3.4,110.0,1.01,1.41,3.4,100.0,1.29,1.41,1.59,1.76,1.4,1.54,1.27,1.43,1.260951962,1.260951974,1.260951975,1.260951985
Bolivian Liga de Futbol Profesional,2026-08-15,18:15:00,Guabira,The Strongest,2.02,600.0,1.37,4.3,3.8,950.0,1.28,110.0,1.14,5.0,1.01,1000.0,1.01,1000.0,1.01,1000.0,1.01,1000.0,1.01,1000.0,1.01,1000.0,1.01,1000.0,1.01,1000.0,1.01,1000.0,1.01,1000.0,1.01,1000.0,1.01,1000.0,1.01,1000.0,1.01,1000.0,1.01,1000.0,1.01,1000.0,1.01,1000.0,1.01,1000.0,1.01,1000.0,1.01,1000.0,1.01,1000.0,35933548,5892455.0,328205.0,58805.0,1.261059880,1.261059883,1.261059927,1.261059928,1.01,1000.0,1.01,1000.0,1.01,1000.0,1.01,4.5,1.28,110.0,1.14,4.5,1.32,3.75,1.34,1.99,1.01,1.36,1.261059929,1.261059890,1.261059881,1.261059882
Venezuelan Primera Division,2026-08-15,18:30:00,Universidad de Venezuela,Caracas,2.12,2.42,3.15,3.75,3.1,4.1,2.0,2.32,1.75,2.0,1.66,1.83,2.2,2.52,12.0,21.0,10.5,15.5,18.0,27.0,1.01,65.0,8.2,13.5,6.4,9.0,10.5,15.5,27.0,46.0,11.0,16.5,8.2,13.5,12.0,17.5,1.01,55.0,21.0,32.0,16.5,28.0,24.0,36.0,1.01,85.0,11.0,19.0,23.0,40.0,1.01,1000.0,35935780,39170146.0,3738659.0,58805.0,1.261083513,1.261083523,1.261083512,1.261083522,1.01,1000.0,1.01,20.0,3.4,26.0,1.04,1.34,3.4,4.9,1.27,1.34,1.36,1.47,1.7,1.9,1.32,1.41,1.261083504,1.261083516,1.261083517,1.261083527
Paraguayan Primera Division,2026-08-15,18:30:00,Sportivo Trinidense,Nacional (Par),0.0,0.0,0.0,0.0,0.0,0.0,1.25,970.0,1.47,6.0,1.11,1000.0,1.11,1000.0,1.01,1000.0,1.01,1000.0,1.01,1000.0,1.01,1000.0,1.01,1000.0,1.01,1000.0,1.01,1000.0,1.01,1000.0,1.01,1000.0,1.01,1000.0,1.01,1000.0,1.01,1000.0,1.01,1000.0,1.01,1000.0,1.01,1000.0,1.01,1000.0,1.01,1000.0,1.01,1000.0,1.01,1000.0,35930971,0.0,0.0,0.0,0.0,1.261037182,1.261037226,1.261037227,1.01,1000.0,1.01,20.0,1.15,1000.0,1.01,7.8,1.26,970.0,1.02,110.0,1.01,1000.0,1.01,1000.0,1.01,1000.0,1.261037228,1.261037189,1.261037180,1.261037181
Ecuadorian Serie A,2026-08-15,18:30:00,Guayaquil City,Libertad FC,2.04,2.26,4.0,5.1,3.15,3.45,1.5,1.68,2.46,2.98,1.11,1000.0,1.11,1000.0,1.01,1000.0,1.01,1000.0,1.01,1000.0,1.01,1000.0,1.01,1000.0,1.01,1000.0,1.01,1000.0,1.01,1000.0,1.01,1000.0,1.01,1000.0,1.01,1000.0,1.01,1000.0,1.01,1000.0,1.01,1000.0,1.01,1000.0,1.01,1000.0,1.01,1000.0,1.01,1000.0,1.01,1000.0,35922864,15116449.0,44232344.0,58805.0,1.260951423,1.260951433,1.260951422,1.260951432,1.01,1000.0,1.01,20.0,2.52,110.0,1.01,1.65,2.52,100.0,1.01,1.65,1.24,1.34,1.79,1.97,1.4,1.47,1.260951414,1.260951426,1.260951427,1.260951437
Brazilian Serie A,2026-08-15,18:30:00,Athletico-PR,Red Bull Bragantino,1.99,2.14,4.3,4.7,3.25,3.6,1.69,1.79,2.26,2.46,1.96,2.16,1.86,2.06,9.8,13.0,11.0,13.5,19.0,32.0,7.8,130.0,6.8,8.0,6.4,8.0,16.0,20.0,7.6,80.0,10.0,12.5,9.4,11.5,18.0,23.0,7.6,90.0,18.5,27.0,21.0,26.0,28.0,55.0,8.0,160.0,17.0,21.0,7.6,100.0,8.4,1000.0,35895898,36860494.0,71387076.0,58805.0,1.260695422,1.260695432,1.260695421,1.260695431,1.2,110.0,1.01,110.0,8.6,11.5,1.09,1.13,3.0,3.4,1.42,1.5,1.27,1.31,1.87,2.02,1.4,1.45,1.260695413,1.260695425,1.260695426,1.260695436
Brazilian Serie B,2026-08-15,18:30:00,Juventude,Fortaleza EC,2.16,2.48,3.5,5.3,2.68,3.25,1.39,1.64,2.56,3.6,1.11,970.0,1.11,970.0,1.14,1000.0,1.14,1000.0,1.14,1000.0,1.14,1000.0,1.14,1000.0,1.01,8.0,1.14,1000.0,1.14,1000.0,1.14,1000.0,1.14,1000.0,1.14,1000.0,1.14,1000.0,1.14,1000.0,1.14,1000.0,1.14,1000.0,1.14,1000.0,1.14,1000.0,1.14,1000.0,1.14,1000.0,35922912,198144.0,5287007.0,58805.0,1.260951675,1.260951678,1.260951722,1.260951723,1.2,110.0,1.01,110.0,1.15,11.0,1.1,1.6,2.16,2.96,1.51,1.6,1.27,1.4,1.67,1.85,1.44,1.59,1.260951724,1.260951685,1.260951676,1.260951677
Chilean Primera Division,2026-08-15,18:30:00,Deportes Limache,Universidad de Chile,3.25,3.65,2.1,2.18,3.75,4.6,2.04,3.35,1.43,1.96,1.51,1.7,2.42,2.98,1.01,1000.0,1.01,1000.0,1.01,1000.0,1.01,1000.0,1.01,1000.0,1.01,1000.0,1.01,1000.0,1.01,1000.0,1.01,1000.0,1.01,1000.0,1.01,1000.0,1.01,1000.0,1.01,1000.0,1.01,1000.0,1.01,1000.0,1.01,1000.0,1.01,1000.0,1.01,1000.0,1.01,1000.0,35922886,7391333.0,1069686.0,58805.0,1.260950873,1.260950883,1.260950872,1.260950882,1.01,1000.0,1.01,20.0,4.5,110.0,1.01,1.28,4.5,100.0,1.21,1.28,1.85,1.9,1.38,1.44,1.28,1.37,1.260950864,1.260950876,1.260950877,1.260950887
Argentinian Primera Division,2026-08-15,19:00:00,Belgrano,Independiente Rivadavia,2.1,2.16,4.4,4.8,3.15,3.25,1.53,1.6,2.66,2.88,2.06,2.6,1.72,1.81,7.6,8.6,10.5,11.5,24.0,32.0,16.0,130.0,5.8,6.6,7.0,7.6,17.5,19.5,15.0,85.0,10.0,11.5,10.5,11.5,23.0,26.0,15.5,110.0,24.0,27.0,26.0,30.0,50.0,65.0,15.5,220.0,23.0,29.0,15.0,140.0,17.0,1000.0,35896898,1496989.0,5333044.0,58805.0,1.260712216,1.260712226,1.260712215,1.260712225,1.2,110.0,1.01,110.0,7.6,8.6,1.13,1.15,2.56,2.74,1.57,1.63,1.26,1.29,1.86,1.91,1.44,1.47,1.260712207,1.260712219,1.260712220,1.260712230
Uruguayan Primera Division,2026-08-15,19:00:00,Wanderers (Uru),Cerro Largo FC,2.16,2.36,3.8,4.3,3.2,3.35,0.0,0.0,0.0,0.0,0.0,0.0,0.0,0.0,0.0,0.0,0.0,0.0,0.0,0.0,0.0,0.0,0.0,0.0,0.0,0.0,0.0,0.0,0.0,0.0,0.0,0.0,0.0,0.0,0.0,0.0,0.0,0.0,0.0,0.0,0.0,0.0,0.0,0.0,0.0,0.0,0.0,0.0,0.0,0.0,0.0,0.0,35924870,2794560.0,10573041.0,58805.0,1.260977782,0.0,0.0,0.0,0.0,0.0,0.0,0.0,0.0,0.0,0.0,0.0,0.0,0.0,0.0,0.0,0.0,0.0,0.0,0.0,0.0,0.0,0.0,0.0,0.0,0.0
Argentinian Primera Division,2026-08-15,19:00:00,Newells,Deportivo Riestra,2.46,2.66,3.55,3.9,2.86,3.1,1.39,1.46,3.15,3.6,2.38,2.64,1.61,1.72,5.3,8.0,7.8,9.4,21.0,26.0,6.8,120.0,5.7,7.0,6.0,7.4,13.5,22.0,6.6,80.0,10.5,15.0,10.0,14.5,5.8,30.0,6.8,140.0,6.2,50.0,6.4,55.0,6.8,110.0,7.0,350.0,6.4,65.0,6.8,150.0,7.2,1000.0,35896899,194506.0,5994579.0,58805.0,1.260712106,1.260712116,1.260712105,1.260712115,1.2,2.52,1.65,110.0,5.8,7.0,1.16,1.21,2.24,2.44,1.7,1.81,1.34,1.4,1.6,1.69,1.47,1.54,1.260712097,1.260712109,1.260712110,1.260712120
Brazilian Serie C,2026-08-15,19:30:00,Santa Cruz PE,Maranhao,1.75,2.28,4.2,6.8,3.1,5.2,1.42,1.8,2.24,3.35,1.01,1000.0,1.01,1000.0,1.01,1000.0,1.01,1000.0,1.01,1000.0,1.01,1000.0,1.01,1000.0,1.01,1000.0,1.01,1000.0,1.01,1000.0,1.01,1000.0,1.01,1000.0,1.01,1000.0,1.01,1000.0,1.01,1000.0,1.01,1000.0,1.01,1000.0,1.01,1000.0,1.01,1000.0,1.01,1000.0,1.01,1000.0,35933002,6132724.0,7176805.0,58805.0,1.261060334,1.261060344,1.261060333,1.261060343,1.01,1000.0,1.01,1000.0,2.9,110.0,1.01,1.53,2.28,3.4,1.42,1.78,1.19,1.32,1.8,2.32,1.24,1.48,1.261060325,1.261060337,1.261060338,1.261060348
Brazilian Serie C,2026-08-15,19:30:00,Brusque FC,Inter Limeira,2.4,2.58,3.3,3.9,2.86,3.6,1.44,1.76,2.3,3.3,1.11,1000.0,1.11,1000.0,1.01,1000.0,1.01,1000.0,1.01,1000.0,1.01,1000.0,1.01,1000.0,1.01,1000.0,1.01,1000.0,1.01,1000.0,1.01,1000.0,1.01,1000.0,1.01,1000.0,1.01,1000.0,1.01,1000.0,1.01,1000.0,1.01,1000.0,1.01,1000.0,1.01,1000.0,1.01,1000.0,1.01,1000.0,35933038,6168045.0,1053183.0,58805.0,1.261060224,1.261060234,1.261060223,1.261060233,1.01,1000.0,1.01,20.0,3.1,110.0,1.01,1.48,2.36,5.2,1.24,1.74,1.34,1.44,1.63,1.72,1.38,1.54,1.261060215,1.261060227,1.261060228,1.261060238
Mexican Liga MX,2026-08-15,20:00:00,Atlante,Toluca,6.6,7.6,1.49,1.58,4.6,5.2,2.32,2.54,1.64,1.75,1.68,2.16,2.06,2.22,18.5,27.0,8.8,10.5,8.8,10.5,12.0,14.0,18.5,32.0,9.6,11.5,9.0,10.5,13.5,19.0,7.6,75.0,18.0,32.0,18.0,27.0,7.0,40.0,8.2,240.0,7.8,120.0,7.8,95.0,7.8,130.0,7.8,120.0,5.7,6.6,8.4,1000.0,35868101,230270.0,230914.0,58805.0,1.260445730,1.260445740,1.260445729,1.260445739,1.2,110.0,1.01,110.0,15.5,26.0,1.04,1.06,4.8,5.6,1.21,1.27,2.72,3.05,1.15,1.18,1.23,1.28,1.260445721,1.260445733,1.260445734,1.260445744
Venezuelan Primera Division,2026-08-15,20:00:00,Portuguesa FC,Trujillanos,1.78,2.0,4.4,6.4,3.3,3.9,1.68,1.94,2.06,2.48,1.11,1000.0,1.11,1000.0,1.01,1000.0,1.01,1000.0,1.01,1000.0,1.01,1000.0,1.01,1000.0,1.01,1000.0,1.01,1000.0,1.01,1000.0,1.01,1000.0,1.01,1000.0,1.01,1000.0,1.01,1000.0,1.01,1000.0,1.01,1000.0,1.01,1000.0,1.01,1000.0,1.01,1000.0,1.01,1000.0,1.01,1000.0,35935862,10939060.0,1224046.0,58805.0,1.261084107,1.261084117,1.261084106,1.261084116,1.01,1000.0,1.01,20.0,2.84,110.0,1.01,1.54,2.84,100.0,1.36,1.54,1.18,1.3,2.0,2.3,1.34,1.44,1.261084098,1.261084110,1.261084111,1.261084121
Colombian Primera A,2026-08-15,20:05:00,Atletico Nacional Medellin,Santa Fe,1.55,1.58,6.6,8.6,4.1,4.6,1.97,2.14,1.87,2.04,1.11,970.0,1.11,970.0,1.01,1000.0,1.01,1000.0,1.01,1000.0,1.01,1000.0,1.01,1000.0,1.01,1000.0,1.01,1000.0,1.01,1000.0,1.01,1000.0,1.01,1000.0,1.01,1000.0,1.01,1000.0,1.01,1000.0,1.01,1000.0,1.01,1000.0,1.01,1000.0,1.01,1000.0,1.01,1000.0,1.01,1000.0,35927043,10632891.0,4908158.0,58805.0,1.260995333,1.260995343,1.260995332,1.260995342,1.2,110.0,1.01,110.0,3.6,110.0,1.01,1.37,2.88,100.0,1.29,1.37,1.13,1.18,2.72,2.82,1.27,1.33,1.260995324,1.260995336,1.260995337,1.260995347
US MLS,2026-08-15,20:30:00,Charlotte FC,Columbus,2.34,2.44,3.05,3.25,3.65,3.95,2.28,2.38,1.73,1.78,1.61,1.67,2.5,2.64,15.0,21.0,13.5,19.0,20.0,28.0,28.0,65.0,11.5,13.5,7.8,8.8,12.0,14.0,20.0,34.0,15.0,18.0,10.0,12.0,13.5,16.0,23.0,44.0,21.0,60.0,19.5,24.0,20.0,55.0,32.0,1000.0,13.0,15.0,19.5,27.0,55.0,1000.0,35868599,42741188.0,171903.0,58805.0,1.260450103,1.260450113,1.260450102,1.260450112,3.75,4.0,1.33,1.37,17.5,21.0,1.05,1.06,4.8,5.2,1.24,1.26,1.45,1.49,1.69,1.74,1.34,1.38,1.260450094,1.260450106,1.260450107,1.260450117
Venezuelan Primera Division,2026-08-15,20:30:00,Puerto Cabello,Rayo Zuliano,1.39,1.55,7.0,42.0,4.3,7.4,1.94,2.22,1.82,2.06,1.11,1000.0,1.11,1000.0,1.01,1000.0,1.01,1000.0,1.01,1000.0,1.01,1000.0,1.01,1000.0,1.01,1000.0,1.01,1000.0,1.01,1000.0,1.01,1000.0,1.01,1000.0,1.01,1000.0,1.01,1000.0,1.01,1000.0,1.01,1000.0,1.01,1000.0,1.01,1000.0,1.01,1000.0,1.01,1000.0,1.01,1000.0,35935775,13442344.0,46783501.0,58805.0,1.261083623,1.261083633,1.261083622,1.261083632,2.74,4.4,1.29,1.57,1.15,110.0,1.01,1.39,3.2,100.0,1.27,1.39,1.05,1.17,2.82,3.55,1.16,1.31,1.261083614,1.261083626,1.261083627,1.261083637
Bolivian Liga de Futbol Profesional,2026-08-15,20:30:00,Blooming Santa Cruz,Aurora,1.06,600.0,1.06,870.0,1.08,950.0,1.25,970.0,1.18,6.0,1.01,1000.0,1.01,1000.0,1.01,1000.0,1.01,1000.0,1.01,1000.0,1.01,1000.0,1.01,1000.0,1.01,1000.0,1.01,1000.0,1.01,1000.0,1.01,1000.0,1.01,1000.0,1.01,1000.0,1.01,1000.0,1.01,1000.0,1.01,1000.0,1.01,1000.0,1.01,1000.0,1.01,1000.0,1.01,1000.0,1.01,1000.0,35933546,10259108.0,893608.0,58805.0,1.261059702,1.261059705,1.261059749,1.261059750,1.01,1000.0,1.01,1000.0,1.01,1000.0,1.01,1.26,1.26,110.0,1.18,1.26,1.01,36.0,1.01,36.0,1.01,110.0,1.261059751,1.261059712,1.261059703,1.261059704
US MLS,2026-08-15,20:30:00,Atlanta Utd,New York Red Bulls,2.0,2.04,3.6,3.75,4.2,4.4,3.0,3.2,1.46,1.49,1.47,1.54,2.88,3.1,26.0,32.0,21.0,27.0,28.0,34.0,50.0,1000.0,16.0,18.0,10.0,11.0,14.0,16.0,29.0,34.0,16.0,18.0,10.5,12.0,12.5,14.5,27.0,34.0,22.0,26.0,16.0,18.0,20.0,24.0,38.0,150.0,7.0,8.6,17.5,20.0,48.0,1000.0,35868041,12592557.0,2362970.0,58805.0,1.260445273,1.260445283,1.260445272,1.260445282,4.7,5.2,1.24,1.27,26.0,55.0,1.03,1.04,7.0,7.8,1.15,1.17,1.36,1.39,1.96,2.0,1.3,1.31,1.260445264,1.260445276,1.260445277,1.260445287
US MLS,2026-08-15,20:30:00,CF Montreal,DC Utd,2.3,2.4,3.15,3.35,3.7,3.85,2.2,2.28,1.79,1.84,1.66,1.75,2.34,2.52,16.0,18.0,13.0,14.5,20.0,24.0,28.0,55.0,10.5,12.0,7.8,8.6,12.5,14.0,21.0,60.0,14.0,16.5,10.0,11.5,14.0,16.5,24.0,100.0,21.0,32.0,20.0,24.0,21.0,34.0,32.0,75.0,14.0,16.0,17.5,27.0,55.0,1000.0,35868035,42741189.0,436099.0,58805.0,1.260444590,1.260444600,1.260444589,1.260444599,3.6,3.85,1.35,1.39,16.0,21.0,1.06,1.07,4.6,4.8,1.27,1.28,1.43,1.47,1.71,1.76,1.36,1.38,1.260444581,1.260444593,1.260444594,1.260444604
US MLS,2026-08-15,20:30:00,Toronto FC,New England Revolution,2.22,2.3,3.3,3.4,3.75,4.0,2.26,2.34,1.75,1.8,1.65,1.71,2.42,2.54,16.5,20.0,14.0,16.0,21.0,26.0,29.0,60.0,11.0,12.5,7.8,8.8,12.5,15.0,21.0,38.0,13.5,16.0,10.0,11.5,14.0,16.0,32.0,42.0,19.5,30.0,18.5,22.0,20.0,34.0,32.0,1000.0,12.5,14.5,18.0,29.0,95.0,1000.0,35868611,2362969.0,408103.0,58805.0,1.260450776,1.260450786,1.260450775,1.260450785,3.7,3.95,1.34,1.37,15.5,20.0,1.05,1.07,4.7,5.0,1.25,1.27,1.41,1.44,1.76,1.81,1.33,1.37,1.260450767,1.260450779,1.260450780,1.260450790
US MLS,2026-08-15,20:30:00,Orlando City,FC Cincinnati,2.22,2.3,2.92,2.98,4.5,4.7,4.0,4.3,1.31,1.33,1.32,1.38,3.7,4.1,38.0,720.0,21.0,34.0,22.0,40.0,29.0,65.0,23.0,32.0,12.0,16.0,13.5,17.0,21.0,27.0,18.0,28.0,11.5,14.5,12.0,14.0,20.0,25.0,22.0,75.0,16.5,19.5,17.5,22.0,21.0,38.0,6.4,7.0,9.2,11.0,40.0,1000.0,35868610,5640226.0,10962520.0,58805.0,1.260450886,1.260450896,1.260450885,1.260450895,5.8,6.4,1.18,1.21,34.0,110.0,1.01,1.03,10.0,12.5,1.09,1.11,1.5,1.52,1.77,1.81,1.27,1.29,1.260450877,1.260450889,1.260450890,1.260450900
Ecuadorian Serie A,2026-08-15,21:00:00,Mushuc Runa,Barcelona (Ecu),2.18,2.48,3.5,4.1,3.15,3.75,1.7,1.91,2.08,2.44,1.01,1000.0,1.01,1000.0,1.01,1000.0,1.01,1000.0,1.01,1000.0,1.01,1000.0,1.01,1000.0,1.01,1000.0,1.01,1000.0,1.01,1000.0,1.01,1000.0,1.01,1000.0,1.01,1000.0,1.01,1000.0,1.01,1000.0,1.01,1000.0,1.01,1000.0,1.01,1000.0,1.01,1000.0,1.01,1000.0,1.01,1000.0,35922865,8225986.0,13749040.0,58805.0,1.260949673,1.260949676,1.260949720,1.260949721,1.01,1000.0,1.01,1.64,1.01,110.0,1.01,1.47,3.05,970.0,1.36,1.46,1.32,1.4,1.67,1.85,1.36,1.47,1.260949722,1.260949683,1.260949674,1.260949675
Brazilian Serie A,2026-08-15,21:00:00,Sao Paulo,Coritiba,1.78,1.8,5.1,5.8,3.75,4.1,1.87,2.02,1.98,2.14,1.89,2.06,1.94,2.12,10.5,16.0,13.0,18.5,29.0,50.0,6.0,160.0,7.2,9.6,7.4,8.8,16.0,25.0,5.9,90.0,9.2,12.5,8.8,12.0,17.5,21.0,5.8,90.0,14.5,20.0,15.0,23.0,28.0,46.0,6.0,140.0,10.5,13.0,6.0,120.0,6.2,1000.0,35895911,198126.0,198141.0,58805.0,1.260694706,1.260694709,1.260694753,1.260694754,1.32,110.0,1.01,2.02,11.5,15.5,1.07,1.1,3.55,4.0,1.33,1.4,1.2,1.25,2.24,2.3,1.32,1.37,1.260694755,1.260694716,1.260694707,1.260694708
Chilean Primera Division,2026-08-15,21:00:00,Everton De Vina,Audax Italiano,1.86,2.22,3.6,5.3,3.35,5.4,1.78,2.1,1.92,2.28,1.66,970.0,1.01,1000.0,1.01,1000.0,1.01,1000.0,1.01,1000.0,1.01,1000.0,1.01,1000.0,1.01,1000.0,1.01,1000.0,1.01,1000.0,1.01,1000.0,1.01,1000.0,1.01,1000.0,1.01,1000.0,1.01,1000.0,1.01,1000.0,1.01,1000.0,1.01,1000.0,1.01,1000.0,1.01,1000.0,1.01,1000.0,35922849,3677851.0,2295419.0,58805.0,1.260951093,1.260951103,1.260951092,1.260951102,1.01,1000.0,1.01,1.58,2.9,110.0,1.01,1.53,2.9,100.0,1.31,1.53,1.23,1.38,1.82,2.18,1.23,1.43,1.260951084,1.260951096,1.260951097,1.260951107
Argentinian Primera Division,2026-08-15,21:15:00,CA Platense,Boca Juniors,4.1,4.5,2.22,2.28,3.0,3.1,1.44,1.49,3.0,3.35,2.3,2.62,1.63,1.76,6.4,7.4,5.9,6.6,10.5,12.5,26.0,36.0,8.8,10.5,6.6,7.4,11.5,13.0,9.2,38.0,24.0,36.0,17.0,23.0,25.0,30.0,10.5,80.0,11.0,120.0,70.0,90.0,11.0,130.0,10.0,280.0,11.0,150.0,28.0,42.0,10.5,1000.0,35896901,10305879.0,17304.0,58805.0,1.260711975,1.260711985,1.260711974,1.260711984,1.01,2.6,1.62,110.0,6.4,7.4,1.16,1.19,2.28,2.52,1.65,1.77,1.78,1.82,1.29,1.32,1.47,1.5,1.260711966,1.260711978,1.260711979,1.260711989
US MLS,2026-08-15,21:30:00,Houston Dynamo,LA Galaxy,1.76,1.81,4.7,5.1,4.1,4.5,2.46,2.56,1.64,1.68,1.65,1.74,2.36,2.52,16.5,24.0,19.0,23.0,23.0,90.0,38.0,1000.0,10.0,12.0,9.0,10.5,14.0,19.5,27.0,55.0,11.0,13.0,9.2,10.5,15.0,21.0,28.0,55.0,16.5,26.0,14.5,17.5,18.5,46.0,32.0,1000.0,7.6,8.4,26.0,140.0,90.0,1000.0,35868040,1432923.0,2658589.0,58805.0,1.260445493,1.260445503,1.260445492,1.260445502,4.0,4.3,1.31,1.34,18.0,26.0,1.04,1.06,5.3,5.6,1.22,1.23,1.25,1.27,2.22,2.32,1.29,1.32,1.260445484,1.260445496,1.260445497,1.260445507
US MLS,2026-08-15,21:30:00,Nashville SC,Inter Miami CF,2.3,2.36,3.0,3.2,4.0,4.2,2.9,3.0,1.5,1.53,1.47,1.52,2.94,3.1,20.0,55.0,17.5,22.0,18.0,29.0,32.0,220.0,15.0,18.5,9.2,11.0,11.0,14.5,18.5,36.0,17.0,21.0,11.0,12.5,12.0,14.5,19.5,32.0,21.0,55.0,17.5,28.0,21.0,27.0,29.0,60.0,9.0,10.5,12.5,16.5,90.0,1000.0,35868052,17790476.0,27785243.0,58805.0,1.260445383,1.260445393,1.260445382,1.260445392,4.5,4.9,1.26,1.29,22.0,36.0,1.03,1.04,6.6,7.4,1.16,1.18,1.46,1.49,1.73,1.77,1.31,1.34,1.260445374,1.260445386,1.260445387,1.260445397
Peruvian Primera Division,2026-08-15,21:30:00,Alianza Lima,UTC Cajamarca,1.2,1.26,11.5,25.0,6.4,8.2,2.2,2.48,1.67,1.83,2.46,2.56,1.64,1.68,6.0,26.0,7.0,65.0,7.6,290.0,7.8,1000.0,4.0,8.4,13.5,17.0,7.2,95.0,7.8,1000.0,3.75,7.2,4.9,13.0,6.8,60.0,7.6,430.0,4.1,8.8,11.0,18.5,7.0,70.0,7.6,430.0,2.98,4.8,7.8,1000.0,7.8,1000.0,35922860,219457.0,7028659.0,58805.0,1.260949583,1.260949586,1.260949630,1.260949631,2.8,5.6,1.21,1.56,17.5,25.0,1.04,1.06,4.5,5.4,1.22,1.29,1.04,1.06,4.8,6.0,1.13,1.19,1.260949632,1.260949593,1.260949584,1.260949585
Colombian Primera A,2026-08-15,22:10:00,Boyaca Chico,Junior FC Barranquilla,3.7,5.8,2.02,2.44,2.38,4.3,0.0,0.0,0.0,0.0,0.0,0.0,0.0,0.0,0.0,0.0,0.0,0.0,0.0,0.0,0.0,0.0,0.0,0.0,0.0,0.0,0.0,0.0,0.0,0.0,0.0,0.0,0.0,0.0,0.0,0.0,0.0,0.0,0.0,0.0,0.0,0.0,0.0,0.0,0.0,0.0,0.0,0.0,0.0,0.0,0.0,0.0,35927058,3636902.0,22018255.0,58805.0,1.261001262,0.0,0.0,0.0,0.0,0.0,0.0,0.0,0.0,0.0,0.0,0.0,0.0,0.0,0.0,0.0,0.0,0.0,0.0,0.0,0.0,0.0,0.0,0.0,0.0,0.0
Mexican Liga MX,2026-08-15,22:10:00,Monterrey,FC Juarez,1.53,1.62,5.8,7.6,4.6,5.2,2.32,3.2,1.45,1.76,1.01,1000.0,1.01,1000.0,19.5,1000.0,19.5,1000.0,34.0,1000.0,40.0,1000.0,9.2,1000.0,8.8,1000.0,17.5,1000.0,40.0,1000.0,8.8,1000.0,8.4,1000.0,14.5,1000.0,38.0,1000.0,12.0,1000.0,10.0,1000.0,19.0,1000.0,40.0,1000.0,1.01,1000.0,1.01,1000.0,1.01,1000.0,35868089,328949.0,10002706.0,58805.0,1.260445840,1.260445850,1.260445839,1.260445849,1.01,1000.0,1.01,110.0,2.32,110.0,1.01,1.25,2.32,6.6,1.18,1.26,1.15,1.21,2.6,2.9,1.23,1.28,1.260445831,1.260445843,1.260445844,1.260445854
US MLS,2026-08-15,22:30:00,Real Salt Lake,Minnesota Utd,1.81,1.85,4.7,4.9,4.0,4.2,2.46,2.54,1.65,1.69,1.58,1.71,2.42,2.74,16.0,32.0,16.0,32.0,26.0,85.0,38.0,1000.0,10.0,14.5,7.8,10.0,14.0,25.0,34.0,170.0,11.0,15.0,9.0,11.5,12.5,20.0,32.0,200.0,15.0,28.0,12.5,21.0,18.5,32.0,42.0,1000.0,7.4,9.4,24.0,100.0,55.0,1000.0,35868517,1101610.0,7533070.0,58805.0,1.260447057,1.260447067,1.260447056,1.260447066,4.0,4.3,1.3,1.34,18.0,26.0,1.04,1.06,5.4,5.8,1.22,1.23,1.26,1.28,2.18,2.24,1.31,1.33,1.260447048,1.260447060,1.260447061,1.260447071
US MLS,2026-08-15,22:30:00,Colorado,Kansas City,1.51,1.54,6.6,7.2,5.0,5.4,2.84,3.0,1.5,1.54,1.67,1.74,2.36,2.5,21.0,34.0,25.0,36.0,42.0,650.0,44.0,1000.0,11.5,13.5,10.5,12.5,18.5,29.0,32.0,1000.0,10.0,11.5,9.4,10.5,14.5,20.0,30.0,920.0,13.0,15.5,12.0,14.5,21.0,27.0,34.0,1000.0,4.9,5.3,44.0,940.0,95.0,610.0,35867958,171911.0,171912.0,58805.0,1.260443416,1.260443426,1.260443415,1.260443425,4.4,4.8,1.26,1.29,22.0,55.0,1.02,1.04,6.4,7.0,1.17,1.18,1.17,1.18,2.86,2.98,1.22,1.25,1.260443407,1.260443419,1.260443420,1.260443430
US MLS,2026-08-15,23:30:00,Los Angeles FC,San Diego FC,1.64,1.67,5.1,5.5,4.6,5.1,2.88,3.0,1.5,1.53,1.59,1.65,2.56,2.7,21.0,34.0,19.0,32.0,26.0,55.0,40.0,130.0,12.5,14.0,10.5,11.5,18.5,24.0,28.0,65.0,12.0,14.5,9.4,11.5,15.0,17.5,27.0,55.0,15.5,18.5,13.5,17.5,21.0,25.0,30.0,1000.0,5.5,6.0,25.0,40.0,55.0,460.0,35868519,17268707.0,79351400.0,58805.0,1.260447167,1.260447177,1.260447166,1.260447176,4.5,4.9,1.26,1.29,22.0,110.0,1.03,1.04,6.6,7.0,1.17,1.18,1.22,1.24,2.46,2.58,1.25,1.28,1.260447158,1.260447170,1.260447171,1.260447181
US MLS,2026-08-15,23:30:00,San Jose Earthquakes,St Louis City SC,2.12,2.18,3.3,3.45,4.0,4.3,2.76,2.86,1.54,1.57,1.52,1.56,2.8,2.94,19.0,48.0,17.5,27.0,18.5,32.0,29.0,600.0,12.0,16.0,9.2,10.5,12.5,15.5,19.5,50.0,15.0,22.0,10.0,11.5,13.0,15.5,21.0,60.0,19.0,48.0,16.0,20.0,21.0,27.0,28.0,250.0,8.6,10.0,15.0,21.0,90.0,360.0,35868518,408102.0,52290449.0,58805.0,1.260447278,1.260447288,1.260447277,1.260447287,4.4,4.7,1.27,1.3,22.0,55.0,1.03,1.05,6.2,6.8,1.18,1.19,1.41,1.44,1.84,1.88,1.31,1.33,1.260447269,1.260447281,1.260447282,1.260447292
