League,Date,Time,Home,Away,Odd_H_Back,Odd_H_Lay,Odd_A_Back,Odd_A_Lay,Odd_D_Back,Odd_D_Lay,Odd_Under25_FT_Back,Odd_Under25_FT_Lay,Odd_Over25_FT_Back,Odd_Over25_FT_Lay,Odd_BTTS_Yes_Back,Odd_BTTS_Yes_Lay,Odd_BTTS_No_Back,Odd_BTTS_No_Lay,Odd_CS_0x0_Back,Odd_CS_0x0_Lay,Odd_CS_0x1_Back,Odd_CS_0x1_Lay,Odd_CS_0x2_Back,Odd_CS_0x2_Lay,Odd_CS_0x3_Back,Odd_CS_0x3_Lay,Odd_CS_1x0_Back,Odd_CS_1x0_Lay,Odd_CS_1x1_Back,Odd_CS_1x1_Lay,Odd_CS_1x2_Back,Odd_CS_1x2_Lay,Odd_CS_1x3_Back,Odd_CS_1x3_Lay,Odd_CS_2x0_Back,Odd_CS_2x0_Lay,Odd_CS_2x1_Back,Odd_CS_2x1_Lay,Odd_CS_2x2_Back,Odd_CS_2x2_Lay,Odd_CS_2x3_Back,Odd_CS_2x3_Lay,Odd_CS_3x0_Back,Odd_CS_3x0_Lay,Odd_CS_3x1_Back,Odd_CS_3x1_Lay,Odd_CS_3x2_Back,Odd_CS_3x2_Lay,Odd_CS_3x3_Back,Odd_CS_3x3_Lay,Odd_CS_Goleada_H_Back,Odd_CS_Goleada_H_Lay,Odd_CS_Goleada_A_Back,Odd_CS_Goleada_A_Lay,Odd_CS_Goleada_D_Back,Odd_CS_Goleada_D_Lay,ID_Evento,ID_Home,ID_Away,ID_Draw,IDMercado_Match_Odds,IDMercado_Over/Under_25_Goals,IDMercado_Both_teams_to_Score,IDMercado_Correct_Score,Odd_Under05_HT_Back,Odd_Under05_HT_Lay,Odd_Over05_HT_Back,Odd_Over05_HT_Lay,Odd_Under05_FT_Back,Odd_Under05_FT_Lay,Odd_Over05_FT_Back,Odd_Over05_FT_Lay,Odd_Under15_FT_Back,Odd_Under15_FT_Lay,Odd_Over15_FT_Back,Odd_Over15_FT_Lay,Double_Chance_Home_or_Draw_Back,Double_Chance_Home_or_Draw_Lay,Double_Chance_Draw_or_Away_Back,Double_Chance_Draw_or_Away_Lay,Double_Chance_Home_or_Away_Back,Double_Chance_Home_or_Away_Lay,IDMercado_Double_Chance,IDMercado_First_Half_Goals_05,IDMercado_Over/Under_05_Goals,IDMercado_Over/Under_15_Goals
Mexican Liga MX,2026-09-05,00:00:00,FC Juarez,Pachuca,3.9,4.1,2.08,2.12,3.55,3.75,2.0,2.06,1.96,2.0,1.79,1.84,2.2,2.26,14.0,17.0,9.4,10.5,11.5,13.0,23.0,27.0,13.0,15.0,7.4,8.6,9.6,11.5,19.5,23.0,25.0,30.0,14.0,15.0,16.0,17.0,30.0,38.0,50.0,95.0,36.0,60.0,42.0,60.0,70.0,120.0,40.0,60.0,13.5,15.5,12.0,1000.0,36013726,10002706.0,328954.0,58805.0,1.261766459,1.261766462,1.261766506,1.261766507,3.25,3.4,1.42,1.44,13.0,14.5,1.07,1.08,4.0,4.1,1.32,1.34,1.89,1.93,1.32,1.35,1.36,1.39,1.261766508,1.261766469,1.261766460,1.261766461
Chinese League 1,2026-09-05,04:30:00,Shaanxi Union FC,Jiangxi Dingnan United,1.44,1.9,2.16,130.0,4.3,110.0,2.22,55.0,1.18,1.81,1.01,110.0,1.01,1000.0,1.01,1000.0,1.01,1000.0,27.0,95.0,1.01,1000.0,1.01,1000.0,1.01,26.0,1.01,1000.0,1.01,1000.0,1.01,1000.0,7.4,1000.0,16.0,1000.0,30.0,1000.0,1.01,1000.0,1.01,1000.0,1.01,1000.0,1.01,1000.0,1.01,1000.0,1.01,1000.0,1.01,1000.0,36029225,68158828.0,85226388.0,58805.0,1.261985019,1.261985064,1.261985103,1.261985028,1.01,1000.0,1.01,1000.0,3.85,55.0,1.02,1.35,2.22,55.0,1.18,1.53,1.09,1.86,2.12,3.25,1.01,1.28,1.261985020,1.261985022,1.261985023,1.261985067
Hong Kong Premier League,2026-09-05,05:00:00,Wofoo Tai Po,Hong Kong Rangers FC,1.36,110.0,1.17,80.0,1.17,110.0,1.24,55.0,1.1,5.8,1.01,1000.0,1.01,1000.0,1.01,1000.0,1.01,1000.0,1.01,1000.0,1.01,1000.0,1.01,1000.0,1.01,1000.0,1.01,1000.0,1.01,1000.0,1.01,1000.0,1.01,1000.0,1.01,1000.0,1.01,1000.0,1.01,1000.0,1.01,1000.0,1.01,1000.0,1.01,1000.0,1.01,1000.0,1.01,1000.0,1.01,1000.0,36030259,5204518.0,6620679.0,58805.0,1.261986849,1.261986852,1.261986896,1.261986897,1.01,1000.0,1.01,1000.0,1.92,55.0,1.02,1.14,1.25,55.0,1.1,1.14,1.1,55.0,1.12,3.8,1.01,110.0,1.261986898,1.261986859,1.261986850,1.261986851
Romanian Liga II,2026-09-05,05:00:00,CSC 1599 Selimbar,Metalul Buzau,3.8,7.0,1.72,2.28,2.4,6.4,1.59,2.42,1.71,2.68,1.01,1000.0,1.01,1000.0,1.03,1000.0,1.03,1000.0,1.03,1000.0,1.03,1000.0,1.03,1000.0,1.03,1000.0,1.03,1000.0,1.03,1000.0,1.03,1000.0,1.03,1000.0,1.03,1000.0,1.03,1000.0,1.03,1000.0,1.03,1000.0,1.03,1000.0,1.03,1000.0,1.01,1000.0,1.01,1000.0,1.03,1000.0,36003764,48459989.0,14925624.0,58805.0,1.261729304,1.261729307,1.261729351,1.261729352,1.01,1000.0,1.01,1.72,1.59,18.0,1.06,2.68,1.59,17.5,1.36,2.68,1.78,2.38,1.21,1.36,1.18,1.63,1.261729353,1.261729314,1.261729305,1.261729306
Romanian Liga II,2026-09-05,05:00:00,Concordia Chiajna,Afumati,1.44,1.64,5.1,110.0,3.15,9.2,2.16,2.62,1.62,1.86,1.01,1000.0,1.01,1000.0,1.03,1000.0,1.03,1000.0,1.03,1000.0,1.03,1000.0,1.03,1000.0,1.03,1000.0,1.03,1000.0,1.03,1000.0,1.03,1000.0,1.03,1000.0,1.03,1000.0,1.03,1000.0,1.03,1000.0,1.03,1000.0,1.03,1000.0,1.03,1000.0,1.01,1000.0,1.01,1000.0,1.03,1000.0,35997924,5367199.0,13504355.0,58805.0,1.261988713,1.261988716,1.261988760,1.261988761,1.01,1000.0,1.01,1000.0,2.16,110.0,1.01,1.86,2.16,100.0,1.22,1.86,1.08,1.25,2.56,3.3,1.14,1.47,1.261988762,1.261988723,1.261988714,1.261988715
Romanian Liga II,2026-09-05,05:00:00,Ramnicu-Valcea,CSM Resita,3.25,5.3,2.0,2.48,2.6,5.2,1.74,2.22,1.82,2.36,1.01,1000.0,1.01,1000.0,1.03,1000.0,1.03,1000.0,1.03,1000.0,1.03,1000.0,1.03,1000.0,1.03,1000.0,1.03,1000.0,1.03,1000.0,1.03,1000.0,1.03,1000.0,1.03,1000.0,1.03,1000.0,1.03,1000.0,1.03,1000.0,1.03,1000.0,1.03,1000.0,1.01,1000.0,1.01,1000.0,1.03,1000.0,35998321,59417456.0,40452520.0,58805.0,1.261990207,1.261990210,1.261990254,1.261990255,1.01,4.1,1.01,1000.0,3.05,110.0,1.01,1.4,2.86,110.0,1.35,1.4,1.67,26.0,1.02,1.48,1.01,1.63,1.261990256,1.261990217,1.261990208,1.261990209
Romanian Liga II,2026-09-05,05:00:00,Steaua Bucuresti,ACSM Cetatea,1.67,2.08,3.05,6.8,3.0,950.0,1.99,3.15,1.47,2.02,1.01,1000.0,1.01,1000.0,1.03,1000.0,1.03,1000.0,1.03,1000.0,1.03,1000.0,1.03,1000.0,1.03,1000.0,1.03,1000.0,1.03,1000.0,1.03,1000.0,1.03,1000.0,1.03,1000.0,1.03,1000.0,1.03,1000.0,1.03,1000.0,1.03,1000.0,1.03,1000.0,1.01,1000.0,1.01,1000.0,1.03,1000.0,35997920,46724.0,101362213.0,58805.0,1.261988601,1.261988604,1.261988648,1.261988649,2.74,110.0,1.01,1.57,2.44,110.0,1.01,1.34,2.44,100.0,1.23,1.69,1.17,1.48,1.92,2.48,1.11,1.5,1.261988650,1.261988611,1.261988602,1.261988603
Romanian Liga II,2026-09-05,05:00:00,Stefanestii Jos,CS Bistrita,3.6,5.6,1.81,2.06,2.96,4.4,1.73,2.22,1.82,2.38,1.01,1000.0,1.01,1000.0,1.03,1000.0,1.03,1000.0,1.03,1000.0,1.03,1000.0,1.03,1000.0,1.03,1000.0,1.03,1000.0,1.03,1000.0,1.03,1000.0,1.03,1000.0,1.03,1000.0,1.03,1000.0,1.03,1000.0,1.03,1000.0,1.03,1000.0,1.03,1000.0,1.01,1000.0,1.01,1000.0,1.03,1000.0,35997922,102455679.0,102455681.0,58805.0,1.261990094,1.261990097,1.261990141,1.261990142,2.5,4.0,1.01,1000.0,3.0,110.0,1.01,1.5,3.0,100.0,1.34,1.5,1.94,2.24,1.21,1.32,1.29,1.47,1.261990143,1.261990104,1.261990095,1.261990096
Romanian Liga II,2026-09-05,05:00:00,Targu Mures,Metaloglobus,1.5,4.1,2.2,110.0,3.0,110.0,1.67,2.3,1.76,2.48,1.01,1000.0,1.01,1000.0,1.01,1000.0,1.01,1000.0,1.01,1000.0,1.01,1000.0,1.01,1000.0,1.01,1000.0,1.01,1000.0,1.01,1000.0,1.01,1000.0,1.01,1000.0,1.01,1000.0,1.01,1000.0,1.01,1000.0,1.01,1000.0,1.01,1000.0,1.01,1000.0,1.01,1000.0,1.01,1000.0,1.01,1000.0,35997919,3413079.0,13756670.0,58805.0,1.261989157,1.261989160,1.261989204,1.261989205,1.01,1000.0,1.33,1.67,1.95,110.0,1.01,2.06,1.95,110.0,1.34,2.06,1.04,1.84,1.33,3.0,1.01,110.0,1.261989206,1.261989167,1.261989158,1.261989159
Romanian Liga II,2026-09-05,05:00:00,Slobozia,Dinamo Bucuresti,1.36,1.54,3.0,140.0,4.4,950.0,2.16,2.8,1.55,1.86,1.01,1000.0,1.01,1000.0,1.03,1000.0,1.03,1000.0,1.03,1000.0,1.03,1000.0,1.03,1000.0,1.03,1000.0,1.03,1000.0,1.03,1000.0,1.03,1000.0,1.03,1000.0,1.03,1000.0,1.03,1000.0,1.03,1000.0,1.03,1000.0,1.03,1000.0,1.03,1000.0,1.01,1000.0,1.01,1000.0,1.03,1000.0,35998682,6803100.0,75211571.0,58805.0,1.261697806,1.261697809,1.261697853,1.261697854,1.01,1000.0,1.01,1000.0,2.68,110.0,1.01,1.6,2.16,100.0,1.21,1.86,1.04,1.5,2.86,3.75,1.02,1.29,1.261697855,1.261697816,1.261697807,1.261697808
Japanese J League 3,2026-09-05,06:00:00,Matsumoto,FC Osaka,2.0,2.62,3.2,4.6,3.2,3.75,1.63,2.16,1.86,2.58,1.01,1000.0,1.01,2.48,1.01,1000.0,1.01,1000.0,1.01,1000.0,1.01,1000.0,1.01,1000.0,1.01,1000.0,1.01,1000.0,1.01,1000.0,1.01,1000.0,1.01,1000.0,1.01,1000.0,1.01,1000.0,1.01,1000.0,1.01,1000.0,1.01,1000.0,1.01,1000.0,1.01,1000.0,1.01,1000.0,1.01,1000.0,36031041,7081210.0,9301693.0,58805.0,1.261995042,1.261995087,1.261995126,1.261995051,1.01,4.0,1.01,1000.0,1.9,110.0,1.01,2.12,1.9,110.0,1.01,2.12,1.28,1.46,1.61,1.99,1.36,1.46,1.261995043,1.261995045,1.261995046,1.261995090
Japanese J League 3,2026-09-05,06:00:00,FC Gifu,Kanazawa,1.78,2.08,3.15,5.3,3.4,110.0,1.98,2.3,1.76,2.04,1.01,1000.0,1.01,1000.0,1.01,1000.0,1.01,1000.0,1.01,1000.0,1.01,1000.0,1.01,1000.0,1.01,1000.0,1.01,1000.0,1.01,1000.0,1.01,1000.0,1.01,1000.0,1.01,1000.0,1.01,1000.0,1.01,1000.0,1.01,1000.0,1.01,1000.0,1.01,1000.0,1.01,1000.0,1.01,1000.0,1.01,1000.0,36031048,4270387.0,9280258.0,58805.0,1.261994862,1.261994907,1.261994946,1.261994871,1.01,1000.0,1.01,1000.0,2.28,110.0,1.01,1.37,2.28,100.0,1.01,1.37,1.23,1.46,1.92,2.28,1.23,1.38,1.261994863,1.261994865,1.261994866,1.261994910
Japanese J League 3,2026-09-05,06:00:00,Sagamihara,Nagano Parceiro,1.08,110.0,1.1,190.0,1.08,110.0,1.18,110.0,1.01,110.0,1.01,1000.0,1.01,1000.0,1.01,1000.0,1.01,1000.0,1.01,1000.0,1.01,1000.0,1.01,1000.0,1.01,1000.0,1.01,1000.0,1.01,1000.0,1.01,1000.0,1.01,1000.0,1.01,1000.0,1.01,1000.0,1.01,1000.0,1.01,1000.0,1.01,1000.0,1.01,1000.0,1.01,1000.0,1.01,1000.0,1.01,1000.0,36031064,9339232.0,6641607.0,58805.0,1.261996022,1.261996067,1.261996106,1.261996031,1.01,3.95,1.01,1000.0,2.26,1000.0,1.01,1.8,1.18,110.0,1.01,110.0,1.01,110.0,1.01,110.0,1.01,1.4,1.261996023,1.261996025,1.261996026,1.261996070
Japanese J League 2,2026-09-05,06:30:00,Fujieda Myfc,Vanraure Hachinohe,2.24,2.54,3.3,4.4,2.64,4.0,1.7,1.83,2.2,2.44,1.01,1000.0,1.01,1000.0,1.37,1000.0,1.37,1000.0,1.37,1000.0,1.37,1000.0,1.2,970.0,1.17,970.0,1.37,1000.0,1.37,1000.0,1.37,1000.0,1.37,1000.0,1.3,26.0,1.37,1000.0,1.37,1000.0,1.37,1000.0,1.37,1000.0,1.37,1000.0,1.37,1000.0,1.37,1000.0,1.37,1000.0,36019452,14196415.0,7632116.0,58805.0,1.261847933,1.261847936,1.261847980,1.261847981,1.01,1000.0,1.01,1.65,1.02,970.0,1.01,55.0,2.32,3.4,1.42,1.75,1.01,1.44,1.64,1.81,1.33,2.48,1.261847982,1.261847943,1.261847934,1.261847935
Romanian Liga II,2026-09-05,06:30:00,Gloria Leordeni,Bihor Oradea,3.65,5.0,2.0,2.34,3.1,4.2,1.68,1.95,2.04,2.46,1.74,2.26,1.79,2.36,8.6,14.5,6.2,10.0,9.4,15.5,20.0,34.0,9.6,16.0,5.8,9.2,8.0,13.5,18.0,32.0,20.0,36.0,12.0,21.0,14.0,24.0,30.0,55.0,60.0,110.0,40.0,70.0,48.0,85.0,85.0,150.0,48.0,85.0,15.0,25.0,1.01,1000.0,35997923,13092205.0,5525110.0,58805.0,1.261991011,1.261991014,1.261991058,1.261991059,1.01,3.85,1.01,1000.0,3.15,1000.0,1.01,1.46,3.15,110.0,1.36,1.46,1.74,2.0,1.25,1.38,1.31,1.48,1.261991060,1.261991021,1.261991012,1.261991013
Japanese J League 2,2026-09-05,07:00:00,Tokushima,Iwaki SC,2.44,2.74,3.0,4.2,2.54,3.45,1.25,1.75,2.32,5.6,1.79,1000.0,1.01,2.28,1.32,1000.0,1.2,13.0,1.26,26.0,1.32,1000.0,1.32,1000.0,1.13,970.0,1.32,1000.0,1.32,1000.0,1.32,1000.0,1.32,1000.0,1.32,1000.0,1.32,1000.0,1.32,1000.0,1.32,1000.0,1.32,1000.0,1.32,1000.0,1.32,1000.0,1.32,1000.0,1.32,1000.0,36015068,5026012.0,13432059.0,58805.0,1.261792935,1.261792938,1.261792982,1.261792983,1.01,1000.0,1.01,1.71,1.02,110.0,1.01,1.62,1.25,100.0,1.01,1.62,1.3,1.48,1.54,1.7,1.4,1.72,1.261792984,1.261792945,1.261792936,1.261792937
Japanese J League 3,2026-09-05,07:00:00,Ehime,Kitakyushu,1.66,1.79,4.3,7.2,3.55,110.0,1.35,110.0,1.02,5.0,1.01,1000.0,1.01,1000.0,1.01,1000.0,1.01,1000.0,1.01,1000.0,1.01,1000.0,1.01,1000.0,1.01,1000.0,1.01,1000.0,1.01,1000.0,1.01,1000.0,1.01,1000.0,1.01,1000.0,1.01,1000.0,1.01,1000.0,1.01,1000.0,1.01,1000.0,1.01,1000.0,1.01,1000.0,1.01,1000.0,1.01,1000.0,36031055,3455675.0,5026013.0,58805.0,1.261994772,1.261994817,1.261994856,1.261994781,1.01,1000.0,1.01,1000.0,9.0,110.0,1.01,1.13,1.35,110.0,1.01,1.4,1.16,1.26,2.26,2.5,1.3,1.4,1.261994773,1.261994775,1.261994776,1.261994820
Japanese J League 3,2026-09-05,07:00:00,Tottori,Renofa Yamaguchi,2.28,3.65,2.18,2.8,3.3,110.0,1.58,2.74,1.58,2.72,1.01,1000.0,1.01,1000.0,1.01,1000.0,1.01,1000.0,1.01,1000.0,1.01,1000.0,1.01,1000.0,1.01,1000.0,1.01,1000.0,1.01,1000.0,1.01,1000.0,1.01,1000.0,1.01,1000.0,1.01,1000.0,1.01,1000.0,1.01,1000.0,1.01,1000.0,1.01,1000.0,1.01,1000.0,1.01,1000.0,1.01,1000.0,36031085,5759566.0,4233875.0,58805.0,1.261996818,1.261996864,1.261996903,1.261996828,1.01,1000.0,1.01,1.62,1.58,110.0,1.01,2.72,1.75,110.0,1.01,2.32,1.55,1.85,1.37,1.78,1.11,1.44,1.261996819,1.261996821,1.261996822,1.261996867
Japanese J League 3,2026-09-05,07:00:00,Thespakusatsu Gunma,Fukushima Utd,2.2,2.54,2.66,3.5,2.88,110.0,1.08,110.0,1.21,1.89,1.01,1000.0,1.01,1000.0,1.01,1000.0,1.01,1000.0,1.01,1000.0,1.01,1000.0,1.01,1000.0,1.01,1000.0,1.01,1000.0,1.01,1000.0,1.01,1000.0,1.01,1000.0,1.01,1000.0,1.01,1000.0,1.01,1000.0,1.01,1000.0,1.01,1000.0,1.01,1000.0,1.01,1000.0,1.01,1000.0,1.01,1000.0,36031040,7078090.0,4271905.0,58805.0,1.261995132,1.261995177,1.261995216,1.261995141,1.01,1000.0,1.01,1000.0,2.12,1000.0,1.01,1.89,2.12,110.0,1.21,1.89,1.4,1.61,1.65,1.95,1.24,1.37,1.261995133,1.261995135,1.261995136,1.261995180
Ukrainian Premier League,2026-09-05,07:00:00,Fc Kharkiv,Obolon-Brovar Kiev,1.08,110.0,1.08,110.0,1.11,950.0,1.25,970.0,1.43,6.0,1.01,1000.0,1.01,1000.0,1.03,1000.0,2.04,1000.0,1.03,1000.0,1.21,1000.0,5.1,1000.0,1.03,1000.0,1.03,1000.0,1.03,1000.0,5.1,1000.0,8.8,1000.0,1.03,1000.0,1.03,1000.0,7.4,1000.0,1.03,1000.0,1.03,1000.0,1.03,1000.0,1.01,1000.0,1.01,1000.0,1.03,1000.0,36019079,100224128.0,9460511.0,58805.0,1.261853049,1.261853059,1.261853048,1.261853058,1.01,1000.0,1.01,1000.0,1.02,1000.0,1.01,970.0,1.26,970.0,1.02,55.0,1.05,36.0,1.05,36.0,1.01,110.0,1.261853040,1.261853052,1.261853053,1.261853063
Japanese J League 2,2026-09-05,07:00:00,Tosu,Tegevajaro Miyazaki,2.36,2.7,3.05,3.8,2.88,3.5,1.58,1.88,2.14,2.72,1.01,2.28,1.78,1000.0,1.87,1000.0,7.8,14.5,12.5,29.0,1.88,1000.0,7.2,11.5,5.4,9.0,1.87,1000.0,1.88,1000.0,9.4,19.5,8.6,17.0,12.5,29.0,1.88,1000.0,1.88,1000.0,1.81,50.0,1.88,1000.0,1.88,1000.0,1.88,1000.0,1.88,1000.0,1.88,1000.0,36019453,3455676.0,16139510.0,58805.0,1.261848149,1.261848152,1.261848196,1.261848197,2.6,1000.0,1.01,1.62,2.4,13.5,1.08,1.6,2.4,13.5,1.08,1.72,1.35,1.47,1.6,1.71,1.4,1.54,1.261848198,1.261848159,1.261848150,1.261848151
Portuguese Segunda Liga,2026-09-05,07:00:00,Tondela,Porto B,1.62,1.8,4.5,7.6,3.2,4.2,1.78,2.18,1.84,2.28,1.01,1000.0,1.01,1000.0,1.03,1000.0,1.03,1000.0,1.03,1000.0,1.03,1000.0,1.03,1000.0,1.03,1000.0,1.03,1000.0,1.03,1000.0,1.03,1000.0,1.03,1000.0,1.03,1000.0,1.03,1000.0,1.03,1000.0,1.03,1000.0,1.03,1000.0,1.03,1000.0,1.01,1000.0,1.01,1000.0,1.03,1000.0,36019678,4240339.0,6563315.0,58805.0,1.261854141,1.261854144,1.261854188,1.261854189,1.01,1000.0,1.01,110.0,1.78,55.0,1.02,1.39,1.78,55.0,1.3,2.28,1.17,1.26,2.24,2.6,1.31,1.42,1.261854190,1.261854151,1.261854142,1.261854143
Japanese J League 2,2026-09-05,07:00:00,Yamagata,Kofu,1.97,2.32,3.8,4.8,3.2,4.4,1.76,1.96,2.04,2.32,1.85,1000.0,1.89,2.18,1.03,1000.0,1.03,1000.0,1.03,1000.0,1.03,1000.0,1.03,1000.0,1.03,9.4,1.03,26.0,1.03,1000.0,1.03,1000.0,1.03,1000.0,1.03,1000.0,1.03,1000.0,1.03,1000.0,16.0,1000.0,1.03,1000.0,1.03,1000.0,1.01,1000.0,1.01,1000.0,1.03,1000.0,36014980,3718961.0,1405179.0,58805.0,1.261786316,1.261786319,1.261786363,1.261786364,2.62,1000.0,1.01,1.61,1.02,110.0,1.01,55.0,2.22,100.0,1.34,1.82,1.11,1.36,1.83,2.0,1.35,1.8,1.261786365,1.261786326,1.261786317,1.261786318
Japanese J League,2026-09-05,07:00:00,Fukuoka,Mito,2.14,2.2,3.75,3.9,3.5,3.65,1.85,1.9,2.12,2.18,1.9,1.96,2.04,2.12,11.0,13.5,11.5,13.5,7.8,32.0,44.0,100.0,7.8,8.8,7.0,8.0,13.5,17.0,22.0,95.0,11.0,13.0,9.8,11.0,17.0,20.0,27.0,70.0,8.0,32.0,20.0,29.0,19.5,48.0,9.8,130.0,16.0,19.0,9.2,65.0,10.5,1000.0,36023062,1405180.0,3455677.0,58805.0,1.261924129,1.261924132,1.261924176,1.261924177,1.01,110.0,1.01,110.0,11.0,13.0,1.08,1.1,3.4,3.7,1.38,1.41,1.34,1.37,1.83,1.88,1.37,1.4,1.261924178,1.261924139,1.261924130,1.261924131
Ukrainian Premier League,2026-09-05,07:00:00,Kryvbas Krivyi Rih,Kolos Kovalyovka,3.15,3.65,2.34,2.62,3.15,3.6,1.79,1.9,2.1,2.26,1.79,2.04,1.01,1000.0,1.03,1000.0,7.4,1000.0,1.03,17.0,1.03,38.0,9.2,1000.0,1.03,8.0,1.03,13.0,1.03,1000.0,18.0,26.0,1.03,1000.0,1.03,1000.0,1.03,1000.0,1.03,80.0,1.03,1000.0,1.03,1000.0,1.03,1000.0,32.0,1000.0,18.5,36.0,1.03,1000.0,36019047,15868899.0,10403841.0,58805.0,1.261842576,1.261842579,1.261842623,1.261842624,2.44,3.75,1.37,1.69,8.8,13.0,1.08,1.13,3.1,3.6,1.38,1.48,1.62,1.75,1.38,1.47,1.39,1.47,1.261842625,1.261842586,1.261842577,1.261842578
Japanese J League 3,2026-09-05,07:00:00,Kagoshima Utd,FC Ryukyu,1.46,1.65,4.7,170.0,3.9,110.0,2.0,110.0,1.13,2.0,1.01,1000.0,1.01,2.26,1.01,1000.0,1.01,1000.0,1.01,1000.0,1.01,1000.0,1.01,1000.0,1.01,1000.0,1.01,1000.0,1.01,1000.0,1.01,1000.0,1.01,1000.0,1.01,1000.0,1.01,1000.0,1.01,1000.0,1.01,1000.0,1.01,1000.0,1.01,1000.0,1.01,1000.0,1.01,1000.0,1.01,1000.0,36031059,10428848.0,7379405.0,58805.0,1.261996112,1.261996157,1.261996196,1.261996121,1.01,1000.0,1.01,1000.0,2.0,1000.0,1.01,2.0,2.4,110.0,1.01,1.72,1.16,1.28,2.28,3.15,1.2,1.34,1.261996113,1.261996115,1.261996116,1.261996160
Japanese J League 2,2026-09-05,07:00:00,Shonan,Sendai,2.84,3.65,2.46,2.76,2.74,3.5,1.62,1.82,2.2,2.6,1.92,1000.0,1.01,2.1,1.03,1000.0,1.03,13.0,1.03,1000.0,1.03,1000.0,1.03,1000.0,1.03,1000.0,1.03,1000.0,1.03,1000.0,1.03,1000.0,1.03,1000.0,1.03,29.0,1.03,1000.0,1.03,1000.0,1.03,1000.0,1.03,1000.0,1.03,1000.0,1.01,1000.0,1.01,1000.0,1.03,1000.0,36019457,4546954.0,442179.0,58805.0,1.261848365,1.261848368,1.261848412,1.261848413,1.01,1000.0,1.01,1.65,1.95,110.0,1.01,1.53,1.95,100.0,1.02,2.06,1.56,1.69,1.37,1.52,1.4,1.57,1.261848414,1.261848375,1.261848366,1.261848367
Hong Kong Premier League,2026-09-05,07:30:00,Eastern AA,Kowloon City FC,1.82,2.06,3.3,5.0,3.85,4.7,1.81,3.85,1.35,2.24,1.01,970.0,1.01,970.0,1.01,1000.0,1.01,1000.0,1.01,1000.0,1.01,1000.0,1.01,1000.0,1.01,1000.0,1.01,1000.0,1.01,1000.0,1.01,1000.0,1.01,1000.0,1.01,1000.0,1.01,1000.0,1.01,1000.0,1.01,1000.0,1.01,1000.0,1.01,1000.0,1.01,1000.0,1.01,1000.0,1.01,1000.0,36030801,9253857.0,50785377.0,58805.0,1.261993155,1.261993200,1.261993239,1.261993164,1.01,1000.0,1.01,1000.0,1.81,55.0,1.02,1.2,1.81,11.0,1.15,1.2,1.25,1.44,1.94,2.22,1.27,1.35,1.261993156,1.261993158,1.261993159,1.261993203
Norwegian 2nd Division,2026-09-05,08:00:00,Follo,Tromsdalen,2.4,220.0,1.35,2.4,1.1,110.0,1.34,3.75,1.36,3.95,1.01,1000.0,1.01,1000.0,1.01,1000.0,1.01,1000.0,1.01,1000.0,1.01,1000.0,1.01,1000.0,1.01,1000.0,1.01,1000.0,1.01,1000.0,1.01,1000.0,1.01,1000.0,1.01,1000.0,1.01,1000.0,1.01,1000.0,1.01,1000.0,1.01,1000.0,1.01,1000.0,1.01,1000.0,1.01,1000.0,1.01,1000.0,36030384,398301.0,152569.0,58805.0,1.261990521,1.261990566,1.261990605,1.261990530,1.01,1000.0,1.01,1000.0,1.34,55.0,1.02,3.95,1.34,55.0,1.02,3.95,1.72,26.0,1.01,1.72,1.09,110.0,1.261990522,1.261990524,1.261990525,1.261990569
Swedish Division 1,2026-09-05,08:00:00,BK Olympic,Angelholms,2.04,2.44,2.56,110.0,1.1,110.0,2.36,2.94,1.52,1.73,1.01,1000.0,1.01,1000.0,1.01,1000.0,1.01,1000.0,1.01,1000.0,1.01,1000.0,1.01,1000.0,1.01,1000.0,1.01,1000.0,1.01,1000.0,1.01,1000.0,1.01,1000.0,1.01,1000.0,1.01,1000.0,1.01,1000.0,1.01,1000.0,1.01,1000.0,1.01,1000.0,1.01,1000.0,1.01,1000.0,1.01,1000.0,36023640,5618747.0,502386.0,58805.0,1.261992224,1.261992227,1.261992271,1.261992272,1.01,1000.0,1.01,1000.0,2.36,55.0,1.02,1.73,2.36,55.0,1.02,1.73,1.12,1.64,1.69,1.96,1.21,1.91,1.261992273,1.261992234,1.261992225,1.261992226
Swedish Division 1,2026-09-05,08:00:00,Hassleholms IF,Kristianstads,1.66,1.95,3.9,6.4,3.7,8.0,2.1,4.8,1.27,1.9,1.01,1000.0,1.01,1000.0,1.01,1000.0,1.01,1000.0,1.01,1000.0,1.01,1000.0,1.01,1000.0,1.01,1000.0,1.01,1000.0,1.01,1000.0,1.01,1000.0,1.01,1000.0,1.01,1000.0,1.01,1000.0,1.01,1000.0,1.01,1000.0,1.01,1000.0,1.01,1000.0,1.01,1000.0,1.01,1000.0,1.01,1000.0,36023656,9371563.0,384100.0,58805.0,1.261992114,1.261992117,1.261992161,1.261992162,1.01,1000.0,1.01,1000.0,2.58,36.0,1.03,1.64,2.58,36.0,1.03,1.64,1.19,1.35,2.04,2.52,1.2,1.38,1.261992163,1.261992124,1.261992115,1.261992116
Swedish Division 1,2026-09-05,08:00:00,FC Stockholm,Hammarby TFF,2.0,2.54,3.65,5.9,2.78,4.5,1.78,2.16,1.86,2.28,1.01,1000.0,1.01,1000.0,1.01,1000.0,1.01,1000.0,1.01,1000.0,1.01,1000.0,1.01,1000.0,1.01,1000.0,1.01,1000.0,1.01,1000.0,1.01,1000.0,1.01,1000.0,1.01,1000.0,1.01,1000.0,1.01,1000.0,1.01,1000.0,1.01,1000.0,1.01,1000.0,1.01,1000.0,1.01,1000.0,1.01,1000.0,36028113,13933221.0,1480128.0,58805.0,1.261992334,1.261992337,1.261992381,1.261992382,1.01,4.3,1.01,1000.0,3.05,1000.0,1.01,1.48,3.05,110.0,1.01,1.48,1.2,1.38,1.65,2.0,1.29,1.57,1.261992383,1.261992344,1.261992335,1.261992336
Norwegian 2nd Division,2026-09-05,08:00:00,IL Sandviken Bergen,Eik-Tonsberg,1.45,1.86,4.0,160.0,3.55,110.0,2.58,50.0,1.02,1.64,1.01,110.0,1.01,110.0,1.01,1000.0,1.01,1000.0,1.01,1000.0,1.01,1000.0,1.01,1000.0,1.01,1000.0,1.01,1000.0,1.01,1000.0,1.01,1000.0,1.01,1000.0,1.01,1000.0,1.01,1000.0,1.01,1000.0,1.01,1000.0,1.01,1000.0,1.01,1000.0,1.01,1000.0,1.01,1000.0,1.01,1000.0,36030365,72537964.0,5508505.0,58805.0,1.261990611,1.261990656,1.261990695,1.261990620,1.01,1000.0,1.01,1000.0,2.58,55.0,1.02,1.64,2.58,55.0,1.02,1.64,1.07,1.83,2.16,3.25,1.17,1.31,1.261990612,1.261990614,1.261990615,1.261990659
Chinese League 1,2026-09-05,08:00:00,Changchun Yatai,Ningbo Professional,2.0,2.34,3.25,4.7,3.3,3.9,1.26,2.58,1.64,5.2,1.61,1000.0,1.01,970.0,1.01,1000.0,1.01,1000.0,1.01,1000.0,1.01,1000.0,1.01,1000.0,1.01,1000.0,1.01,1000.0,1.01,1000.0,1.01,1000.0,1.01,1000.0,1.01,1000.0,1.01,1000.0,1.01,1000.0,1.01,1000.0,1.01,1000.0,1.01,1000.0,1.01,1000.0,1.01,1000.0,1.01,1000.0,36029241,2899297.0,99530646.0,58805.0,1.261984749,1.261984794,1.261984833,1.261984758,2.78,1000.0,1.01,1000.0,1.92,110.0,1.01,1.38,1.92,100.0,1.28,1.38,1.27,1.44,1.74,1.99,1.34,1.44,1.261984750,1.261984752,1.261984753,1.261984797
German Bundesliga 2,2026-09-05,08:00:00,Holstein Kiel,Nurnberg,2.46,2.52,2.92,3.0,3.8,3.9,2.48,2.6,1.63,1.68,1.56,1.59,2.7,2.8,20.0,23.0,15.0,17.0,20.0,23.0,38.0,46.0,13.5,15.0,8.4,9.0,12.0,13.5,25.0,28.0,17.0,19.0,10.5,12.0,13.0,14.5,29.0,34.0,32.0,34.0,20.0,23.0,26.0,30.0,48.0,65.0,12.0,13.5,16.0,18.0,17.0,440.0,36014992,247830.0,121724.0,58805.0,1.261794228,1.261794238,1.261794227,1.261794237,3.55,110.0,1.01,1.39,19.0,26.0,1.04,1.06,5.4,5.8,1.21,1.23,1.5,1.53,1.65,1.68,1.34,1.36,1.261794219,1.261794231,1.261794232,1.261794242
Chinese Super League,2026-09-05,08:00:00,Wuhan Three Towns,Qingdao Youth Island,2.0,2.06,4.2,4.4,3.55,3.8,1.96,2.04,1.98,2.04,1.82,1.93,2.08,2.22,11.5,15.0,12.0,44.0,4.3,50.0,4.8,1000.0,8.2,10.5,6.8,8.2,13.0,21.0,36.0,95.0,10.0,13.0,9.4,10.5,15.5,55.0,4.8,1000.0,17.5,32.0,16.5,28.0,25.0,95.0,4.8,1000.0,11.0,970.0,4.8,400.0,4.9,1000.0,36015006,23228754.0,40285964.0,58805.0,1.261787700,1.261787703,1.261787747,1.261787748,1.01,110.0,1.01,110.0,12.0,15.5,1.07,1.09,3.75,4.3,1.32,1.36,1.29,1.32,1.95,2.0,1.35,1.4,1.261787749,1.261787710,1.261787701,1.261787702
Swedish Superettan,2026-09-05,08:00:00,Varnamo,Varbergs BoIS,2.34,2.58,2.9,3.8,3.15,4.1,1.88,2.46,1.7,2.14,1.51,1.87,2.14,2.98,1.03,28.0,9.4,23.0,13.0,30.0,1.03,1000.0,1.03,23.0,6.2,9.8,9.4,23.0,1.03,1000.0,11.0,23.0,1.03,19.5,9.4,29.0,19.0,1000.0,1.03,1000.0,1.03,1000.0,1.03,1000.0,1.03,1000.0,1.01,1000.0,1.01,1000.0,1.03,1000.0,36014624,384107.0,6225055.0,58805.0,1.261777841,1.261777844,1.261777888,1.261777889,1.01,1000.0,1.01,1.46,1.19,36.0,1.03,6.4,1.88,7.8,1.22,2.14,1.36,1.53,1.63,1.74,1.32,1.47,1.261777890,1.261777851,1.261777842,1.261777843
German Bundesliga 2,2026-09-05,08:00:00,Wolfsburg,Cottbus,1.33,1.36,10.0,11.5,6.0,6.6,3.15,3.4,1.42,1.46,1.83,1.87,2.16,2.2,32.0,38.0,14.5,50.0,17.0,110.0,18.0,340.0,13.0,14.0,13.0,14.5,32.0,38.0,17.0,130.0,9.6,10.5,10.0,11.5,21.0,24.0,17.0,95.0,10.5,11.5,12.0,13.5,12.0,29.0,17.0,95.0,3.5,3.75,17.5,110.0,18.5,1000.0,36015154,44521.0,204683.0,58805.0,1.261795529,1.261795539,1.261795528,1.261795538,3.75,110.0,1.01,1.36,1.02,46.0,1.02,1.04,7.6,8.6,1.13,1.15,1.1,1.12,3.75,4.2,1.18,1.2,1.261795520,1.261795532,1.261795533,1.261795543
German Bundesliga 2,2026-09-05,08:00:00,Kaiserslautern,SV Darmstadt,2.26,2.34,3.2,3.4,3.8,4.0,2.24,2.4,1.72,1.81,1.65,1.71,2.42,2.54,17.5,23.0,14.0,18.5,20.0,26.0,5.8,65.0,11.0,13.0,7.8,9.8,12.0,15.0,5.7,40.0,14.0,19.0,10.0,12.0,14.0,18.5,5.5,46.0,5.5,34.0,19.5,24.0,24.0,36.0,5.9,80.0,12.0,16.5,19.5,30.0,6.2,1000.0,36014836,14075.0,993093.0,58805.0,1.261783407,1.261783417,1.261783406,1.261783416,3.15,110.0,1.01,1.46,15.0,20.0,1.05,1.06,4.6,5.4,1.23,1.28,1.41,1.46,1.74,1.8,1.33,1.36,1.261783398,1.261783410,1.261783411,1.261783421
Thai League 1,2026-09-05,08:00:00,Chiangrai Utd,Chonburi,2.26,3.0,2.58,3.6,2.82,7.6,1.65,2.08,1.92,2.54,1.01,110.0,1.01,110.0,1.01,1000.0,8.6,1000.0,1.01,1000.0,1.01,1000.0,8.6,1000.0,6.2,1000.0,9.4,1000.0,1.01,1000.0,1.01,1000.0,9.4,1000.0,1.01,1000.0,1.01,1000.0,1.01,1000.0,1.01,1000.0,1.01,1000.0,1.01,1000.0,1.01,1000.0,1.01,1000.0,1.01,1000.0,36030911,9306470.0,2899298.0,58805.0,1.261992756,1.261992801,1.261992840,1.261992765,1.01,1000.0,1.35,1.64,2.7,110.0,1.01,1.59,2.7,110.0,1.01,1.59,1.38,1.64,1.5,1.8,1.2,1.64,1.261992757,1.261992759,1.261992760,1.261992804
Chinese League 1,2026-09-05,08:00:00,Wuxi Wugou,Yanbian Longding,2.3,2.78,2.84,110.0,3.05,3.6,1.69,1.97,2.04,2.44,1.66,1000.0,1.01,2.5,1.01,1000.0,1.01,1000.0,1.01,1000.0,1.01,1000.0,1.01,1000.0,1.01,1000.0,1.01,1000.0,1.01,1000.0,1.01,1000.0,1.01,1000.0,1.01,1000.0,1.01,1000.0,1.01,1000.0,1.01,1000.0,1.01,1000.0,1.01,1000.0,1.01,1000.0,1.01,1000.0,1.01,1000.0,36029254,39645470.0,39632858.0,58805.0,1.261984364,1.261984409,1.261984448,1.261984373,1.01,1000.0,1.01,1000.0,3.15,110.0,1.01,1.46,3.15,100.0,1.02,1.46,1.01,1.55,1.38,1.69,1.38,3.5,1.261984365,1.261984367,1.261984368,1.261984412
Thai League 1,2026-09-05,08:30:00,Bangkok Utd,Sisaket,1.15,3.0,3.0,110.0,3.0,110.0,1.24,110.0,1.02,6.4,1.01,1000.0,1.01,1000.0,1.01,1000.0,1.04,1000.0,1.04,1000.0,1.04,1000.0,1.04,1000.0,1.04,1000.0,1.04,1000.0,1.04,1000.0,1.04,1000.0,1.04,1000.0,1.04,1000.0,1.04,1000.0,1.04,1000.0,1.04,1000.0,1.04,1000.0,1.03,1000.0,1.01,25.0,1.01,1000.0,1.01,1000.0,36031001,9282747.0,7619553.0,58805.0,1.261993505,1.261993550,1.261993589,1.261993514,1.01,1000.0,1.01,1000.0,1.02,1000.0,1.01,110.0,1.24,110.0,1.01,55.0,1.03,1.5,1.52,7.8,1.01,1.5,1.261993506,1.261993508,1.261993509,1.261993553
Chinese League 1,2026-09-05,08:30:00,Nantong Zhiyun F.C,Guangdong GZ-Power FC,2.24,110.0,2.2,110.0,1.08,3.75,1.63,2.08,1.92,2.58,1.01,970.0,1.01,1000.0,1.01,1000.0,1.01,23.0,1.01,60.0,1.01,1000.0,1.01,29.0,1.01,1000.0,1.01,29.0,1.01,1000.0,1.01,1000.0,1.01,40.0,1.01,1000.0,1.01,1000.0,1.01,1000.0,1.01,1000.0,1.01,1000.0,1.01,1000.0,1.01,1000.0,1.01,1000.0,1.01,1000.0,36029256,13107045.0,68321885.0,58805.0,1.261984184,1.261984229,1.261984268,1.261984193,2.6,1000.0,1.01,1.63,3.35,110.0,1.03,1.15,3.35,30.0,1.03,1.42,1.47,1.81,1.28,1.62,1.36,1.53,1.261984185,1.261984187,1.261984188,1.261984232
Bosnian Premier League,2026-09-05,08:30:00,FK BSK Banja Luka,Celik Zenica,2.58,3.1,1.87,3.1,3.25,110.0,1.72,110.0,1.02,2.5,1.01,1000.0,1.01,1000.0,1.01,1000.0,1.01,1000.0,1.01,1000.0,1.01,1000.0,1.01,1000.0,1.01,1000.0,1.01,1000.0,1.01,1000.0,1.01,1000.0,1.01,1000.0,1.01,1000.0,1.01,1000.0,1.01,1000.0,1.01,1000.0,1.01,1000.0,1.01,1000.0,1.01,1000.0,1.01,1000.0,1.01,1000.0,36030236,59856642.0,8071612.0,58805.0,1.261989034,1.261989044,1.261989033,1.261989043,1.01,1000.0,1.01,110.0,2.6,1000.0,1.01,1.5,2.6,110.0,1.01,1.5,1.48,2.16,1.47,1.64,1.11,1.45,1.261989025,1.261989037,1.261989038,1.261989048
English Premier League,2026-09-05,08:30:00,Newcastle,Bournemouth,2.2,2.22,3.45,3.5,3.85,3.9,2.54,2.6,1.63,1.65,1.56,1.58,2.72,2.8,20.0,22.0,17.5,18.5,25.0,28.0,50.0,60.0,13.0,14.0,8.4,8.6,13.5,14.5,30.0,34.0,15.5,17.0,10.0,10.5,13.0,13.5,32.0,36.0,26.0,29.0,19.0,20.0,24.0,26.0,48.0,55.0,10.0,11.5,20.0,23.0,55.0,470.0,35974481,25422.0,1141.0,58805.0,1.261449654,1.261449589,1.261449652,1.261449665,3.95,4.2,1.31,1.34,19.0,24.0,1.04,1.06,5.5,5.9,1.2,1.22,1.4,1.41,1.81,1.84,1.34,1.36,1.261449656,1.261449658,1.261449659,1.261449594
Chinese League 1,2026-09-05,08:30:00,Foshan Nanshi FC,Dalian Kun City FC,3.7,5.3,1.8,2.0,3.75,4.3,1.25,2.42,1.7,5.2,1.01,970.0,1.01,1000.0,1.01,1000.0,1.01,1000.0,1.01,26.0,1.01,1000.0,1.01,1000.0,1.01,13.0,1.01,1000.0,1.01,1000.0,1.01,1000.0,1.01,1000.0,1.01,1000.0,1.01,1000.0,1.01,1000.0,1.01,1000.0,1.01,1000.0,1.01,1000.0,1.01,1000.0,1.01,1000.0,1.01,1000.0,36029255,84959838.0,68280380.0,58805.0,1.261984274,1.261984319,1.261984358,1.261984283,1.01,1000.0,1.01,1000.0,4.1,110.0,1.01,1.32,4.1,5.0,1.25,1.32,2.0,2.32,1.23,1.38,1.18,1.37,1.261984275,1.261984277,1.261984278,1.261984322
English National League,2026-09-05,08:30:00,Aldershot,FC Halifax Town,2.1,2.48,2.96,4.1,3.6,5.4,1.98,2.56,1.64,2.02,1.47,2.1,1.9,3.15,1.53,1000.0,2.78,23.0,1.47,34.0,13.5,1000.0,1.44,970.0,1.39,970.0,8.6,970.0,12.5,1000.0,8.6,29.0,6.2,970.0,9.4,970.0,13.5,1000.0,11.5,1000.0,4.9,1000.0,12.5,1000.0,16.5,1000.0,1.53,1000.0,1.53,1000.0,1.53,1000.0,35999467,62504.0,4231683.0,58805.0,1.261704115,1.261704118,1.261704162,1.261704163,1.01,1000.0,1.01,1000.0,1.02,29.0,1.03,1.17,1.98,29.0,1.23,1.32,1.34,1.52,1.68,1.91,1.22,1.39,1.261704164,1.261704125,1.261704116,1.261704117
Estonian Premier League,2026-09-05,08:30:00,Kuressaare,Trans Narva,2.58,3.85,2.26,3.25,2.26,8.0,1.6,23.0,1.28,2.64,1.61,2.08,1.94,2.62,1.01,1000.0,8.6,17.0,11.0,23.0,17.5,75.0,8.6,17.0,5.7,9.8,8.6,17.0,17.0,100.0,1.01,29.0,9.4,19.5,11.0,23.0,21.0,80.0,1.01,100.0,17.0,70.0,21.0,80.0,1.01,1000.0,1.01,1000.0,1.01,1000.0,1.01,1000.0,36018362,5407305.0,46983.0,58805.0,1.261836335,1.261836338,1.261836382,1.261836383,2.66,1000.0,1.01,1.6,1.02,970.0,1.04,1.12,3.65,23.0,1.28,1.38,1.47,1.79,1.38,1.64,1.2,1.79,1.261836384,1.261836345,1.261836336,1.261836337
Welsh Premiership,2026-09-05,08:30:00,Penybont FC,Colwyn Bay,1.21,13.5,1.11,1000.0,1.11,210.0,1.24,1000.0,1.01,6.4,0.0,0.0,0.0,0.0,0.0,0.0,0.0,0.0,0.0,0.0,0.0,0.0,0.0,0.0,0.0,0.0,0.0,0.0,0.0,0.0,0.0,0.0,0.0,0.0,0.0,0.0,0.0,0.0,0.0,0.0,0.0,0.0,0.0,0.0,0.0,0.0,0.0,0.0,0.0,0.0,0.0,0.0,36023669.0,8089085.0,2662205.0,58805.0,1.261927856,1.261927859,0.0,0.0,0.0,0.0,0.0,0.0,0.0,0.0,0.0,0.0,0.0,0.0,0.0,0.0,0.0,0.0,0.0,0.0,0.0,0.0,0.0,0.0,0.0,0.0
English National League,2026-09-05,08:30:00,Southend,Yeovil,1.64,1.71,5.3,6.2,4.2,4.6,2.2,2.48,1.67,1.84,1.75,1.95,2.06,2.32,15.5,21.0,17.5,23.0,40.0,48.0,8.4,160.0,8.2,10.5,8.6,13.0,18.5,22.0,55.0,75.0,9.0,11.0,8.8,10.5,17.5,21.0,55.0,75.0,14.0,16.5,13.5,17.0,7.0,34.0,8.2,110.0,7.0,8.4,8.0,80.0,9.0,1000.0,35999458,69719.0,132555.0,58805.0,1.261704223,1.261704226,1.261704270,1.261704271,3.0,1000.0,1.01,1.49,15.5,21.0,1.05,1.07,4.4,5.3,1.25,1.3,1.2,1.24,2.4,2.58,1.28,1.32,1.261704272,1.261704233,1.261704224,1.261704225
Chinese Super League,2026-09-05,08:35:00,Shanghai Port FC,Beijing Guoan,2.24,2.3,2.92,3.1,4.3,4.5,2.92,3.15,1.46,1.52,1.48,1.5,3.0,3.05,26.0,60.0,18.5,21.0,22.0,40.0,38.0,55.0,16.5,18.5,9.8,11.0,12.5,14.0,23.0,28.0,17.5,20.0,10.5,12.0,13.0,14.5,25.0,30.0,28.0,50.0,17.0,21.0,22.0,26.0,40.0,140.0,9.0,10.0,13.0,16.0,48.0,1000.0,36015017,51006167.0,2955487.0,58805.0,1.261793744,1.261793754,1.261793743,1.261793753,3.85,1000.0,1.01,1.34,17.5,55.0,1.03,1.07,6.4,7.4,1.16,1.18,1.48,1.52,1.76,1.81,1.28,1.31,1.261793735,1.261793747,1.261793748,1.261793758
Chinese Super League,2026-09-05,08:35:00,Dalian Yingbo,Qingdao Hainiu,1.43,1.45,8.0,9.0,5.3,5.8,2.54,2.74,1.58,1.65,1.81,1.91,2.1,2.24,21.0,26.0,30.0,36.0,32.0,80.0,16.5,300.0,9.6,12.5,11.0,12.0,27.0,32.0,90.0,1000.0,8.8,10.0,9.2,10.5,20.0,28.0,48.0,95.0,11.0,13.0,12.0,14.0,25.0,36.0,38.0,1000.0,4.9,5.4,60.0,1000.0,13.5,1000.0,36015836,67154937.0,9654927.0,58805.0,1.261804518,1.261804521,1.261804565,1.261804566,3.35,1000.0,1.01,1.42,21.0,55.0,1.04,1.05,5.5,6.2,1.2,1.23,1.13,1.15,3.2,3.35,1.21,1.24,1.261804567,1.261804528,1.261804519,1.261804520
German 3 Liga,2026-09-05,09:00:00,Jahn Regensburg,Duisburg,3.8,5.0,1.84,2.0,3.85,4.6,2.32,5.4,1.27,1.76,1.54,1.75,1.01,1000.0,1.01,1000.0,1.01,1000.0,1.01,1000.0,1.01,1000.0,1.01,1000.0,1.01,1000.0,1.01,1000.0,1.01,1000.0,1.01,1000.0,1.01,1000.0,1.01,1000.0,1.01,1000.0,1.01,1000.0,1.01,1000.0,1.01,1000.0,1.01,1000.0,1.01,1000.0,1.01,1000.0,1.01,1000.0,35999694,4855758.0,210943.0,58805.0,1.261705670,1.261705673,1.261705717,1.261705718,1.01,1000.0,1.01,1000.0,1.02,110.0,1.01,1.74,1.02,100.0,1.2,1.74,2.0,2.2,1.25,1.36,1.27,1.36,1.261705719,1.261705680,1.261705671,1.261705672
Thai League 1,2026-09-05,09:00:00,Rasi Salai United FC,Port FC,2.4,110.0,1.35,4.0,3.0,110.0,1.08,110.0,1.24,26.0,1.01,1000.0,1.01,1000.0,1.01,1000.0,1.01,1000.0,1.01,1000.0,1.01,1000.0,1.01,1000.0,1.01,1000.0,1.01,1000.0,1.01,1000.0,1.01,1000.0,1.01,1000.0,1.01,1000.0,1.01,1000.0,1.01,1000.0,1.01,1000.0,1.01,1000.0,1.01,1000.0,1.01,1000.0,1.01,1000.0,1.01,1000.0,36030987,48175263.0,9255164.0,58805.0,1.261992954,1.261992957,1.261993001,1.261993002,1.01,1000.0,1.01,1000.0,3.9,1000.0,1.01,1.34,3.9,110.0,1.24,1.34,1.33,3.9,1.02,1.72,1.01,1.5,1.261993003,1.261992964,1.261992955,1.261992956
Norwegian 2nd Division,2026-09-05,09:00:00,Skeid,Kjelsas,2.2,280.0,1.73,2.8,3.0,110.0,2.24,100.0,1.16,1.8,1.01,1000.0,1.01,1000.0,1.01,1000.0,1.01,1000.0,1.01,1000.0,1.01,1000.0,1.01,1000.0,1.01,1000.0,1.01,1000.0,1.01,1000.0,1.01,1000.0,1.01,1000.0,1.01,1000.0,1.01,1000.0,1.01,1000.0,1.01,1000.0,1.01,1000.0,1.01,1000.0,1.01,1000.0,1.01,1000.0,1.01,1000.0,36030357,152574.0,398319.0,58805.0,1.261990791,1.261990836,1.261990875,1.261990800,1.01,1000.0,1.01,1000.0,2.24,110.0,1.01,1.8,2.24,110.0,1.16,1.8,1.55,2.5,1.15,1.84,1.01,1.5,1.261990792,1.261990794,1.261990795,1.261990839
German 3 Liga,2026-09-05,09:00:00,Preussen Munster,TSV Havelse,1.57,1.73,4.6,10.5,4.0,5.0,2.2,100.0,1.16,1.84,1.61,970.0,1.02,970.0,1.01,1000.0,1.01,1000.0,1.01,1000.0,1.01,1000.0,1.01,1000.0,1.01,1000.0,1.01,1000.0,1.01,1000.0,1.01,1000.0,1.01,1000.0,1.01,1000.0,1.01,1000.0,1.01,1000.0,1.01,1000.0,1.01,1000.0,1.01,1000.0,1.01,1000.0,1.01,1000.0,1.01,1000.0,36015920,3235019.0,5340376.0,58805.0,1.261807643,1.261807646,1.261807690,1.261807691,1.01,1000.0,1.01,1000.0,1.02,110.0,1.01,1.73,1.02,100.0,1.16,1.73,1.12,1.28,2.36,2.76,1.25,1.34,1.261807692,1.261807653,1.261807644,1.261807645
Danish 2nd Division,2026-09-05,09:00:00,HIK Hellerup,Brabrand,1.7,160.0,1.14,160.0,1.1,110.0,1.06,110.0,1.01,110.0,1.01,1000.0,1.01,1000.0,1.01,1000.0,1.01,1000.0,1.01,1000.0,1.01,1000.0,1.01,1000.0,1.01,1000.0,1.01,1000.0,1.01,1000.0,1.01,1000.0,1.01,1000.0,1.01,1000.0,1.01,1000.0,1.01,1000.0,1.01,1000.0,1.01,1000.0,1.01,1000.0,1.01,1000.0,1.01,1000.0,1.01,1000.0,36019578,14223581.0,579439.0,58805.0,1.261992843,1.261992846,1.261992890,1.261992891,1.01,1000.0,1.01,1000.0,1.02,1000.0,1.01,970.0,1.06,1000.0,1.01,970.0,1.01,110.0,1.01,2.44,1.12,110.0,1.261992892,1.261992853,1.261992844,1.261992845
Danish 2nd Division,2026-09-05,09:00:00,Frederiksberg,Skive,2.44,3.25,2.26,2.96,2.64,4.2,1.72,100.0,1.37,2.38,1.01,1000.0,1.01,1000.0,1.01,1000.0,1.01,1000.0,1.01,1000.0,1.01,1000.0,1.01,1000.0,1.01,1000.0,1.01,1000.0,1.01,1000.0,1.01,1000.0,1.01,1000.0,1.01,1000.0,1.01,1000.0,1.01,1000.0,1.01,1000.0,1.01,1000.0,1.01,1000.0,1.01,1000.0,1.01,1000.0,1.01,1000.0,36027443,17928272.0,151005.0,58805.0,1.261993042,1.261993045,1.261993089,1.261993090,1.01,1000.0,1.01,1000.0,3.15,110.0,1.01,1.45,3.15,110.0,1.01,1.45,1.51,1.79,1.44,1.69,1.31,1.45,1.261993091,1.261993052,1.261993043,1.261993044
Danish 2nd Division,2026-09-05,09:00:00,Roskilde,VSK Aarhus FC,1.08,110.0,2.0,160.0,3.0,110.0,1.11,110.0,1.01,15.5,1.01,1000.0,1.01,1000.0,1.01,1000.0,1.01,1000.0,1.01,1000.0,1.01,1000.0,1.01,1000.0,1.01,1000.0,1.01,1000.0,1.01,1000.0,1.01,1000.0,1.01,1000.0,1.01,1000.0,1.01,1000.0,1.01,1000.0,1.01,1000.0,1.01,1000.0,1.01,1000.0,1.01,1000.0,1.01,1000.0,1.01,1000.0,36027441,518517.0,23448934.0,58805.0,1.261992573,1.261992576,1.261992620,1.261992621,1.01,1000.0,1.01,1000.0,1.19,1000.0,1.01,6.2,1.19,110.0,1.01,6.2,1.01,2.0,1.2,110.0,1.01,1.5,1.261992622,1.261992583,1.261992574,1.261992575
German 3 Liga,2026-09-05,09:00:00,SV Meppen,Saarbrucken,2.88,3.25,2.28,2.48,3.7,4.1,2.36,2.66,1.6,1.74,1.54,1.67,2.48,2.84,18.5,26.0,12.5,15.5,15.5,19.0,27.0,34.0,14.5,18.0,7.8,9.6,10.5,12.5,19.0,24.0,20.0,25.0,11.5,14.0,12.5,15.0,25.0,32.0,40.0,65.0,25.0,32.0,7.8,36.0,46.0,75.0,17.0,21.0,11.0,13.5,10.0,460.0,36015934,5945855.0,110687.0,58805.0,1.261808179,1.261808182,1.261808226,1.261808227,1.01,1000.0,1.01,1000.0,15.0,110.0,1.03,1.07,5.0,6.0,1.2,1.25,1.67,1.79,1.44,1.54,1.32,1.37,1.261808228,1.261808189,1.261808180,1.261808181
German 3 Liga,2026-09-05,09:00:00,Waldhof Mannheim,Verl,2.06,2.64,2.7,3.6,3.8,4.5,2.0,9.4,1.12,1.99,1.45,1.64,1.01,3.2,1.03,1000.0,1.03,1000.0,1.03,1000.0,1.03,1000.0,1.03,1000.0,1.03,1000.0,1.03,1000.0,1.03,1000.0,1.03,1000.0,1.03,1000.0,1.03,1000.0,1.03,1000.0,1.03,1000.0,1.03,1000.0,1.03,1000.0,1.03,1000.0,1.01,1000.0,1.01,1000.0,1.03,1000.0,36006191,346909.0,4901988.0,58805.0,1.261750443,1.261750446,1.261750490,1.261750491,3.0,1000.0,1.01,1.49,1.02,110.0,1.01,1.19,1.77,100.0,1.12,1.19,1.38,1.59,1.6,1.94,1.28,1.36,1.261750492,1.261750453,1.261750444,1.261750445
Spanish Segunda Division,2026-09-05,09:00:00,Sociedad B,Tenerife,2.48,2.58,3.2,3.35,3.2,3.35,1.73,1.78,2.28,2.36,1.93,2.0,2.0,2.08,10.0,11.5,9.6,11.0,19.0,27.0,36.0,75.0,8.2,9.2,6.6,7.4,12.5,17.5,6.8,55.0,13.5,19.0,10.5,12.0,17.0,20.0,7.2,70.0,32.0,38.0,6.6,38.0,7.2,60.0,7.6,150.0,20.0,36.0,7.2,60.0,8.0,1000.0,36016270,2250345.0,44509.0,58805.0,1.261815170,1.261815173,1.261815217,1.261815218,1.01,110.0,1.01,110.0,10.0,12.5,1.09,1.12,3.2,3.4,1.42,1.46,1.42,1.46,1.63,1.67,1.42,1.46,1.261815219,1.261815180,1.261815171,1.261815172
Chinese Super League,2026-09-05,09:00:00,Shandong Taishan,Shenzhen Peng City,1.65,1.69,4.9,5.3,4.6,5.0,2.94,3.15,1.47,1.52,1.58,1.61,2.64,2.74,27.0,70.0,18.5,32.0,29.0,55.0,8.4,1000.0,12.5,15.0,10.5,14.0,18.0,23.0,32.0,190.0,12.0,16.0,9.6,11.0,15.0,21.0,29.0,55.0,15.5,24.0,13.5,18.0,21.0,28.0,36.0,540.0,5.3,5.9,22.0,44.0,8.6,430.0,36014865,50443279.0,84995278.0,58805.0,1.261783678,1.261783681,1.261783725,1.261783726,3.0,1000.0,1.01,1.36,18.0,55.0,1.03,1.06,6.4,7.2,1.16,1.18,1.23,1.26,2.44,2.54,1.25,1.28,1.261783727,1.261783688,1.261783679,1.261783680
French Ligue 2,2026-09-05,09:00:00,Reims,Guingamp,1.8,1.94,4.0,5.1,1.1,4.4,2.16,2.6,1.62,1.85,1.64,2.08,1.92,2.56,1.03,1000.0,1.03,1000.0,21.0,1000.0,1.01,1000.0,1.01,1000.0,1.01,1000.0,1.03,1000.0,1.03,1000.0,8.8,1000.0,1.03,1000.0,1.03,1000.0,1.03,1000.0,15.5,1000.0,12.0,1000.0,21.0,1000.0,1.01,1000.0,1.01,1000.0,1.01,1000.0,1.03,1000.0,36014989,298233.0,44801.0,58805.0,1.261787052,1.261787055,1.261787099,1.261787100,1.01,1000.0,1.01,1.49,12.0,110.0,1.04,1.1,1.02,26.0,1.23,1.34,1.22,1.34,2.02,2.28,1.3,1.43,1.261787101,1.261787062,1.261787053,1.261787054
French Ligue 2,2026-09-05,09:00:00,Metz,Rodez,1.99,2.12,3.65,4.1,3.7,4.1,1.25,5.0,1.32,5.0,1.64,1.81,2.22,1000.0,1.03,1000.0,12.0,1000.0,1.03,1000.0,1.03,1000.0,1.01,1000.0,1.03,1000.0,12.0,1000.0,1.03,1000.0,1.03,1000.0,8.8,13.0,1.03,26.0,1.03,1000.0,1.03,1000.0,1.03,1000.0,1.03,1000.0,1.03,1000.0,1.01,1000.0,1.01,1000.0,1.03,1000.0,36016337,44795.0,1029663.0,58805.0,1.261816028,1.261816031,1.261816075,1.261816076,3.0,1000.0,1.01,1.49,3.75,110.0,1.04,1.33,3.75,5.0,1.25,1.33,1.33,1.38,1.89,2.02,1.32,1.37,1.261816077,1.261816038,1.261816029,1.261816030
Romanian Liga I,2026-09-05,09:00:00,Botosani,ACS Sepsi OSK,2.3,2.54,3.2,3.65,3.2,3.6,1.86,1.98,2.02,2.16,1.81,2.02,1.98,2.22,1.66,1000.0,1.66,1000.0,1.58,32.0,1.66,1000.0,1.45,970.0,1.42,9.8,1.66,1000.0,1.61,60.0,10.5,970.0,1.51,17.0,1.66,1000.0,1.66,1000.0,1.6,44.0,1.59,40.0,1.66,1000.0,1.66,1000.0,1.66,1000.0,1.66,1000.0,1.66,1000.0,35973461,3465177.0,8916863.0,58805.0,1.261438947,1.261438957,1.261438946,1.261438956,1.01,110.0,1.01,110.0,10.0,13.5,1.08,1.11,3.2,3.75,1.37,1.45,1.38,1.46,1.65,1.77,1.39,1.46,1.261438938,1.261438950,1.261438951,1.261438961
German 3 Liga,2026-09-05,09:00:00,Hansa Rostock,Wehen Wiesbaden,1.49,1.81,4.0,13.0,3.95,950.0,2.0,970.0,1.17,1.99,1.52,1.84,2.18,1000.0,1.03,1000.0,1.01,1000.0,1.01,1000.0,1.01,1000.0,1.01,1000.0,1.01,1000.0,1.01,1000.0,1.01,1000.0,1.01,1000.0,1.01,1000.0,1.01,1000.0,1.01,1000.0,1.01,1000.0,1.01,1000.0,1.01,1000.0,1.01,1000.0,1.01,1000.0,1.01,1000.0,1.01,1000.0,36005055,44524.0,6500322.0,58805.0,1.261734525,1.261734528,1.261734572,1.261734573,2.0,1000.0,1.01,2.0,1.02,110.0,1.02,55.0,2.0,110.0,1.17,1.82,1.08,1.33,2.22,3.05,1.01,1.34,1.261734574,1.261734535,1.261734526,1.261734527
Danish 1st Division,2026-09-05,09:00:00,Fredericia,Esbjerg,1.51,1.59,5.6,7.4,5.0,5.6,3.25,3.6,1.38,1.45,1.54,1.62,2.62,2.84,4.0,48.0,4.0,44.0,4.2,75.0,4.3,170.0,12.0,20.0,10.0,17.0,18.0,30.0,4.1,70.0,10.5,17.5,8.4,14.0,12.5,21.0,4.1,60.0,12.5,21.0,10.0,17.0,16.5,28.0,4.1,70.0,3.6,5.4,4.1,50.0,4.4,410.0,36005573,151003.0,113193.0,58805.0,1.261750987,1.261750997,1.261750986,1.261750996,1.01,1000.0,1.01,1000.0,7.6,110.0,1.01,1.07,7.6,8.8,1.13,1.16,1.18,1.22,2.68,2.94,1.22,1.25,1.261750978,1.261750990,1.261750991,1.261751004
Danish 2nd Division,2026-09-05,09:00:00,Middelfart,Fremad Amager,1.35,110.0,1.1,140.0,1.1,110.0,1.25,110.0,1.01,6.0,1.01,1000.0,1.01,1000.0,1.01,1000.0,1.01,1000.0,1.01,1000.0,1.01,1000.0,1.01,1000.0,1.01,1000.0,1.01,1000.0,1.01,1000.0,1.01,1000.0,1.01,1000.0,1.01,1000.0,1.01,1000.0,1.01,1000.0,1.01,1000.0,1.01,1000.0,1.01,1000.0,1.01,1000.0,1.01,1000.0,1.01,1000.0,36027583,4886887.0,151021.0,58805.0,1.261992663,1.261992666,1.261992710,1.261992711,1.01,1000.0,1.01,1000.0,1.25,1000.0,1.01,970.0,1.25,1000.0,1.01,970.0,1.01,110.0,1.01,3.9,1.01,110.0,1.261992712,1.261992673,1.261992664,1.261992665
Danish 1st Division,2026-09-05,09:00:00,AB,AaB,2.08,2.74,2.52,3.95,3.55,4.2,2.08,4.5,1.28,1.91,1.47,1.8,1.96,1000.0,1.03,1000.0,1.03,1000.0,1.03,1000.0,1.03,1000.0,1.03,1000.0,1.03,1000.0,1.03,1000.0,1.03,1000.0,1.03,1000.0,1.03,1000.0,1.03,1000.0,1.03,1000.0,1.03,1000.0,1.03,1000.0,1.03,1000.0,1.03,1000.0,1.01,1000.0,1.01,1000.0,1.03,1000.0,35998368,113194.0,28212.0,58805.0,1.261703277,1.261703287,1.261703276,1.261703286,1.01,1000.0,1.01,1000.0,2.08,36.0,1.03,1.29,1.69,34.0,1.19,2.46,1.33,1.66,1.58,1.92,1.31,1.4,1.261703268,1.261703280,1.261703281,1.261703291
Thai League 1,2026-09-05,09:30:00,Rayong FC,Prachuap,2.84,3.7,2.28,2.64,3.15,5.4,1.84,2.06,1.94,2.18,1.01,1000.0,1.01,1000.0,1.01,1000.0,1.03,1000.0,1.03,1000.0,1.01,1000.0,1.03,1000.0,1.01,1000.0,1.01,1000.0,1.03,1000.0,1.01,1000.0,1.03,1000.0,1.01,1000.0,1.01,1000.0,1.01,1000.0,1.01,1000.0,1.01,1000.0,1.01,1000.0,1.01,1000.0,1.01,1000.0,1.01,1000.0,36030977,7906034.0,11386388.0,58805.0,1.261992465,1.261992468,1.261992512,1.261992513,1.01,1000.0,1.32,1.59,1.02,110.0,1.01,110.0,2.3,100.0,1.01,1.77,1.61,1.78,1.36,1.59,1.24,1.46,1.261992514,1.261992475,1.261992466,1.261992467
Polish Ekstraklasa,2026-09-05,09:45:00,Widzew Lodz,Radomiak Radom,1.77,1.89,4.4,5.5,3.95,4.3,2.2,2.4,1.71,1.83,1.01,1000.0,2.14,2.48,1.01,1000.0,1.01,26.0,1.01,40.0,1.01,1000.0,8.8,13.0,7.4,1000.0,1.01,19.5,1.01,1000.0,10.0,1000.0,8.6,13.0,1.01,26.0,1.01,1000.0,1.01,21.0,1.01,1000.0,1.01,40.0,1.01,1000.0,1.01,1000.0,1.01,1000.0,1.01,1000.0,35998560,502304.0,1306561.0,58805.0,1.261697520,1.261697523,1.261697567,1.261697568,3.15,1000.0,1.01,1.46,1.02,26.0,1.05,970.0,3.1,21.0,1.24,1.48,1.25,1.3,2.12,2.3,1.3,1.34,1.261697569,1.261697530,1.261697521,1.261697522
Norwegian 2nd Division,2026-09-05,10:00:00,Mjondalen,Jerv,2.24,4.1,2.02,3.15,2.3,110.0,2.28,110.0,1.16,1.77,1.01,1000.0,1.01,1000.0,1.01,1000.0,1.01,1000.0,1.01,1000.0,1.01,1000.0,1.01,1000.0,1.01,1000.0,1.01,1000.0,1.01,1000.0,1.01,1000.0,1.01,1000.0,1.01,1000.0,1.01,1000.0,1.01,1000.0,1.01,1000.0,1.01,1000.0,1.01,1000.0,1.01,1000.0,1.01,1000.0,1.01,1000.0,36030394,3782270.0,398186.0,58805.0,1.261990320,1.261990365,1.261990404,1.261990329,1.01,1000.0,1.01,1000.0,2.28,110.0,1.01,1.26,2.28,110.0,1.16,1.26,1.46,1.97,1.33,1.81,1.06,1.77,1.261990321,1.261990323,1.261990324,1.261990368
Portuguese Segunda Liga,2026-09-05,10:00:00,Penafiel,Academica,2.08,2.56,3.6,5.1,1.11,4.1,1.24,1.99,2.0,5.7,1.01,1000.0,1.01,1000.0,1.01,1000.0,1.01,1000.0,1.01,1000.0,1.01,1000.0,1.01,1000.0,1.01,1000.0,1.01,1000.0,1.01,1000.0,1.01,1000.0,1.01,1000.0,1.01,1000.0,1.01,1000.0,1.01,1000.0,1.01,1000.0,1.01,1000.0,1.01,1000.0,1.01,1000.0,1.01,1000.0,1.01,1000.0,36026852,505984.0,203143.0,58805.0,1.261954405,1.261954408,1.261954452,1.261954453,1.01,1000.0,1.01,110.0,1.81,110.0,1.01,1.53,1.25,110.0,1.01,55.0,1.27,1.38,1.64,1.92,1.32,110.0,1.261954454,1.261954415,1.261954406,1.261954407
Swedish Superettan,2026-09-05,10:00:00,Oddevold,Falkenbergs,2.22,2.32,3.25,3.45,3.7,4.1,2.14,2.68,1.59,1.87,1.62,1.7,2.42,2.6,1.01,1000.0,12.0,1000.0,1.01,1000.0,30.0,1000.0,1.01,1000.0,1.01,9.4,1.01,1000.0,1.01,1000.0,1.01,1000.0,1.01,1000.0,12.0,1000.0,1.01,1000.0,1.01,1000.0,16.0,1000.0,20.0,1000.0,1.01,1000.0,1.01,1000.0,1.01,1000.0,1.01,1000.0,36014611,778918.0,780883.0,58805.0,1.261777517,1.261777520,1.261777564,1.261777565,3.0,1000.0,1.01,1.49,13.0,21.0,1.05,1.09,3.75,21.0,1.21,1.37,1.4,1.44,1.75,1.82,1.33,1.37,1.261777566,1.261777527,1.261777518,1.261777519
Swedish Superettan,2026-09-05,10:00:00,Norrby IF,Landskrona,2.66,3.15,2.46,2.7,3.15,4.1,2.24,2.44,1.69,1.81,1.01,1.97,2.04,1000.0,1.01,1000.0,1.01,1000.0,1.01,26.0,1.01,1000.0,12.0,26.0,1.01,9.4,1.01,1000.0,1.01,1000.0,1.01,1000.0,1.01,1000.0,12.0,26.0,1.01,1000.0,1.01,1000.0,1.01,1000.0,1.01,1000.0,32.0,1000.0,1.01,1000.0,1.01,1000.0,1.01,1000.0,36014628,778921.0,130432.0,58805.0,1.261778381,1.261778384,1.261778428,1.261778429,1.01,1000.0,1.01,1000.0,1.02,36.0,1.03,1.28,1.02,5.4,1.23,55.0,1.59,1.68,1.48,1.59,1.32,1.44,1.261778430,1.261778391,1.261778382,1.261778383
Czech 1 Liga,2026-09-05,10:00:00,Slavia Prague,FC Zbrojovka Brno,1.3,1.35,10.5,26.0,5.4,6.8,1.25,7.8,1.55,4.9,1.96,2.12,1.89,2.06,1.01,1000.0,1.01,1000.0,1.01,1000.0,1.01,1000.0,1.01,1000.0,1.01,1000.0,1.01,1000.0,1.01,1000.0,1.01,1000.0,1.01,1000.0,1.01,1000.0,1.01,1000.0,1.01,1000.0,1.01,1000.0,1.01,1000.0,1.01,1000.0,1.01,1000.0,1.01,1000.0,1.01,1000.0,36014629,10777.0,9833553.0,58805.0,1.261778273,1.261778276,1.261778320,1.261778321,1.01,1000.0,1.01,1000.0,1.02,110.0,1.02,1.12,1.26,50.0,1.15,1.87,1.08,1.11,3.85,4.4,1.17,1.22,1.261778322,1.261778283,1.261778274,1.261778275
Czech 1 Liga,2026-09-05,10:00:00,Sigma Olomouc,Bohemians 1905,1.63,1.89,4.1,9.0,3.65,7.2,1.99,5.2,1.24,2.02,1.65,2.08,1.92,970.0,1.01,1000.0,1.01,1000.0,1.01,1000.0,1.01,1000.0,7.2,1000.0,1.01,11.5,1.01,1000.0,1.01,1000.0,1.01,1000.0,7.2,1000.0,1.01,1000.0,1.01,1000.0,1.01,1000.0,1.01,1000.0,1.01,1000.0,1.01,1000.0,1.01,1000.0,1.01,1000.0,1.01,1000.0,36014639,50337.0,2467701.0,58805.0,1.261778489,1.261778492,1.261778536,1.261778537,1.01,1000.0,1.01,1000.0,10.0,55.0,1.03,1.11,4.1,55.0,1.24,1.33,1.19,1.32,2.12,2.6,1.18,1.38,1.261778538,1.261778499,1.261778490,1.261778491
Swedish Allsvenskan,2026-09-05,10:00:00,GAIS,Hacken,2.4,2.46,3.0,3.05,3.8,3.95,2.44,2.54,1.65,1.7,1.6,1.62,2.62,2.66,19.0,22.0,14.5,16.5,20.0,24.0,38.0,55.0,13.0,14.5,8.4,9.2,12.0,14.0,22.0,30.0,16.0,18.5,10.5,12.0,13.0,15.0,25.0,38.0,25.0,32.0,20.0,23.0,22.0,30.0,29.0,75.0,12.0,13.5,17.5,19.5,15.0,470.0,36016165,384083.0,30681.0,58805.0,1.261814067,1.261814070,1.261814114,1.261814115,3.55,1000.0,1.01,1.39,18.0,26.0,1.04,1.06,5.2,5.6,1.21,1.24,1.49,1.5,1.68,1.71,1.33,1.36,1.261814116,1.261814077,1.261814068,1.261814069
Italian Serie A,2026-09-05,10:00:00,Fiorentina,Torino,2.04,2.06,4.5,4.6,3.4,3.45,1.89,1.9,2.1,2.12,1.89,1.95,2.06,2.14,11.0,12.5,14.0,15.0,29.0,32.0,38.0,110.0,8.2,8.6,7.0,7.6,16.0,17.5,50.0,65.0,10.5,11.5,9.8,10.5,16.5,19.0,55.0,70.0,21.0,23.0,20.0,23.0,36.0,40.0,40.0,120.0,14.5,16.5,55.0,75.0,60.0,1000.0,35979372,676467.0,44503.0,58805.0,1.261502290,1.261502274,1.261502289,1.261502299,3.0,3.15,1.47,1.5,11.0,12.5,1.09,1.1,3.6,3.75,1.36,1.37,1.28,1.29,1.94,1.97,1.4,1.41,1.261502292,1.261502294,1.261502295,1.261502277
Swedish Allsvenskan,2026-09-05,10:00:00,Degerfors,Halmstads,1.98,2.04,4.2,4.5,3.65,3.75,1.87,1.91,2.08,2.14,1.88,1.96,2.04,2.14,11.5,16.0,13.0,18.0,4.4,40.0,4.7,120.0,7.8,10.5,7.2,9.8,15.5,18.5,4.6,75.0,10.5,15.0,9.4,13.0,17.0,24.0,4.6,80.0,20.0,29.0,19.5,27.0,4.5,48.0,4.8,140.0,14.0,19.0,4.7,85.0,4.9,1000.0,36014902,784612.0,10765.0,58805.0,1.261784327,1.261784330,1.261784374,1.261784375,2.96,110.0,1.01,1.51,11.5,13.5,1.08,1.1,3.55,3.8,1.36,1.39,1.29,1.31,1.97,2.04,1.36,1.38,1.261784376,1.261784337,1.261784328,1.261784329
Italian Serie B,2026-09-05,10:00:00,Sudtirol,Catanzaro,2.54,2.66,3.3,3.4,3.1,3.2,1.72,1.79,2.26,2.38,1.89,1.98,2.02,2.12,9.6,11.0,9.8,11.5,8.4,26.0,8.6,70.0,8.4,9.4,6.4,7.2,12.5,14.5,9.0,50.0,14.0,18.5,10.5,12.5,16.0,19.0,8.4,60.0,29.0,46.0,24.0,38.0,8.4,55.0,9.2,140.0,9.0,36.0,8.4,50.0,9.8,1000.0,36017212,4893599.0,522058.0,58805.0,1.261822464,1.261822467,1.261822511,1.261822512,1.01,110.0,1.01,110.0,9.6,11.0,1.1,1.12,3.1,3.4,1.42,1.46,1.41,1.44,1.6,1.65,1.45,1.48,1.261822513,1.261822474,1.261822465,1.261822466
Turkish 1 Lig,2026-09-05,10:00:00,Bandirmaspor,Boluspor,1.24,1.43,9.2,300.0,5.1,220.0,1.25,970.0,1.2,5.4,1.01,1000.0,1.01,1.95,1.01,1000.0,16.0,1000.0,1.01,1000.0,1.87,1000.0,5.7,11.5,9.4,19.5,1.01,70.0,1.87,1000.0,5.7,9.8,6.6,19.5,1.01,60.0,1.01,1000.0,6.6,1000.0,1.01,1000.0,1.01,1000.0,1.83,1000.0,1.01,1000.0,1.01,1000.0,1.01,1000.0,36021443,4985299.0,2553026.0,58805.0,1.261875647,1.261875650,1.261875694,1.261875695,1.01,1000.0,1.01,1.44,1.02,26.0,1.04,1.12,2.38,25.0,1.2,1.73,1.01,1.12,3.35,5.2,1.09,1.25,1.261875696,1.261875657,1.261875648,1.261875649
Czech 1 Liga,2026-09-05,10:00:00,Slovacko,Pardubice,2.42,2.8,2.82,3.3,3.1,3.6,1.75,2.24,1.8,2.32,1.69,2.18,1.84,2.44,1.01,1000.0,1.01,970.0,1.01,1000.0,1.01,1000.0,1.01,970.0,1.01,1000.0,9.4,1000.0,1.01,1000.0,1.01,1000.0,8.6,1000.0,12.0,1000.0,1.01,1000.0,1.01,1000.0,1.01,1000.0,1.01,1000.0,1.01,1000.0,1.01,1000.0,1.01,1000.0,1.01,1000.0,36014640,1533861.0,4940265.0,58805.0,1.261778921,1.261778924,1.261778968,1.261778969,1.01,1000.0,1.01,110.0,3.3,21.0,1.05,1.12,3.15,21.0,1.31,1.43,1.44,1.54,1.56,1.71,1.38,1.48,1.261778970,1.261778931,1.261778922,1.261778923
Norwegian 2nd Division,2026-09-05,10:30:00,Stjordals-Blink,Eidsvold Turn,1.08,110.0,1.08,1000.0,1.08,110.0,1.06,110.0,1.13,55.0,1.01,1000.0,1.01,1000.0,1.01,1000.0,1.01,1000.0,1.01,1000.0,1.01,1000.0,1.01,1000.0,1.01,1000.0,1.01,1000.0,1.01,1000.0,1.01,1000.0,1.01,1000.0,1.01,1000.0,1.01,1000.0,1.01,1000.0,1.01,1000.0,1.01,1000.0,1.01,1000.0,1.01,1000.0,1.01,1000.0,1.01,1000.0,36030393,2440431.0,13254966.0,58805.0,1.261990413,1.261990459,1.261990499,1.261990423,1.01,1000.0,1.01,1000.0,5.3,110.0,1.01,1.18,5.3,110.0,1.13,1.18,1.06,2.26,1.01,1.46,1.14,110.0,1.261990414,1.261990416,1.261990417,1.261990463
Polish I Liga,2026-09-05,10:30:00,Stal Mielec,Odra Opole,2.24,2.82,1.1,110.0,1.57,110.0,2.12,2.42,1.71,1.89,1.01,1000.0,1.01,1000.0,1.01,1000.0,1.01,1000.0,1.01,1000.0,1.01,1000.0,1.01,1000.0,1.01,1000.0,1.01,1000.0,1.01,1000.0,1.01,1000.0,1.01,1000.0,1.01,1000.0,1.01,1000.0,1.01,1000.0,1.01,1000.0,1.01,1000.0,1.01,1000.0,1.01,1000.0,1.01,1000.0,1.01,1000.0,35999697,10133739.0,2618007.0,58805.0,1.261705454,1.261705457,1.261705501,1.261705502,1.01,1000.0,1.01,1000.0,10.5,110.0,1.01,1.11,2.8,100.0,1.24,1.56,1.01,1.73,1.55,1.8,1.28,2.76,1.261705503,1.261705464,1.261705455,1.261705456
German Bundesliga,2026-09-05,10:30:00,Mgladbach,Elversberg,1.97,1.98,4.1,4.2,3.95,4.1,2.58,2.64,1.61,1.63,1.59,1.62,2.62,2.7,21.0,24.0,19.5,21.0,30.0,34.0,65.0,90.0,12.0,13.5,8.8,9.6,15.5,17.0,36.0,42.0,13.0,15.0,9.8,10.5,14.0,15.0,36.0,42.0,20.0,22.0,16.0,17.5,24.0,27.0,50.0,60.0,8.2,9.0,26.0,32.0,18.5,480.0,35973550,84649.0,500893.0,58805.0,1.261439253,1.261439122,1.261439244,1.261439331,4.0,4.3,1.3,1.33,21.0,26.0,1.04,1.05,5.7,6.0,1.2,1.21,1.31,1.33,2.02,2.04,1.33,1.34,1.261439271,1.261439291,1.261439299,1.261439156
German Bundesliga,2026-09-05,10:30:00,Hoffenheim,Dortmund,3.05,3.1,2.34,2.36,3.95,4.1,2.98,3.05,1.49,1.51,1.46,1.5,3.0,3.15,26.0,32.0,16.0,18.5,18.0,21.0,27.0,32.0,20.0,21.0,9.8,10.5,10.5,12.0,18.5,21.0,24.0,28.0,12.5,14.0,12.5,14.0,22.0,25.0,40.0,48.0,24.0,28.0,26.0,30.0,38.0,46.0,14.0,15.5,9.6,10.5,16.0,310.0,35973549,208026.0,44785.0,58805.0,1.261440052,1.261440036,1.261440051,1.261440061,4.4,4.8,1.26,1.29,26.0,34.0,1.03,1.04,6.8,7.4,1.16,1.17,1.73,1.75,1.47,1.49,1.32,1.34,1.261440054,1.261440056,1.261440057,1.261440039
German Bundesliga,2026-09-05,10:30:00,Paderborn,Freiburg,3.75,3.85,2.06,2.1,3.85,3.95,2.38,2.44,1.7,1.73,1.63,1.68,2.48,2.6,18.5,20.0,11.5,12.5,13.5,15.0,23.0,25.0,16.5,19.0,8.4,8.8,9.8,10.5,17.5,19.0,26.0,30.0,14.0,16.0,14.5,15.5,26.0,29.0,55.0,65.0,34.0,42.0,36.0,42.0,55.0,65.0,26.0,30.0,10.0,11.0,22.0,580.0,35973504,208035.0,44520.0,58805.0,1.261440590,1.261440561,1.261440588,1.261440606,3.85,4.1,1.33,1.35,18.5,21.0,1.05,1.06,5.2,5.5,1.22,1.24,1.91,1.94,1.35,1.37,1.33,1.36,1.261440594,1.261440598,1.261440599,1.261440566
German Bundesliga,2026-09-05,10:30:00,Leverkusen,Union Berlin,1.49,1.5,6.8,7.2,5.3,5.4,3.05,3.15,1.47,1.49,1.65,1.69,2.44,2.54,28.0,32.0,34.0,38.0,55.0,65.0,46.0,170.0,12.5,13.5,11.5,13.0,23.0,26.0,65.0,75.0,11.0,12.0,9.6,10.5,17.0,19.0,50.0,60.0,13.5,14.5,12.5,14.0,22.0,24.0,60.0,70.0,4.6,4.9,30.0,60.0,55.0,510.0,35973555,44787.0,50347.0,58805.0,1.261438171,1.261438155,1.261438170,1.261438180,4.7,5.1,1.24,1.27,27.0,50.0,1.02,1.04,7.2,7.6,1.15,1.16,1.16,1.18,3.0,3.05,1.23,1.24,1.261438173,1.261438175,1.261438176,1.261438158
Polish I Liga,2026-09-05,10:30:00,Stal Rzeszow,Polonia Warszawa,3.35,4.2,2.02,2.32,3.7,4.8,1.64,7.0,1.17,2.54,1.01,1.73,1.01,1000.0,1.01,1000.0,1.01,1000.0,1.01,1000.0,1.01,1000.0,1.01,1000.0,1.01,1000.0,1.01,1000.0,1.01,1000.0,1.01,1000.0,1.01,1000.0,1.01,1000.0,1.01,1000.0,1.01,1000.0,1.01,1000.0,1.01,1000.0,1.01,1000.0,1.01,1000.0,1.01,1000.0,1.01,1000.0,35999692,5817456.0,10490469.0,58805.0,1.261717820,1.261717830,1.261717819,1.261717829,1.01,1000.0,1.01,1000.0,2.32,110.0,1.01,1.76,1.64,100.0,1.17,2.54,1.76,1.99,1.32,1.42,1.31,1.38,1.261717811,1.261717823,1.261717824,1.261717834
Polish I Liga,2026-09-05,10:30:00,Miedz Legnica,Chrobry Glogow,1.65,2.02,3.7,6.0,3.7,110.0,2.04,2.68,1.6,1.96,1.01,1000.0,1.01,1000.0,1.01,1000.0,1.01,1000.0,1.01,1000.0,1.01,1000.0,1.01,1000.0,1.01,1000.0,1.01,1000.0,1.01,1000.0,1.01,1000.0,1.01,1000.0,1.01,1000.0,1.01,1000.0,1.01,1000.0,1.01,1000.0,1.01,1000.0,1.01,1000.0,1.01,1000.0,1.01,1000.0,1.01,1000.0,36007140,4935893.0,5822815.0,58805.0,1.261755074,1.261755077,1.261755121,1.261755122,2.0,1000.0,1.01,2.0,2.04,110.0,1.01,1.32,2.04,100.0,1.21,1.32,1.2,1.37,1.98,2.52,1.18,1.38,1.261755123,1.261755084,1.261755075,1.261755076
German Bundesliga,2026-09-05,10:30:00,Werder Bremen,RB Leipzig,4.5,4.7,1.79,1.8,4.4,4.5,2.88,2.94,1.52,1.53,1.56,1.59,2.7,2.8,26.0,28.0,13.5,14.5,13.5,14.5,18.0,20.0,23.0,26.0,10.0,10.5,9.6,10.5,14.5,15.5,38.0,40.0,17.0,18.5,14.5,15.0,21.0,24.0,55.0,90.0,40.0,44.0,38.0,42.0,48.0,55.0,28.0,32.0,6.2,6.8,55.0,400.0,35973559,6555433.0,5340398.0,58805.0,1.261437700,1.261437684,1.261437699,1.261437709,4.4,4.7,1.27,1.3,26.0,36.0,1.03,1.04,6.6,7.0,1.17,1.18,2.24,2.28,1.27,1.29,1.29,1.3,1.261437702,1.261437704,1.261437705,1.261437687
Scottish Championship,2026-09-05,11:00:00,Inverness CT,Raith,2.32,2.5,3.2,3.6,3.15,3.8,1.73,1.91,2.1,2.38,1.81,2.02,1.99,2.22,9.0,13.5,9.0,13.5,18.0,28.0,5.5,80.0,7.4,11.0,5.8,8.6,11.0,17.0,5.7,55.0,11.5,17.5,9.2,14.0,13.5,21.0,5.4,65.0,6.0,40.0,21.0,34.0,5.7,55.0,5.5,130.0,18.0,28.0,5.4,60.0,5.7,1000.0,35997423,56285.0,674747.0,58805.0,1.261689956,1.261689966,1.261689955,1.261689965,1.01,1000.0,1.01,1000.0,9.2,12.5,1.09,1.12,3.15,3.75,1.37,1.46,1.38,1.46,1.65,1.76,1.35,1.47,1.261689947,1.261689959,1.261689960,1.261689970
Turkish Super League,2026-09-05,11:00:00,Erzurum BB,Konyaspor,2.4,2.44,3.3,3.35,3.4,3.5,1.72,1.9,2.1,2.4,1.75,1.99,2.02,2.34,3.75,970.0,9.4,970.0,2.54,26.0,2.5,70.0,3.25,970.0,6.4,970.0,10.5,970.0,2.66,46.0,3.05,17.5,9.6,13.0,5.3,970.0,2.48,60.0,2.62,38.0,2.58,32.0,2.66,48.0,2.74,100.0,2.82,24.0,2.44,46.0,2.32,1000.0,36015203,7692068.0,482032.0,58805.0,1.261797081,1.261797091,1.261797080,1.261797090,1.01,110.0,1.01,110.0,6.4,26.0,1.05,1.13,3.4,3.85,1.35,1.41,1.42,1.44,1.69,1.72,1.4,1.41,1.261797072,1.261797084,1.261797085,1.261797095
Norwegian 1st Division,2026-09-05,11:00:00,Odds BK,Stromsgodset,3.1,3.65,1.93,2.12,4.2,6.2,2.34,970.0,1.07,1.74,1.32,1000.0,1.01,970.0,1.01,1000.0,15.0,1000.0,14.5,27.0,18.5,1000.0,19.0,1000.0,1.01,1000.0,1.01,1000.0,12.0,26.0,1.01,1000.0,12.0,1000.0,12.0,1000.0,16.0,1000.0,1.01,1000.0,18.5,1000.0,20.0,1000.0,1.01,1000.0,1.01,1000.0,1.01,1000.0,1.01,1000.0,36014948,10833201.0,31319.0,58805.0,1.261968909,1.261968912,1.261968956,1.261968957,1.01,1000.0,1.01,1.28,1.02,1000.0,1.01,1.13,2.06,970.0,1.07,1.13,1.89,2.08,1.32,1.47,1.21,1.32,1.261968958,1.261968919,1.261968910,1.261968911
Norwegian 1st Division,2026-09-05,11:00:00,Asane,Hodd,2.38,3.05,2.68,2.94,3.4,4.8,1.12,7.6,1.45,11.0,1.4,1000.0,1.01,970.0,1.01,1000.0,12.5,1000.0,14.0,32.0,1.01,1000.0,12.5,29.0,7.2,11.5,9.4,19.5,16.5,1000.0,12.5,28.0,8.6,17.0,9.4,19.5,16.5,1000.0,19.0,1000.0,14.0,85.0,17.0,1000.0,25.0,1000.0,1.01,1000.0,1.01,1000.0,1.01,1000.0,36014881,152573.0,44824.0,58805.0,1.261969085,1.261969088,1.261969132,1.261969133,1.01,1000.0,1.01,1.38,1.02,110.0,1.02,1.07,2.12,7.8,1.15,1.25,1.51,1.6,1.49,1.72,1.26,1.42,1.261969134,1.261969095,1.261969086,1.261969087
Norwegian 1st Division,2026-09-05,11:00:00,Strommen,Bryne,3.15,4.6,2.0,2.36,3.6,5.5,1.95,2.48,1.67,2.06,1.52,1.79,2.26,110.0,1.01,1000.0,9.4,19.5,11.0,23.0,1.01,1000.0,12.5,1000.0,6.6,10.5,7.8,14.5,12.5,40.0,16.5,36.0,10.5,23.0,12.5,29.0,1.01,1000.0,27.0,1000.0,19.0,1000.0,21.0,1000.0,28.0,1000.0,1.01,1000.0,1.01,1000.0,1.01,1000.0,36014978,1146634.0,7033.0,58805.0,1.261968766,1.261968769,1.261968813,1.261968814,1.01,1000.0,1.01,1.46,1.02,110.0,1.03,1.09,1.95,29.0,1.21,2.06,1.73,2.0,1.32,1.47,1.22,1.39,1.261968815,1.261968776,1.261968767,1.261968768
Norwegian 1st Division,2026-09-05,11:00:00,Haugesund,Sogndal,1.33,1.45,1.11,9.0,5.4,410.0,1.25,26.0,1.16,1.88,1.45,1.64,1.01,3.2,1.32,1000.0,1.32,1000.0,1.32,1000.0,1.32,1000.0,14.0,60.0,1.27,29.0,1.29,44.0,1.32,1000.0,11.0,23.0,9.4,19.5,12.5,29.0,1.32,1000.0,11.0,1000.0,1.25,970.0,12.5,1000.0,1.32,1000.0,1.32,1000.0,1.32,1000.0,1.32,1000.0,36014828,152566.0,31322.0,58805.0,1.261783003,1.261783006,1.261783050,1.261783051,1.01,1000.0,1.01,1.22,1.02,110.0,1.01,1.1,1.02,970.0,1.04,1.1,1.12,1.18,3.2,4.2,1.1,1.23,1.261783052,1.261783013,1.261783004,1.261783005
Norwegian 1st Division,2026-09-05,11:00:00,Sandnes Ulf,Ranheim IL,2.38,2.54,2.56,2.76,4.3,4.8,3.05,14.5,1.07,1.49,1.35,1000.0,1.01,3.8,1.01,1000.0,17.5,50.0,1.01,40.0,1.01,1000.0,17.0,42.0,8.6,17.0,9.4,19.5,1.01,1000.0,17.0,40.0,8.6,17.0,9.4,19.5,1.01,75.0,1.01,1000.0,12.5,1000.0,1.01,60.0,19.5,1000.0,1.01,1000.0,1.01,1000.0,1.01,1000.0,36014974,778909.0,22623366.0,58805.0,1.261785992,1.261785995,1.261786039,1.261786040,1.01,1000.0,1.01,1.3,15.5,110.0,1.01,1.04,7.0,15.5,1.07,1.12,1.56,1.65,1.64,1.71,1.26,1.31,1.261786041,1.261786002,1.261785993,1.261785994
Norwegian 1st Division,2026-09-05,11:00:00,Kongsvinger,Raufoss,1.26,1.29,10.0,13.5,7.6,9.4,5.1,5.4,1.23,1.24,1.57,1.77,2.3,2.76,6.8,90.0,6.8,90.0,7.2,150.0,7.4,370.0,5.7,23.0,19.5,23.0,32.0,55.0,7.0,140.0,13.5,16.0,12.0,14.0,19.5,25.0,6.8,90.0,8.6,16.5,12.0,16.0,20.0,28.0,6.8,80.0,2.24,2.88,6.8,80.0,7.4,370.0,36014938,774892.0,152564.0,58805.0,1.261801849,1.261801859,1.261801848,1.261801858,1.01,1000.0,1.01,1.24,10.5,110.0,1.01,1.1,10.5,14.5,1.07,1.1,1.08,1.12,4.4,5.0,1.13,1.16,1.261801840,1.261801852,1.261801853,1.261801863
Scottish League One,2026-09-05,11:00:00,East Kilbride,Hamilton,2.44,2.72,2.64,2.82,3.65,4.3,2.14,2.5,1.66,1.88,1.52,1.77,2.3,2.9,14.0,24.0,10.0,17.0,15.5,26.0,4.0,55.0,9.8,16.0,7.6,11.0,9.4,15.5,6.2,36.0,13.0,23.0,9.0,15.0,11.5,19.5,6.2,44.0,7.0,42.0,18.0,32.0,6.8,42.0,4.3,90.0,12.0,21.0,16.0,27.0,4.4,1000.0,35999128,8831169.0,203716.0,58805.0,1.261703057,1.261703067,1.261703056,1.261703066,1.01,1000.0,1.01,1000.0,13.5,21.0,1.05,1.08,4.3,5.2,1.24,1.31,1.54,1.61,1.58,1.69,1.31,1.38,1.261703048,1.261703060,1.261703061,1.261703071
Scottish League One,2026-09-05,11:00:00,Queen of South,Airdrieonians,2.48,110.0,2.46,3.1,1.1,5.5,1.96,2.72,1.58,2.06,1.01,1000.0,1.01,1000.0,1.01,1000.0,1.01,1000.0,1.01,1000.0,1.01,1000.0,1.01,1000.0,1.01,1000.0,1.01,1000.0,1.01,1000.0,1.01,1000.0,1.01,1000.0,1.01,1000.0,1.01,1000.0,1.01,1000.0,1.01,1000.0,1.01,1000.0,1.01,1000.0,1.01,1000.0,1.01,1000.0,1.01,1000.0,35999130,674744.0,7394884.0,58805.0,1.261703167,1.261703177,1.261703166,1.261703176,1.01,1000.0,1.01,1000.0,3.5,110.0,1.01,1.39,3.5,110.0,1.01,1.39,1.5,1.69,1.41,1.68,1.27,1.43,1.261703158,1.261703170,1.261703171,1.261703181
Scottish League One,2026-09-05,11:00:00,East Fife,Ross Co,6.2,110.0,1.4,2.52,1.09,8.2,1.27,2.96,1.51,55.0,1.01,1000.0,1.01,1000.0,1.01,1000.0,1.01,1000.0,1.01,1000.0,1.01,1000.0,1.01,1000.0,1.01,1000.0,1.01,1000.0,1.01,1000.0,1.01,1000.0,1.01,1000.0,1.01,1000.0,1.01,1000.0,1.01,1000.0,1.01,1000.0,1.01,1000.0,1.01,1000.0,1.01,1000.0,1.01,1000.0,1.01,1000.0,35998906,674743.0,674742.0,58805.0,1.261702837,1.261702847,1.261702836,1.261702846,1.01,1000.0,1.01,1000.0,2.92,110.0,1.03,1.48,2.92,36.0,1.05,1.48,1.66,3.5,1.09,1.2,1.19,110.0,1.261702828,1.261702840,1.261702841,1.261702851
Scottish League Two,2026-09-05,11:00:00,Forfar,Stranraer,2.82,2.86,2.58,2.8,3.4,3.8,1.83,2.04,1.96,2.22,1.64,2.1,1.92,2.58,10.0,16.5,7.8,13.0,12.5,21.0,27.0,46.0,8.6,14.5,5.9,9.4,8.8,14.5,21.0,36.0,15.0,25.0,9.8,16.5,12.5,21.0,30.0,55.0,36.0,65.0,25.0,44.0,32.0,60.0,65.0,120.0,23.0,40.0,18.0,30.0,1.01,1000.0,35999411,729805.0,122903.0,58805.0,1.261708650,1.261708661,1.261708649,1.261708660,1.01,1000.0,1.01,1000.0,11.0,14.5,1.07,1.1,3.4,4.1,1.32,1.42,1.57,1.64,1.53,1.55,1.35,1.41,1.261708640,1.261708653,1.261708654,1.261708666
English National League,2026-09-05,11:00:00,Hornchurch,Forest Green,3.15,3.4,2.18,2.3,3.9,4.1,2.28,2.56,1.64,1.79,1.6,1.74,2.34,2.68,17.5,23.0,11.0,14.5,13.5,17.5,24.0,29.0,14.0,19.5,8.2,9.8,9.8,11.5,18.0,24.0,22.0,27.0,12.5,14.5,14.0,18.0,26.0,34.0,48.0,60.0,29.0,36.0,32.0,40.0,55.0,75.0,20.0,28.0,10.5,13.0,8.0,620.0,35999638,598920.0,36033.0,58805.0,1.261704655,1.261704658,1.261704702,1.261704703,1.01,1000.0,1.01,1.44,14.0,21.0,1.05,1.07,4.6,5.4,1.23,1.28,1.76,1.85,1.42,1.45,1.32,1.35,1.261704704,1.261704665,1.261704656,1.261704657
English National League,2026-09-05,11:00:00,AFC Fylde,Worthing,1.84,1.95,3.9,4.4,4.1,4.6,2.46,2.82,1.55,1.69,1.49,1.66,2.5,970.0,1.01,1000.0,1.01,1000.0,1.01,1000.0,1.01,1000.0,1.01,1000.0,1.01,1000.0,1.01,1000.0,1.01,1000.0,1.01,26.0,1.01,1000.0,1.01,1000.0,1.01,1000.0,1.01,1000.0,1.01,1000.0,1.01,1000.0,1.01,1000.0,1.01,1000.0,1.01,1000.0,1.01,1000.0,35999625,4317866.0,1034116.0,58805.0,1.261704851,1.261704854,1.261704898,1.261704899,1.01,1000.0,1.01,1.4,22.0,110.0,1.01,1.05,5.6,7.2,1.16,1.22,1.29,1.35,2.04,2.2,1.28,1.33,1.261704900,1.261704861,1.261704852,1.261704853
Icelandic 1 Deild,2026-09-05,11:00:00,IR Reykjavik,Leiknir R,1.81,110.0,1.44,5.5,4.0,4.9,2.9,9.4,1.12,1.48,1.01,970.0,1.01,110.0,1.01,1000.0,1.01,1000.0,1.01,1000.0,1.01,1000.0,1.01,1000.0,1.01,1000.0,1.01,1000.0,1.01,1000.0,1.01,1000.0,1.01,1000.0,1.01,1000.0,1.01,1000.0,1.01,1000.0,1.01,1000.0,1.01,1000.0,1.01,1000.0,1.01,1000.0,1.01,1000.0,1.01,1000.0,36024468,4742652.0,4744864.0,58805.0,1.261993620,1.261993626,1.261993712,1.261993714,1.01,1000.0,1.01,1000.0,7.4,110.0,1.01,1.16,2.54,100.0,1.12,1.18,1.27,4.7,1.05,2.24,1.25,1.34,1.261993717,1.261993641,1.261993622,1.261993624
Icelandic 1 Deild,2026-09-05,11:00:00,Grotta,Volsungur,2.5,2.9,2.18,2.64,3.55,7.2,3.2,970.0,1.09,1.45,1.01,1000.0,1.01,1000.0,1.01,1000.0,1.01,1000.0,1.01,1000.0,1.01,1000.0,1.01,1000.0,1.01,1000.0,1.01,1000.0,1.01,1000.0,1.01,1000.0,1.01,1000.0,1.01,1000.0,1.01,1000.0,1.01,1000.0,1.01,1000.0,1.01,1000.0,1.01,1000.0,1.01,1000.0,1.01,1000.0,1.01,1000.0,36024177,3968883.0,4742657.0,58805.0,1.261994138,1.261994141,1.261994185,1.261994186,1.01,1000.0,1.01,1000.0,8.0,1000.0,1.01,1.08,6.0,970.0,1.09,1.15,1.61,1.81,1.53,1.67,1.18,1.38,1.261994187,1.261994148,1.261994139,1.261994140
Icelandic 1 Deild,2026-09-05,11:00:00,IF Vestri,Throttur,3.0,3.3,2.08,2.22,4.3,4.7,2.92,3.45,1.4,1.52,1.48,1.55,2.82,3.1,1.01,40.0,12.5,21.0,13.5,23.0,21.0,34.0,14.5,25.0,8.8,14.0,8.8,14.5,14.5,24.0,20.0,34.0,10.5,17.5,11.0,18.5,18.0,30.0,1.01,60.0,20.0,34.0,21.0,36.0,1.01,60.0,11.5,19.0,7.0,10.5,1.01,340.0,36024448,10891674.0,3968882.0,58805.0,1.261993877,1.261993880,1.261993925,1.261993926,1.01,1000.0,1.01,1000.0,1.02,110.0,1.01,1.11,6.4,7.6,1.15,1.18,1.83,1.93,1.43,1.5,1.27,1.31,1.261993928,1.261993888,1.261993878,1.261993879
Icelandic 1 Deild,2026-09-05,11:00:00,Njardvik,Afturelding,2.9,3.55,2.1,2.42,1.14,4.5,1.16,3.8,1.36,7.4,1.01,1000.0,1.01,1000.0,1.01,1000.0,1.01,1000.0,1.01,1000.0,1.01,1000.0,1.01,1000.0,1.01,1000.0,1.01,1000.0,1.01,1000.0,1.01,1000.0,1.01,1000.0,1.01,1000.0,1.01,1000.0,1.01,1000.0,1.01,1000.0,1.01,1000.0,1.01,1000.0,1.01,1000.0,1.01,1000.0,1.01,1000.0,36024172,3968879.0,3968885.0,58805.0,1.261993363,1.261993367,1.261993412,1.261993413,1.01,1000.0,1.01,1000.0,1.16,110.0,1.01,1.18,1.02,970.0,1.11,1.18,1.71,1.91,1.39,1.53,1.28,1.35,1.261993414,1.261993374,1.261993364,1.261993365
Icelandic 1 Deild,2026-09-05,11:00:00,Aegir,Grindavik,3.5,150.0,1.36,1.5,3.05,110.0,3.6,21.0,1.05,1.39,1.01,970.0,1.01,970.0,1.01,1000.0,1.01,1000.0,1.01,1000.0,1.01,1000.0,1.01,1000.0,1.01,1000.0,1.01,1000.0,1.01,1000.0,1.01,1000.0,1.01,1000.0,1.01,1000.0,1.01,1000.0,1.01,1000.0,1.01,1000.0,1.01,1000.0,1.01,1000.0,1.01,1000.0,1.01,1000.0,1.01,1000.0,36024299,7248213.0,399802.0,58805.0,1.261994248,1.261994251,1.261994295,1.261994296,1.01,1000.0,1.01,1000.0,3.55,1000.0,1.01,1.12,3.6,110.0,1.05,1.12,3.0,3.8,1.01,1.23,1.08,1.48,1.261994297,1.261994258,1.261994249,1.261994250
Swedish Division 1,2026-09-05,11:00:00,Ariana FC,Aatvidabergs Ff,2.36,2.92,2.44,3.2,2.9,6.4,2.3,2.82,1.54,1.77,1.01,1000.0,1.01,1000.0,1.01,1000.0,1.01,1000.0,1.01,1000.0,1.01,1000.0,1.01,1000.0,1.01,1000.0,1.01,1000.0,1.01,1000.0,1.01,1000.0,1.01,1000.0,1.01,1000.0,1.01,1000.0,1.01,1000.0,1.01,1000.0,1.01,1000.0,1.01,1000.0,1.01,1000.0,1.01,1000.0,1.01,1000.0,36023693,43917177.0,14199985.0,58805.0,1.261995909,1.261995912,1.261995956,1.261995957,1.01,1000.0,1.01,1000.0,2.78,110.0,1.01,1.57,2.78,100.0,1.01,1.57,1.45,1.7,1.52,1.74,1.19,1.53,1.261995958,1.261995919,1.261995910,1.261995911
Swedish Division 1,2026-09-05,11:00:00,IF Karlstad,AFC Eskilstuna,1.94,2.38,2.94,4.2,3.3,7.0,2.06,2.9,1.52,1.95,1.01,1000.0,1.01,1000.0,1.01,1000.0,1.01,1000.0,1.01,1000.0,1.01,1000.0,1.01,1000.0,1.01,1000.0,1.01,1000.0,1.01,1000.0,1.01,1000.0,1.01,1000.0,1.01,1000.0,1.01,1000.0,1.01,1000.0,1.01,1000.0,1.01,1000.0,1.01,1000.0,1.01,1000.0,1.01,1000.0,1.01,1000.0,36020920,36938262.0,12503484.0,58805.0,1.261995689,1.261995692,1.261995736,1.261995737,1.01,1000.0,1.01,1000.0,2.42,1000.0,1.01,1.7,2.42,110.0,1.01,1.7,1.31,1.52,1.73,2.06,1.17,1.44,1.261995738,1.261995699,1.261995690,1.261995691
Norwegian Eliteserien,2026-09-05,11:00:00,Rosenborg,Ham-Kam,1.37,1.4,9.0,9.4,5.6,6.0,2.68,3.0,1.5,1.58,1.85,1.94,2.06,2.18,24.0,36.0,5.8,46.0,5.7,110.0,6.0,340.0,10.0,14.0,12.0,16.5,5.7,36.0,5.9,150.0,8.8,12.0,9.8,11.0,20.0,30.0,5.7,120.0,10.0,14.5,12.5,17.0,27.0,38.0,5.8,130.0,4.2,4.6,5.9,160.0,6.0,1000.0,36014971,55224.0,163203.0,58805.0,1.261786100,1.261786103,1.261786147,1.261786148,3.6,1000.0,1.01,1.38,1.02,1000.0,1.01,1000.0,6.0,8.0,1.17,1.2,1.01,1000.0,1.01,1000.0,1.01,1.27,1.261786149,1.261786110,1.261786101,1.261786102
Scottish League Two,2026-09-05,11:00:00,Kelty Hearts,Annan,2.12,2.36,3.1,3.5,3.95,4.3,1.02,3.15,1.53,970.0,1.01,1000.0,1.01,1000.0,1.01,1000.0,1.01,1000.0,1.01,1000.0,1.01,1000.0,1.01,1000.0,1.01,1000.0,1.01,1000.0,1.01,1000.0,1.01,1000.0,1.01,1000.0,1.01,1000.0,1.01,1000.0,1.01,1000.0,1.01,1000.0,1.01,1000.0,1.01,1000.0,1.01,1000.0,1.01,1000.0,1.01,1000.0,35999366,10317903.0,11386623.0,58805.0,1.261709321,1.261709342,1.261709313,1.261709341,1.01,1000.0,1.01,1000.0,1.02,110.0,1.01,1.29,1.02,100.0,1.01,1.29,1.4,1.48,1.73,1.9,1.3,1.34,1.261709283,1.261709334,1.261709335,1.261709346
English Premier League,2026-09-05,11:00:00,Man City,Coventry,1.18,1.19,19.5,20.0,9.6,9.8,3.65,3.7,1.37,1.38,2.1,2.14,1.88,1.91,40.0,48.0,60.0,80.0,110.0,210.0,150.0,1000.0,13.0,14.0,19.5,21.0,55.0,75.0,95.0,310.0,9.0,9.4,12.0,13.0,34.0,38.0,95.0,220.0,8.2,8.8,12.5,13.0,32.0,40.0,85.0,190.0,2.74,2.78,90.0,390.0,60.0,1000.0,35974472,47999.0,48043.0,58805.0,1.261450247,1.261450183,1.261450245,1.261450267,5.3,5.7,1.21,1.23,38.0,55.0,1.02,1.03,8.8,9.4,1.12,1.13,1.05,1.06,6.4,6.6,1.11,1.12,1.261450251,1.261450255,1.261450257,1.261450187
Swedish Division 1,2026-09-05,11:00:00,FC Jarfalla,FBK Karlstad,2.58,4.9,1.81,2.22,2.9,110.0,2.18,3.2,1.45,1.85,1.01,1000.0,1.01,1000.0,1.01,1000.0,1.01,1000.0,1.01,1000.0,1.01,1000.0,1.01,1000.0,1.01,1000.0,1.01,1000.0,1.01,1000.0,1.01,1000.0,1.01,1000.0,1.01,1000.0,1.01,1000.0,1.01,1000.0,1.01,1000.0,1.01,1000.0,1.01,1000.0,1.01,1000.0,1.01,1000.0,1.01,1000.0,36020919,39685139.0,10047341.0,58805.0,1.261996330,1.261996333,1.261996377,1.261996378,1.01,1000.0,1.01,1000.0,2.6,110.0,1.01,1.63,2.6,100.0,1.01,1.63,1.81,2.22,1.25,1.63,1.14,1.53,1.261996379,1.261996340,1.261996331,1.261996332
English National League,2026-09-05,11:00:00,Barrow,Sutton Utd,2.2,2.34,3.2,3.7,3.6,3.9,1.87,970.0,1.02,2.16,1.66,1.89,1.02,2.5,1.01,1000.0,1.01,1000.0,1.01,1000.0,1.01,1000.0,1.01,1000.0,1.01,1000.0,1.01,1000.0,1.01,1000.0,1.01,1000.0,8.8,13.0,1.01,1000.0,1.01,1000.0,1.01,1000.0,1.01,1000.0,1.01,1000.0,1.01,1000.0,1.01,1000.0,1.01,1000.0,1.01,1000.0,35999640,62647.0,1034133.0,58805.0,1.261704547,1.261704550,1.261704594,1.261704595,2.8,1000.0,1.01,1.55,12.0,970.0,1.01,1.09,2.24,110.0,1.02,1.35,1.37,1.45,1.74,1.84,1.34,1.38,1.261704596,1.261704557,1.261704548,1.261704549
Swedish Division 1,2026-09-05,11:00:00,Sollentuna FF,Gefle,2.16,3.3,2.38,3.6,2.4,8.6,1.87,2.46,1.69,2.14,1.01,1000.0,1.01,1000.0,1.01,1000.0,1.01,1000.0,1.01,1000.0,1.01,1000.0,1.01,1000.0,1.01,1000.0,1.01,1000.0,1.01,1000.0,1.01,1000.0,1.01,1000.0,1.01,1000.0,1.01,1000.0,1.01,1000.0,1.01,1000.0,1.01,1000.0,1.01,1000.0,1.01,1000.0,1.01,1000.0,1.01,1000.0,36028120,8438639.0,151470.0,58805.0,1.261995579,1.261995582,1.261995626,1.261995627,1.01,1000.0,1.01,1.56,3.85,1000.0,1.01,1.35,3.85,110.0,1.01,1.35,1.39,1.72,1.43,1.86,1.14,1.72,1.261995628,1.261995589,1.261995580,1.261995581
Icelandic 1 Deild,2026-09-05,11:00:00,HK Kopavogur,Fylkir,1.21,110.0,1.77,110.0,4.0,110.0,1.22,18.0,1.06,26.0,1.01,1000.0,1.01,1000.0,1.01,1000.0,1.01,1000.0,1.01,1000.0,1.01,1000.0,1.01,1000.0,1.01,1000.0,1.01,1000.0,1.01,1000.0,1.01,1000.0,1.01,1000.0,1.01,1000.0,1.01,1000.0,1.01,1000.0,1.01,1000.0,1.01,1000.0,1.01,1000.0,1.01,1000.0,1.01,1000.0,1.01,1000.0,36024449,2405036.0,46954.0,58805.0,1.261994028,1.261994031,1.261994075,1.261994076,1.01,1000.0,1.01,1000.0,1.02,1000.0,1.01,1.12,1.21,970.0,1.06,1.12,1.62,2.3,1.38,1.57,1.2,1.34,1.261994077,1.261994038,1.261994029,1.261994030
Swedish Division 1,2026-09-05,11:00:00,FC Trollhattan,Eskilsminne,1.83,2.22,3.2,4.8,2.92,7.0,2.32,3.65,1.38,1.75,1.01,1000.0,1.01,1000.0,1.01,1000.0,1.01,1000.0,1.01,1000.0,1.01,1000.0,1.01,1000.0,1.01,1000.0,1.01,1000.0,1.01,1000.0,1.01,1000.0,1.01,1000.0,1.01,1000.0,1.01,1000.0,1.01,1000.0,1.01,1000.0,1.01,1000.0,1.01,1000.0,1.01,1000.0,1.01,1000.0,1.01,1000.0,36023694,9233132.0,6415384.0,58805.0,1.261996209,1.261996213,1.261996258,1.261996259,1.01,1000.0,1.01,1000.0,2.32,1000.0,1.01,1.75,2.32,1000.0,1.01,1.75,1.26,1.46,1.82,2.2,1.16,1.52,1.261996260,1.261996220,1.261996210,1.261996211
Estonian Premier League,2026-09-05,11:00:00,Parnu JK Vaprus,Nomme Utd,2.14,2.76,2.74,3.65,3.7,4.5,1.7,8.8,1.13,2.44,1.01,1000.0,2.48,3.4,1.01,1000.0,1.01,40.0,1.01,38.0,21.0,1000.0,11.0,29.0,7.2,13.0,9.4,23.0,14.5,1000.0,1.01,40.0,8.6,17.0,9.4,19.5,1.01,1000.0,17.5,1000.0,12.5,60.0,14.5,1000.0,1.01,1000.0,1.01,1000.0,1.01,1000.0,1.01,1000.0,36018373,12395256.0,10443529.0,58805.0,1.261853292,1.261853302,1.261853291,1.261853301,1.01,1000.0,1.01,110.0,1.02,60.0,1.01,1.58,1.69,55.0,1.13,1.2,1.3,1.58,1.57,1.99,1.28,1.38,1.261853283,1.261853295,1.261853296,1.261853306
Scottish League Two,2026-09-05,11:00:00,Dumbarton,Elgin City FC,4.0,4.6,1.83,1.9,3.75,4.3,2.14,2.4,1.72,1.88,1.68,1.97,2.02,2.48,13.5,23.0,8.0,13.5,9.6,16.0,15.5,26.0,13.0,22.0,6.8,11.5,7.8,13.0,13.5,23.0,24.0,42.0,12.5,21.0,12.5,21.0,22.0,38.0,60.0,110.0,34.0,60.0,36.0,65.0,55.0,100.0,30.0,55.0,7.8,13.0,85.0,1000.0,35999360,2152.0,46277118.0,58805.0,1.261709442,1.261709452,1.261709441,1.261709451,1.01,1000.0,1.01,1000.0,15.0,20.0,1.05,1.07,4.3,5.9,1.2,1.31,2.1,2.2,1.27,1.32,1.3,1.35,1.261709433,1.261709445,1.261709446,1.261709456
Scottish League Two,2026-09-05,11:00:00,Clyde,Edinburgh City,1.74,1.87,4.1,5.0,3.95,4.7,2.08,3.0,1.5,1.93,1.46,2.04,1.01,1000.0,17.0,27.0,16.0,25.0,30.0,44.0,70.0,110.0,9.2,14.0,7.8,11.0,14.0,21.0,36.0,60.0,10.0,15.5,8.2,12.5,13.0,19.5,40.0,60.0,15.0,23.0,13.0,20.0,21.0,32.0,55.0,85.0,6.6,9.0,30.0,48.0,85.0,610.0,35999387,328050.0,615040.0,58805.0,1.261708791,1.261708802,1.261708790,1.261708801,1.01,1000.0,1.01,1000.0,3.85,110.0,1.01,1.35,3.85,5.9,1.2,1.35,1.25,1.32,2.16,2.36,1.27,1.34,1.261708781,1.261708794,1.261708795,1.261708807
Scottish League One,2026-09-05,11:00:00,Peterhead,Montrose,2.08,2.78,2.62,4.4,3.0,100.0,1.02,2.96,1.51,970.0,1.01,1000.0,1.01,1000.0,1.01,1000.0,1.01,1000.0,1.01,1000.0,1.01,1000.0,1.01,1000.0,1.01,1000.0,1.01,1000.0,1.01,1000.0,1.01,1000.0,1.01,1000.0,1.01,1000.0,1.01,1000.0,1.01,1000.0,1.01,1000.0,1.01,1000.0,1.01,1000.0,1.01,1000.0,1.01,1000.0,1.01,1000.0,35998903,729810.0,674746.0,58805.0,1.261702947,1.261702957,1.261702946,1.261702956,1.01,1000.0,1.01,1000.0,2.18,110.0,1.01,1.84,2.18,110.0,1.01,1.84,1.29,1.57,1.64,1.93,1.25,1.5,1.261702938,1.261702950,1.261702951,1.261702961
Scottish League One,2026-09-05,11:00:00,Cove Rangers,Alloa,2.9,3.4,2.32,2.5,3.3,4.3,1.6,7.0,1.17,2.66,1.01,1000.0,1.01,1000.0,1.01,1000.0,1.01,1000.0,1.01,1000.0,1.01,1000.0,1.01,1000.0,1.01,1000.0,1.01,1000.0,1.01,1000.0,1.01,1000.0,1.01,1000.0,1.01,1000.0,1.01,1000.0,1.01,1000.0,1.01,1000.0,1.01,1000.0,1.01,1000.0,1.01,1000.0,1.01,1000.0,1.01,1000.0,35998907,284608.0,203715.0,58805.0,1.261702727,1.261702737,1.261702726,1.261702736,1.01,1000.0,1.01,1000.0,1.8,100.0,1.03,2.24,1.81,110.0,1.17,2.24,1.66,1.76,1.41,1.53,1.3,1.44,1.261702718,1.261702730,1.261702731,1.261702741
Scottish League Two,2026-09-05,11:00:00,Stirling,Spartans,3.75,4.9,1.86,2.14,3.7,4.5,1.86,2.8,1.55,2.16,1.01,1000.0,1.01,1000.0,15.0,23.0,8.8,13.5,10.5,16.0,17.0,26.0,14.0,21.0,7.2,11.0,8.2,12.5,14.5,22.0,24.0,38.0,12.5,19.5,12.5,19.5,22.0,36.0,55.0,90.0,32.0,55.0,34.0,55.0,55.0,85.0,28.0,44.0,8.2,12.5,1.01,1000.0,35999645,729811.0,66266.0,58805.0,1.261708509,1.261708519,1.261708508,1.261708518,1.01,1000.0,1.01,1000.0,1.02,110.0,1.01,2.1,1.02,110.0,1.02,55.0,1.87,2.18,1.29,1.37,1.28,1.38,1.261708500,1.261708512,1.261708513,1.261708523
English National League,2026-09-05,11:00:00,Tamworth FC,Boston Utd,2.14,2.38,3.2,3.95,3.6,4.3,1.52,2.68,1.59,12.5,1.52,1.66,2.5,970.0,1.01,1000.0,1.01,26.0,1.01,1000.0,1.01,1000.0,1.01,1000.0,1.01,1000.0,1.01,1000.0,1.01,1000.0,1.01,1000.0,1.01,13.0,1.01,1000.0,1.01,1000.0,1.01,1000.0,1.01,1000.0,1.01,1000.0,1.01,1000.0,1.01,1000.0,1.01,1000.0,1.01,1000.0,35999679,21944374.0,256306.0,58805.0,1.261704975,1.261704978,1.261705022,1.261705023,3.25,1000.0,1.01,1.44,1.02,110.0,1.04,55.0,1.02,110.0,1.19,55.0,1.34,1.46,1.72,1.88,1.3,1.39,1.261705024,1.261704985,1.261704976,1.261704977
English Premier League,2026-09-05,11:00:00,Brighton,Leeds,2.06,2.08,4.0,4.1,3.7,3.75,2.04,2.08,1.92,1.96,1.78,1.8,2.24,2.3,14.0,15.0,14.5,15.5,26.0,29.0,70.0,80.0,9.4,9.8,7.8,8.2,15.0,16.0,42.0,46.0,12.0,12.5,9.8,10.5,16.0,16.5,48.0,55.0,22.0,24.0,19.0,20.0,32.0,34.0,55.0,90.0,13.0,14.0,42.0,48.0,60.0,750.0,35974516,18567.0,48317.0,58805.0,1.261452554,1.261452493,1.261452553,1.261452564,3.25,3.4,1.41,1.44,14.0,15.5,1.07,1.08,4.1,4.3,1.31,1.33,1.32,1.34,1.92,1.95,1.36,1.38,1.261452556,1.261452558,1.261452559,1.261452497
English Premier League,2026-09-05,11:00:00,Brentford,Sunderland,1.7,1.71,5.8,5.9,4.1,4.2,2.1,2.12,1.89,1.91,1.89,1.95,2.06,2.14,14.5,16.0,18.0,20.0,40.0,46.0,46.0,150.0,8.6,8.8,8.4,8.8,20.0,22.0,65.0,80.0,9.6,9.8,9.4,9.8,18.5,19.5,65.0,80.0,15.0,16.5,15.5,17.5,30.0,34.0,95.0,110.0,9.0,9.6,75.0,90.0,60.0,1000.0,35974510,78864.0,62783.0,58805.0,1.261452692,1.261452631,1.261452691,1.261452702,3.35,3.5,1.4,1.43,14.5,16.5,1.06,1.08,4.2,4.4,1.3,1.31,1.2,1.21,2.4,2.44,1.31,1.33,1.261452694,1.261452696,1.261452697,1.261452635
Scottish Premiership,2026-09-05,11:00:00,Dundee Utd,Falkirk,2.04,2.08,3.75,4.1,3.7,4.0,2.16,2.34,1.75,1.87,1.68,1.77,2.3,2.48,16.0,22.0,14.5,21.0,5.9,36.0,6.4,90.0,10.0,12.0,7.8,8.8,14.0,16.5,36.0,55.0,12.5,17.5,9.6,11.0,14.0,17.0,6.2,60.0,21.0,26.0,18.0,25.0,6.0,40.0,6.4,90.0,10.5,12.5,6.0,46.0,7.0,1000.0,36015831,48818.0,328049.0,58805.0,1.261806600,1.261806610,1.261806599,1.261806609,3.2,110.0,1.01,1.45,15.5,21.0,1.05,1.07,4.5,5.0,1.26,1.29,1.33,1.36,1.92,1.95,1.34,1.37,1.261806591,1.261806603,1.261806604,1.261806614
English Premier League,2026-09-05,11:00:00,Fulham,Crystal Palace,2.36,2.4,3.3,3.35,3.55,3.6,2.02,2.06,1.96,1.98,1.74,1.78,2.28,2.36,13.5,14.5,13.0,14.0,21.0,22.0,48.0,60.0,10.0,11.0,7.4,7.6,13.0,14.0,32.0,34.0,14.0,15.0,10.5,11.0,15.5,16.0,42.0,46.0,29.0,32.0,22.0,24.0,34.0,36.0,55.0,80.0,17.0,18.5,30.0,34.0,100.0,800.0,35974451,56764.0,62523.0,58805.0,1.261448169,1.261448108,1.261448168,1.261448179,3.3,3.45,1.41,1.44,13.5,15.0,1.07,1.08,4.0,4.2,1.31,1.33,1.42,1.44,1.71,1.74,1.38,1.4,1.261448171,1.261448173,1.261448174,1.261448112
English Premier League,2026-09-05,11:00:00,Nottm Forest,Tottenham,2.46,2.5,3.1,3.15,3.6,3.65,2.02,2.06,1.95,1.98,1.75,1.79,2.28,2.34,13.5,15.0,12.0,13.0,19.5,21.0,42.0,50.0,10.0,11.0,7.6,7.8,12.0,13.0,29.0,32.0,15.0,16.0,10.5,11.0,15.5,16.0,38.0,44.0,30.0,34.0,23.0,25.0,34.0,38.0,65.0,85.0,18.5,21.0,26.0,30.0,140.0,1000.0,35974478,39674645.0,48224.0,58805.0,1.261449940,1.261449879,1.261449939,1.261449951,3.2,3.35,1.43,1.45,14.0,15.5,1.07,1.08,4.0,4.2,1.31,1.33,1.46,1.48,1.67,1.69,1.37,1.39,1.261449942,1.261449944,1.261449945,1.261449883
Scottish Championship,2026-09-05,11:00:00,Partick,Ayr,1.56,1.62,5.9,7.2,4.1,4.6,2.14,2.22,1.83,1.87,1.86,1.95,2.04,2.18,12.5,19.5,18.0,25.0,1.01,65.0,1.01,210.0,7.4,10.0,8.2,11.5,20.0,28.0,1.01,110.0,8.4,11.5,8.4,11.5,18.0,25.0,1.01,100.0,13.0,18.0,13.0,20.0,1.01,42.0,1.01,140.0,7.6,10.5,1.01,140.0,1.01,1000.0,35997428,191567.0,48005.0,58805.0,1.261689734,1.261689744,1.261689733,1.261689743,1.01,1000.0,1.01,2.0,12.0,18.0,1.06,1.09,4.0,5.1,1.26,1.34,1.16,1.2,2.5,2.76,1.28,1.33,1.261689725,1.261689737,1.261689738,1.261689748
Scottish Championship,2026-09-05,11:00:00,Queens Park,Morton,2.4,2.8,3.05,3.6,3.15,3.5,1.85,2.02,1.98,2.18,1.01,1000.0,1.01,1000.0,1.01,970.0,1.01,970.0,1.01,25.0,1.01,65.0,1.01,970.0,1.01,970.0,1.01,970.0,1.01,46.0,1.01,970.0,1.01,970.0,1.01,22.0,1.01,65.0,1.01,48.0,1.01,32.0,1.01,55.0,1.01,120.0,1.01,28.0,1.01,44.0,1.01,1000.0,35997426,729809.0,46283.0,58805.0,1.261689844,1.261689854,1.261689843,1.261689853,2.58,1000.0,1.01,1.63,3.2,13.5,1.08,1.44,3.2,11.0,1.32,1.44,1.38,1.49,1.55,1.72,1.4,1.47,1.261689835,1.261689847,1.261689848,1.261689858
Scottish Championship,2026-09-05,11:00:00,Arbroath,Dunfermline,2.68,3.25,2.34,3.5,2.46,3.75,1.57,2.12,1.9,2.74,1.01,1000.0,1.01,1000.0,1.01,1000.0,1.01,1000.0,1.01,1000.0,1.01,1000.0,1.01,1000.0,1.01,1000.0,1.01,1000.0,1.01,1000.0,1.01,1000.0,1.01,1000.0,1.01,1000.0,1.01,1000.0,1.01,1000.0,1.01,1000.0,1.01,1000.0,1.01,1000.0,1.01,1000.0,1.01,1000.0,1.01,1000.0,35997424,306045.0,48812.0,58805.0,1.261690066,1.261690076,1.261690065,1.261690075,1.01,3.7,1.01,1000.0,2.7,21.0,1.05,1.58,2.7,3.7,1.37,1.58,1.47,1.74,1.44,1.6,1.37,1.59,1.261690057,1.261690069,1.261690070,1.261690080
Scottish Premiership,2026-09-05,11:00:00,Aberdeen,Kilmarnock,1.78,1.8,4.5,4.9,4.0,4.3,2.28,2.44,1.69,1.78,1.7,1.97,2.02,2.44,18.0,25.0,17.0,20.0,32.0,46.0,5.1,120.0,9.8,11.5,8.6,12.0,16.0,22.0,4.9,65.0,11.0,13.0,9.2,11.5,15.5,22.0,4.9,55.0,17.0,24.0,15.5,22.0,26.0,38.0,5.1,100.0,6.8,11.0,4.9,60.0,5.3,1000.0,36015826,1189.0,56086.0,58805.0,1.261806711,1.261806721,1.261806710,1.261806720,3.15,110.0,1.01,1.46,17.5,21.0,1.05,1.06,4.7,5.2,1.24,1.27,1.25,1.27,2.16,2.28,1.3,1.32,1.261806702,1.261806714,1.261806715,1.261806725
Scottish Premiership,2026-09-05,11:00:00,Rangers,Motherwell,1.51,1.54,7.0,7.8,4.7,5.0,2.44,2.58,1.64,1.7,1.8,1.9,2.12,2.26,9.8,22.0,26.0,32.0,55.0,65.0,9.8,210.0,9.4,12.0,10.0,12.5,23.0,27.0,10.5,95.0,9.0,10.0,9.2,9.8,18.5,21.0,14.5,95.0,12.5,14.0,13.5,15.0,26.0,30.0,9.2,100.0,5.8,7.4,15.0,85.0,10.0,1000.0,36015833,52458346.0,10707.0,58805.0,1.261806089,1.261806073,1.261806088,1.261806098,3.35,110.0,1.01,1.42,16.5,36.0,1.04,1.06,5.1,5.8,1.22,1.25,1.15,1.17,2.84,3.0,1.25,1.28,1.261806091,1.261806093,1.261806094,1.261806076
English National League,2026-09-05,11:00:00,Wealdstone,Kidderminster,2.24,2.76,2.62,3.9,3.3,4.3,2.16,2.78,1.56,1.87,1.48,1.8,2.26,3.05,1.01,1000.0,11.0,23.0,13.0,30.0,1.01,1000.0,9.4,19.5,6.6,11.5,9.4,19.5,16.0,1000.0,11.0,29.0,8.6,17.0,11.0,23.0,19.0,1000.0,1.01,1000.0,13.0,36.0,16.5,50.0,1.01,1000.0,1.01,1000.0,1.01,1000.0,1.01,1000.0,35999699,2608900.0,18560.0,58805.0,1.261705778,1.261705781,1.261705825,1.261705826,1.01,1000.0,1.01,1.44,11.0,110.0,1.03,1.1,2.16,29.0,1.2,1.27,1.34,1.62,1.56,1.81,1.3,1.44,1.261705827,1.261705788,1.261705779,1.261705780
English National League,2026-09-05,11:00:00,Gateshead,Solihull Moors,2.52,2.84,2.5,2.88,3.6,5.1,2.36,6.4,1.19,1.73,1.01,1000.0,2.5,970.0,1.01,1000.0,1.01,1000.0,1.01,1000.0,1.01,1000.0,1.01,1000.0,7.4,1000.0,1.01,1000.0,1.01,1000.0,1.01,1000.0,1.01,1000.0,1.01,1000.0,1.01,1000.0,1.01,1000.0,1.01,1000.0,16.0,1000.0,1.01,1000.0,1.01,1000.0,1.01,1000.0,1.01,1000.0,35999613,18571.0,2437395.0,58805.0,1.261704331,1.261704334,1.261704378,1.261704379,3.25,1000.0,1.01,1.44,6.0,110.0,1.03,1.2,4.1,970.0,1.19,1.29,1.53,1.67,1.58,1.65,1.29,1.39,1.261704380,1.261704341,1.261704332,1.261704333
English National League,2026-09-05,11:00:00,Hartlepool,Woking,2.28,2.58,3.05,3.55,3.35,3.8,1.83,1.95,2.06,2.2,1.76,1.96,2.04,2.32,10.0,17.0,10.5,13.0,18.5,23.0,22.0,75.0,8.6,10.5,6.6,8.0,12.0,15.5,28.0,48.0,13.0,16.0,10.0,12.5,15.0,19.0,1.01,60.0,1.01,42.0,1.01,34.0,1.01,50.0,1.01,120.0,16.0,25.0,26.0,46.0,85.0,1000.0,35999635,48303.0,41998.0,58805.0,1.261704743,1.261704746,1.261704790,1.261704791,2.88,1000.0,1.01,1.53,10.0,14.5,1.07,1.11,3.45,4.1,1.34,1.41,1.39,1.49,1.63,1.78,1.37,1.43,1.261704792,1.261704753,1.261704744,1.261704745
English National League,2026-09-05,11:00:00,Scunthorpe,Harrogate Town,2.36,2.54,2.92,2.98,3.75,4.1,2.18,2.46,1.69,1.84,1.6,1.74,2.34,2.64,17.0,20.0,12.5,15.0,19.0,23.0,40.0,50.0,11.5,13.5,7.8,9.2,11.5,13.5,26.0,32.0,15.5,22.0,10.5,12.5,13.5,16.5,30.0,38.0,30.0,34.0,21.0,25.0,28.0,34.0,55.0,85.0,13.0,16.0,19.5,23.0,1.01,1000.0,35999678,18566.0,256198.0,58805.0,1.261705083,1.261705086,1.261705130,1.261705131,1.01,1000.0,1.01,1.46,14.0,21.0,1.05,1.07,4.4,5.2,1.24,1.29,1.5,1.53,1.65,1.73,1.32,1.36,1.261705132,1.261705093,1.261705084,1.261705085
Spanish Segunda Division,2026-09-05,11:15:00,Sporting Gijon,Girona,3.05,3.2,2.46,2.58,3.4,3.6,1.9,2.14,1.89,2.1,1.8,1.87,2.16,2.26,12.0,16.5,9.4,10.5,14.0,20.0,5.9,44.0,10.5,15.0,7.0,7.8,10.5,12.5,24.0,34.0,18.0,23.0,12.0,16.5,15.5,18.5,32.0,50.0,6.2,65.0,5.9,46.0,36.0,60.0,6.4,120.0,5.9,42.0,19.0,28.0,6.2,1000.0,36016269,68246.0,968185.0,58805.0,1.261815061,1.261815064,1.261815108,1.261815109,1.01,110.0,1.01,110.0,10.5,13.5,1.08,1.1,3.65,3.95,1.34,1.38,1.63,1.69,1.45,1.49,1.38,1.42,1.261815110,1.261815071,1.261815062,1.261815063
Spanish La Liga,2026-09-05,11:15:00,Athletic Bilbao,Atletico Madrid,3.15,3.2,2.46,2.48,3.55,3.6,2.0,2.04,1.97,2.0,1.76,1.79,2.26,2.32,13.0,15.0,10.0,11.0,14.0,15.5,29.0,34.0,12.0,13.0,7.2,7.8,10.5,11.5,23.0,25.0,20.0,22.0,12.5,13.5,15.5,17.0,34.0,38.0,48.0,55.0,32.0,36.0,40.0,46.0,75.0,90.0,29.0,34.0,18.0,19.5,21.0,1000.0,36003838,9162.0,52480965.0,58805.0,1.261729870,1.261729809,1.261729869,1.261729880,3.3,3.45,1.41,1.44,13.5,15.0,1.07,1.08,4.0,4.2,1.32,1.34,1.67,1.69,1.45,1.47,1.38,1.4,1.261729872,1.261729874,1.261729875,1.261729813
Azerbaijan Premier League,2026-09-05,11:30:00,FC Sabah,Zira,1.19,110.0,1.04,110.0,1.01,1000.0,1.18,110.0,1.33,20.0,1.01,1000.0,1.01,1000.0,1.01,1000.0,1.01,1000.0,1.01,1000.0,1.01,1000.0,1.01,1000.0,1.01,1000.0,1.01,1000.0,1.01,1000.0,1.01,1000.0,7.2,1000.0,1.01,1000.0,1.01,1000.0,11.0,1000.0,1.01,1000.0,1.01,1000.0,1.01,1000.0,1.01,1000.0,1.01,1000.0,1.01,1000.0,36031455,15293881.0,10135613.0,58805.0,1.262002282,1.262002285,1.262002329,1.262002330,1.01,1000.0,1.01,1000.0,1.18,1000.0,1.01,6.6,1.18,110.0,1.33,11.0,1.19,26.0,1.01,36.0,1.01,110.0,1.262002331,1.262002292,1.262002283,1.262002284
Dutch Eerste Divisie,2026-09-05,11:30:00,FC Dordrecht,Jong AZ Alkmaar,2.18,2.44,2.7,3.6,3.8,4.6,1.81,970.0,1.12,2.22,1.01,1000.0,1.01,970.0,1.01,1000.0,13.0,1000.0,14.5,36.0,1.01,1000.0,12.5,1000.0,7.8,14.5,9.4,19.5,1.01,1000.0,12.5,29.0,8.6,19.5,11.0,23.0,16.0,1000.0,1.01,1000.0,12.5,75.0,14.0,1000.0,1.01,1000.0,1.01,1000.0,1.01,1000.0,1.01,1000.0,36015924,11434104.0,5320893.0,58805.0,1.261807731,1.261807734,1.261807778,1.261807779,2.0,1000.0,1.01,1.36,2.56,110.0,1.01,1.07,1.81,110.0,1.12,1.18,1.37,1.57,1.69,1.85,1.27,1.37,1.261807780,1.261807741,1.261807732,1.261807733
Portuguese Segunda Liga,2026-09-05,11:30:00,Benfica B,Torreense,2.64,3.2,2.56,2.84,3.2,6.2,1.88,2.02,1.98,2.14,1.01,1000.0,1.01,1000.0,1.01,1000.0,1.01,1000.0,1.01,1000.0,1.01,1000.0,1.01,1000.0,1.01,1000.0,1.01,1000.0,1.01,1000.0,1.01,1000.0,1.01,1000.0,1.01,1000.0,1.01,1000.0,1.01,1000.0,1.01,1000.0,1.01,1000.0,1.01,1000.0,1.01,1000.0,1.01,1000.0,1.01,1000.0,36016493,6563318.0,2694162.0,58805.0,1.261824217,1.261824227,1.261824216,1.261824226,1.01,1000.0,1.01,1000.0,3.35,110.0,1.02,1.42,2.36,50.0,1.31,1.74,1.54,1.65,1.46,1.59,1.31,1.46,1.261824208,1.261824220,1.261824221,1.261824231
German 3 Liga,2026-09-05,11:30:00,Rot-Weiss Essen,Viktoria Koln,1.81,1.93,3.75,4.4,4.2,4.8,1.25,8.2,1.14,5.4,1.51,1.68,1.01,970.0,1.01,1000.0,1.01,1000.0,1.01,1000.0,1.01,1000.0,1.01,1000.0,1.01,1000.0,1.01,1000.0,1.01,1000.0,1.01,1000.0,1.01,1000.0,1.01,1000.0,1.01,1000.0,1.01,1000.0,1.01,1000.0,1.01,1000.0,1.01,1000.0,1.01,1000.0,1.01,1000.0,1.01,1000.0,36011086,886332.0,6542379.0,58805.0,1.261759333,1.261759336,1.261759380,1.261759381,1.01,1000.0,1.01,1000.0,1.02,110.0,1.01,1.25,1.02,110.0,1.14,1.25,1.29,1.37,2.06,2.24,1.26,1.32,1.261759382,1.261759343,1.261759334,1.261759335
Portuguese Segunda Liga,2026-09-05,11:30:00,Feirense,Sporting Lisbon B,2.36,3.4,2.32,3.1,3.15,8.8,1.52,1.84,2.18,2.94,1.01,1000.0,1.01,1000.0,1.01,1000.0,1.01,1000.0,1.01,1000.0,1.01,1000.0,1.01,1000.0,1.01,1000.0,1.01,1000.0,1.01,1000.0,1.01,1000.0,1.01,1000.0,1.01,1000.0,1.01,1000.0,1.01,1000.0,1.01,1000.0,1.01,1000.0,1.01,1000.0,1.01,1000.0,1.01,1000.0,1.01,1000.0,36016497,505957.0,10071727.0,58805.0,1.261824107,1.261824117,1.261824106,1.261824116,1.01,1000.0,1.01,1.72,2.46,36.0,1.03,1.69,2.46,34.0,1.44,1.69,1.48,1.76,1.42,1.74,1.27,1.47,1.261824098,1.261824110,1.261824111,1.261824121
Dutch Eredivisie,2026-09-05,11:30:00,NEC Nijmegen,Feyenoord,2.82,2.86,2.4,2.44,4.2,4.4,3.4,3.65,1.38,1.42,1.4,1.43,3.3,3.55,32.0,40.0,20.0,28.0,21.0,24.0,32.0,42.0,23.0,26.0,11.0,12.0,12.0,13.0,19.0,21.0,25.0,29.0,13.0,14.5,12.5,13.5,21.0,23.0,11.5,46.0,22.0,25.0,22.0,32.0,36.0,46.0,10.0,11.0,7.8,8.6,14.0,220.0,36005121,48456.0,55264.0,58805.0,1.261734704,1.261734707,1.261734751,1.261734752,3.75,110.0,1.01,1.36,34.0,55.0,1.02,1.03,8.4,9.2,1.12,1.14,1.69,1.72,1.53,1.55,1.3,1.32,1.261734753,1.261734714,1.261734705,1.261734706
Romanian Liga I,2026-09-05,11:30:00,Uta Arad,Csikszereda,1.52,1.59,7.0,8.0,4.2,4.6,1.94,2.1,1.9,2.08,2.0,2.18,1.84,2.0,13.5,15.5,20.0,30.0,50.0,65.0,11.5,330.0,7.0,8.2,8.8,10.5,25.0,29.0,11.5,160.0,7.6,9.0,9.0,10.5,22.0,32.0,12.0,160.0,12.0,14.0,14.5,17.0,29.0,42.0,11.5,220.0,7.8,9.0,12.5,230.0,12.5,1000.0,35973447,2311174.0,8886239.0,58805.0,1.261440233,1.261440243,1.261440232,1.261440242,3.0,110.0,1.01,1.49,12.0,18.0,1.06,1.08,3.75,4.4,1.3,1.36,1.14,1.17,2.68,2.94,1.27,1.31,1.261440224,1.261440236,1.261440237,1.261440247
Portuguese Primeira Liga,2026-09-05,11:30:00,Club Football Estrela,Famalicao,3.05,3.2,2.64,2.76,3.2,3.3,1.72,1.77,2.3,2.38,1.93,2.0,2.0,2.08,9.6,13.0,8.6,11.5,14.0,21.0,5.6,55.0,9.4,13.0,6.4,8.6,11.0,13.0,5.4,42.0,17.0,22.0,12.0,17.0,16.5,19.5,5.7,65.0,5.7,70.0,5.5,50.0,5.7,70.0,5.7,150.0,5.6,55.0,5.3,36.0,5.1,1000.0,36015005,36362918.0,5875376.0,58805.0,1.261787808,1.261787811,1.261787855,1.261787856,1.01,110.0,1.01,110.0,9.6,11.0,1.1,1.12,3.15,3.35,1.43,1.46,1.57,1.61,1.45,1.49,1.43,1.46,1.261787857,1.261787818,1.261787809,1.261787810
Ukrainian Premier League,2026-09-05,12:00:00,Karpaty,Shakhtar,4.0,5.6,1.78,2.12,3.5,4.1,1.26,2.18,1.86,5.0,1.01,1000.0,1.92,2.32,1.01,1000.0,1.01,13.0,1.01,1000.0,15.5,1000.0,1.01,26.0,1.01,1000.0,1.01,1000.0,1.01,29.0,19.5,1000.0,1.01,26.0,16.0,1000.0,1.01,1000.0,44.0,1000.0,1.01,1000.0,1.01,1000.0,1.01,1000.0,1.01,1000.0,1.01,1000.0,1.01,1000.0,36019082,2017824.0,52495027.0,58805.0,1.261853159,1.261853169,1.261853158,1.261853168,1.01,1000.0,1.31,1.6,3.7,110.0,1.01,1.1,3.45,110.0,1.01,1.37,1.89,2.3,1.21,1.33,1.32,1.4,1.261853150,1.261853162,1.261853163,1.261853173
Swedish Superettan,2026-09-05,12:00:00,IK Brage,Sundsvall,1.6,1.74,4.7,6.8,3.2,4.7,2.3,2.52,1.65,1.77,1.64,1.88,1.01,1000.0,1.01,1000.0,15.0,1000.0,23.0,55.0,46.0,1000.0,1.01,1000.0,1.01,1000.0,14.5,1000.0,30.0,1000.0,8.8,1000.0,8.8,13.0,16.0,1000.0,1.01,1000.0,1.01,1000.0,1.01,1000.0,19.5,1000.0,1.01,1000.0,1.01,1000.0,1.01,1000.0,1.01,1000.0,36014626,502308.0,30680.0,58805.0,1.261778057,1.261778060,1.261778104,1.261778105,1.01,1000.0,1.01,1.44,14.5,110.0,1.01,1.08,2.3,100.0,1.22,1.77,1.19,1.27,2.34,2.68,1.27,1.39,1.261778106,1.261778067,1.261778058,1.261778059
Armenian Premier League,2026-09-05,12:00:00,FC Ararat Yerevan,Ararat Armenia,1.08,160.0,1.1,110.0,1.08,110.0,1.07,100.0,1.2,110.0,1.01,1000.0,1.01,1000.0,1.01,1000.0,1.01,1000.0,1.01,1000.0,1.01,1000.0,1.01,1000.0,1.01,1000.0,1.01,1000.0,1.01,1000.0,1.01,1000.0,1.01,1000.0,1.01,1000.0,1.01,1000.0,1.01,1000.0,1.01,1000.0,1.01,1000.0,1.01,1000.0,1.01,1000.0,1.01,1000.0,1.01,1000.0,36023722,7180004.0,20740727.0,58805.0,1.261996704,1.261996707,1.261996752,1.261996753,1.01,1000.0,1.01,1000.0,4.5,110.0,1.01,1.28,1.08,100.0,1.2,55.0,1.01,110.0,1.01,110.0,1.01,110.0,1.261996754,1.261996714,1.261996705,1.261996706
Swedish Superettan,2026-09-05,12:00:00,Helsingborgs,Sandvikens IF,2.24,2.48,2.86,3.25,3.5,4.3,2.28,7.4,1.16,1.78,1.01,110.0,1.01,110.0,1.01,1000.0,1.01,26.0,1.01,1000.0,1.01,1000.0,1.01,1000.0,1.01,1000.0,1.01,1000.0,1.01,1000.0,1.01,26.0,1.01,1000.0,1.01,26.0,1.01,1000.0,1.01,1000.0,1.01,1000.0,1.01,1000.0,1.01,1000.0,1.01,1000.0,1.01,1000.0,1.01,1000.0,36021447,764222.0,804922.0,58805.0,1.261997524,1.261997527,1.261997571,1.261997572,1.01,1000.0,1.01,1000.0,2.46,110.0,1.01,1.69,2.46,100.0,1.16,1.69,1.45,1.54,1.68,1.8,1.3,1.4,1.261997573,1.261997534,1.261997525,1.261997526
Italian Serie B,2026-09-05,12:15:00,Ascoli,Benevento,2.5,2.52,3.25,3.35,3.3,3.4,1.82,1.9,2.12,2.22,1.83,1.92,2.08,2.2,10.5,14.5,10.5,12.5,5.7,26.0,6.6,70.0,8.8,10.5,6.8,7.6,12.5,16.5,6.4,48.0,13.0,18.5,10.5,12.5,15.5,18.5,6.6,580.0,6.2,42.0,6.2,34.0,36.0,50.0,7.0,570.0,20.0,28.0,6.4,48.0,6.8,1000.0,36017218,201261.0,522054.0,58805.0,1.261822349,1.261822352,1.261822398,1.261822399,1.01,110.0,1.01,110.0,10.5,12.5,1.09,1.1,3.45,3.65,1.39,1.41,1.42,1.45,1.65,1.67,1.41,1.44,1.261822400,1.261822360,1.261822350,1.261822351
French Ligue 1,2026-09-05,12:15:00,Lens,Lorient,1.5,1.52,7.2,7.8,4.9,5.0,2.38,2.46,1.68,1.72,1.86,1.91,2.1,2.18,19.5,22.0,24.0,29.0,55.0,65.0,17.5,220.0,9.2,10.0,10.0,11.0,24.0,27.0,36.0,1000.0,9.0,9.8,9.2,10.0,19.5,22.0,36.0,90.0,12.5,13.5,13.5,15.0,27.0,32.0,38.0,110.0,6.0,6.4,38.0,100.0,18.5,1000.0,36005347,44793.0,44794.0,58805.0,1.261748677,1.261748661,1.261748676,1.261748686,3.3,4.8,1.27,1.43,18.0,23.0,1.05,1.06,5.0,5.4,1.23,1.25,1.15,1.17,2.92,3.0,1.25,1.26,1.261748679,1.261748681,1.261748682,1.261748664
Hungarian NB I,2026-09-05,12:30:00,MTK Budapest,Kisvarda,1.91,2.44,3.15,5.3,3.3,110.0,2.12,6.4,1.19,1.9,1.48,1.81,2.24,3.05,1.01,1000.0,12.5,29.0,17.5,40.0,1.01,1000.0,1.01,19.5,6.6,10.5,1.01,23.0,17.5,1000.0,1.01,1000.0,1.01,1000.0,1.01,1000.0,1.01,1000.0,1.01,1000.0,12.5,1000.0,1.01,48.0,1.01,1000.0,1.01,1000.0,1.01,1000.0,1.01,1000.0,36014868,473659.0,7670420.0,58805.0,1.261784002,1.261784005,1.261784049,1.261784050,1.01,1000.0,1.01,1.44,1.02,110.0,1.02,1.88,1.02,40.0,1.19,1.9,1.23,1.4,1.7,2.1,1.23,1.44,1.261784051,1.261784012,1.261784003,1.261784004
Slovenian Premier League,2026-09-05,12:30:00,NK Aluminij,NK Bravo,2.26,2.62,2.86,3.4,3.55,4.8,1.16,5.2,1.24,110.0,1.01,110.0,1.01,1000.0,1.01,1000.0,1.01,1000.0,16.0,1000.0,1.01,1000.0,1.01,1000.0,1.01,1000.0,1.01,1000.0,1.01,1000.0,1.01,1000.0,1.01,1000.0,12.0,26.0,1.01,1000.0,1.01,1000.0,16.5,1000.0,1.01,1000.0,1.01,1000.0,1.01,1000.0,1.01,1000.0,1.01,1000.0,36015169,5664283.0,15740271.0,58805.0,1.261794350,1.261794353,1.261794397,1.261794398,1.01,1000.0,1.01,1.49,1.02,26.0,1.04,1.34,1.16,25.0,1.24,7.2,1.42,1.54,1.61,1.79,1.26,1.4,1.261794399,1.261794360,1.261794351,1.261794352
Polish Ekstraklasa,2026-09-05,12:30:00,Korona Kielce,Wisla Krakow,2.22,2.46,2.74,3.55,3.55,5.4,2.1,4.2,1.31,1.91,1.01,1.78,1.01,1000.0,1.01,1000.0,12.0,26.0,16.0,1000.0,1.01,1000.0,1.01,1000.0,7.4,1000.0,1.01,1000.0,1.01,1000.0,12.0,1000.0,8.8,1000.0,12.0,1000.0,1.01,1000.0,18.0,1000.0,16.5,1000.0,21.0,1000.0,1.01,1000.0,1.01,1000.0,1.01,1000.0,1.01,1000.0,35999343,1209555.0,10782.0,58805.0,1.261703913,1.261703916,1.261703960,1.261703961,1.01,1000.0,1.01,1.46,2.1,26.0,1.04,1.3,2.58,25.0,1.23,1.63,1.4,1.52,1.68,1.79,1.33,1.4,1.261703962,1.261703923,1.261703914,1.261703915
Swedish Allsvenskan,2026-09-05,12:30:00,Vasteras SK,Sirius,3.8,3.9,1.99,2.0,4.1,4.2,2.42,2.62,1.62,1.7,1.61,1.68,2.48,2.64,20.0,24.0,11.5,13.0,13.0,15.0,20.0,24.0,17.0,19.5,8.8,10.0,9.6,11.0,16.5,19.0,8.0,32.0,14.0,16.5,14.0,19.5,20.0,28.0,9.4,85.0,8.8,48.0,8.8,50.0,9.4,80.0,21.0,34.0,8.6,10.0,10.0,550.0,36016179,4638399.0,4638067.0,58805.0,1.261814292,1.261814295,1.261814339,1.261814340,3.35,1000.0,1.01,1.42,17.5,110.0,1.04,1.06,5.2,6.0,1.21,1.24,2.0,2.02,1.35,1.36,1.31,1.32,1.261814341,1.261814302,1.261814293,1.261814294
Saudi Professional League,2026-09-05,12:50:00,Al Faisaly ( KSA ),Al-Hazm (KSA),2.36,4.8,2.68,3.4,1.1,1000.0,2.08,2.38,1.72,1.91,1.57,1000.0,1.01,1000.0,1.16,1000.0,1.16,1000.0,1.11,26.0,1.16,1000.0,1.16,1000.0,1.04,9.4,1.16,1000.0,1.16,1000.0,1.16,1000.0,1.16,1000.0,1.16,1000.0,1.16,1000.0,1.16,1000.0,1.16,1000.0,1.16,1000.0,1.16,1000.0,1.16,1000.0,1.16,1000.0,1.16,1000.0,36020543,22139784.0,20598620.0,58805.0,1.261871990,1.261872000,1.261871989,1.261871999,1.01,110.0,1.01,110.0,1.02,110.0,1.01,55.0,2.74,100.0,1.24,1.58,1.45,1.55,1.6,1.73,1.29,1.44,1.261871981,1.261871993,1.261871994,1.261872004
Saudi Professional League,2026-09-05,12:55:00,Al-Taawoun Buraidah,Al-Fateh (KSA),1.8,1.93,4.1,4.8,3.85,4.4,2.3,2.5,1.66,1.76,1.65,1.8,2.26,2.52,4.5,25.0,16.5,24.0,4.7,38.0,5.2,110.0,9.6,13.5,8.4,11.5,15.0,22.0,38.0,60.0,9.6,16.0,9.0,11.0,12.5,21.0,36.0,65.0,17.5,22.0,15.5,22.0,21.0,36.0,5.1,95.0,8.6,11.0,30.0,55.0,5.4,1000.0,36014957,12157288.0,7196232.0,58805.0,1.261803779,1.261803790,1.261803778,1.261803789,1.01,110.0,1.01,110.0,14.5,25.0,1.05,1.07,4.5,5.4,1.23,1.29,1.27,1.3,2.06,2.26,1.3,1.35,1.261803769,1.261803782,1.261803784,1.261803795
Serbian Super League,2026-09-05,13:00:00,Radnik Surdulica,Cukaricki,2.04,2.68,2.92,4.6,3.3,5.3,1.69,2.52,1.71,2.46,1.01,1000.0,1.8,1000.0,1.01,1000.0,8.6,19.5,12.5,1000.0,1.01,1000.0,6.6,14.5,5.7,10.5,9.4,1000.0,23.0,1000.0,9.4,19.5,8.6,17.0,1.01,1000.0,27.0,1000.0,14.0,70.0,1.01,1000.0,1.01,1000.0,1.01,1000.0,1.01,1000.0,1.01,1000.0,1.01,1000.0,36015208,8860947.0,2503611.0,58805.0,1.261795693,1.261795696,1.261795740,1.261795741,1.01,1000.0,1.34,1.66,8.6,17.0,1.06,1.14,2.62,17.0,1.34,1.55,1.3,1.53,1.59,1.97,1.23,1.44,1.261795742,1.261795703,1.261795694,1.261795695
Czech 2 Liga,2026-09-05,13:00:00,SFC Opava,Dukla Prague,1.18,110.0,1.18,150.0,1.1,110.0,1.02,100.0,1.02,110.0,1.01,1000.0,1.01,1000.0,1.01,1000.0,1.01,1000.0,1.01,1000.0,1.01,1000.0,1.01,1000.0,1.01,1000.0,1.01,1000.0,1.01,1000.0,1.01,1000.0,1.01,1000.0,1.01,1000.0,1.01,1000.0,1.01,1000.0,1.01,1000.0,1.01,1000.0,1.01,1000.0,1.01,1000.0,1.01,1000.0,1.01,1000.0,36019677,6247170.0,4142634.0,58805.0,1.261998201,1.261998204,1.261998248,1.261998249,1.01,1000.0,1.01,1000.0,3.7,110.0,1.01,1.37,3.7,100.0,1.01,1.37,1.01,26.0,1.01,26.0,1.17,1.45,1.261998250,1.261998211,1.261998202,1.261998203
Swiss Super League,2026-09-05,13:00:00,FC Vaduz,Lausanne,2.6,2.66,2.58,2.6,3.85,4.3,2.6,3.3,1.44,1.63,1.01,1000.0,1.01,3.55,1.01,1000.0,12.5,29.0,13.5,30.0,21.0,1000.0,12.5,29.0,7.2,14.5,9.4,19.5,14.0,80.0,13.5,30.0,9.4,19.5,9.4,19.5,16.0,1000.0,21.0,70.0,14.0,100.0,16.0,1000.0,25.0,1000.0,1.01,1000.0,1.01,1000.0,1.01,1000.0,36016134,46945.0,2093796.0,58805.0,1.261812499,1.261812502,1.261812546,1.261812547,1.01,1000.0,1.01,1.38,5.0,50.0,1.02,1.08,5.0,8.0,1.14,1.25,1.62,1.64,1.6,1.63,1.3,1.32,1.261812548,1.261812509,1.261812500,1.261812501
Norwegian Eliteserien,2026-09-05,13:00:00,Brann,Lillestrom,1.89,1.93,3.95,4.1,4.2,4.5,2.54,2.96,1.51,1.65,1.48,1.59,2.7,3.05,1.87,34.0,1.98,27.0,1.88,40.0,2.08,85.0,11.0,970.0,8.8,12.0,3.95,970.0,1.89,46.0,4.3,970.0,8.8,13.0,11.0,970.0,1.89,44.0,1.98,26.0,4.0,20.0,1.85,29.0,2.06,65.0,3.4,970.0,1.64,30.0,1.63,400.0,36014921,31317.0,10770.0,58805.0,1.261797500,1.261797510,1.261797499,1.261797509,3.85,1000.0,1.01,1.35,1.02,110.0,1.02,1.17,5.1,7.8,1.17,1.2,1.32,1.34,2.06,2.14,1.29,1.32,1.261797491,1.261797503,1.261797504,1.261797514
Italian Serie A,2026-09-05,13:00:00,Inter,Napoli,1.7,1.71,6.0,6.4,3.95,4.0,1.92,1.94,2.06,2.1,2.04,2.1,1.92,1.97,12.0,13.5,16.5,19.0,42.0,48.0,44.0,230.0,7.2,7.8,8.2,9.0,21.0,24.0,36.0,120.0,8.8,9.4,9.4,9.8,21.0,23.0,80.0,100.0,14.5,16.5,16.5,18.5,36.0,42.0,44.0,150.0,10.5,11.5,42.0,120.0,27.0,1000.0,35979353,63347.0,676464.0,58805.0,1.261502414,1.261502398,1.261502413,1.261502423,3.1,3.25,1.45,1.48,12.0,13.5,1.08,1.09,3.7,3.85,1.35,1.37,1.19,1.2,2.4,2.44,1.33,1.34,1.261502416,1.261502418,1.261502419,1.261502401
Czech 1 Liga,2026-09-05,13:00:00,SK Artis Brno,Plzen,5.3,27.0,1.43,1.62,4.2,220.0,2.38,2.9,1.53,1.72,1.64,970.0,1.89,970.0,1.01,1000.0,7.8,1000.0,1.01,1000.0,1.01,1000.0,1.01,1000.0,1.01,1000.0,1.01,1000.0,1.01,1000.0,1.01,1000.0,1.01,1000.0,1.01,1000.0,1.01,1000.0,1.01,1000.0,30.0,1000.0,1.01,1000.0,34.0,1000.0,1.01,1000.0,1.01,1000.0,1.01,1000.0,36014621,85908106.0,52613879.0,58805.0,1.261780638,1.261780648,1.261780637,1.261780647,1.01,1000.0,1.01,1000.0,2.38,110.0,1.01,1.32,2.38,100.0,1.19,1.72,2.6,3.45,1.08,1.24,1.14,1.32,1.261780629,1.261780641,1.261780642,1.261780652
Swiss Super League,2026-09-05,13:00:00,Young Boys,Luzern,1.49,1.54,5.6,6.4,5.4,5.9,4.1,4.8,1.27,1.32,1.37,1.58,2.96,3.4,50.0,60.0,42.0,75.0,55.0,100.0,110.0,200.0,19.0,23.0,14.0,19.0,23.0,27.0,48.0,60.0,15.0,20.0,10.5,12.0,15.0,17.5,36.0,46.0,16.0,19.0,12.0,14.5,17.5,20.0,38.0,55.0,3.5,3.9,15.0,29.0,150.0,230.0,36016142,65778.0,65784.0,58805.0,1.261812894,1.261812897,1.261812941,1.261812942,1.01,1000.0,1.01,1.26,10.0,110.0,1.01,1.07,8.8,13.5,1.08,1.12,1.19,1.22,2.84,3.05,1.2,1.22,1.261812943,1.261812904,1.261812895,1.261812896
Slovakian 2 Liga,2026-09-05,13:00:00,Tatran Presov,Zlate Moravce,1.48,1.96,4.4,7.0,3.75,11.0,1.79,3.25,1.45,2.28,1.01,1000.0,1.01,1000.0,1.01,1000.0,1.01,1000.0,1.01,1000.0,1.01,1000.0,1.01,1000.0,1.01,1000.0,1.01,1000.0,1.01,1000.0,1.01,1000.0,1.01,1000.0,1.01,1000.0,1.01,1000.0,1.01,1000.0,1.01,1000.0,1.01,1000.0,1.01,1000.0,1.01,1000.0,1.01,1000.0,1.01,1000.0,36021969,3143335.0,2397382.0,58805.0,1.261914040,1.261914085,1.261914124,1.261914049,1.01,1000.0,1.01,1000.0,1.79,1000.0,1.01,2.28,1.79,110.0,1.02,2.28,1.17,1.3,2.04,3.05,1.13,1.37,1.261914041,1.261914043,1.261914044,1.261914088
Danish Superliga,2026-09-05,13:00:00,AGF,Silkeborg,1.57,1.59,5.5,6.0,4.9,5.2,3.0,3.15,1.47,1.5,1.6,1.7,2.44,2.64,1.7,40.0,1.7,46.0,1.73,80.0,1.77,1000.0,10.5,19.5,9.6,17.0,1.67,30.0,1.77,1000.0,9.4,17.0,1.58,14.5,1.6,17.0,1.77,1000.0,12.0,1000.0,10.0,21.0,18.0,1000.0,1.77,1000.0,1.77,1000.0,1.77,1000.0,1.77,1000.0,36014638,28214.0,28216.0,58805.0,1.261778597,1.261778600,1.261778644,1.261778645,1.01,1000.0,1.01,110.0,6.4,110.0,1.01,1.18,6.4,7.4,1.15,1.18,1.2,1.22,2.68,2.78,1.23,1.25,1.261778646,1.261778607,1.261778598,1.261778599
Slovakian Super League,2026-09-05,13:00:00,Zilina,Podbrezova,1.73,2.12,3.35,5.9,3.55,8.8,2.74,10.5,1.11,1.58,1.01,1000.0,1.01,4.0,1.01,1000.0,1.01,80.0,21.0,1000.0,34.0,1000.0,1.01,38.0,7.8,14.5,1.01,1000.0,1.01,1000.0,11.0,29.0,8.6,17.0,9.4,23.0,1.01,1000.0,16.5,1000.0,1.01,29.0,1.01,1000.0,21.0,1000.0,1.01,1000.0,1.01,1000.0,1.01,1000.0,36010126,189806.0,8672708.0,58805.0,1.261760430,1.261760440,1.261760429,1.261760439,1.01,1000.0,1.01,1.32,19.5,110.0,1.02,1.06,2.74,110.0,1.11,1.58,1.2,1.42,1.89,2.38,1.17,1.4,1.261760421,1.261760433,1.261760434,1.261760444
Slovakian Super League,2026-09-05,13:00:00,KFC Komarno,MFk Skalica,1.84,1.92,4.4,5.2,3.8,4.2,2.04,2.32,1.75,1.97,1.66,1.93,1.01,1000.0,1.01,1000.0,12.0,26.0,1.01,1000.0,48.0,1000.0,8.8,13.0,1.01,9.4,12.0,26.0,1.01,1000.0,1.01,1000.0,8.8,13.0,16.0,1000.0,1.01,1000.0,1.01,1000.0,1.01,1000.0,1.01,1000.0,1.01,1000.0,1.01,1000.0,1.01,1000.0,1.01,1000.0,36006630,11450136.0,12690369.0,58805.0,1.261753363,1.261753373,1.261753362,1.261753372,1.01,1000.0,1.01,1.52,1.02,26.0,1.04,1.1,2.04,25.0,1.04,1.97,1.25,1.3,2.08,2.2,1.31,1.36,1.261753354,1.261753366,1.261753367,1.261753377
Estonian Premier League,2026-09-05,13:00:00,Tallinna FC Flora,Nomme Kalju,2.94,3.35,2.22,2.46,3.75,4.2,2.28,6.4,1.19,1.79,1.01,1000.0,1.01,3.1,1.01,1000.0,1.01,1000.0,1.01,1000.0,1.01,1000.0,11.0,29.0,6.6,10.5,8.6,17.0,12.5,1000.0,1.01,29.0,1.01,1000.0,11.0,1000.0,18.5,1000.0,1.01,1000.0,1.01,1000.0,1.01,1000.0,1.01,1000.0,1.01,1000.0,1.01,1000.0,1.01,1000.0,36018368,10748720.0,4007449.0,58805.0,1.261836443,1.261836446,1.261836490,1.261836491,1.01,1000.0,1.01,1000.0,4.4,40.0,1.02,1.2,4.4,38.0,1.19,1.29,1.68,1.82,1.42,1.52,1.32,1.37,1.261836492,1.261836453,1.261836444,1.261836445
Cypriot 1st Division,2026-09-05,13:00:00,Apollon Limassol,Anorthosis,1.25,1.8,3.85,1000.0,3.7,220.0,1.42,4.4,1.3,5.0,1.01,2.22,1.01,2.08,1.01,1000.0,1.01,1000.0,1.01,1000.0,1.01,1000.0,1.01,1000.0,1.01,1000.0,1.01,1000.0,1.01,1000.0,1.01,1000.0,1.01,1000.0,1.01,1000.0,1.01,1000.0,1.01,1000.0,1.01,1000.0,1.01,1000.0,1.01,1000.0,1.01,1000.0,1.01,1000.0,1.01,1000.0,36016244,46976.0,242449.0,58805.0,1.261820739,1.261820749,1.261820738,1.261820748,1.01,1000.0,1.01,1000.0,10.0,110.0,1.01,1.11,1.42,4.9,1.27,3.35,1.05,1.3,2.26,11.0,1.19,1.31,1.261820730,1.261820742,1.261820743,1.261820753
Slovakian Super League,2026-09-05,13:00:00,Zemplin,Trencin,2.0,3.85,2.92,1000.0,1.37,5.9,2.16,2.92,1.52,1.85,1.01,1000.0,1.01,3.2,1.01,1000.0,1.01,1000.0,1.01,40.0,1.01,1000.0,1.01,23.0,1.01,1000.0,1.01,23.0,1.01,1000.0,1.01,23.0,7.8,14.5,1.01,1000.0,17.5,1000.0,1.01,1000.0,1.01,1000.0,1.01,1000.0,1.01,1000.0,1.01,1000.0,1.01,1000.0,1.01,1000.0,36006619,4985275.0,501167.0,58805.0,1.261753709,1.261753719,1.261753708,1.261753718,1.01,1000.0,1.01,1.42,1.02,40.0,1.02,1.73,2.16,38.0,1.18,1.73,1.02,1.44,1.35,2.0,1.24,3.7,1.261753700,1.261753712,1.261753713,1.261753723
Bulgarian A League,2026-09-05,13:00:00,Spartak Varna,CSKA Sofia,4.1,110.0,1.59,2.14,1.11,8.4,1.33,2.86,1.53,5.2,1.01,1000.0,1.01,1000.0,1.01,1000.0,1.01,1000.0,1.01,1000.0,1.01,1000.0,1.01,1000.0,1.01,1000.0,1.01,1000.0,11.0,1000.0,1.01,1000.0,1.01,40.0,14.0,40.0,1.01,1000.0,1.01,1000.0,1.01,1000.0,1.01,1000.0,1.01,1000.0,1.01,1000.0,1.01,1000.0,1.01,1000.0,35974396,1557407.0,46982.0,58805.0,1.261449060,1.261449070,1.261449059,1.261449069,1.01,1000.0,1.01,110.0,1.02,26.0,1.05,110.0,1.83,21.0,1.28,2.22,1.87,2.7,1.13,1.33,1.14,10.5,1.261449051,1.261449063,1.261449064,1.261449074
Welsh Premiership,2026-09-05,13:15:00,The New Saints,Barry Town Utd,1.08,1000.0,1.08,1000.0,1.08,1000.0,1.24,1000.0,1.01,6.4,0.0,0.0,0.0,0.0,0.0,0.0,0.0,0.0,0.0,0.0,0.0,0.0,0.0,0.0,0.0,0.0,0.0,0.0,0.0,0.0,0.0,0.0,0.0,0.0,0.0,0.0,0.0,0.0,0.0,0.0,0.0,0.0,0.0,0.0,0.0,0.0,0.0,0.0,0.0,0.0,0.0,0.0,36023629.0,3667304.0,8749415.0,58805.0,1.261926879,1.261926882,0.0,0.0,0.0,0.0,0.0,0.0,0.0,0.0,0.0,0.0,0.0,0.0,0.0,0.0,0.0,0.0,0.0,0.0,0.0,0.0,0.0,0.0,0.0,0.0
Spanish Segunda Division,2026-09-05,13:30:00,Valladolid,FC Andorra,2.48,2.54,3.1,3.2,3.4,3.6,1.89,1.97,2.04,2.12,1.81,1.88,2.12,2.24,1.81,970.0,1.79,14.5,1.9,26.0,2.06,1000.0,1.76,12.5,5.8,8.0,2.06,1000.0,1.98,55.0,2.06,1000.0,1.79,14.0,2.06,1000.0,2.06,1000.0,1.98,55.0,2.06,1000.0,2.0,65.0,2.06,1000.0,15.0,1000.0,20.0,1000.0,2.06,1000.0,36014954,13362.0,46845986.0,58805.0,1.261785472,1.261785475,1.261785519,1.261785520,1.01,110.0,1.01,110.0,11.5,18.0,1.08,1.1,3.7,4.0,1.33,1.37,1.45,1.48,1.64,1.68,1.38,1.42,1.261785521,1.261785482,1.261785473,1.261785474
Icelandic Urvalsdeild,2026-09-05,13:30:00,Keflavik,Valur,2.1,2.58,2.76,3.7,4.0,4.9,1.87,15.5,1.07,2.14,1.01,1000.0,1.01,4.2,1.01,1000.0,1.01,1000.0,17.5,1000.0,1.01,1000.0,14.5,1000.0,8.6,23.0,1.01,1000.0,14.5,1000.0,14.5,1000.0,9.4,23.0,9.4,29.0,14.5,1000.0,17.5,1000.0,1.01,1000.0,12.5,1000.0,17.5,1000.0,1.01,1000.0,1.01,1000.0,1.01,1000.0,36019078,808414.0,399803.0,58805.0,1.261852831,1.261852841,1.261852830,1.261852840,1.01,1000.0,1.01,1000.0,1.87,1000.0,1.01,1.13,1.87,970.0,1.07,1.13,1.37,1.57,1.63,1.91,1.25,1.34,1.261852822,1.261852834,1.261852835,1.261852845
Spanish La Liga,2026-09-05,13:30:00,Rayo Vallecano,Racing Santander,2.3,2.32,3.5,3.55,3.5,3.55,2.1,2.14,1.88,1.9,1.71,1.74,2.34,2.42,14.0,15.5,13.5,14.5,23.0,26.0,50.0,60.0,10.5,11.0,7.4,8.0,13.0,14.5,34.0,38.0,14.0,15.5,10.0,11.5,15.0,16.0,40.0,46.0,27.0,30.0,21.0,23.0,30.0,34.0,65.0,80.0,14.5,16.5,29.0,34.0,19.0,1000.0,35999647,10779.0,24072.0,58805.0,1.261707709,1.261707588,1.261707707,1.261707720,3.35,3.55,1.4,1.42,14.0,16.0,1.06,1.08,4.2,4.4,1.29,1.31,1.39,1.4,1.75,1.77,1.39,1.4,1.261707712,1.261707714,1.261707715,1.261707596
Spanish Segunda Division,2026-09-05,13:30:00,AD Ceuta FC,Celta Vigo B,2.04,2.18,3.65,3.95,3.45,4.3,1.97,2.16,1.86,2.04,1.64,1.81,2.24,2.6,1.15,1000.0,1.15,1000.0,1.15,1000.0,1.15,1000.0,1.15,1000.0,1.05,11.5,1.15,1000.0,1.15,1000.0,1.15,1000.0,1.15,1000.0,1.1,26.0,1.14,95.0,1.15,1000.0,1.15,1000.0,1.15,1000.0,1.15,1000.0,1.15,1000.0,1.15,1000.0,1.15,1000.0,36016290,8179917.0,7583222.0,58805.0,1.261815305,1.261815308,1.261815352,1.261815353,1.01,110.0,1.01,110.0,4.1,110.0,1.06,1.12,3.85,5.2,1.28,1.33,1.34,1.38,1.83,1.95,1.35,1.4,1.261815354,1.261815315,1.261815306,1.261815307
English Premier League,2026-09-05,13:30:00,Hull,Aston Villa,4.4,4.5,1.94,1.96,3.8,3.85,1.97,1.98,2.02,2.04,1.87,1.9,2.1,2.16,13.0,14.0,8.8,9.0,10.5,11.5,20.0,22.0,14.5,15.5,8.0,8.2,10.0,10.5,18.5,19.5,28.0,32.0,17.0,17.5,18.5,19.0,32.0,36.0,80.0,100.0,50.0,55.0,50.0,60.0,70.0,110.0,44.0,60.0,12.5,13.5,60.0,1000.0,35974520,70385.0,63908.0,58805.0,1.261452913,1.261452769,1.261452911,1.261452931,3.25,3.4,1.42,1.45,13.5,14.5,1.07,1.08,3.9,4.1,1.32,1.35,2.04,2.08,1.28,1.3,1.35,1.36,1.261452917,1.261452921,1.261452923,1.261452773
English National League,2026-09-05,13:30:00,Boreham Wood,Carlisle,1.72,1.79,4.3,4.9,4.4,4.8,2.64,3.05,1.48,1.61,1.51,1.69,2.44,2.96,1.01,34.0,21.0,26.0,1.01,44.0,1.01,110.0,11.0,14.0,10.0,12.5,16.0,20.0,1.01,50.0,10.5,14.5,8.8,11.0,14.5,18.5,1.01,48.0,15.5,19.5,13.0,16.5,20.0,26.0,1.01,70.0,5.3,7.2,1.01,38.0,1.01,500.0,35999698,256120.0,18561.0,58805.0,1.261705886,1.261705889,1.261705933,1.261705934,1.01,1000.0,1.01,1.38,21.0,110.0,1.01,1.05,5.8,7.4,1.16,1.21,1.26,1.3,2.26,2.4,1.26,1.3,1.261705935,1.261705896,1.261705887,1.261705888
Argentinian Primera Division,2026-09-05,13:30:00,Aldosivi,Banfield,2.56,2.78,3.2,3.4,2.98,3.15,1.53,1.61,2.64,2.88,0.0,0.0,0.0,0.0,0.0,0.0,0.0,0.0,0.0,0.0,0.0,0.0,0.0,0.0,0.0,0.0,0.0,0.0,0.0,0.0,0.0,0.0,0.0,0.0,0.0,0.0,0.0,0.0,0.0,0.0,0.0,0.0,0.0,0.0,0.0,0.0,0.0,0.0,0.0,0.0,0.0,0.0,35975871,5174666.0,194508.0,58805.0,1.261463372,1.261463382,0.0,0.0,0.0,0.0,0.0,0.0,0.0,0.0,0.0,0.0,0.0,0.0,0.0,0.0,0.0,0.0,0.0,0.0,0.0,0.0,0.0,0.0,0.0,0.0
German Bundesliga,2026-09-05,13:30:00,Schalke 04,Bayern Munich,16.0,17.5,1.18,1.19,10.0,10.5,4.7,4.9,1.25,1.27,1.76,1.79,2.26,2.32,34.0,80.0,18.0,21.0,11.0,13.0,10.0,11.5,36.0,110.0,21.0,27.0,12.0,13.5,11.0,13.0,14.0,1000.0,32.0,65.0,29.0,36.0,27.0,30.0,15.0,1000.0,14.5,1000.0,40.0,1000.0,40.0,110.0,15.0,1000.0,2.42,2.5,13.5,1000.0,35973558,44517.0,5774350.0,58805.0,1.261437824,1.261437808,1.261437823,1.261437833,6.4,7.0,1.16,1.19,55.0,110.0,1.01,1.02,12.0,14.0,1.08,1.09,6.2,6.6,1.06,1.07,1.1,1.12,1.261437826,1.261437828,1.261437829,1.261437811
Israeli Premier League,2026-09-05,13:45:00,Hapoel Jerusalem,Hapoel Kiryat Shmona,2.62,3.75,2.6,3.55,2.2,4.3,1.6,2.06,1.95,2.66,1.01,1000.0,1.01,1000.0,1.01,1000.0,7.2,1000.0,1.01,40.0,1.01,1000.0,1.01,1000.0,1.01,10.5,1.01,970.0,1.01,1000.0,1.01,1000.0,1.01,1000.0,1.01,60.0,1.01,1000.0,1.01,1000.0,17.0,1000.0,1.01,1000.0,1.01,1000.0,1.01,1000.0,1.01,1000.0,1.01,1000.0,36015067,5810348.0,5538497.0,58805.0,1.261804704,1.261804714,1.261804703,1.261804713,2.46,1000.0,1.01,1.68,1.01,14.0,1.07,1.14,2.14,4.0,1.33,1.81,1.38,1.63,1.36,1.62,1.3,1.83,1.261804695,1.261804707,1.261804708,1.261804718
Dutch Eredivisie,2026-09-05,13:45:00,FC Utrecht,Go Ahead Eagles,2.16,2.22,3.3,3.45,3.95,4.1,2.66,2.9,1.53,1.6,1.53,1.58,2.7,2.88,20.0,25.0,18.0,25.0,25.0,36.0,48.0,65.0,14.0,15.5,8.8,12.5,13.5,15.0,28.0,32.0,16.0,17.5,10.5,11.5,13.0,14.5,30.0,42.0,25.0,28.0,18.0,20.0,23.0,32.0,44.0,65.0,9.2,12.0,17.5,25.0,8.0,390.0,36005143,50349.0,419123.0,58805.0,1.261735050,1.261735053,1.261735097,1.261735098,1.01,110.0,1.01,110.0,1.01,36.0,1.03,1.08,5.8,7.0,1.17,1.21,1.4,1.44,1.81,1.87,1.32,1.34,1.261735099,1.261735060,1.261735051,1.261735052
Israeli Premier League,2026-09-05,13:45:00,Maccabi Petach Tikva,Ironi Tiberias,2.0,2.16,3.75,4.1,3.55,4.3,2.08,970.0,1.41,1.92,1.73,2.0,1.01,1000.0,1.01,1000.0,12.0,1000.0,17.5,36.0,1.01,1000.0,8.8,1000.0,1.01,13.0,1.01,1000.0,1.01,1000.0,1.01,26.0,1.01,1000.0,1.01,1000.0,1.01,1000.0,18.0,1000.0,16.0,1000.0,1.01,1000.0,42.0,1000.0,1.01,1000.0,1.01,1000.0,1.01,1000.0,36019461,939576.0,6064987.0,58805.0,1.261848473,1.261848476,1.261848520,1.261848521,1.01,1000.0,1.01,1.56,1.01,110.0,1.01,1.39,1.01,100.0,1.01,1.66,1.32,1.37,1.86,2.0,1.31,1.4,1.261848522,1.261848483,1.261848474,1.261848475
Turkish 1 Lig,2026-09-05,14:00:00,Keciorengucu,Sariyer G.K.,1.83,2.6,2.22,4.3,3.1,110.0,1.85,2.8,1.56,2.18,1.63,2.02,1.01,1000.0,1.01,1000.0,9.4,23.0,11.0,1000.0,1.01,1000.0,7.8,17.0,6.2,13.0,8.6,23.0,17.5,1000.0,1.01,1000.0,1.01,1000.0,1.01,1000.0,1.01,1000.0,12.5,1000.0,1.01,1000.0,1.01,1000.0,1.01,1000.0,1.01,1000.0,1.01,1000.0,1.01,1000.0,36021432,2080693.0,10486194.0,58805.0,1.261875316,1.261875319,1.261875363,1.261875364,1.01,1000.0,1.01,1.54,1.01,110.0,1.01,1.39,2.06,100.0,1.28,1.39,1.3,1.56,1.62,2.2,1.2,1.48,1.261875365,1.261875326,1.261875317,1.261875318
Turkish 1 Lig,2026-09-05,14:00:00,Pendikspor,Umraniyespor,1.78,1.97,4.4,5.6,3.75,3.9,1.83,1.93,2.06,2.2,1.01,2.26,1.01,1000.0,1.01,1000.0,1.01,1000.0,1.01,1000.0,1.01,1000.0,1.01,1000.0,7.4,1000.0,11.5,1000.0,1.01,1000.0,1.01,1000.0,1.01,1000.0,13.5,1000.0,1.01,1000.0,1.01,1000.0,1.01,1000.0,1.01,1000.0,1.96,1000.0,1.01,1000.0,1.01,1000.0,1.01,1000.0,36021446,5342556.0,6250160.0,58805.0,1.261875539,1.261875542,1.261875586,1.261875587,2.6,3.8,1.36,1.62,8.4,110.0,1.01,1.14,3.25,100.0,1.37,1.44,1.22,1.3,2.02,2.28,1.34,1.37,1.261875588,1.261875549,1.261875540,1.261875541
Cypriot 1st Division,2026-09-05,14:00:00,Omonia FC Aradippou,Digenis Ypsona,1.11,110.0,1.11,110.0,3.15,310.0,1.25,970.0,1.36,5.0,1.01,1000.0,1.01,1000.0,1.01,1000.0,1.01,1000.0,1.01,1000.0,1.01,1000.0,1.01,1000.0,1.01,1000.0,1.01,1000.0,1.01,1000.0,1.01,1000.0,1.01,1000.0,1.01,1000.0,1.01,1000.0,1.01,1000.0,1.01,1000.0,1.01,1000.0,1.01,1000.0,1.01,1000.0,1.01,1000.0,1.01,1000.0,36016196,10527998.0,12095765.0,58805.0,1.261820850,1.261820860,1.261820849,1.261820859,1.01,1000.0,1.01,1000.0,8.0,110.0,1.01,1.14,2.7,970.0,1.36,1.46,1.01,26.0,1.08,26.0,1.01,1.47,1.261820841,1.261820853,1.261820854,1.261820864
Turkish Super League,2026-09-05,14:00:00,Fenerbahce,Besiktas,1.86,1.94,4.2,4.6,3.9,4.2,2.06,2.32,1.75,1.94,1.69,1.84,2.2,2.48,1.98,1000.0,2.2,28.0,1.88,1000.0,1.82,1000.0,2.02,13.0,3.05,1000.0,2.16,1000.0,1.91,1000.0,3.35,1000.0,1.99,1000.0,13.5,1000.0,1.82,1000.0,2.0,1000.0,2.22,1000.0,1.87,1000.0,1.82,1000.0,2.4,1000.0,1.65,1000.0,1.68,1000.0,36015180,46726.0,232068.0,58805.0,1.261794613,1.261794616,1.261794660,1.261794661,1.01,110.0,1.01,110.0,4.5,26.0,1.05,1.07,4.2,5.3,1.23,1.29,1.27,1.32,2.06,2.18,1.31,1.35,1.261794662,1.261794623,1.261794614,1.261794615
Portuguese Primeira Liga,2026-09-05,14:00:00,Alverca,Braga,5.1,5.6,1.81,1.84,3.65,3.8,1.79,1.93,2.08,2.26,1.96,2.08,1.94,2.04,11.0,13.0,7.0,7.8,9.2,11.5,17.5,21.0,13.5,16.5,7.4,8.6,9.2,11.0,17.5,22.0,8.6,48.0,17.5,22.0,18.5,22.0,8.6,44.0,9.2,170.0,8.8,95.0,9.0,100.0,9.2,160.0,10.0,130.0,12.0,15.0,9.8,1000.0,36015959,48789.0,48799.0,58805.0,1.261809774,1.261809777,1.261809821,1.261809822,1.01,110.0,1.01,110.0,10.5,13.0,1.08,1.1,3.35,3.65,1.38,1.43,2.18,2.24,1.21,1.24,1.36,1.38,1.261809823,1.261809784,1.261809775,1.261809776
Portuguese Primeira Liga,2026-09-05,14:00:00,Maritimo,Benfica,13.0,15.5,1.26,1.28,6.8,7.0,2.52,2.78,1.56,1.66,2.1,2.54,1.65,1.91,21.0,28.0,8.4,12.0,7.2,8.8,8.4,10.5,36.0,55.0,12.5,16.0,9.4,13.5,12.0,17.0,6.4,170.0,6.0,60.0,27.0,34.0,32.0,42.0,6.8,1000.0,6.6,270.0,6.6,200.0,6.6,210.0,6.6,360.0,3.85,4.6,6.8,1000.0,36015933,46964.0,48783.0,58805.0,1.261808287,1.261808290,1.261808334,1.261808335,3.7,110.0,1.01,1.37,21.0,36.0,1.03,1.05,5.3,6.4,1.19,1.24,4.5,4.8,1.07,1.08,1.16,1.18,1.261808336,1.261808297,1.261808288,1.261808289
Argentinian Primera Division,2026-09-05,14:30:00,Gimnasia La Plata,Tigre,2.72,3.05,3.0,3.4,2.7,3.15,1.25,110.0,1.02,5.6,0.0,0.0,0.0,0.0,0.0,0.0,0.0,0.0,0.0,0.0,0.0,0.0,0.0,0.0,0.0,0.0,0.0,0.0,0.0,0.0,0.0,0.0,0.0,0.0,0.0,0.0,0.0,0.0,0.0,0.0,0.0,0.0,0.0,0.0,0.0,0.0,0.0,0.0,0.0,0.0,0.0,0.0,35975901,1213581.0,2451815.0,58805.0,1.261465730,1.261465746,0.0,0.0,0.0,0.0,0.0,0.0,0.0,0.0,0.0,0.0,0.0,0.0,0.0,0.0,0.0,0.0,0.0,0.0,0.0,0.0,0.0,0.0,0.0,0.0
Romanian Liga I,2026-09-05,14:30:00,Dinamo Bucharest,FCSB,2.1,2.86,2.96,3.85,3.15,5.4,1.83,2.18,1.84,2.22,1.01,1000.0,1.01,1000.0,1.3,1000.0,9.4,23.0,1.29,100.0,1.3,1000.0,1.3,1000.0,1.16,10.5,1.23,23.0,1.3,1000.0,1.3,1000.0,1.23,23.0,1.3,1000.0,1.3,1000.0,1.3,1000.0,1.3,1000.0,1.3,1000.0,1.3,1000.0,1.3,1000.0,1.3,1000.0,1.3,1000.0,35973441,46937.0,12819357.0,58805.0,1.261440541,1.261440558,1.261440540,1.261440555,3.0,110.0,1.01,1.49,3.75,110.0,1.01,1.36,3.75,100.0,1.29,1.36,1.35,1.52,1.53,1.91,1.23,1.47,1.261440532,1.261440544,1.261440545,1.261440567
Israeli Premier League,2026-09-05,14:30:00,Maccabi Haifa,Hapoel Petach Tikva,1.52,1.68,3.0,12.5,4.0,110.0,1.96,970.0,1.18,2.04,1.62,1.84,2.18,110.0,1.01,1000.0,17.5,1000.0,26.0,1000.0,48.0,1000.0,1.01,1000.0,8.8,1000.0,16.0,1000.0,1.01,1000.0,1.01,1000.0,8.8,1000.0,1.01,1000.0,1.01,1000.0,12.0,1000.0,12.0,1000.0,19.0,1000.0,1.01,1000.0,1.01,1000.0,1.01,1000.0,1.01,1000.0,36017536,52465647.0,6094761.0,58805.0,1.261828752,1.261828755,1.261828799,1.261828800,1.01,1000.0,1.01,1.4,1.01,110.0,1.01,1.26,1.01,110.0,1.16,970.0,1.14,1.26,2.46,2.94,1.19,1.34,1.261828801,1.261828762,1.261828753,1.261828754
Italian Serie B,2026-09-05,14:30:00,Carrarese,Empoli,2.6,2.72,3.05,3.25,3.15,3.25,1.72,1.82,2.22,2.4,1.89,2.0,2.0,2.12,9.6,11.0,9.4,11.0,17.5,22.0,9.0,60.0,8.4,11.5,6.6,7.4,12.0,14.5,8.4,44.0,14.0,17.0,11.0,15.0,16.5,19.5,9.0,65.0,32.0,44.0,27.0,34.0,42.0,55.0,9.2,150.0,23.0,34.0,9.6,50.0,9.2,1000.0,36017219,5727549.0,60294.0,58805.0,1.261822827,1.261822831,1.261822876,1.261822877,1.01,110.0,1.01,110.0,9.4,12.5,1.1,1.12,3.1,3.4,1.42,1.46,1.44,1.48,1.58,1.63,1.44,1.47,1.261822879,1.261822838,1.261822829,1.261822830
Uruguayan Segunda Division,2026-09-05,15:00:00,Cerrito,Paysandu FC,1.81,110.0,2.8,4.9,1.1,7.2,1.63,2.14,1.89,2.58,1.01,1000.0,1.01,1000.0,1.01,1000.0,1.01,1000.0,1.01,1000.0,1.01,1000.0,1.01,1000.0,1.01,1000.0,1.01,1000.0,1.01,1000.0,1.01,1000.0,1.01,1000.0,1.01,1000.0,1.01,1000.0,1.01,1000.0,1.01,1000.0,1.01,1000.0,1.01,1000.0,1.01,1000.0,1.01,1000.0,1.01,1000.0,36028210,5857923.0,57046763.0,58805.0,1.261969403,1.261969448,1.261969487,1.261969412,1.01,1000.0,1.01,1000.0,1.01,110.0,1.01,1.57,2.72,100.0,1.02,1.57,1.26,1.56,1.01,2.24,1.17,110.0,1.261969404,1.261969406,1.261969407,1.261969451
Norwegian 1st Division,2026-09-05,15:00:00,Stabaek,Moss,1.38,1.48,5.7,8.2,4.9,10.0,2.3,26.0,1.04,1.77,1.41,1.55,1.01,970.0,1.08,1000.0,1.08,1000.0,1.08,1000.0,1.08,1000.0,1.04,27.0,1.08,1000.0,1.08,1000.0,1.08,1000.0,1.08,1000.0,1.08,1000.0,1.04,26.0,1.08,1000.0,1.08,1000.0,1.08,1000.0,1.08,1000.0,1.08,1000.0,1.08,1000.0,1.08,1000.0,1.08,1000.0,36014937,50045.0,401947.0,58805.0,1.261784956,1.261784959,1.261785003,1.261785004,1.01,1000.0,1.01,1.24,1.01,110.0,1.01,1.11,2.3,110.0,1.04,1.1,1.14,1.22,3.05,3.65,1.11,1.26,1.261785005,1.261784966,1.261784957,1.261784958
Algerian Ligue 1,2026-09-05,15:00:00,Cr Temouchent,CS Constantine,1.08,110.0,1.08,110.0,1.08,220.0,1.09,110.0,1.51,26.0,1.01,1000.0,1.01,1000.0,1.01,1000.0,1.01,1000.0,1.01,1000.0,1.01,1000.0,1.01,1000.0,1.01,1000.0,1.01,1000.0,1.01,1000.0,1.01,1000.0,1.01,1000.0,1.01,1000.0,1.01,1000.0,1.01,1000.0,1.01,1000.0,1.01,1000.0,1.01,1000.0,1.01,1000.0,1.01,1000.0,1.01,1000.0,36015376,16571469.0,7598561.0,58805.0,1.261804484,1.261804494,1.261804483,1.261804493,1.01,1000.0,1.01,1000.0,1.01,1000.0,1.01,110.0,1.09,110.0,1.02,110.0,1.01,110.0,1.01,110.0,1.01,110.0,1.261804475,1.261804487,1.261804488,1.261804498
Dutch Eredivisie,2026-09-05,15:00:00,Ajax,PSV,2.72,2.78,2.46,2.5,4.2,4.4,3.85,4.2,1.32,1.35,1.33,1.38,3.65,4.1,4.3,60.0,4.1,34.0,4.1,34.0,4.3,46.0,4.1,36.0,11.0,16.0,12.5,17.5,18.5,27.0,4.2,38.0,12.5,18.5,11.0,15.5,19.5,28.0,4.3,55.0,19.5,29.0,19.5,29.0,4.2,38.0,8.4,11.0,7.4,9.8,4.5,160.0,36005140,52494689.0,48451.0,58805.0,1.261735158,1.261735161,1.261735205,1.261735206,5.1,7.4,1.16,1.24,22.0,110.0,1.02,1.05,9.6,11.0,1.1,1.12,1.66,1.69,1.56,1.58,1.29,1.32,1.261735207,1.261735168,1.261735159,1.261735160
French Ligue 2,2026-09-05,15:00:00,St Etienne,Montpellier,1.57,1.65,5.9,6.8,4.3,4.8,2.24,2.48,1.67,1.81,1.73,1.99,2.02,970.0,1.01,1000.0,17.5,1000.0,1.01,1000.0,1.01,1000.0,1.01,1000.0,1.01,13.0,1.01,29.0,1.01,1000.0,1.01,13.0,1.01,1000.0,1.01,1000.0,1.01,1000.0,1.01,1000.0,1.01,1000.0,1.01,1000.0,1.01,1000.0,1.01,1000.0,1.01,1000.0,1.01,1000.0,36016347,309689.0,44797.0,58805.0,1.261816577,1.261816580,1.261816624,1.261816625,1.01,1000.0,1.01,1.55,1.01,26.0,1.04,1.3,2.24,26.0,1.22,1.81,1.17,1.21,2.52,2.76,1.26,1.31,1.261816626,1.261816587,1.261816578,1.261816579
Serbian Super League,2026-09-05,15:00:00,Macva Sabac,FK Radnicki 1923,2.88,7.4,1.94,2.34,2.88,110.0,1.57,3.8,1.36,2.76,1.01,1000.0,1.01,1000.0,1.01,1000.0,1.01,11.5,1.01,1000.0,1.01,1000.0,1.01,1000.0,5.4,10.5,7.2,1000.0,12.5,1000.0,1.01,1000.0,1.01,26.0,12.5,1000.0,1.01,100.0,38.0,1000.0,1.01,1000.0,1.01,1000.0,55.0,1000.0,1.01,1000.0,1.01,1000.0,1.01,1000.0,36015218,13082371.0,10465511.0,58805.0,1.261808803,1.261808813,1.261808802,1.261808812,1.01,1000.0,1.01,1000.0,7.8,26.0,1.04,1.15,1.81,25.0,1.36,1.48,1.74,2.08,1.16,1.47,1.19,1.53,1.261808794,1.261808806,1.261808807,1.261808817
Hungarian NB I,2026-09-05,15:00:00,Paks,Debreceni VSC,1.94,2.14,3.1,4.4,3.9,4.8,1.24,11.0,1.1,6.4,1.01,1000.0,1.01,3.1,1.01,1000.0,1.01,1000.0,1.01,40.0,32.0,1000.0,1.01,26.0,1.01,13.0,12.0,1000.0,17.5,1000.0,1.01,26.0,8.8,1000.0,1.01,1000.0,1.01,1000.0,1.01,1000.0,1.01,1000.0,16.5,1000.0,1.01,1000.0,1.01,1000.0,1.01,1000.0,1.01,1000.0,36015847,2018015.0,9709317.0,58805.0,1.261805065,1.261805068,1.261805112,1.261805114,1.01,1000.0,1.01,1000.0,20.0,110.0,1.01,1.06,1.25,100.0,1.1,1.17,1.14,1.47,1.87,2.08,1.26,1.69,1.261805115,1.261805075,1.261805066,1.261805067
Serbian Super League,2026-09-05,15:00:00,Mladost Lucani,Radnicki Nis,2.84,3.6,1.11,3.0,2.56,110.0,1.59,2.12,1.9,2.68,1.01,2.22,1.01,2.16,1.01,1000.0,1.01,1000.0,1.01,1000.0,1.01,1000.0,1.01,1000.0,5.7,1000.0,8.8,1000.0,1.01,1000.0,1.01,1000.0,1.01,1000.0,1.01,1000.0,1.01,1000.0,1.01,1000.0,1.01,1000.0,1.01,1000.0,1.01,1000.0,1.01,1000.0,1.01,1000.0,1.01,1000.0,36015207,2503610.0,6555084.0,58805.0,1.261795801,1.261795804,1.261795848,1.261795849,1.01,1000.0,1.39,1.74,2.16,110.0,1.01,1.86,2.16,100.0,1.02,1.86,1.5,10.5,1.38,1.55,1.18,1.64,1.261795850,1.261795811,1.261795802,1.261795803
Greek Super League,2026-09-05,15:00:00,AEK Athens,Aris,1.38,1.41,9.6,14.0,5.0,5.4,2.1,2.32,1.75,1.91,2.2,2.32,1.75,1.84,16.0,19.0,27.0,32.0,7.0,120.0,7.4,490.0,6.8,9.6,10.5,12.5,32.0,42.0,7.2,210.0,6.8,9.0,9.4,12.0,25.0,32.0,7.2,190.0,9.8,11.5,13.5,16.0,32.0,55.0,7.2,230.0,5.8,7.0,7.2,310.0,7.4,1000.0,35996208,10758.0,244704.0,58805.0,1.261683661,1.261683671,1.261683660,1.261683670,1.01,1000.0,1.01,110.0,2.1,21.0,1.05,1.91,2.08,21.0,1.24,1.91,1.09,1.12,3.4,3.75,1.22,1.25,1.261683652,1.261683664,1.261683665,1.261683675
Uruguayan Primera Division,2026-09-05,15:00:00,Danubio,Penarol,4.8,6.4,1.74,1.93,3.55,3.75,1.46,3.1,1.48,3.2,1.01,3.05,1.01,1.9,1.01,1000.0,4.2,8.4,6.6,10.5,12.5,1000.0,9.4,19.5,6.6,11.5,8.6,17.0,14.0,1000.0,17.0,55.0,15.0,34.0,17.0,46.0,1.01,1000.0,42.0,1000.0,34.0,1000.0,42.0,1000.0,55.0,1000.0,1.01,1000.0,1.01,1000.0,1.01,1000.0,36014990,504779.0,328191.0,58805.0,1.261786944,1.261786947,1.261786991,1.261786992,2.3,1000.0,1.01,1.76,1.01,110.0,1.1,1.16,1.89,11.0,1.48,2.14,2.08,2.34,1.19,1.26,1.36,1.4,1.261786993,1.261786954,1.261786945,1.261786946
Saudi Professional League,2026-09-05,15:00:00,Al-Ittihad,Al Nassr,4.4,5.8,1.58,1.65,4.7,7.2,1.25,9.6,1.11,5.0,1.01,1.66,2.5,1000.0,1.15,38.0,1.13,26.0,1.18,1000.0,1.18,1000.0,1.19,1000.0,1.18,1000.0,1.18,1000.0,1.18,1000.0,1.17,80.0,1.13,26.0,1.13,26.0,1.19,1000.0,1.19,1000.0,1.19,1000.0,1.19,1000.0,1.19,1000.0,1.19,1000.0,1.18,1000.0,1.19,1000.0,36014908,3727829.0,6359075.0,58805.0,1.261804033,1.261804043,1.261804032,1.261804042,3.9,1000.0,1.01,1.34,1.01,110.0,1.01,1.16,1.01,9.6,1.11,1.16,2.52,2.74,1.21,1.25,1.21,1.28,1.261804023,1.261804036,1.261804037,1.261804047
Polish Ekstraklasa,2026-09-05,15:15:00,LKP Motor Lublin,Legia Warsaw,3.4,5.7,1.92,2.18,3.3,5.3,1.72,2.5,1.67,2.38,1.58,2.0,2.0,2.7,1.01,1000.0,1.01,1000.0,1.01,1000.0,1.01,1000.0,1.01,1000.0,1.01,1000.0,1.01,1000.0,1.01,1000.0,1.01,1000.0,1.01,1000.0,1.01,1000.0,1.01,1000.0,1.01,1000.0,1.01,1000.0,1.01,1000.0,1.01,1000.0,1.01,1000.0,1.01,1000.0,1.01,1000.0,36001086,6635878.0,241091.0,58805.0,1.261719128,1.261719131,1.261719175,1.261719176,1.01,4.7,1.01,1000.0,1.01,36.0,1.03,1.37,1.01,34.0,1.23,1.37,1.85,2.08,1.23,1.41,1.23,1.44,1.261719177,1.261719138,1.261719129,1.261719130
Bulgarian A League,2026-09-05,15:15:00,PFC Levski Sofia,CSKA 1948 Sofia,1.34,1.78,4.4,110.0,3.6,950.0,1.33,2.18,1.84,5.2,1.01,970.0,1.01,970.0,1.01,1000.0,1.01,1000.0,1.01,1000.0,1.01,1000.0,1.01,1000.0,1.01,1000.0,1.01,1000.0,1.01,1000.0,1.01,1000.0,1.01,1000.0,1.01,1000.0,1.01,1000.0,1.01,1000.0,1.01,1000.0,1.01,1000.0,1.01,1000.0,1.01,1000.0,1.01,1000.0,1.01,1000.0,35974455,21868583.0,20732043.0,58805.0,1.261448950,1.261448960,1.261448949,1.261448959,1.01,1000.0,1.01,1000.0,1.01,110.0,1.01,1.52,1.33,100.0,1.29,2.22,1.01,1.34,2.28,26.0,1.01,1.75,1.261448941,1.261448953,1.261448954,1.261448964
Slovenian Premier League,2026-09-05,15:15:00,Olimpija,NK Brinje Grosuplje,1.59,1.96,4.2,7.4,3.8,4.3,1.85,2.28,1.78,2.18,1.01,1000.0,1.01,1000.0,1.01,1000.0,14.0,1000.0,22.0,1000.0,1.01,1000.0,7.2,11.5,6.2,1000.0,14.0,1000.0,1.01,1000.0,1.01,1000.0,1.01,1000.0,1.01,30.0,1.01,1000.0,1.01,29.0,12.5,1000.0,1.01,85.0,1.01,1000.0,1.01,1000.0,1.01,1000.0,1.01,1000.0,36015039,489147.0,13050456.0,58805.0,1.261791724,1.261791727,1.261791771,1.261791772,1.01,1000.0,1.29,1000.0,11.0,23.0,1.04,1.1,2.12,23.0,1.26,1.9,1.16,1.31,2.04,2.68,1.3,1.36,1.261791773,1.261791734,1.261791725,1.261791726
Slovakian Super League,2026-09-05,15:30:00,Dunajska Streda,Slovan Bratislava,2.32,3.5,2.36,3.05,3.35,11.5,2.02,2.62,1.62,1.98,1.01,1000.0,1.01,1000.0,1.01,1000.0,1.01,1000.0,1.01,1000.0,1.01,1000.0,1.01,1000.0,1.01,1000.0,1.01,1000.0,1.01,1000.0,1.01,1000.0,1.01,1000.0,1.01,1000.0,1.01,1000.0,1.01,1000.0,1.01,1000.0,1.01,1000.0,1.01,1000.0,1.01,1000.0,1.01,1000.0,1.01,1000.0,36006617,3176495.0,46933.0,58805.0,1.261753821,1.261753831,1.261753820,1.261753830,1.01,1000.0,1.01,1000.0,4.2,110.0,1.01,1.31,4.2,110.0,1.23,1.31,1.49,1.74,1.4,1.76,1.21,1.43,1.261753812,1.261753824,1.261753825,1.261753835
Irish Division 1,2026-09-05,15:30:00,Longford,Kerry FC,2.58,3.15,2.62,3.05,2.78,4.6,1.9,2.26,1.79,2.12,1.68,110.0,1.01,970.0,1.01,1000.0,1.01,1000.0,1.01,1000.0,1.01,1000.0,1.01,1000.0,1.01,1000.0,1.01,1000.0,1.01,1000.0,1.01,1000.0,1.01,1000.0,1.01,1000.0,1.01,1000.0,1.01,1000.0,1.01,1000.0,1.01,1000.0,1.01,1000.0,1.01,1000.0,1.01,1000.0,1.01,1000.0,36001283,184330.0,51047170.0,58805.0,1.261719366,1.261719369,1.261719413,1.261719414,1.01,1000.0,1.01,1000.0,5.0,110.0,1.01,1.23,3.75,4.7,1.27,1.36,1.48,1.62,1.52,1.63,1.3,1.56,1.261719415,1.261719376,1.261719367,1.261719368
Swiss Super League,2026-09-05,15:30:00,Grasshoppers Zurich,FC Zurich,2.68,2.84,2.54,2.6,3.8,4.1,2.36,2.56,1.64,1.74,1.57,1.64,2.58,2.76,17.0,21.0,12.5,17.5,17.5,20.0,32.0,38.0,14.0,15.5,8.0,9.2,10.5,12.5,21.0,26.0,18.5,23.0,11.5,13.0,13.0,15.0,27.0,32.0,38.0,46.0,24.0,27.0,29.0,42.0,50.0,65.0,13.5,19.0,13.0,19.5,1.01,510.0,36016139,373489.0,65783.0,58805.0,1.261812607,1.261812610,1.261812654,1.261812655,1.01,1000.0,1.01,1000.0,15.5,26.0,1.04,1.06,5.0,5.7,1.21,1.25,1.62,1.65,1.54,1.59,1.32,1.35,1.261812656,1.261812617,1.261812608,1.261812609
German Bundesliga 2,2026-09-05,15:30:00,Dynamo Dresden,Bochum,2.16,2.26,3.3,3.55,3.8,3.95,2.3,2.48,1.67,1.77,1.62,1.7,2.42,2.62,18.0,24.0,13.0,19.5,20.0,32.0,5.1,70.0,11.0,14.5,8.2,9.4,12.5,17.0,4.9,40.0,12.0,18.5,10.0,13.0,12.0,18.5,4.9,46.0,4.7,32.0,16.0,25.0,4.8,36.0,5.1,75.0,10.5,14.5,20.0,32.0,5.4,580.0,36014807,498543.0,67143.0,58805.0,1.261783517,1.261783527,1.261783516,1.261783526,1.01,110.0,1.01,110.0,16.0,21.0,1.05,1.06,4.8,5.4,1.23,1.26,1.39,1.44,1.79,1.85,1.34,1.36,1.261783508,1.261783520,1.261783521,1.261783531
French Ligue 1,2026-09-05,15:45:00,Nice,Le Mans,1.91,1.93,4.5,4.7,3.85,3.9,2.06,2.16,1.87,1.95,1.79,1.85,2.18,2.28,14.5,16.0,15.5,17.0,30.0,34.0,36.0,1000.0,9.0,9.6,7.8,8.8,16.0,18.0,28.0,55.0,10.5,12.0,9.4,10.5,16.5,18.5,30.0,60.0,19.0,21.0,17.5,19.5,30.0,34.0,38.0,95.0,11.0,12.0,29.0,55.0,18.0,1000.0,36005512,189829.0,269791.0,58805.0,1.261748925,1.261748909,1.261748924,1.261748934,1.01,110.0,1.01,110.0,14.0,16.5,1.06,1.08,4.1,4.4,1.29,1.32,1.27,1.29,2.06,2.1,1.34,1.36,1.261748927,1.261748929,1.261748930,1.261748912
Italian Serie A,2026-09-05,15:45:00,Roma,Atalanta,1.78,1.8,5.2,5.3,3.95,4.0,2.02,2.08,1.93,1.98,1.88,1.91,2.08,2.14,13.5,14.5,16.0,18.0,36.0,40.0,42.0,130.0,8.2,8.8,8.2,8.8,18.5,19.5,60.0,70.0,10.0,11.0,9.0,9.8,18.5,19.5,60.0,70.0,16.5,18.0,17.0,18.5,32.0,36.0,40.0,110.0,10.0,11.5,65.0,80.0,22.0,1000.0,35979413,56967.0,215817.0,58805.0,1.261502166,1.261502150,1.261502165,1.261502175,3.3,3.4,1.42,1.44,14.0,15.5,1.07,1.08,4.0,4.2,1.31,1.33,1.23,1.24,2.24,2.28,1.33,1.34,1.261502168,1.261502170,1.261502171,1.261502153
Bosnian Premier League,2026-09-05,15:45:00,Radnik Bijeljina,Sloga Doboj,1.08,110.0,1.08,110.0,1.08,110.0,1.25,110.0,1.55,6.0,1.01,1000.0,1.01,1000.0,1.01,1000.0,1.01,1000.0,1.01,1000.0,1.01,1000.0,1.01,1000.0,1.01,1000.0,1.01,1000.0,1.01,1000.0,1.01,1000.0,1.01,1000.0,1.01,1000.0,1.01,1000.0,1.01,1000.0,1.01,1000.0,1.01,1000.0,1.01,1000.0,1.01,1000.0,1.01,1000.0,1.01,1000.0,36028107,8390754.0,14508297.0,58805.0,1.261971787,1.261971833,1.261971873,1.261971797,1.01,1000.0,1.01,1000.0,1.26,110.0,1.01,110.0,1.26,100.0,1.01,110.0,1.03,36.0,1.03,36.0,1.01,110.0,1.261971788,1.261971790,1.261971791,1.261971837
French Ligue 1,2026-09-05,15:45:00,Le Havre,Brest,2.78,2.82,2.86,2.9,3.4,3.45,1.75,1.84,2.18,2.34,1.89,1.92,2.08,2.12,10.5,12.0,9.6,10.5,17.0,19.0,42.0,48.0,9.2,10.5,7.0,7.6,11.5,13.0,30.0,36.0,15.5,18.0,11.5,12.5,17.0,19.0,44.0,50.0,38.0,42.0,29.0,34.0,42.0,48.0,14.0,120.0,10.5,32.0,29.0,36.0,14.5,1000.0,36005519,70446.0,669348.0,58805.0,1.261748801,1.261748785,1.261748800,1.261748810,2.0,110.0,1.01,2.0,10.5,12.5,1.09,1.11,3.3,3.5,1.4,1.44,1.52,1.54,1.55,1.57,1.4,1.42,1.261748803,1.261748805,1.261748806,1.261748788
Spanish Segunda Division,2026-09-05,16:00:00,Eldense,Mallorca,3.8,4.1,2.08,2.18,3.45,3.7,1.87,1.95,2.06,2.16,1.84,1.94,2.06,2.2,11.5,15.5,8.2,9.4,11.0,14.0,6.6,28.0,12.0,14.5,7.2,8.0,9.6,11.5,20.0,27.0,18.0,30.0,14.5,17.0,16.5,19.5,7.2,46.0,7.6,95.0,7.4,60.0,7.6,70.0,8.0,130.0,7.6,65.0,15.0,18.5,8.2,1000.0,36016314,2250350.0,10542.0,58805.0,1.261815501,1.261815504,1.261815548,1.261815549,3.0,3.7,1.37,1.5,11.0,13.5,1.08,1.1,3.55,3.8,1.36,1.4,1.84,1.92,1.32,1.36,1.37,1.4,1.261815550,1.261815511,1.261815502,1.261815503
Scottish Premiership,2026-09-05,16:00:00,St Mirren,Celtic,7.0,7.4,1.51,1.54,4.8,4.9,2.78,3.0,1.5,1.57,1.67,1.73,2.36,2.5,11.0,29.0,11.5,15.0,10.5,12.0,13.0,17.0,30.0,40.0,10.5,12.0,9.4,10.5,12.5,13.5,55.0,75.0,23.0,27.0,18.0,19.5,23.0,32.0,11.5,190.0,14.5,90.0,55.0,80.0,14.5,90.0,50.0,65.0,4.9,5.5,12.5,560.0,36015844,674748.0,52495022.0,58805.0,1.261805855,1.261805839,1.261805854,1.261805864,1.01,110.0,1.26,1.38,16.5,36.0,1.03,1.07,6.4,7.0,1.17,1.19,2.84,2.96,1.15,1.17,1.25,1.27,1.261805857,1.261805859,1.261805860,1.261805842
Brazilian Serie A,2026-09-05,16:00:00,Red Bull Bragantino,Bahia,2.1,2.2,3.6,3.85,3.6,3.8,2.02,2.16,1.86,1.98,1.74,1.82,2.22,2.36,14.0,17.5,13.0,17.5,6.4,32.0,6.2,85.0,9.2,12.0,7.4,9.8,13.5,19.5,27.0,50.0,12.5,16.5,9.6,12.5,15.0,20.0,5.8,60.0,19.0,34.0,7.2,26.0,5.7,40.0,5.8,1000.0,13.0,17.5,26.0,46.0,6.0,1000.0,35982851,71387076.0,198139.0,58805.0,1.261543416,1.261543426,1.261543415,1.261543425,1.01,110.0,1.01,110.0,13.5,18.0,1.06,1.08,3.95,4.4,1.3,1.34,1.35,1.39,1.83,1.91,1.35,1.38,1.261543407,1.261543419,1.261543420,1.261543430
Dutch Eredivisie,2026-09-05,16:00:00,Willem II,Excelsior,2.94,3.05,2.44,2.5,3.75,3.95,2.4,2.54,1.65,1.71,1.58,1.6,2.66,2.74,1.08,1000.0,1.08,1000.0,1.08,1000.0,1.08,1000.0,1.08,1000.0,1.07,1000.0,1.07,1000.0,1.08,1000.0,1.08,1000.0,1.07,1000.0,1.01,970.0,1.08,1000.0,1.08,1000.0,1.08,1000.0,1.08,1000.0,1.08,1000.0,1.08,1000.0,1.08,1000.0,1.08,1000.0,36005144,48455.0,67164.0,58805.0,1.261734935,1.261734938,1.261734984,1.261734985,1.01,110.0,1.01,110.0,15.5,26.0,1.04,1.07,4.8,6.0,1.21,1.25,1.66,1.7,1.49,1.52,1.33,1.36,1.261734986,1.261734946,1.261734936,1.261734937
Spanish La Liga,2026-09-05,16:00:00,Villarreal,Deportivo,1.57,1.58,6.6,6.8,4.6,4.8,2.28,2.32,1.76,1.78,1.9,1.94,2.06,2.12,17.0,19.5,22.0,24.0,50.0,60.0,46.0,190.0,8.8,9.6,9.4,10.5,22.0,26.0,75.0,95.0,8.6,9.4,9.4,10.5,19.5,22.0,36.0,95.0,12.5,14.0,14.0,15.5,30.0,34.0,40.0,120.0,6.8,7.2,38.0,110.0,60.0,1000.0,36003837,28191.0,51266.0,58805.0,1.261730008,1.261729947,1.261730007,1.261730018,3.55,3.75,1.37,1.39,17.5,19.5,1.05,1.06,4.7,5.0,1.25,1.27,1.17,1.18,2.72,2.76,1.26,1.28,1.261730010,1.261730012,1.261730013,1.261729951
Bolivian Liga de Futbol Profesional,2026-09-05,16:00:00,Guabira,Real Potosi,1.71,1.75,4.4,5.1,4.3,4.9,2.32,3.05,1.49,1.76,1.55,1.76,2.32,2.84,5.4,28.0,5.5,25.0,36.0,42.0,6.2,1000.0,4.5,14.5,4.3,12.0,5.2,20.0,36.0,320.0,6.2,15.0,4.3,11.5,14.5,18.5,36.0,440.0,5.3,22.0,5.0,18.5,5.6,32.0,6.4,1000.0,3.9,8.8,8.4,880.0,6.6,510.0,36023799,5892455.0,2295425.0,58805.0,1.261930774,1.261930777,1.261930821,1.261930822,1.01,1000.0,1.01,1000.0,1.01,110.0,1.01,970.0,4.5,7.0,1.16,1.24,1.25,1.29,2.32,2.42,1.25,1.3,1.261930823,1.261930784,1.261930775,1.261930776
Brazilian Serie B,2026-09-05,16:00:00,Novorizontino,Avai,1.47,1.58,1.1,1000.0,1.1,1000.0,1.26,3.95,1.34,5.4,1.01,1000.0,1.01,1000.0,1.01,1000.0,1.01,1000.0,1.01,1000.0,1.01,1000.0,1.01,1000.0,1.01,1000.0,1.01,1000.0,1.01,1000.0,1.01,1000.0,1.01,1000.0,1.01,1000.0,1.01,1000.0,1.01,1000.0,1.01,1000.0,1.01,1000.0,1.01,1000.0,1.01,1000.0,1.01,1000.0,1.01,1000.0,36014800,9173038.0,3859186.0,58805.0,1.261782024,1.261782027,1.261782071,1.261782072,1.01,110.0,1.01,110.0,3.35,18.0,1.06,1.4,3.35,17.5,1.34,1.4,1.11,1.15,2.72,3.15,1.23,1.37,1.261782073,1.261782034,1.261782025,1.261782026
Brazilian Serie B,2026-09-05,16:00:00,Goias,Fortaleza EC,2.58,3.4,3.05,3.75,2.6,3.55,1.43,1.62,2.44,3.35,1.92,2.5,1.67,2.08,1.01,1000.0,1.01,1000.0,1.01,1000.0,1.01,1000.0,1.01,1000.0,1.01,1000.0,1.01,1000.0,1.01,1000.0,1.01,1000.0,1.01,1000.0,1.01,1000.0,1.01,1000.0,1.01,1000.0,1.01,1000.0,1.01,1000.0,1.01,1000.0,1.01,1000.0,1.01,1000.0,1.01,1000.0,36016127,198131.0,5287007.0,58805.0,1.261812391,1.261812394,1.261812438,1.261812439,1.01,110.0,1.01,110.0,2.32,110.0,1.01,1.75,2.26,2.96,1.51,1.75,1.36,1.49,1.42,1.63,1.41,1.62,1.261812440,1.261812401,1.261812392,1.261812393
Chilean Primera B,2026-09-05,16:00:00,Club Deportes Santa Cruz,Union Espanola,1.11,110.0,2.34,110.0,3.15,110.0,1.25,100.0,1.02,5.0,1.01,1000.0,1.01,1000.0,1.01,1000.0,1.01,1000.0,1.01,1000.0,1.01,1000.0,1.01,1000.0,1.01,1000.0,1.01,1000.0,1.01,1000.0,1.01,1000.0,1.01,1000.0,1.01,1000.0,1.01,1000.0,1.01,1000.0,1.01,1000.0,1.01,1000.0,1.01,1000.0,1.01,1000.0,1.01,1000.0,1.01,1000.0,36025482,11023627.0,1388376.0,58805.0,1.261999046,1.261999049,1.261999093,1.261999094,1.01,1000.0,1.01,1000.0,1.25,110.0,1.01,1.38,1.25,100.0,1.01,1.38,1.32,1.75,1.36,26.0,1.14,1.45,1.261999095,1.261999056,1.261999047,1.261999048
Portuguese Primeira Liga,2026-09-05,16:30:00,Sporting Lisbon,CD Nacional Funchal,1.21,1.23,17.5,19.5,7.8,8.0,3.05,3.3,1.44,1.48,2.06,2.12,1.89,1.95,9.2,40.0,10.0,70.0,11.0,220.0,11.5,1000.0,10.5,12.5,14.5,18.0,9.8,65.0,11.0,330.0,8.0,9.4,10.5,12.5,9.0,36.0,11.0,220.0,8.4,9.6,12.0,14.0,9.0,40.0,11.0,190.0,3.05,3.45,11.0,400.0,18.0,1000.0,36015932,52495073.0,22012893.0,58805.0,1.261808067,1.261808070,1.261808114,1.261808115,1.01,110.0,1.01,110.0,26.0,55.0,1.02,1.04,7.0,8.0,1.14,1.17,1.05,1.07,5.3,5.7,1.14,1.15,1.261808116,1.261808077,1.261808068,1.261808069
Argentinian Primera Division,2026-09-05,16:30:00,Gimnasia Mendoza,Boca Juniors,3.2,3.4,2.56,2.58,3.15,3.3,1.6,1.66,2.52,2.68,0.0,0.0,0.0,0.0,0.0,0.0,0.0,0.0,0.0,0.0,0.0,0.0,0.0,0.0,0.0,0.0,0.0,0.0,0.0,0.0,0.0,0.0,0.0,0.0,0.0,0.0,0.0,0.0,0.0,0.0,0.0,0.0,0.0,0.0,0.0,0.0,0.0,0.0,0.0,0.0,0.0,0.0,35975899,9229725.0,17304.0,58805.0,1.261467252,1.261467270,0.0,0.0,0.0,0.0,0.0,0.0,0.0,0.0,0.0,0.0,0.0,0.0,0.0,0.0,0.0,0.0,0.0,0.0,0.0,0.0,0.0,0.0,0.0,0.0
Algerian Ligue 1,2026-09-05,17:00:00,ASO Chlef,Belouizdad,1.08,110.0,1.08,110.0,1.08,530.0,1.13,110.0,1.52,10.5,1.01,1000.0,1.01,1000.0,1.01,1000.0,1.01,1000.0,1.01,1000.0,1.01,1000.0,1.01,1000.0,1.01,1000.0,1.01,1000.0,1.01,1000.0,1.01,1000.0,1.01,1000.0,1.01,1000.0,1.01,1000.0,1.01,1000.0,1.01,1000.0,1.01,1000.0,1.01,1000.0,1.01,1000.0,1.01,1000.0,1.01,1000.0,36021146,6488669.0,9221275.0,58805.0,1.261874245,1.261874248,1.261874292,1.261874293,1.01,1000.0,1.01,1000.0,1.13,110.0,1.01,110.0,1.13,100.0,1.02,110.0,1.03,110.0,1.03,110.0,1.01,110.0,1.261874294,1.261874255,1.261874246,1.261874247
Peruvian Primera Division,2026-09-05,17:00:00,Sport Huancayo,Sport Boys (Per),1.65,1.86,4.4,7.6,3.55,4.3,1.37,970.0,1.3,3.7,1.01,1000.0,1.01,1000.0,1.01,1000.0,1.01,1000.0,1.01,1000.0,1.01,1000.0,1.01,1000.0,1.01,1000.0,1.01,1000.0,1.01,1000.0,1.01,1000.0,1.01,1000.0,1.01,1000.0,1.01,1000.0,1.01,1000.0,1.01,1000.0,1.01,1000.0,1.01,1000.0,1.01,1000.0,1.01,1000.0,1.01,1000.0,36013692,4972227.0,7587321.0,58805.0,1.261765971,1.261765974,1.261766018,1.261766019,1.01,1000.0,1.01,1000.0,3.0,110.0,1.01,1.38,3.0,110.0,1.3,1.38,1.2,1.3,2.16,2.52,1.3,1.4,1.261766020,1.261765981,1.261765972,1.261765973
Brazilian Serie C,2026-09-05,17:00:00,Inter Limeira,Ferroviaria,2.3,110.0,1.1,110.0,1.1,3.35,1.24,970.0,1.02,6.4,1.01,1000.0,1.01,1000.0,1.01,1000.0,1.01,1000.0,1.01,1000.0,1.01,1000.0,1.01,1000.0,1.01,1000.0,1.01,1000.0,1.01,1000.0,1.01,1000.0,1.01,1000.0,1.01,1000.0,1.01,1000.0,1.01,1000.0,1.01,1000.0,1.01,1000.0,1.01,1000.0,1.01,1000.0,1.01,1000.0,1.01,1000.0,36029056,1053183.0,6987860.0,58805.0,1.261977472,1.261977517,1.261977556,1.261977481,1.01,1000.0,1.01,110.0,1.25,55.0,1.02,970.0,1.24,3.15,1.46,970.0,1.02,11.0,1.01,1.88,1.2,110.0,1.261977473,1.261977475,1.261977476,1.261977520
Uruguayan Primera Division,2026-09-05,18:00:00,Deportivo Maldonado,Wanderers (Uru),1.89,2.26,3.3,5.1,3.3,5.9,1.59,2.04,1.96,2.68,1.01,1000.0,1.01,1000.0,1.01,1000.0,1.01,1000.0,1.01,1000.0,1.01,1000.0,1.01,1000.0,1.01,1000.0,1.01,1000.0,1.01,1000.0,1.01,1000.0,1.01,1000.0,1.01,1000.0,1.01,1000.0,1.01,1000.0,1.01,1000.0,1.01,1000.0,1.01,1000.0,1.01,1000.0,1.01,1000.0,1.01,1000.0,36014959,10932747.0,2794560.0,58805.0,1.261785560,1.261785563,1.261785607,1.261785608,1.01,1000.0,1.01,1.64,1.01,110.0,1.01,1.46,2.64,110.0,1.37,1.61,1.24,1.43,1.79,2.14,1.2,1.44,1.261785609,1.261785570,1.261785561,1.261785562
Brazilian Serie B,2026-09-05,18:00:00,Juventude,Atletico GO,2.14,2.36,4.1,4.8,2.92,3.5,1.48,1.58,2.72,3.1,2.2,2.42,1.71,1.82,7.0,8.2,9.6,12.5,6.2,36.0,7.0,140.0,5.9,6.8,6.4,7.4,16.5,23.0,6.8,100.0,10.5,14.5,10.5,14.0,6.0,30.0,7.0,130.0,6.0,40.0,6.2,38.0,6.8,85.0,7.2,260.0,6.2,42.0,7.2,150.0,7.4,1000.0,36016147,198144.0,5326988.0,58805.0,1.261813144,1.261813147,1.261813193,1.261813194,1.01,110.0,1.01,110.0,6.2,9.2,1.12,1.19,2.46,2.74,1.58,1.69,1.27,1.33,1.74,1.88,1.42,1.52,1.261813195,1.261813155,1.261813145,1.261813146
Colombian Primera A,2026-09-05,18:00:00,Boyaca Chico,Once Caldas,3.95,4.6,1.92,2.08,3.4,4.2,1.81,1.91,2.1,2.24,1.93,2.14,1.89,2.08,1.01,1000.0,1.01,1000.0,1.01,1000.0,1.01,1000.0,1.01,1000.0,1.01,1000.0,1.01,1000.0,1.01,1000.0,1.01,1000.0,1.01,1000.0,1.01,1000.0,1.01,1000.0,1.01,1000.0,1.01,1000.0,1.01,1000.0,1.01,1000.0,1.01,1000.0,1.01,1000.0,1.01,1000.0,36018354,3636902.0,816112.0,58805.0,1.261852086,1.261852096,1.261852085,1.261852095,1.01,110.0,1.01,110.0,9.6,18.0,1.06,1.12,3.25,3.9,1.38,1.45,1.92,2.1,1.29,1.34,1.33,1.39,1.261852077,1.261852089,1.261852090,1.261852100
Venezuelan Primera Division,2026-09-05,18:00:00,Portuguesa FC,Zamora FC,1.74,2.24,3.65,6.4,3.3,3.9,1.66,2.02,1.98,2.52,1.01,1000.0,1.01,1000.0,1.01,1000.0,1.01,1000.0,1.01,1000.0,1.01,1000.0,1.01,1000.0,1.01,1000.0,1.01,1000.0,1.01,1000.0,1.01,1000.0,1.01,1000.0,1.01,1000.0,1.01,1000.0,1.01,1000.0,1.01,1000.0,1.01,1000.0,1.01,1000.0,1.01,1000.0,1.01,1000.0,1.01,1000.0,36031275,10939060.0,4129326.0,58805.0,1.262002494,1.262002504,1.262002493,1.262002503,1.01,1000.0,1.34,1.67,2.78,110.0,1.01,1.56,2.78,100.0,1.35,1.56,1.18,1.38,1.8,2.36,1.34,1.44,1.262002485,1.262002497,1.262002498,1.262002508
Bolivian Liga de Futbol Profesional,2026-09-05,18:15:00,Aurora,CD Gualberto Villarroel,1.1,1.97,2.1,110.0,4.1,530.0,1.3,110.0,1.12,4.4,1.01,1000.0,1.01,1000.0,1.01,1000.0,1.01,1000.0,1.01,1000.0,1.01,1000.0,1.01,1000.0,1.01,1000.0,1.01,1000.0,1.01,1000.0,1.01,1000.0,1.01,1000.0,1.01,1000.0,1.01,1000.0,1.01,1000.0,1.01,1000.0,1.01,1000.0,1.01,1000.0,1.01,1000.0,1.01,1000.0,1.01,1000.0,36023809,893608.0,61511713.0,58805.0,1.261934657,1.261934667,1.261934656,1.261934666,1.01,1000.0,1.01,1000.0,1.31,110.0,1.01,1.19,1.31,110.0,1.12,1.19,1.02,1.34,2.04,36.0,1.01,1.33,1.261934648,1.261934660,1.261934661,1.261934671
Chilean Primera B,2026-09-05,18:30:00,San Luis,Cobreloa Calama,1.24,110.0,1.1,110.0,1.1,110.0,1.24,3.35,1.64,6.0,1.01,1000.0,1.01,1000.0,1.01,1000.0,1.01,1000.0,1.01,1000.0,1.01,1000.0,1.01,1000.0,1.01,1000.0,1.01,1000.0,1.01,1000.0,1.01,1000.0,1.01,1000.0,1.01,1000.0,1.01,1000.0,1.01,1000.0,1.01,1000.0,1.01,1000.0,1.01,1000.0,1.01,1000.0,1.01,1000.0,1.01,1000.0,36028073,328915.0,5913012.0,58805.0,1.261972127,1.261972172,1.261972211,1.261972136,1.01,1000.0,1.01,110.0,1.01,110.0,1.06,970.0,1.25,4.4,1.29,5.2,1.01,26.0,1.01,11.0,1.21,110.0,1.261972128,1.261972130,1.261972131,1.261972175
Chilean Primera Division,2026-09-05,18:30:00,Everton De Vina,Univ Catolica (Chile),2.52,2.96,2.46,2.94,3.55,5.1,1.73,2.82,1.55,2.36,1.01,1000.0,2.04,2.76,1.01,1000.0,1.01,1000.0,1.01,1000.0,1.01,1000.0,1.01,1000.0,1.01,1000.0,1.01,1000.0,1.01,1000.0,1.01,1000.0,1.01,1000.0,1.01,1000.0,1.01,1000.0,1.01,1000.0,1.01,1000.0,1.01,1000.0,1.01,1000.0,1.01,1000.0,1.01,1000.0,1.01,1000.0,36003233,3677851.0,7029037.0,58805.0,1.261729251,1.261729261,1.261729250,1.261729260,1.01,1000.0,1.01,1000.0,4.0,110.0,1.01,1.34,4.0,4.9,1.25,1.34,1.51,1.68,1.51,1.66,1.25,1.4,1.261729242,1.261729254,1.261729255,1.261729265
Brazilian Serie A,2026-09-05,18:30:00,Sao Paulo,Atletico MG,2.24,2.28,3.8,4.1,3.25,3.35,1.69,1.74,2.34,2.46,2.0,2.08,1.93,2.0,9.4,10.5,10.5,12.0,18.5,27.0,15.0,1000.0,7.2,8.0,6.6,7.4,15.0,16.5,14.0,60.0,11.5,13.0,10.0,11.5,18.0,21.0,14.5,1000.0,19.0,32.0,18.0,28.0,27.0,240.0,16.0,940.0,16.0,25.0,30.0,820.0,16.5,1000.0,35982846,198126.0,361329.0,58805.0,1.261543637,1.261543647,1.261543636,1.261543646,1.01,110.0,1.01,110.0,9.6,10.5,1.1,1.12,3.05,3.25,1.45,1.49,1.33,1.36,1.78,1.81,1.42,1.45,1.261543628,1.261543640,1.261543641,1.261543651
Brazilian Serie B,2026-09-05,18:30:00,Ceara SC Fortaleza,Sport Recife,2.28,2.6,3.15,4.8,1.1,3.45,1.25,16.0,1.39,5.6,1.9,2.14,1.87,2.1,1.01,1000.0,1.01,1000.0,1.01,1000.0,1.01,1000.0,1.01,1000.0,1.01,1000.0,1.01,1000.0,1.01,1000.0,1.01,1000.0,1.01,1000.0,1.01,1000.0,1.01,1000.0,1.01,1000.0,1.01,1000.0,1.01,1000.0,1.01,1000.0,1.01,1000.0,1.01,1000.0,1.01,1000.0,36014793,5287019.0,2405306.0,58805.0,1.261781894,1.261781897,1.261781941,1.261781942,1.01,110.0,1.01,110.0,1.01,18.0,1.06,970.0,1.01,15.5,1.06,970.0,1.38,1.45,1.65,1.75,1.4,1.47,1.261781943,1.261781904,1.261781895,1.261781896
Paraguayan Primera Division,2026-09-05,18:30:00,Sportivo San Lorenzo,Club 2 de Mayo de Pedro Ju,3.1,5.4,1.96,2.44,2.46,110.0,1.54,1.91,2.1,2.82,1.01,1000.0,1.01,1000.0,1.01,1000.0,1.01,1000.0,1.01,1000.0,1.01,1000.0,1.01,1000.0,1.01,1000.0,1.01,1000.0,1.01,1000.0,1.01,1000.0,1.01,1000.0,1.01,1000.0,1.01,1000.0,1.01,1000.0,1.01,1000.0,1.01,1000.0,1.01,1000.0,1.01,1000.0,1.01,1000.0,1.01,1000.0,36031406,7598628.0,98734194.0,58805.0,1.262002620,1.262002630,1.262002619,1.262002629,1.01,1000.0,1.01,1.72,2.04,1000.0,1.01,1.95,2.04,110.0,1.41,1.95,1.69,3.15,1.22,1.47,1.2,1.68,1.262002611,1.262002623,1.262002624,1.262002634
Argentinian Primera B Metropolitana,2026-09-05,19:00:00,Deportivo Merlo,Defensores Unidos,1.08,110.0,1.08,110.0,1.08,110.0,1.24,1000.0,1.01,6.4,1.01,1000.0,1.01,1000.0,1.01,1000.0,1.01,1000.0,1.01,1000.0,1.01,1000.0,1.01,1000.0,1.01,1000.0,1.01,1000.0,1.01,1000.0,1.01,1000.0,1.01,1000.0,1.01,1000.0,1.01,1000.0,1.01,1000.0,1.01,1000.0,1.01,1000.0,1.01,1000.0,1.01,1000.0,1.01,1000.0,1.01,1000.0,36020383,5181458.0,7108515.0,58805.0,1.261999648,1.261999651,1.261999695,1.261999696,1.01,1000.0,1.01,1000.0,1.24,1000.0,1.01,6.4,1.24,1000.0,1.01,6.4,1.02,36.0,1.02,36.0,1.01,110.0,1.261999697,1.261999658,1.261999649,1.261999650
Argentinian Primera Division,2026-09-05,19:00:00,San Lorenzo,Talleres,2.54,2.64,3.3,3.45,3.0,3.15,1.53,110.0,1.02,2.9,0.0,0.0,0.0,0.0,0.0,0.0,0.0,0.0,0.0,0.0,0.0,0.0,0.0,0.0,0.0,0.0,0.0,0.0,0.0,0.0,0.0,0.0,0.0,0.0,0.0,0.0,0.0,0.0,0.0,0.0,0.0,0.0,0.0,0.0,0.0,0.0,0.0,0.0,0.0,0.0,0.0,0.0,35975908,194503.0,194518.0,58805.0,1.261465319,1.261465335,0.0,0.0,0.0,0.0,0.0,0.0,0.0,0.0,0.0,0.0,0.0,0.0,0.0,0.0,0.0,0.0,0.0,0.0,0.0,0.0,0.0,0.0,0.0,0.0
Uruguayan Segunda Division,2026-09-05,19:00:00,Miramar Misiones,Colon FC,2.72,4.4,1.81,3.05,2.26,110.0,1.51,1.91,2.1,2.96,1.01,1000.0,1.01,1000.0,1.01,1000.0,1.01,1000.0,1.01,1000.0,1.01,1000.0,1.01,1000.0,1.01,1000.0,1.01,1000.0,1.01,1000.0,1.01,1000.0,1.01,1000.0,1.01,1000.0,1.01,1000.0,1.01,1000.0,1.01,1000.0,1.01,1000.0,1.01,1000.0,1.01,1000.0,1.01,1000.0,1.01,1000.0,36028085,5300627.0,19339388.0,58805.0,1.261969494,1.261969539,1.261969578,1.261969503,1.01,3.45,1.01,1000.0,1.01,110.0,1.01,110.0,2.38,100.0,1.02,1.73,1.52,2.24,1.29,1.58,1.23,1.79,1.261969495,1.261969497,1.261969498,1.261969542
Colombian Primera B,2026-09-05,19:00:00,Quindio,Real Santander,1.04,110.0,1.04,1000.0,1.01,1000.0,1.07,970.0,1.33,55.0,1.01,1000.0,1.01,1000.0,1.01,1000.0,1.01,1000.0,1.01,1000.0,1.01,1000.0,1.01,1000.0,1.01,1000.0,1.01,1000.0,1.01,1000.0,1.01,1000.0,1.01,1000.0,1.01,1000.0,1.01,1000.0,1.01,1000.0,1.01,1000.0,1.01,1000.0,1.01,1000.0,1.01,1000.0,1.01,1000.0,1.01,1000.0,36024062,5141456.0,5690632.0,58805.0,1.261999851,1.261999854,1.261999898,1.261999899,1.01,1000.0,1.01,1000.0,9.0,1000.0,1.01,1.13,2.82,970.0,1.33,1.43,1.01,26.0,1.01,36.0,1.01,110.0,1.261999900,1.261999861,1.261999852,1.261999853
Colombian Primera B,2026-09-05,19:00:00,Union Magdalena,Barranquilla,1.04,110.0,1.04,1000.0,1.02,1000.0,1.07,100.0,1.28,55.0,1.01,1000.0,1.01,1000.0,1.01,1000.0,1.01,1000.0,1.01,1000.0,1.01,1000.0,1.01,1000.0,1.01,1000.0,1.01,1000.0,1.01,1000.0,1.01,1000.0,1.01,1000.0,1.01,1000.0,1.01,1000.0,1.01,1000.0,1.01,1000.0,1.01,1000.0,1.01,1000.0,1.01,1000.0,1.01,1000.0,1.01,1000.0,36024145,5343365.0,5343353.0,58805.0,1.261999961,1.261999964,1.262000008,1.262000009,1.01,1000.0,1.01,1000.0,1.08,110.0,1.01,970.0,1.07,100.0,1.29,970.0,1.01,26.0,1.01,36.0,1.01,110.0,1.262000010,1.261999971,1.261999962,1.261999963
Ecuadorian Serie A,2026-09-05,20:00:00,Independiente (Ecu),Macara,1.44,1.79,4.7,110.0,3.9,110.0,1.67,970.0,1.25,2.48,1.74,110.0,1.01,110.0,1.01,1000.0,1.01,1000.0,1.01,1000.0,1.01,1000.0,1.01,1000.0,1.01,1000.0,1.01,1000.0,1.01,1000.0,1.01,1000.0,1.01,1000.0,1.01,1000.0,1.01,1000.0,1.01,1000.0,1.01,1000.0,1.01,1000.0,1.01,1000.0,1.01,1000.0,1.01,1000.0,1.01,1000.0,36025866,6432339.0,6161547.0,58805.0,1.261948478,1.261948481,1.261948525,1.261948526,1.01,1000.0,1.01,110.0,1.01,110.0,1.01,1.53,1.72,95.0,1.25,2.04,1.13,1.24,2.5,3.15,1.26,1.35,1.261948527,1.261948488,1.261948479,1.261948480
Mexican Liga MX,2026-09-05,20:00:00,Queretaro,Monterrey,3.3,3.55,2.14,2.26,3.65,4.2,2.32,2.62,1.62,1.76,1.55,1000.0,2.5,1000.0,17.0,1000.0,9.6,1000.0,11.0,1000.0,19.0,1000.0,13.5,1000.0,7.2,1000.0,8.4,1000.0,15.5,1000.0,21.0,1000.0,10.0,1000.0,11.0,1000.0,19.5,1000.0,40.0,1000.0,25.0,1000.0,26.0,1000.0,38.0,1000.0,1.01,1000.0,1.01,1000.0,1.01,1000.0,36013732,328926.0,328949.0,58805.0,1.261767221,1.261767231,1.261767220,1.261767230,1.01,110.0,1.01,110.0,14.0,36.0,1.03,1.08,4.9,6.4,1.19,1.26,1.8,1.88,1.39,1.44,1.31,1.37,1.261767212,1.261767224,1.261767225,1.261767235
Mexican Liga MX,2026-09-05,20:00:00,Atletico San Luis,Guadalajara,4.3,4.8,1.81,1.88,3.9,4.5,2.3,2.46,1.69,1.76,1.68,1.73,2.38,2.48,1.86,1000.0,1.63,14.0,1.65,15.0,1.86,1000.0,1.86,1000.0,6.8,15.5,7.2,12.5,1.86,1000.0,1.86,1000.0,1.73,24.0,1.73,23.0,1.86,1000.0,1.86,1000.0,1.86,1000.0,1.86,1000.0,1.86,1000.0,1.86,1000.0,1.6,14.5,1.86,1000.0,36013727,10781957.0,230909.0,58805.0,1.261767331,1.261767341,1.261767330,1.261767340,1.01,110.0,1.01,110.0,14.0,36.0,1.04,1.08,4.8,5.4,1.23,1.26,2.12,2.24,1.27,1.3,1.29,1.35,1.261767322,1.261767334,1.261767335,1.261767345
Peruvian Primera Division,2026-09-05,20:00:00,Cusco FC,Cesar Vallejo Moquegua,1.08,2.3,1.1,130.0,1.1,1000.0,1.25,970.0,1.2,5.2,1.01,1000.0,1.01,1000.0,1.01,1000.0,1.01,1000.0,1.01,1000.0,1.01,1000.0,1.01,1000.0,1.01,1000.0,1.01,1000.0,1.01,1000.0,1.01,1000.0,1.01,1000.0,1.01,1000.0,1.01,1000.0,1.01,1000.0,1.01,1000.0,1.01,1000.0,1.01,1000.0,1.01,1000.0,1.01,1000.0,1.01,1000.0,36013689,27767097.0,62939001.0,58805.0,1.261767111,1.261767121,1.261767110,1.261767120,1.01,1000.0,1.01,1000.0,11.0,110.0,1.01,1.1,3.1,110.0,1.2,1.31,1.07,26.0,1.33,36.0,1.01,1.36,1.261767102,1.261767114,1.261767115,1.261767125
Colombian Primera A,2026-09-05,20:10:00,Cucuta Deportivo,Deportivo Pasto,2.26,2.44,3.55,3.9,3.1,3.4,1.61,1.73,2.38,2.64,2.04,2.26,1.8,1.97,1.01,1000.0,1.01,1000.0,1.01,1000.0,1.01,1000.0,1.01,1000.0,1.01,1000.0,1.01,1000.0,1.01,1000.0,1.01,1000.0,1.01,1000.0,1.01,1000.0,1.01,1000.0,1.01,1000.0,1.01,1000.0,1.01,1000.0,1.01,1000.0,1.01,1000.0,1.01,1000.0,1.01,1000.0,36029474,2301978.0,478919.0,58805.0,1.261980736,1.261980739,1.261980783,1.261980784,1.01,110.0,1.01,110.0,8.0,12.5,1.09,1.15,2.84,3.3,1.45,1.55,1.36,1.4,1.7,1.79,1.41,1.45,1.261980785,1.261980746,1.261980737,1.261980738
Colombian Primera A,2026-09-05,20:25:00,Santa Fe,Fortaleza FC,1.56,1.72,6.0,14.0,3.5,110.0,1.6,1.95,2.06,2.66,1.01,1000.0,1.56,970.0,1.01,1000.0,1.01,1000.0,1.01,1000.0,1.01,1000.0,1.01,1000.0,1.01,1000.0,1.01,1000.0,1.01,1000.0,1.01,1000.0,1.01,1000.0,1.01,1000.0,1.01,1000.0,1.01,1000.0,1.01,1000.0,1.01,1000.0,1.01,1000.0,1.01,1000.0,1.01,1000.0,1.01,1000.0,36025954,4908158.0,8220578.0,58805.0,1.261949560,1.261949563,1.261949607,1.261949608,1.01,110.0,1.01,110.0,8.0,18.0,1.06,1.15,1.79,17.5,1.36,2.28,1.11,1.2,2.38,2.8,1.24,1.4,1.261949609,1.261949570,1.261949561,1.261949562
US MLS,2026-09-05,20:30:00,Orlando City,San Diego FC,2.18,2.24,3.05,3.2,4.2,4.5,3.3,3.5,1.4,1.43,1.41,1.46,3.2,3.45,25.0,40.0,21.0,25.0,19.5,32.0,28.0,340.0,18.5,21.0,10.5,12.0,13.5,15.5,18.0,29.0,19.0,22.0,11.5,13.0,12.0,14.0,18.0,27.0,20.0,32.0,17.0,19.5,20.0,23.0,32.0,85.0,7.0,7.8,12.0,13.5,14.0,1000.0,35974003,5640226.0,79351400.0,58805.0,1.261440343,1.261440353,1.261440342,1.261440352,4.9,5.4,1.23,1.26,21.0,55.0,1.02,1.04,8.0,8.8,1.13,1.15,1.45,1.49,1.8,1.85,1.28,1.32,1.261440334,1.261440346,1.261440347,1.261440357
US MLS,2026-09-05,20:30:00,Charlotte FC,Houston Dynamo,2.36,2.4,3.1,3.25,3.7,3.9,2.22,2.32,1.76,1.81,1.65,1.7,2.44,2.54,17.0,19.0,13.5,15.5,21.0,24.0,36.0,55.0,11.5,12.5,7.8,8.8,12.5,14.0,20.0,34.0,14.5,16.5,10.0,11.5,13.5,16.0,23.0,40.0,20.0,32.0,20.0,23.0,21.0,32.0,42.0,1000.0,13.0,15.0,17.5,26.0,14.5,1000.0,35973998,42741188.0,1432923.0,58805.0,1.261441231,1.261441242,1.261441230,1.261441240,3.65,3.95,1.34,1.38,15.5,19.0,1.05,1.07,4.6,5.0,1.25,1.28,1.45,1.48,1.71,1.74,1.34,1.37,1.261441222,1.261441234,1.261441235,1.261441250
US MLS,2026-09-05,20:30:00,Columbus,Colorado,2.3,2.34,3.25,3.4,3.6,3.75,2.12,2.18,1.85,1.88,1.7,1.76,2.32,2.44,15.0,17.0,13.5,14.5,21.0,24.0,50.0,1000.0,10.5,11.5,7.4,8.2,12.5,14.5,32.0,36.0,13.5,15.5,10.5,11.5,15.0,16.5,38.0,120.0,24.0,32.0,20.0,24.0,30.0,34.0,34.0,80.0,14.5,16.0,26.0,32.0,16.0,1000.0,35974012,171903.0,171911.0,58805.0,1.261439995,1.261440005,1.261439994,1.261440004,3.5,3.7,1.37,1.4,14.5,18.0,1.06,1.07,4.2,4.5,1.28,1.31,1.42,1.45,1.74,1.77,1.36,1.38,1.261439986,1.261439998,1.261439999,1.261440009
US MLS,2026-09-05,20:30:00,FC Cincinnati,DC Utd,1.61,1.65,5.2,5.6,4.8,5.3,3.2,3.35,1.43,1.46,1.54,1.59,2.72,2.84,32.0,40.0,20.0,36.0,27.0,200.0,11.0,1000.0,14.0,16.5,11.0,13.0,18.5,23.0,27.0,240.0,12.5,14.5,10.0,11.5,15.5,18.0,25.0,140.0,15.5,18.5,12.5,15.0,20.0,25.0,28.0,360.0,4.8,5.1,22.0,38.0,11.5,380.0,35974017,10962520.0,436099.0,58805.0,1.261439620,1.261439655,1.261439618,1.261439648,4.9,5.4,1.23,1.26,26.0,55.0,1.02,1.04,7.4,8.4,1.13,1.16,1.22,1.24,2.52,2.64,1.23,1.27,1.261439588,1.261439630,1.261439633,1.261439667
Bolivian Liga de Futbol Profesional,2026-09-05,20:30:00,Oriente Petrolero,Always Ready,2.84,2.98,2.42,2.56,3.9,4.3,2.36,3.35,1.43,1.66,1.44,1.62,2.62,3.3,5.6,34.0,14.5,19.5,17.5,23.0,5.7,38.0,16.0,22.0,4.2,11.5,10.0,13.5,18.5,24.0,20.0,29.0,4.6,15.0,12.5,15.5,22.0,30.0,5.9,48.0,22.0,29.0,5.6,34.0,40.0,55.0,4.8,16.5,4.4,12.5,6.6,340.0,36023818,330231.0,12198533.0,58805.0,1.261930990,1.261930993,1.261931037,1.261931038,1.01,1000.0,1.01,1000.0,1.01,110.0,1.01,1.2,1.29,8.2,1.14,1.2,1.64,1.71,1.5,1.55,1.31,1.35,1.261931039,1.261931000,1.261930991,1.261930992
US MLS,2026-09-05,20:30:00,Inter Miami CF,Atlanta Utd,1.33,1.35,8.2,9.2,6.6,7.2,4.5,4.9,1.26,1.28,1.5,1.55,2.84,2.98,34.0,65.0,55.0,80.0,38.0,120.0,18.5,320.0,20.0,23.0,17.0,19.5,32.0,36.0,36.0,1000.0,14.0,15.5,11.0,12.5,19.0,21.0,50.0,510.0,13.5,15.5,12.0,13.0,18.5,21.0,48.0,65.0,2.88,3.05,34.0,46.0,17.5,1000.0,35973999,27785243.0,12592557.0,58805.0,1.261440775,1.261440785,1.261440774,1.261440784,6.4,7.4,1.16,1.19,26.0,110.0,1.01,1.02,11.5,13.5,1.08,1.1,1.12,1.14,3.85,4.1,1.16,1.18,1.261440766,1.261440778,1.261440779,1.261440789
US MLS,2026-09-05,20:30:00,Toronto FC,Chicago Fire,3.0,3.15,2.32,2.4,3.85,4.1,2.62,2.72,1.58,1.62,1.49,1.57,2.76,3.05,17.5,40.0,14.0,19.0,15.0,23.0,21.0,60.0,16.0,23.0,8.0,9.8,9.6,12.5,15.5,28.0,17.0,34.0,12.0,15.5,12.5,16.5,20.0,42.0,27.0,190.0,20.0,46.0,20.0,55.0,4.3,170.0,14.0,20.0,10.0,12.5,4.4,1000.0,35973989,2362969.0,226469.0,58805.0,1.261441653,1.261441663,1.261441652,1.261441662,4.2,4.5,1.28,1.31,18.0,36.0,1.03,1.05,5.8,6.4,1.19,1.21,1.7,1.76,1.47,1.5,1.32,1.35,1.261441644,1.261441656,1.261441657,1.261441667
US MLS,2026-09-05,20:30:00,Philadelphia,CF Montreal,1.48,1.49,6.8,7.4,5.2,5.6,2.92,3.05,1.49,1.53,1.68,1.74,2.36,2.46,21.0,38.0,21.0,40.0,30.0,1000.0,10.5,1000.0,11.5,13.5,11.0,13.5,17.5,32.0,9.8,1000.0,10.0,11.5,9.4,11.0,17.5,27.0,30.0,1000.0,12.5,14.5,12.5,14.5,17.5,32.0,9.8,1000.0,4.7,5.0,30.0,85.0,10.0,600.0,35974023,4589333.0,42741189.0,58805.0,1.261438418,1.261438513,1.261438411,1.261438492,4.5,5.0,1.25,1.28,21.0,55.0,1.02,1.04,6.6,7.2,1.16,1.18,1.16,1.18,3.0,3.15,1.22,1.24,1.261438346,1.261438440,1.261438450,1.261438560
Chilean Primera Division,2026-09-05,21:00:00,Universidad de Chile,Coquimbo Unido,1.1,2.26,1.1,110.0,1.1,110.0,1.8,2.26,1.79,2.24,1.68,970.0,1.01,1000.0,1.01,1000.0,1.01,1000.0,1.01,1000.0,1.01,1000.0,1.01,1000.0,1.01,1000.0,1.01,1000.0,1.01,1000.0,1.01,1000.0,1.01,1000.0,1.01,1000.0,1.01,1000.0,1.01,1000.0,1.01,1000.0,1.01,1000.0,1.01,1000.0,1.01,1000.0,1.01,1000.0,1.01,1000.0,36013693,1069686.0,5800422.0,58805.0,1.261767441,1.261767451,1.261767440,1.261767450,1.01,110.0,1.01,110.0,1.01,110.0,1.01,1.36,1.8,100.0,1.3,1.38,1.01,1.57,1.79,26.0,1.01,2.06,1.261767432,1.261767444,1.261767445,1.261767455
Brazilian Serie A,2026-09-05,21:00:00,Fluminense,Vasco da Gama,2.18,2.28,3.75,4.0,3.35,3.55,1.78,1.87,2.16,2.28,1.91,1.95,2.04,2.1,10.5,12.5,11.0,13.0,18.5,32.0,8.2,90.0,7.8,8.6,6.8,7.8,13.5,16.5,7.8,60.0,11.5,13.5,9.8,12.0,17.0,23.0,8.0,70.0,18.5,34.0,18.5,30.0,34.0,50.0,8.2,140.0,18.0,25.0,9.6,65.0,8.8,1000.0,35982836,198133.0,198124.0,58805.0,1.261542818,1.261542828,1.261542817,1.261542827,1.01,110.0,1.01,110.0,10.0,12.5,1.09,1.11,3.25,3.55,1.39,1.44,1.34,1.37,1.78,1.85,1.39,1.43,1.261542809,1.261542821,1.261542822,1.261542832
Argentinian Primera Division,2026-09-05,21:15:00,Velez Sarsfield,Estudiantes,2.38,2.54,3.55,3.85,2.88,3.15,1.48,110.0,1.02,36.0,0.0,0.0,0.0,0.0,0.0,0.0,0.0,0.0,0.0,0.0,0.0,0.0,0.0,0.0,0.0,0.0,0.0,0.0,0.0,0.0,0.0,0.0,0.0,0.0,0.0,0.0,0.0,0.0,0.0,0.0,0.0,0.0,0.0,0.0,0.0,0.0,0.0,0.0,0.0,0.0,0.0,0.0,35975896,192085.0,194509.0,58805.0,1.261467659,1.261467678,0.0,0.0,0.0,0.0,0.0,0.0,0.0,0.0,0.0,0.0,0.0,0.0,0.0,0.0,0.0,0.0,0.0,0.0,0.0,0.0,0.0,0.0,0.0,0.0
US MLS,2026-09-05,21:30:00,FC Dallas,Kansas City,1.46,1.49,6.8,7.4,5.3,5.7,2.92,3.05,1.49,1.52,1.7,1.75,2.34,2.44,22.0,75.0,21.0,65.0,30.0,1000.0,14.5,1000.0,11.5,13.0,11.5,13.5,17.5,40.0,13.5,1000.0,10.0,11.5,9.4,10.5,18.0,21.0,32.0,1000.0,12.0,14.0,12.5,14.0,18.0,28.0,13.5,1000.0,4.7,4.9,32.0,1000.0,15.5,1000.0,35974005,2937353.0,171912.0,58805.0,1.261442810,1.261442820,1.261442809,1.261442819,4.5,4.9,1.25,1.28,21.0,55.0,1.02,1.04,6.6,7.2,1.16,1.18,1.15,1.17,3.0,3.2,1.21,1.23,1.261442801,1.261442813,1.261442814,1.261442824
US MLS,2026-09-05,21:30:00,Austin FC,San Jose Earthquakes,2.28,2.36,3.05,3.2,3.9,4.1,2.58,2.7,1.59,1.63,1.51,1.59,2.72,2.98,18.0,42.0,15.0,25.0,18.0,38.0,27.0,200.0,12.0,18.0,8.4,10.0,11.0,16.0,18.5,46.0,14.5,21.0,9.6,13.0,11.5,16.5,21.0,60.0,21.0,60.0,17.5,28.0,20.0,42.0,27.0,240.0,9.8,14.0,14.0,24.0,3.95,1000.0,35974011,39013198.0,408102.0,58805.0,1.261442699,1.261442709,1.261442698,1.261442708,4.1,4.5,1.28,1.32,21.0,36.0,1.04,1.05,5.7,6.4,1.19,1.21,1.46,1.49,1.73,1.79,1.32,1.35,1.261442690,1.261442702,1.261442703,1.261442713
US MLS,2026-09-05,21:30:00,Seattle Sounders,New York Red Bulls,1.92,1.96,3.8,4.0,4.3,4.5,3.05,3.25,1.45,1.48,1.46,1.51,2.98,3.2,22.0,70.0,18.0,30.0,22.0,75.0,34.0,1000.0,14.0,19.0,9.8,11.5,14.0,19.5,22.0,70.0,14.0,18.5,9.4,12.0,12.5,15.5,22.0,65.0,17.0,36.0,13.5,18.0,16.0,25.0,25.0,140.0,6.4,7.6,15.5,23.0,4.9,1000.0,35974015,4019787.0,2362970.0,58805.0,1.261442451,1.261442461,1.261442450,1.261442460,4.8,5.3,1.23,1.27,21.0,55.0,1.03,1.04,7.2,8.0,1.14,1.16,1.34,1.36,2.04,2.1,1.28,1.31,1.261442442,1.261442454,1.261442455,1.261442465
Mexican Liga MX,2026-09-05,22:00:00,Tigres,Necaxa,1.62,1.68,5.3,6.4,4.2,4.9,2.36,2.6,1.63,1.74,1.69,1.84,2.2,2.46,2.08,1000.0,2.08,1000.0,2.08,1000.0,2.08,1000.0,1.84,15.5,1.8,13.0,2.08,1000.0,2.08,1000.0,1.82,14.0,1.81,13.5,1.95,30.0,2.08,1000.0,1.92,23.0,1.91,22.0,2.08,1000.0,2.08,1000.0,1.69,8.8,2.08,1000.0,2.08,1000.0,36003172,328916.0,230910.0,58805.0,1.261729031,1.261729041,1.261729030,1.261729040,1.01,1000.0,1.01,110.0,15.5,36.0,1.03,1.07,5.0,5.9,1.2,1.25,1.2,1.23,2.46,2.62,1.26,1.31,1.261729022,1.261729034,1.261729035,1.261729045
Mexican Liga MX,2026-09-05,22:00:00,CF America,Tijuana,1.6,1.67,5.4,7.8,3.65,4.6,2.08,100.0,1.25,1.92,1.01,1000.0,1.01,1000.0,14.0,1000.0,16.0,1000.0,30.0,1000.0,40.0,1000.0,7.2,1000.0,7.6,1000.0,17.5,1000.0,40.0,1000.0,7.8,1000.0,8.4,1000.0,16.5,1000.0,40.0,1000.0,11.5,1000.0,12.5,1000.0,24.0,1000.0,40.0,1000.0,1.01,1000.0,1.01,1000.0,1.01,1000.0,36002792,328952.0,5687741.0,58805.0,1.261725733,1.261725743,1.261725732,1.261725742,1.01,110.0,1.01,110.0,2.1,110.0,1.01,1.9,2.1,100.0,1.25,1.91,1.16,1.22,2.48,2.78,1.27,1.33,1.261725724,1.261725736,1.261725737,1.261725747
Peruvian Primera Division,2026-09-05,22:30:00,Universitario de Deportes,Comerciantes Unidos,1.08,1000.0,1.08,110.0,1.08,1000.0,1.24,970.0,1.26,6.4,1.01,1000.0,1.01,1000.0,1.01,1000.0,1.01,1000.0,1.01,1000.0,1.01,1000.0,1.01,1000.0,1.01,1000.0,1.01,1000.0,1.01,1000.0,1.01,1000.0,1.01,1000.0,1.01,1000.0,1.01,1000.0,1.01,1000.0,1.01,1000.0,1.01,1000.0,1.01,1000.0,1.01,1000.0,1.01,1000.0,1.01,1000.0,36013695,3636903.0,10778457.0,58805.0,1.261766082,1.261766085,1.261766129,1.261766130,1.01,1000.0,1.01,1000.0,1.25,110.0,1.01,5.0,1.24,100.0,1.26,110.0,1.06,26.0,1.01,36.0,1.01,110.0,1.261766131,1.261766092,1.261766083,1.261766084
Colombian Primera A,2026-09-05,22:30:00,Junior FC Barranquilla,Jaguares de Cordoba,1.36,1.45,10.0,14.0,4.6,6.0,1.94,2.12,1.89,2.08,1.01,970.0,1.01,970.0,1.01,1000.0,1.01,1000.0,1.01,1000.0,1.01,1000.0,1.01,1000.0,1.01,1000.0,1.01,1000.0,1.01,1000.0,1.01,1000.0,1.01,1000.0,1.01,1000.0,1.01,1000.0,1.01,1000.0,1.01,1000.0,1.01,1000.0,1.01,1000.0,1.01,1000.0,1.01,1000.0,1.01,1000.0,36014783,22018255.0,7055314.0,58805.0,1.261805437,1.261805447,1.261805436,1.261805446,1.01,110.0,1.01,110.0,2.52,21.0,1.05,1.38,1.94,20.0,1.28,1.66,1.09,1.12,3.2,3.8,1.23,1.28,1.261805428,1.261805440,1.261805441,1.261805451
US MLS,2026-09-05,22:30:00,Real Salt Lake,Los Angeles FC,2.94,3.05,2.44,2.52,3.7,3.9,2.3,2.38,1.72,1.77,1.62,1.68,2.48,2.62,17.5,20.0,12.0,13.5,16.0,18.0,22.0,70.0,14.0,15.5,8.0,8.8,10.5,12.0,21.0,26.0,19.0,23.0,11.5,13.5,13.5,15.5,21.0,60.0,36.0,120.0,19.5,50.0,30.0,85.0,32.0,1000.0,18.5,22.0,14.5,15.5,15.5,560.0,35974018,1101610.0,17268707.0,58805.0,1.261443438,1.261443448,1.261443437,1.261443447,3.75,4.0,1.33,1.36,17.5,21.0,1.05,1.06,4.9,5.2,1.24,1.26,1.66,1.69,1.49,1.52,1.34,1.38,1.261443429,1.261443441,1.261443442,1.261443452
US MLS,2026-09-05,22:30:00,LA Galaxy,New England Revolution,2.56,2.6,2.76,2.78,3.9,4.1,2.62,2.72,1.58,1.61,1.53,1.57,2.76,2.88,22.0,25.0,16.5,17.0,20.0,22.0,40.0,44.0,15.5,22.0,8.8,9.6,11.5,14.5,23.0,26.0,18.5,22.0,11.0,13.0,13.0,14.5,26.0,30.0,30.0,42.0,21.0,24.0,24.0,29.0,44.0,55.0,11.5,14.0,13.5,15.5,16.5,380.0,35974024,2658589.0,408103.0,58805.0,1.261443148,1.261443169,1.261443146,1.261443165,4.2,4.6,1.28,1.31,17.5,55.0,1.04,1.05,5.8,6.4,1.19,1.21,1.56,1.57,1.62,1.65,1.32,1.34,1.261443132,1.261443153,1.261443155,1.261443176
US MLS,2026-09-05,23:30:00,Vancouver Whitecaps,St Louis City SC,1.52,1.54,6.2,6.8,5.0,5.3,2.92,3.05,1.49,1.52,1.65,1.71,2.4,2.54,20.0,55.0,19.5,34.0,30.0,70.0,9.6,1000.0,11.5,15.5,11.0,14.5,17.0,28.0,9.2,85.0,11.0,14.5,9.4,11.0,16.5,21.0,29.0,70.0,13.5,17.0,12.5,15.0,17.0,28.0,9.2,80.0,4.7,5.2,32.0,65.0,10.0,510.0,35973997,5383053.0,52290449.0,58805.0,1.261443900,1.261443910,1.261443899,1.261443909,4.5,5.0,1.25,1.28,22.0,36.0,1.03,1.04,6.4,7.0,1.17,1.18,1.17,1.19,2.84,2.94,1.23,1.25,1.261443891,1.261443903,1.261443904,1.261443914
US MLS,2026-09-05,23:30:00,Portland Timbers,Minnesota Utd,2.24,2.32,3.1,3.3,3.9,4.2,2.58,2.7,1.59,1.63,1.54,1.59,2.72,2.86,21.0,30.0,16.0,20.0,18.0,42.0,28.0,70.0,14.0,18.5,8.8,12.0,12.5,17.0,20.0,38.0,16.0,18.0,10.5,14.5,13.0,15.0,21.0,40.0,19.0,38.0,17.5,26.0,19.0,34.0,28.0,65.0,10.0,11.5,18.0,25.0,8.0,440.0,35974002,4004854.0,7533070.0,58805.0,1.261443679,1.261443689,1.261443678,1.261443688,4.1,4.4,1.29,1.32,18.0,55.0,1.04,1.05,5.7,6.4,1.19,1.21,1.43,1.47,1.76,1.81,1.31,1.35,1.261443670,1.261443682,1.261443683,1.261443693
