League,Date,Time,Home,Away,Odd_H_Back,Odd_H_Lay,Odd_A_Back,Odd_A_Lay,Odd_D_Back,Odd_D_Lay,Odd_Under25_FT_Back,Odd_Under25_FT_Lay,Odd_Over25_FT_Back,Odd_Over25_FT_Lay,Odd_BTTS_Yes_Back,Odd_BTTS_Yes_Lay,Odd_BTTS_No_Back,Odd_BTTS_No_Lay,Odd_CS_0x0_Back,Odd_CS_0x0_Lay,Odd_CS_0x1_Back,Odd_CS_0x1_Lay,Odd_CS_0x2_Back,Odd_CS_0x2_Lay,Odd_CS_0x3_Back,Odd_CS_0x3_Lay,Odd_CS_1x0_Back,Odd_CS_1x0_Lay,Odd_CS_1x1_Back,Odd_CS_1x1_Lay,Odd_CS_1x2_Back,Odd_CS_1x2_Lay,Odd_CS_1x3_Back,Odd_CS_1x3_Lay,Odd_CS_2x0_Back,Odd_CS_2x0_Lay,Odd_CS_2x1_Back,Odd_CS_2x1_Lay,Odd_CS_2x2_Back,Odd_CS_2x2_Lay,Odd_CS_2x3_Back,Odd_CS_2x3_Lay,Odd_CS_3x0_Back,Odd_CS_3x0_Lay,Odd_CS_3x1_Back,Odd_CS_3x1_Lay,Odd_CS_3x2_Back,Odd_CS_3x2_Lay,Odd_CS_3x3_Back,Odd_CS_3x3_Lay,Odd_CS_Goleada_H_Back,Odd_CS_Goleada_H_Lay,Odd_CS_Goleada_A_Back,Odd_CS_Goleada_A_Lay,Odd_CS_Goleada_D_Back,Odd_CS_Goleada_D_Lay,ID_Evento,ID_Home,ID_Away,ID_Draw,IDMercado_Match_Odds,IDMercado_Over/Under_25_Goals,IDMercado_Both_teams_to_Score,IDMercado_Correct_Score,Odd_Under05_HT_Back,Odd_Under05_HT_Lay,Odd_Over05_HT_Back,Odd_Over05_HT_Lay,Odd_Under05_FT_Back,Odd_Under05_FT_Lay,Odd_Over05_FT_Back,Odd_Over05_FT_Lay,Odd_Under15_FT_Back,Odd_Under15_FT_Lay,Odd_Over15_FT_Back,Odd_Over15_FT_Lay,Double_Chance_Home_or_Draw_Back,Double_Chance_Home_or_Draw_Lay,Double_Chance_Draw_or_Away_Back,Double_Chance_Draw_or_Away_Lay,Double_Chance_Home_or_Away_Back,Double_Chance_Home_or_Away_Lay,IDMercado_Double_Chance,IDMercado_First_Half_Goals_05,IDMercado_Over/Under_05_Goals,IDMercado_Over/Under_15_Goals
Mexican Liga MX,2026-08-30,00:10:00,Santos Laguna,Tigres,4.5,4.8,1.82,1.86,4.0,4.3,2.28,2.34,1.75,1.79,1.72,1.77,2.3,2.4,17.5,20.0,9.6,11.0,11.0,13.0,17.5,22.0,16.5,20.0,8.4,9.8,9.2,10.5,16.0,19.0,30.0,38.0,16.0,19.0,15.5,18.0,24.0,30.0,75.0,1000.0,42.0,55.0,42.0,55.0,65.0,85.0,38.0,48.0,8.8,9.8,11.5,1000.0,35970042,328957.0,328916.0,58805.0,1.261397429,1.261397432,1.261397476,1.261397477,3.75,3.9,1.35,1.37,17.5,19.5,1.05,1.06,4.8,5.0,1.25,1.27,2.16,2.22,1.26,1.29,1.3,1.33,1.261397478,1.261397439,1.261397430,1.261397431
Hong Kong Premier League,2026-08-30,05:00:00,Wofoo Tai Po,Eastern AA,2.04,2.3,3.0,3.6,3.85,4.8,2.68,3.1,1.48,1.6,1.48,1.7,2.42,3.45,1.01,1000.0,1.01,1000.0,1.01,1000.0,1.01,1000.0,1.01,1000.0,1.01,1000.0,1.01,1000.0,1.01,1000.0,1.01,1000.0,1.01,1000.0,1.01,1000.0,1.01,1000.0,1.01,1000.0,1.01,1000.0,1.01,1000.0,1.01,1000.0,1.01,1000.0,1.01,1000.0,1.01,1000.0,35989027,5204518.0,9253857.0,58805.0,1.261608076,1.261608121,1.261608160,1.261608085,3.7,5.6,1.21,1.37,5.9,110.0,1.02,1.09,5.9,7.4,1.16,1.21,1.38,1.5,1.76,1.97,1.26,1.36,1.261608077,1.261608079,1.261608080,1.261608124
Romanian Liga II,2026-08-30,05:00:00,Politehnica Timisoara,ASA Targu Mures,1.54,1.64,6.8,8.2,3.85,4.4,1.78,1.97,2.04,2.28,2.06,2.32,1.76,1.93,10.0,16.0,14.0,24.0,1.03,65.0,1.03,320.0,5.6,7.4,7.0,11.0,18.0,32.0,1.03,160.0,7.0,10.5,7.4,12.0,17.0,29.0,1.03,130.0,11.5,17.0,13.5,22.0,1.03,50.0,1.03,190.0,8.2,13.0,100.0,250.0,1.03,1000.0,35973190,5964785.0,26496369.0,58805.0,1.261433797,1.261433842,1.261433881,1.261433806,2.9,3.4,1.42,1.53,11.0,15.5,1.07,1.1,3.35,3.95,1.33,1.43,1.13,1.18,2.56,2.86,1.29,1.36,1.261433798,1.261433800,1.261433801,1.261433845
Japanese J League 3,2026-08-30,06:00:00,Nagano Parceiro,Thespakusatsu Gunma,2.56,3.1,2.52,3.1,3.25,4.8,1.82,2.06,1.94,2.22,1.11,1000.0,1.11,1000.0,1.01,1000.0,1.01,1000.0,1.01,1000.0,1.01,1000.0,1.01,1000.0,1.01,1000.0,1.01,1000.0,1.01,1000.0,1.01,1000.0,1.01,1000.0,1.01,1000.0,1.01,1000.0,1.01,1000.0,1.01,1000.0,1.01,1000.0,1.01,1000.0,1.01,1000.0,1.01,1000.0,1.01,1000.0,35989626,6641607.0,7078090.0,58805.0,1.261612659,1.261612669,1.261612658,1.261612668,2.6,4.2,1.32,1.62,1.15,110.0,1.01,1.13,3.15,990.0,1.02,1.4,1.47,1.66,1.48,1.65,1.26,1.45,1.261612650,1.261612662,1.261612663,1.261612673
Japanese J League 3,2026-08-30,06:00:00,Kitakyushu,Matsumoto,2.52,3.1,2.48,3.05,3.25,5.1,1.75,2.02,1.99,2.32,1.11,1000.0,1.11,1000.0,1.01,1000.0,1.01,1000.0,1.01,1000.0,1.01,1000.0,1.01,1000.0,1.01,1000.0,1.01,1000.0,1.01,1000.0,1.01,1000.0,1.01,1000.0,1.01,1000.0,1.01,1000.0,1.01,1000.0,1.01,1000.0,1.01,1000.0,1.01,1000.0,1.01,1000.0,1.01,1000.0,1.01,1000.0,35989628,5026013.0,7081210.0,58805.0,1.261612549,1.261612559,1.261612548,1.261612558,2.5,3.95,1.33,1.66,1.15,110.0,1.01,1.14,3.4,100.0,1.02,1.42,1.5,1.68,1.47,1.66,1.25,1.45,1.261612540,1.261612552,1.261612553,1.261612563
Japanese J League 3,2026-08-30,06:30:00,Mio Biwako Shiga,Tottori,2.36,2.78,2.84,3.6,3.05,4.5,1.78,2.02,1.99,2.28,1.01,1000.0,1.01,1000.0,1.01,1000.0,1.01,1000.0,1.01,1000.0,1.01,1000.0,1.01,1000.0,1.01,1000.0,1.01,1000.0,1.01,1000.0,1.01,1000.0,1.01,1000.0,1.01,1000.0,1.01,1000.0,1.01,1000.0,1.01,1000.0,1.01,1000.0,1.01,1000.0,1.01,1000.0,1.01,1000.0,1.01,1000.0,35989627,10244329.0,5759566.0,58805.0,1.261612769,1.261612779,1.261612768,1.261612778,2.62,3.8,1.37,1.61,1.02,110.0,1.01,55.0,3.35,110.0,1.01,1.41,1.39,1.55,1.56,1.74,1.28,1.48,1.261612760,1.261612772,1.261612773,1.261612783
Ukrainian Premier League,2026-08-30,07:00:00,Chernomorets Odesa,Kryvbas Krivyi Rih,3.3,3.8,2.16,2.4,3.3,3.85,1.86,2.08,1.94,2.16,1.67,2.04,2.08,2.32,10.5,16.0,7.6,11.5,11.0,17.0,14.0,34.0,11.5,14.0,6.8,8.4,9.6,13.0,14.0,28.0,21.0,30.0,12.5,17.5,13.5,21.0,14.0,46.0,21.0,80.0,17.0,50.0,17.0,60.0,1.83,110.0,32.0,50.0,14.0,21.0,85.0,1000.0,35956167,7430526.0,15868899.0,58805.0,1.261284209,1.261284219,1.261284208,1.261284218,2.78,3.5,1.36,1.51,10.5,15.5,1.07,1.1,3.5,4.5,1.29,1.4,1.71,1.87,1.35,1.44,1.35,1.44,1.261284200,1.261284212,1.261284213,1.261284223
Japanese J League 3,2026-08-30,07:00:00,Kanazawa,Ehime,2.76,3.45,2.34,2.8,3.2,4.8,1.89,2.16,1.87,2.12,1.01,1000.0,1.01,1000.0,1.01,1000.0,1.01,1000.0,1.01,1000.0,1.01,1000.0,1.01,1000.0,1.01,1000.0,1.01,1000.0,1.01,1000.0,1.01,1000.0,1.01,1000.0,1.01,1000.0,1.01,1000.0,1.01,1000.0,1.01,1000.0,1.01,1000.0,1.01,1000.0,1.01,1000.0,1.01,1000.0,1.01,1000.0,35989620,9280258.0,3455675.0,58805.0,1.261613099,1.261613109,1.261613098,1.261613108,2.66,4.3,1.3,1.61,1.02,110.0,1.01,1.34,3.6,110.0,1.01,1.38,1.55,1.75,1.4,1.57,1.26,1.46,1.261613090,1.261613102,1.261613103,1.261613113
Japanese J League 3,2026-08-30,07:00:00,Renofa Yamaguchi,FC Osaka,2.46,2.74,2.86,3.25,3.35,3.75,1.88,2.06,1.95,2.14,1.65,2.02,1.99,2.52,1.01,1000.0,1.01,1000.0,1.01,1000.0,1.01,1000.0,1.01,1000.0,1.01,1000.0,1.01,1000.0,1.01,1000.0,1.01,1000.0,1.01,1000.0,1.01,1000.0,1.01,1000.0,1.01,1000.0,1.01,1000.0,1.01,1000.0,1.01,1000.0,1.01,1000.0,1.01,1000.0,1.01,1000.0,35989629,4233875.0,9301693.0,58805.0,1.261612989,1.261612999,1.261612988,1.261612998,1.01,4.1,1.01,1.63,10.5,15.5,1.07,1.1,3.55,4.1,1.32,1.39,1.45,1.54,1.57,1.69,1.36,1.43,1.261612980,1.261612992,1.261612993,1.261613003
Japanese J League 3,2026-08-30,07:00:00,Kochi United,Kumamoto,2.46,2.84,2.92,3.4,3.05,3.6,1.7,1.88,2.12,2.42,1.75,2.16,1.96,2.22,8.8,13.5,9.0,12.5,15.5,24.0,40.0,65.0,8.0,11.0,6.4,7.8,10.5,14.5,30.0,46.0,12.5,19.5,9.4,14.5,14.0,22.0,40.0,65.0,30.0,48.0,24.0,34.0,36.0,60.0,85.0,140.0,23.0,32.0,30.0,48.0,95.0,1000.0,35989630,26982171.0,5021204.0,58805.0,1.261612879,1.261612889,1.261612878,1.261612888,2.74,3.2,1.45,1.58,8.8,12.5,1.09,1.12,3.05,3.6,1.38,1.49,1.41,1.53,1.54,1.69,1.38,1.49,1.261612870,1.261612882,1.261612883,1.261612893
Dutch Eerste Divisie,2026-08-30,07:15:00,FC Eindhoven,Heracles,4.5,5.6,1.69,1.79,4.4,5.4,2.5,3.55,1.39,1.67,1.41,1.77,2.28,3.45,1.01,1000.0,1.01,1000.0,1.01,1000.0,1.01,1000.0,1.01,1000.0,1.01,1000.0,1.01,1000.0,1.01,1000.0,1.01,1000.0,1.01,1000.0,1.01,1000.0,1.01,1000.0,1.01,1000.0,1.01,1000.0,1.01,1000.0,1.01,1000.0,1.01,1000.0,1.01,1000.0,1.01,1000.0,35979520,503439.0,419132.0,58805.0,1.261503964,1.261503967,1.261504011,1.261504012,1.01,1000.0,1.01,1000.0,1.02,110.0,1.02,1.08,2.5,110.0,1.14,1.65,2.26,2.46,1.22,1.29,1.23,1.3,1.261504013,1.261503974,1.261503965,1.261503966
Dutch Eredivisie,2026-08-30,07:15:00,FC Utrecht,PSV,4.8,5.1,1.67,1.68,4.9,5.1,3.5,3.7,1.38,1.4,1.48,1.52,2.96,3.05,34.0,44.0,16.5,18.5,15.0,17.0,17.0,19.0,30.0,38.0,12.0,13.5,10.0,11.0,13.5,14.5,46.0,55.0,18.5,19.5,14.5,15.0,18.5,21.0,18.5,120.0,40.0,44.0,34.0,38.0,42.0,48.0,23.0,26.0,4.8,5.1,19.0,300.0,35974232,50349.0,48451.0,58805.0,1.261445874,1.261445877,1.261445921,1.261445922,4.7,6.6,1.18,1.27,27.0,55.0,1.02,1.03,8.6,9.4,1.12,1.13,2.44,2.52,1.25,1.26,1.24,1.26,1.261445923,1.261445884,1.261445875,1.261445876
Polish I Liga,2026-08-30,07:30:00,Miedz Legnica,Warta Poznan,1.96,2.14,3.6,5.2,3.35,4.8,2.06,2.82,1.55,1.93,1.49,1.87,2.16,110.0,1.01,1000.0,1.01,1000.0,1.01,1000.0,1.01,1000.0,1.01,1000.0,1.01,1000.0,1.01,1000.0,1.01,1000.0,1.01,1000.0,1.01,1000.0,1.01,1000.0,1.01,1000.0,1.01,1000.0,1.01,1000.0,1.01,1000.0,1.01,1000.0,1.01,1000.0,1.01,1000.0,1.01,1000.0,35974242,4935893.0,3348521.0,58805.0,1.261446033,1.261446036,1.261446080,1.261446081,1.01,1000.0,1.01,1000.0,2.42,110.0,1.01,1.7,2.42,5.9,1.2,1.7,1.24,1.39,1.87,2.06,1.26,1.43,1.261446082,1.261446043,1.261446034,1.261446035
Hong Kong Premier League,2026-08-30,07:30:00,Hong Kong Rangers FC,Eastern District SA,3.45,3.95,2.04,2.22,3.65,4.0,2.12,2.34,1.74,1.9,1.65,1.8,2.26,2.52,1.01,1000.0,1.01,1000.0,1.01,1000.0,1.01,1000.0,1.01,1000.0,1.01,1000.0,1.01,1000.0,1.01,1000.0,1.01,1000.0,1.01,1000.0,1.01,1000.0,1.01,1000.0,1.01,1000.0,1.01,1000.0,1.01,1000.0,1.01,1000.0,1.01,1000.0,1.01,1000.0,1.01,1000.0,35989029,6620679.0,11708329.0,58805.0,1.261607965,1.261607968,1.261608012,1.261608013,1.01,1000.0,1.01,1000.0,13.5,19.0,1.05,1.08,4.2,5.4,1.24,1.31,1.81,1.96,1.34,1.41,1.33,1.38,1.261608014,1.261607975,1.261607966,1.261607967
Chinese League 1,2026-08-30,08:00:00,Dalian Kun City FC,Nantong Zhiyun F.C,3.75,5.0,1.98,2.22,3.2,4.4,1.73,1.97,2.02,2.38,1.01,1000.0,1.01,2.16,1.01,1000.0,1.96,1000.0,1.96,26.0,1.01,1000.0,1.96,1000.0,1.01,13.0,1.03,26.0,1.96,1000.0,15.5,1000.0,1.03,1000.0,1.04,1000.0,18.0,1000.0,1.96,1000.0,24.0,1000.0,24.0,1000.0,1.96,1000.0,1.01,1000.0,1.01,1000.0,1.01,1000.0,35992862,68280380.0,13107045.0,58805.0,1.261660010,1.261660020,1.261660009,1.261660019,1.01,1000.0,1.35,1.67,3.25,110.0,1.08,1.45,3.25,3.8,1.36,1.45,1.81,2.02,1.25,1.37,1.29,1.46,1.261660001,1.261660013,1.261660014,1.261660024
Danish 1st Division,2026-08-30,08:00:00,Hvidovre,Fredericia,3.05,3.5,2.16,2.46,3.75,4.2,2.08,2.8,1.55,1.93,1.47,1.82,2.2,110.0,1.01,1000.0,1.01,1000.0,1.01,1000.0,1.01,1000.0,1.01,1000.0,1.01,1000.0,1.01,1000.0,1.01,1000.0,1.01,1000.0,1.01,1000.0,1.01,1000.0,1.01,1000.0,1.01,1000.0,1.01,1000.0,1.01,1000.0,1.01,1000.0,1.01,1000.0,1.01,1000.0,1.01,1000.0,35973541,151007.0,151003.0,58805.0,1.261441763,1.261441773,1.261441762,1.261441772,1.01,1000.0,1.01,1000.0,4.3,110.0,1.01,1.31,4.3,5.5,1.23,1.3,1.68,1.87,1.4,1.49,1.31,1.37,1.261441754,1.261441766,1.261441767,1.261441777
Scottish Premiership,2026-08-30,08:00:00,Aberdeen,Rangers,4.4,4.5,1.91,1.92,4.0,4.1,2.3,2.42,1.71,1.77,1.7,1.74,2.36,2.44,17.0,20.0,10.5,12.5,11.5,13.5,18.0,22.0,17.0,21.0,8.4,9.4,9.6,11.0,16.5,18.5,29.0,36.0,15.0,18.0,14.5,17.0,25.0,30.0,70.0,90.0,38.0,48.0,40.0,50.0,60.0,75.0,32.0,40.0,9.0,10.0,11.5,1000.0,35979302,1189.0,52458346.0,58805.0,1.261501218,1.261501202,1.261501217,1.261501227,3.0,110.0,1.01,1.49,17.0,21.0,1.05,1.07,4.8,5.2,1.24,1.27,2.08,2.1,1.29,1.3,1.33,1.34,1.261501220,1.261501222,1.261501223,1.261501205
Danish 1st Division,2026-08-30,08:00:00,Hillerod Fodbold,Hobro,2.58,2.76,2.7,2.88,3.6,3.85,2.1,2.32,1.76,1.9,1.64,1.74,2.34,2.58,13.5,21.0,10.0,15.5,15.0,23.0,30.0,48.0,10.0,15.5,7.8,8.8,11.0,14.5,20.0,36.0,14.5,23.0,11.0,14.5,12.0,16.0,27.0,44.0,29.0,46.0,24.0,34.0,26.0,44.0,50.0,90.0,15.0,23.0,15.5,24.0,95.0,1000.0,35973540,12820384.0,1212772.0,58805.0,1.261441931,1.261441962,1.261441923,1.261441958,3.45,4.3,1.3,1.41,13.5,21.0,1.05,1.07,4.3,4.9,1.26,1.3,1.53,1.59,1.56,1.64,1.35,1.39,1.261441864,1.261441946,1.261441948,1.261441972
Swedish Division 1,2026-08-30,08:00:00,Enkopings SK,FC Stockholm Internazionale,5.1,110.0,1.5,1.72,2.5,7.2,2.04,2.4,1.71,1.96,1.01,1000.0,1.01,1000.0,1.01,1000.0,1.01,1000.0,1.01,1000.0,1.01,1000.0,1.01,1000.0,1.01,1000.0,1.01,1000.0,1.01,1000.0,1.01,1000.0,1.01,1000.0,1.01,1000.0,1.01,1000.0,1.01,1000.0,1.01,1000.0,1.01,1000.0,1.01,1000.0,1.01,1000.0,1.01,1000.0,1.01,1000.0,35989933,23620509.0,11322093.0,58805.0,1.261619351,1.261619361,1.261619350,1.261619360,2.78,4.6,1.28,1.56,3.45,110.0,1.01,1.41,3.45,110.0,1.01,1.41,2.38,3.0,1.02,1.24,1.17,1.67,1.261619342,1.261619354,1.261619355,1.261619365
Swedish Division 1,2026-08-30,08:00:00,FBK Karlstad,Pitea,1.6,1.8,4.6,7.0,3.35,6.4,2.26,2.76,1.57,1.79,1.01,1000.0,1.01,1000.0,1.01,1000.0,1.01,1000.0,1.01,1000.0,1.01,1000.0,1.01,1000.0,1.01,1000.0,1.01,1000.0,1.01,1000.0,1.01,1000.0,1.01,1000.0,1.01,1000.0,1.01,1000.0,1.01,1000.0,1.01,1000.0,1.01,1000.0,1.01,1000.0,1.01,25.0,1.01,1000.0,1.01,1000.0,35982952,10047341.0,14132171.0,58805.0,1.261630116,1.261630119,1.261630163,1.261630164,1.01,1000.0,1.01,1000.0,2.68,110.0,1.01,1.59,2.68,100.0,1.01,1.59,1.17,1.28,2.24,2.68,1.19,1.42,1.261630165,1.261630126,1.261630117,1.261630118
Chinese League 1,2026-08-30,08:00:00,Ningbo Professional,Meizhou Hakka,1.92,2.14,3.7,4.9,3.5,4.8,1.96,2.22,1.82,2.04,1.67,2.0,1.01,1000.0,1.01,1000.0,1.01,1000.0,1.01,1000.0,32.0,1000.0,1.01,1000.0,1.01,13.0,1.01,1000.0,22.0,1000.0,1.01,26.0,1.01,1000.0,1.01,1000.0,24.0,1000.0,1.01,1000.0,1.01,1000.0,19.5,1000.0,32.0,1000.0,1.01,1000.0,1.01,1000.0,1.01,1000.0,35992863,99530646.0,11079690.0,58805.0,1.261659899,1.261659909,1.261659898,1.261659908,2.76,4.0,1.39,1.49,3.55,110.0,1.01,1.39,3.55,110.0,1.01,1.39,1.26,1.37,1.87,2.1,1.26,1.4,1.261659890,1.261659902,1.261659903,1.261659913
Chinese League 1,2026-08-30,08:30:00,Guangdong GZ-Power FC,Changchun Yatai,1.46,1.6,5.2,110.0,1.09,220.0,2.34,2.94,1.51,1.75,1.01,1000.0,1.76,2.7,1.01,1000.0,1.01,1000.0,1.01,1000.0,1.01,140.0,1.01,1000.0,1.01,1000.0,1.01,1000.0,1.04,1000.0,1.01,1000.0,1.01,1000.0,1.01,1000.0,1.01,1000.0,1.01,1000.0,1.01,1000.0,1.01,1000.0,1.57,1000.0,1.01,1000.0,1.01,1000.0,1.01,1000.0,35992886,68321885.0,2899297.0,58805.0,1.261660120,1.261660130,1.261660119,1.261660129,1.01,1000.0,1.01,1000.0,1.02,110.0,1.01,1.06,5.0,6.8,1.18,1.23,1.1,1.24,2.68,3.55,1.16,110.0,1.261660111,1.261660123,1.261660124,1.261660134
Estonian Premier League,2026-08-30,08:30:00,Nomme Kalju,Fci Tallinn,6.2,7.6,1.52,1.63,4.2,5.0,2.1,2.36,1.73,1.91,1.85,2.06,1.94,2.18,13.5,23.0,7.6,9.4,8.2,10.5,12.0,17.5,20.0,25.0,8.8,11.0,8.6,10.5,13.5,19.5,1.01,80.0,21.0,27.0,18.5,23.0,16.0,36.0,1.91,240.0,1.01,120.0,1.01,110.0,1.01,140.0,80.0,140.0,5.9,8.2,1.01,1000.0,35978822,4007449.0,12562519.0,58805.0,1.261500213,1.261500223,1.261500212,1.261500222,1.01,1000.0,1.28,1.55,15.5,19.5,1.05,1.07,4.2,5.0,1.25,1.32,2.58,2.94,1.15,1.19,1.25,1.32,1.261500204,1.261500216,1.261500217,1.261500227
German Bundesliga 2,2026-08-30,08:30:00,St Pauli,Kaiserslautern,1.92,1.98,4.2,4.4,3.9,4.0,2.26,2.42,1.71,1.8,1.67,1.73,2.36,2.52,18.0,25.0,16.0,19.5,7.2,34.0,7.6,95.0,10.0,12.0,8.2,9.8,15.0,18.0,36.0,55.0,11.5,14.5,9.4,11.0,14.5,17.0,38.0,60.0,19.0,24.0,16.0,19.5,24.0,32.0,8.2,85.0,9.2,11.0,30.0,46.0,8.4,1000.0,35951848,44526.0,14075.0,58805.0,1.261241090,1.261241100,1.261241089,1.261241099,3.15,4.7,1.27,1.46,17.5,21.0,1.05,1.06,4.7,5.1,1.24,1.27,1.29,1.32,2.02,2.08,1.33,1.35,1.261241081,1.261241093,1.261241094,1.261241104
German Bundesliga 2,2026-08-30,08:30:00,FC Magdeburg,Holstein Kiel,2.26,2.34,3.05,3.25,3.9,4.1,2.54,2.66,1.6,1.65,1.55,1.61,2.64,2.82,21.0,28.0,15.5,21.0,4.9,29.0,5.3,60.0,13.0,17.0,8.6,11.5,12.5,16.5,5.0,36.0,15.5,18.0,10.0,13.5,13.0,17.5,5.1,40.0,5.0,36.0,18.5,25.0,24.0,34.0,5.4,65.0,10.5,13.5,17.0,23.0,5.3,440.0,35951845,516219.0,247830.0,58805.0,1.261241310,1.261241320,1.261241309,1.261241319,3.5,4.9,1.26,1.4,1.02,26.0,1.04,1.06,5.5,6.4,1.19,1.22,1.44,1.49,1.74,1.8,1.32,1.35,1.261241301,1.261241313,1.261241314,1.261241324
German Bundesliga 2,2026-08-30,08:30:00,SV Darmstadt,Hannover,3.3,3.5,2.12,2.22,4.0,4.1,2.48,2.74,1.58,1.66,1.55,1.63,2.6,2.82,21.0,30.0,12.0,17.5,14.5,17.5,4.9,34.0,16.0,23.0,8.6,10.0,9.8,12.0,16.5,23.0,4.8,29.0,12.5,18.0,13.5,18.5,4.9,34.0,5.2,60.0,5.0,40.0,5.0,38.0,5.3,70.0,16.0,26.0,9.4,12.5,5.6,470.0,35951846,993093.0,197307.0,58805.0,1.261241200,1.261241210,1.261241199,1.261241209,1.01,110.0,1.01,110.0,1.02,26.0,1.04,1.07,5.5,6.4,1.19,1.23,1.81,1.89,1.4,1.44,1.32,1.34,1.261241191,1.261241203,1.261241204,1.261241214
German 3 Liga,2026-08-30,08:30:00,Saarbrucken,Hansa Rostock,2.76,2.98,2.58,2.7,3.35,4.0,2.36,2.76,1.57,1.73,1.01,1000.0,1.01,1000.0,1.01,1000.0,1.01,1000.0,1.01,1000.0,1.01,1000.0,1.01,1000.0,1.01,1000.0,1.01,1000.0,1.01,1000.0,1.01,1000.0,1.01,1000.0,1.01,1000.0,1.01,1000.0,1.01,1000.0,1.01,1000.0,1.01,1000.0,1.01,1000.0,1.01,1000.0,1.01,1000.0,1.01,1000.0,35958415,110687.0,44524.0,58805.0,1.261306743,1.261306753,1.261306742,1.261306752,1.01,1000.0,1.01,1000.0,1.02,110.0,1.01,1.73,2.36,100.0,1.18,1.73,1.58,1.64,1.51,1.57,1.33,1.39,1.261306734,1.261306746,1.261306747,1.261306757
Swedish Division 1,2026-08-30,08:45:00,Umea FC,Vasalunds IF,2.1,2.74,2.32,3.45,3.6,10.5,2.18,3.2,1.45,1.85,1.01,1000.0,1.01,1000.0,1.01,1000.0,1.01,1000.0,1.01,1000.0,1.01,1000.0,1.01,1000.0,1.01,1000.0,1.01,1000.0,1.01,1000.0,1.01,1000.0,1.01,1000.0,1.01,1000.0,1.01,1000.0,1.01,1000.0,1.01,1000.0,1.01,1000.0,1.01,1000.0,1.01,1000.0,1.01,1000.0,1.01,1000.0,35989927,501184.0,2996873.0,58805.0,1.261619461,1.261619471,1.261619460,1.261619470,1.01,1000.0,1.01,1000.0,2.6,110.0,1.01,1.63,2.6,100.0,1.01,1.63,1.41,1.75,1.57,1.91,1.11,1.38,1.261619452,1.261619464,1.261619465,1.261619475
Danish Superliga,2026-08-30,09:00:00,Silkeborg,Midtjylland,6.0,7.0,1.5,1.54,5.0,5.4,2.72,2.92,1.52,1.59,1.68,1.77,2.3,2.48,22.0,36.0,11.0,15.0,10.0,12.0,13.0,18.0,5.4,80.0,10.5,12.0,9.4,11.0,12.5,18.0,19.5,150.0,21.0,32.0,17.0,50.0,5.3,70.0,6.2,190.0,6.0,75.0,5.9,75.0,6.0,90.0,6.0,80.0,4.8,6.4,6.6,1000.0,35965486,28216.0,28220.0,58805.0,1.261366118,1.261366121,1.261366165,1.261366166,1.01,1000.0,1.01,110.0,17.0,110.0,1.01,1.07,6.0,7.0,1.17,1.2,2.86,3.0,1.17,1.18,1.22,1.25,1.261366167,1.261366128,1.261366119,1.261366120
Swiss Super League,2026-08-30,09:00:00,Sion,Lugano,2.2,2.32,3.3,3.8,3.25,4.1,2.3,3.0,1.5,1.77,1.01,1000.0,1.01,3.4,1.01,1000.0,14.5,50.0,16.5,40.0,1.01,1000.0,11.0,1000.0,6.6,10.5,11.0,23.0,1.01,1000.0,11.0,29.0,8.6,17.0,1.01,23.0,1.01,1000.0,17.5,1000.0,14.0,1000.0,16.0,100.0,1.01,1000.0,1.01,1000.0,1.01,1000.0,1.01,1000.0,35974355,65785.0,65780.0,58805.0,1.261453314,1.261453324,1.261453313,1.261453323,1.01,1000.0,1.01,1.61,1.02,55.0,1.02,1.08,2.32,50.0,1.16,1.75,1.36,1.44,1.76,1.83,1.33,1.43,1.261453305,1.261453317,1.261453318,1.261453328
Danish Superliga,2026-08-30,09:00:00,Lyngby,OB,2.18,2.22,3.3,3.45,4.0,4.1,2.46,2.62,1.62,1.68,1.58,1.62,2.62,2.72,19.5,29.0,5.6,970.0,24.0,28.0,13.5,60.0,12.5,14.5,8.6,19.5,13.0,60.0,9.0,34.0,8.2,970.0,10.0,29.0,4.8,970.0,9.8,38.0,6.6,28.0,6.4,90.0,6.8,100.0,7.8,65.0,10.0,12.0,19.5,23.0,4.0,500.0,35965487,28218.0,113225.0,58805.0,1.261366010,1.261366013,1.261366057,1.261366058,1.01,1000.0,1.01,110.0,17.0,36.0,1.03,1.07,5.1,6.2,1.2,1.25,1.41,1.44,1.81,1.85,1.32,1.34,1.261366059,1.261366020,1.261366011,1.261366012
Swedish Allsvenskan,2026-08-30,09:00:00,AIK,Hammarby,5.1,5.5,1.68,1.7,4.4,4.7,2.56,2.68,1.6,1.64,1.68,1.72,2.4,2.48,17.5,25.0,11.0,12.5,11.0,12.5,15.5,17.5,23.0,27.0,9.6,11.0,9.6,10.5,13.5,16.0,40.0,75.0,18.0,21.0,15.5,18.0,23.0,27.0,40.0,140.0,50.0,60.0,46.0,310.0,34.0,80.0,38.0,220.0,6.4,6.8,16.5,620.0,35974597,168731.0,30679.0,58805.0,1.261453536,1.261453547,1.261453535,1.261453546,1.01,1000.0,1.01,110.0,15.0,55.0,1.04,1.08,5.6,6.0,1.2,1.22,2.42,2.5,1.22,1.24,1.27,1.29,1.261453526,1.261453539,1.261453540,1.261453552
Ukrainian Premier League,2026-08-30,09:30:00,LNZ-Lebedyn,Veres Rivne,1.33,1.41,14.0,18.0,4.4,5.7,1.62,1.84,2.18,2.62,2.84,3.55,1.39,1.61,8.6,13.0,25.0,32.0,120.0,190.0,1.24,1000.0,4.6,6.2,10.0,13.0,48.0,75.0,1.03,590.0,5.4,6.6,10.0,12.5,38.0,60.0,1.07,490.0,8.0,11.0,16.0,22.0,60.0,95.0,1.06,1000.0,7.4,10.5,85.0,1000.0,85.0,1000.0,35956153,19748479.0,10053070.0,58805.0,1.261284319,1.261284329,1.261284318,1.261284328,2.34,3.45,1.4,1.75,9.2,12.0,1.09,1.12,2.66,3.55,1.43,1.6,1.06,1.08,3.4,4.1,1.23,1.3,1.261284310,1.261284322,1.261284323,1.261284333
Dutch Eredivisie,2026-08-30,09:30:00,Willem II,Heerenveen,4.1,4.3,1.83,1.87,4.4,4.7,2.84,3.1,1.48,1.54,1.47,1.56,2.8,3.15,3.0,40.0,12.5,22.0,2.78,19.5,2.94,30.0,2.98,36.0,9.4,20.0,9.2,17.0,2.78,19.5,3.05,50.0,14.5,23.0,11.5,23.0,18.5,36.0,3.15,100.0,3.05,60.0,3.05,55.0,3.1,75.0,16.0,38.0,5.5,8.2,3.25,1000.0,35974786,48455.0,3630179.0,58805.0,1.261455858,1.261455861,1.261455905,1.261455906,1.01,110.0,1.01,1.5,5.7,55.0,1.02,1.18,5.7,7.8,1.15,1.18,2.14,2.22,1.3,1.33,1.28,1.3,1.261455907,1.261455868,1.261455859,1.261455860
Dutch Eredivisie,2026-08-30,09:30:00,Feyenoord,ADO Den Haag,1.18,1.2,17.0,19.0,9.4,9.8,4.1,4.3,1.3,1.32,1.9,1.99,2.02,2.12,10.0,65.0,10.5,90.0,11.5,210.0,12.0,1000.0,14.5,17.0,20.0,23.0,10.0,70.0,11.5,250.0,9.0,11.5,10.5,13.5,9.0,36.0,11.0,160.0,8.2,12.0,12.0,14.0,8.8,34.0,11.0,150.0,2.46,2.66,11.5,220.0,12.0,1000.0,35974792,55264.0,315069.0,58805.0,1.261455966,1.261455969,1.261456013,1.261456014,4.1,110.0,1.01,1.32,34.0,110.0,1.01,1.03,9.8,11.0,1.1,1.12,1.05,1.07,6.0,6.6,1.11,1.12,1.261456015,1.261455976,1.261455967,1.261455968
Norwegian Eliteserien,2026-08-30,09:30:00,Bodo Glimt,Rosenborg,1.38,1.41,7.6,8.2,6.0,6.6,3.45,3.75,1.37,1.4,1.64,1.7,2.44,2.58,26.0,48.0,25.0,44.0,12.5,90.0,13.0,870.0,14.0,16.0,14.0,16.0,19.5,30.0,34.0,100.0,11.0,13.0,10.5,12.0,18.5,21.0,30.0,70.0,12.0,16.0,12.0,13.5,20.0,28.0,32.0,80.0,3.55,3.8,46.0,65.0,13.5,470.0,35957196,373549.0,55224.0,58805.0,1.261294870,1.261294880,1.261294869,1.261294879,1.01,1000.0,1.01,110.0,22.0,110.0,1.01,1.05,8.2,9.2,1.12,1.14,1.13,1.16,3.4,3.6,1.18,1.2,1.261294861,1.261294873,1.261294874,1.261294884
Polish I Liga,2026-08-30,09:30:00,Arka Gdynia,Polonia Bytom,1.67,1.99,3.9,5.8,3.75,7.0,2.06,2.76,1.57,1.93,1.01,970.0,1.01,970.0,1.01,1000.0,1.01,1000.0,1.01,1000.0,1.01,1000.0,1.01,1000.0,1.01,1000.0,1.01,1000.0,1.01,1000.0,1.01,1000.0,1.01,1000.0,1.01,1000.0,1.01,1000.0,1.01,1000.0,1.01,1000.0,1.01,1000.0,1.01,1000.0,1.01,1000.0,1.01,1000.0,1.01,1000.0,35978489,1209553.0,2486928.0,58805.0,1.261492469,1.261492472,1.261492516,1.261492517,1.01,1000.0,1.01,1000.0,4.5,110.0,1.01,1.28,4.5,100.0,1.22,1.28,1.21,1.35,2.0,2.5,1.18,1.37,1.261492518,1.261492479,1.261492470,1.261492471
Polish Ekstraklasa,2026-08-30,09:45:00,Rakow Czestochowa,Jagiellonia Bialystock,2.14,2.34,3.3,3.8,3.4,4.8,2.08,2.5,1.66,1.93,1.55,1.91,2.1,2.8,1.01,1000.0,11.0,1000.0,16.5,38.0,1.01,1000.0,8.6,19.5,6.2,10.5,1.01,23.0,1.01,1000.0,11.0,23.0,7.8,17.0,11.5,55.0,1.01,1000.0,1.01,1000.0,13.5,60.0,1.01,1000.0,1.01,1000.0,1.01,1000.0,1.01,1000.0,1.01,1000.0,35974248,5876552.0,7391394.0,58805.0,1.261446124,1.261446127,1.261446171,1.261446172,2.9,4.5,1.28,1.53,11.0,55.0,1.04,1.1,2.22,5.3,1.23,1.81,1.36,1.44,1.74,1.88,1.32,1.42,1.261446173,1.261446134,1.261446125,1.261446126
English Premier League,2026-08-30,10:00:00,Chelsea,Brighton,1.88,1.89,4.4,4.5,4.0,4.1,2.32,2.34,1.74,1.75,1.69,1.73,2.38,2.44,19.0,20.0,17.5,18.5,32.0,34.0,75.0,90.0,10.5,11.0,8.6,9.0,16.0,17.0,44.0,48.0,11.5,12.0,9.4,9.6,16.0,16.5,46.0,50.0,19.5,21.0,16.0,16.5,27.0,28.0,70.0,75.0,9.8,10.5,40.0,48.0,55.0,600.0,35966635,55190.0,18567.0,58805.0,1.261374002,1.261373941,1.261374001,1.261374012,3.6,3.85,1.35,1.38,18.5,20.0,1.05,1.06,4.9,5.1,1.24,1.26,1.28,1.3,2.12,2.14,1.32,1.34,1.261374004,1.261374006,1.261374007,1.261373945
Swedish Superettan,2026-08-30,10:00:00,Varbergs BoIS,Oddevold,2.32,2.62,2.96,3.45,3.45,4.3,2.06,2.22,1.83,1.95,1.58,1.85,2.18,2.7,1.01,1000.0,1.01,1000.0,16.0,29.0,1.01,1000.0,1.01,1000.0,1.01,9.4,1.01,1000.0,1.01,1000.0,12.0,1000.0,8.8,1000.0,12.0,26.0,1.01,1000.0,1.01,1000.0,18.0,1000.0,25.0,1000.0,1.01,1000.0,1.01,1000.0,1.01,1000.0,1.01,1000.0,35984295,6225055.0,778918.0,58805.0,1.261552954,1.261552957,1.261553001,1.261553002,2.96,4.5,1.29,1.51,1.02,110.0,1.01,1.1,3.9,100.0,1.25,1.34,1.41,1.51,1.62,1.75,1.3,1.41,1.261553003,1.261552964,1.261552955,1.261552956
English Premier League,2026-08-30,10:00:00,Sunderland,Fulham,2.54,2.56,3.15,3.2,3.4,3.45,1.87,1.89,2.12,2.16,1.84,1.88,2.14,2.2,12.0,12.5,11.0,11.5,19.0,21.0,48.0,55.0,9.4,9.8,7.0,7.4,13.0,14.0,34.0,38.0,14.5,15.5,11.0,11.5,17.0,17.5,46.0,50.0,32.0,36.0,25.0,28.0,40.0,44.0,85.0,100.0,23.0,25.0,34.0,38.0,28.0,980.0,35971134,62783.0,56764.0,58805.0,1.261413056,1.261412995,1.261413055,1.261413074,3.05,3.2,1.46,1.49,11.5,12.5,1.08,1.09,3.55,3.7,1.37,1.39,1.45,1.47,1.64,1.65,1.4,1.42,1.261413058,1.261413062,1.261413064,1.261412999
Czech 1 Liga,2026-08-30,10:00:00,Slovan Liberec,Hradec Kralove,1.8,1.88,4.8,5.9,3.6,3.95,1.82,1.98,2.02,2.22,1.89,2.12,1.89,2.14,9.8,16.0,14.0,17.5,24.0,50.0,80.0,170.0,6.8,9.6,7.2,8.8,17.5,22.0,27.0,100.0,9.0,11.5,8.6,11.0,17.5,22.0,29.0,100.0,16.5,21.0,17.0,22.0,24.0,50.0,75.0,160.0,11.5,14.5,80.0,120.0,85.0,1000.0,35974336,10503.0,367579.0,58805.0,1.261446514,1.261446517,1.261446561,1.261446562,2.66,3.95,1.34,1.6,11.0,15.5,1.07,1.1,3.4,3.9,1.34,1.42,1.2,1.27,2.12,2.26,1.33,1.39,1.261446563,1.261446524,1.261446515,1.261446516
French Ligue 1,2026-08-30,10:00:00,Paris FC,Nice,2.12,2.16,4.0,4.1,3.45,3.5,1.87,1.9,2.12,2.14,1.88,1.91,2.1,2.14,11.0,12.5,12.5,14.0,25.0,29.0,70.0,80.0,8.4,9.0,7.2,7.8,14.5,16.0,27.0,55.0,12.0,13.0,9.8,10.5,16.5,18.5,50.0,60.0,24.0,26.0,21.0,24.0,36.0,42.0,40.0,110.0,16.5,18.5,48.0,60.0,20.0,1000.0,35974855,5168454.0,189829.0,58805.0,1.261457359,1.261457343,1.261457358,1.261457368,3.0,110.0,1.01,1.5,11.0,12.5,1.08,1.1,3.5,3.7,1.37,1.4,1.32,1.34,1.86,1.89,1.4,1.41,1.261457361,1.261457363,1.261457364,1.261457346
English Premier League,2026-08-30,10:00:00,Leeds,Brentford,2.72,2.74,2.84,2.88,3.5,3.55,1.97,1.99,2.0,2.04,1.76,1.81,2.24,2.32,13.5,14.5,11.0,12.0,17.5,18.5,42.0,46.0,10.5,11.5,7.2,7.6,11.5,12.5,28.0,30.0,17.0,17.5,11.5,12.0,15.5,16.5,36.0,42.0,38.0,40.0,26.0,28.0,36.0,40.0,55.0,85.0,23.0,25.0,26.0,28.0,26.0,990.0,35965448,48317.0,78864.0,58805.0,1.261365869,1.261365872,1.261365917,1.261365924,3.2,3.4,1.41,1.45,13.0,15.0,1.07,1.08,3.85,4.1,1.33,1.35,1.53,1.55,1.57,1.59,1.39,1.4,1.261365927,1.261365879,1.261365870,1.261365871
Romanian Liga I,2026-08-30,10:00:00,Farul Constanta,Botosani,1.92,2.08,3.95,4.5,3.55,4.1,1.98,2.2,1.83,2.04,1.75,1.9,2.12,2.34,13.0,16.5,13.0,16.5,19.5,34.0,6.4,100.0,8.4,11.5,7.4,9.8,14.0,17.5,6.0,55.0,11.0,13.5,9.0,12.5,15.0,19.0,6.2,60.0,20.0,28.0,17.5,22.0,5.8,36.0,6.4,110.0,10.5,14.5,6.0,55.0,6.8,1000.0,35967421,1556985.0,3465177.0,58805.0,1.261376522,1.261376532,1.261376521,1.261376531,3.1,3.65,1.37,1.48,12.0,16.5,1.06,1.09,3.8,4.4,1.29,1.36,1.28,1.34,1.92,2.1,1.33,1.4,1.261376513,1.261376525,1.261376526,1.261376536
Danish 1st Division,2026-08-30,10:00:00,Esbjerg,Vendsyssel FF,2.06,2.58,3.0,3.95,3.55,5.6,2.22,7.0,1.17,1.81,1.43,1.74,2.34,970.0,1.01,1000.0,1.01,1000.0,1.01,1000.0,1.01,1000.0,1.01,1000.0,1.01,1000.0,1.01,1000.0,1.01,1000.0,1.01,1000.0,1.01,1000.0,1.01,1000.0,1.01,1000.0,1.01,1000.0,1.01,1000.0,1.01,1000.0,1.01,1000.0,1.01,1000.0,1.01,1000.0,1.01,1000.0,35974378,113193.0,7431787.0,58805.0,1.261448840,1.261448850,1.261448839,1.261448849,1.01,1000.0,1.01,1000.0,1.02,110.0,1.01,1.24,2.22,7.0,1.17,1.37,1.3,1.51,1.63,1.95,1.21,1.4,1.261448831,1.261448843,1.261448844,1.261448854
Portuguese Segunda Liga,2026-08-30,10:00:00,AVS Futebol SAD,Feirense,2.36,2.6,3.25,3.6,3.25,3.65,1.61,1.74,2.34,2.64,1.8,2.38,1.73,2.24,7.4,12.5,8.8,11.0,16.5,28.0,48.0,85.0,6.2,10.0,6.2,7.8,11.0,18.0,40.0,60.0,11.0,18.5,8.8,14.5,17.5,26.0,46.0,80.0,27.0,46.0,23.0,40.0,44.0,65.0,100.0,180.0,23.0,40.0,42.0,75.0,1.01,1000.0,35958426,58252361.0,505957.0,58805.0,1.261308325,1.261308335,1.261308324,1.261308334,2.36,2.98,1.5,1.74,7.4,11.0,1.1,1.16,2.66,3.6,1.39,1.6,1.39,1.45,1.62,1.73,1.37,1.45,1.261308316,1.261308328,1.261308329,1.261308339
German Bundesliga,2026-08-30,10:30:00,Freiburg,Werder Bremen,1.98,2.0,4.1,4.3,3.85,3.95,2.2,2.24,1.8,1.82,1.72,1.77,2.3,2.4,15.5,17.0,16.0,17.0,28.0,32.0,34.0,80.0,10.0,11.0,8.0,8.6,15.0,17.0,40.0,46.0,11.5,13.0,9.6,10.5,15.5,17.0,44.0,50.0,21.0,23.0,17.5,19.5,28.0,32.0,34.0,1000.0,10.5,12.0,36.0,42.0,18.5,1000.0,35785196,44520.0,6555433.0,58805.0,1.259700401,1.259700385,1.259700400,1.259700410,3.6,3.75,1.36,1.39,16.0,17.5,1.06,1.07,4.5,4.8,1.26,1.29,1.31,1.33,2.0,2.04,1.34,1.36,1.259700403,1.259700405,1.259700406,1.259700388
Swedish Division 1,2026-08-30,11:00:00,Trelleborgs,Utsiktens,1.14,1.65,2.6,110.0,7.6,200.0,3.05,100.0,1.02,1.48,1.01,1000.0,1.01,1000.0,1.01,1000.0,1.01,1000.0,1.01,1000.0,1.01,1000.0,1.01,1000.0,1.01,1000.0,1.01,1000.0,1.01,1000.0,1.01,1000.0,1.01,1000.0,1.01,1000.0,1.01,1000.0,1.01,1000.0,1.01,1000.0,1.01,1000.0,1.01,1000.0,1.01,1000.0,1.01,1000.0,1.01,1000.0,35990401,767907.0,2382931.0,58805.0,1.261629775,1.261629820,1.261629859,1.261629784,1.01,1000.0,1.01,1000.0,3.05,1000.0,1.01,1.48,3.05,110.0,1.01,1.48,1.05,1.63,2.52,8.2,1.01,1.15,1.261629776,1.261629778,1.261629779,1.261629823
Swedish Division 1,2026-08-30,11:00:00,Laholms,Ariana FC,3.35,4.2,1.86,2.02,1.1,4.7,2.44,3.55,1.39,1.7,1.01,1000.0,1.01,1000.0,1.01,1000.0,1.01,1000.0,1.01,1000.0,1.01,1000.0,1.01,1000.0,1.01,1000.0,1.01,1000.0,1.01,1000.0,1.01,1000.0,1.01,1000.0,1.01,1000.0,1.01,1000.0,1.01,1000.0,1.01,1000.0,1.01,1000.0,1.01,1000.0,1.01,1000.0,1.01,1000.0,1.01,1000.0,35988737,502385.0,43917177.0,58805.0,1.261596720,1.261596765,1.261596804,1.261596729,1.01,1000.0,1.01,1000.0,2.44,110.0,1.01,1.7,2.44,100.0,1.01,1.7,1.98,2.18,1.32,1.42,1.27,1.36,1.261596721,1.261596723,1.261596724,1.261596768
Estonian Premier League,2026-08-30,11:00:00,Tallinna FC Flora,Paide Linnameeskond,2.66,2.72,2.56,2.62,4.0,4.2,2.54,2.8,1.56,1.65,1.52,1.6,2.68,2.94,21.0,26.0,13.5,16.5,17.0,21.0,32.0,38.0,15.0,18.5,8.4,10.0,10.5,12.5,21.0,24.0,20.0,23.0,11.5,13.0,13.0,15.0,24.0,29.0,34.0,42.0,22.0,25.0,26.0,30.0,44.0,55.0,12.0,15.5,11.0,14.0,85.0,410.0,35978784,10748720.0,5407316.0,58805.0,1.261498940,1.261498943,1.261498987,1.261498988,1.01,1000.0,1.01,1000.0,17.0,36.0,1.03,1.07,5.6,6.6,1.19,1.22,1.61,1.64,1.58,1.6,1.32,1.34,1.261498989,1.261498950,1.261498941,1.261498942
Scottish Premiership,2026-08-30,11:00:00,Dundee,Hibernian,3.15,3.3,2.42,2.44,3.55,3.65,2.04,2.22,1.82,1.95,1.7,1.79,2.26,2.44,11.5,19.5,8.6,14.0,13.5,17.0,24.0,38.0,10.0,14.0,7.4,8.2,10.0,14.0,18.5,30.0,16.5,27.0,10.0,14.0,14.0,26.0,6.2,44.0,6.2,65.0,24.0,42.0,6.0,55.0,6.4,920.0,21.0,36.0,12.5,21.0,6.8,1000.0,35979322,13133.0,9166.0,58805.0,1.261504607,1.261504617,1.261504606,1.261504616,3.0,110.0,1.01,1.49,11.0,16.0,1.06,1.08,4.0,4.5,1.29,1.34,1.69,1.71,1.44,1.47,1.37,1.4,1.261504598,1.261504610,1.261504611,1.261504621
Danish Superliga,2026-08-30,11:00:00,Randers,AGF,3.4,3.65,2.12,2.2,3.8,3.95,2.32,2.44,1.7,1.75,1.62,1.67,2.5,2.6,6.8,24.0,9.6,12.5,12.0,16.0,20.0,32.0,14.5,17.0,8.0,10.5,9.8,11.5,17.5,24.0,20.0,28.0,11.5,18.5,13.5,17.0,7.2,30.0,7.8,70.0,7.8,42.0,32.0,48.0,7.8,80.0,18.0,34.0,10.5,12.5,8.6,600.0,35966644,342868.0,28214.0,58805.0,1.261373503,1.261373506,1.261373550,1.261373551,1.01,110.0,1.01,110.0,17.5,21.0,1.05,1.06,4.9,5.3,1.23,1.26,1.84,1.9,1.37,1.39,1.33,1.36,1.261373552,1.261373513,1.261373504,1.261373505
Scottish Premiership,2026-08-30,11:00:00,St Mirren,Motherwell,2.68,2.78,2.84,2.92,3.45,3.5,1.89,1.99,2.0,2.14,1.76,1.85,2.18,2.3,11.5,13.5,10.0,14.0,14.0,24.0,4.9,60.0,9.4,13.5,6.6,7.8,9.4,15.5,4.6,36.0,16.0,22.0,10.5,15.0,14.5,21.0,4.8,55.0,4.8,50.0,4.6,38.0,4.8,55.0,5.0,120.0,18.5,32.0,21.0,36.0,5.3,1000.0,35979317,674748.0,10707.0,58805.0,1.261505041,1.261505051,1.261505040,1.261505050,1.01,110.0,1.01,110.0,11.0,14.5,1.07,1.1,3.6,3.95,1.33,1.39,1.52,1.54,1.56,1.6,1.4,1.41,1.261505032,1.261505044,1.261505045,1.261505055
Brazilian Serie A,2026-08-30,11:00:00,Athletico-PR,Fluminense,2.32,2.38,3.6,3.8,3.2,3.35,1.67,1.72,2.4,2.48,2.02,2.08,1.92,1.99,9.2,10.5,9.8,11.5,21.0,25.0,32.0,1000.0,7.4,8.2,6.4,7.2,14.0,16.0,36.0,60.0,12.0,13.5,10.5,12.5,18.5,22.0,34.0,75.0,20.0,36.0,21.0,30.0,29.0,55.0,12.0,1000.0,18.0,30.0,30.0,1000.0,12.5,1000.0,35953350,36860494.0,198133.0,58805.0,1.261252834,1.261252844,1.261252833,1.261252843,1.01,110.0,1.01,110.0,9.0,12.5,1.1,1.12,3.0,3.15,1.47,1.5,1.36,1.39,1.73,1.76,1.42,1.46,1.261252825,1.261252837,1.261252838,1.261252848
Lithuanian A Lyga,2026-08-30,11:00:00,FK Siauliai,FK Suduva,7.2,10.5,1.44,1.54,4.4,5.2,2.06,2.5,1.67,1.95,1.95,2.16,1.86,2.26,13.0,22.0,7.2,8.8,7.6,9.4,11.0,14.0,21.0,27.0,9.0,11.5,8.6,11.0,13.5,17.0,55.0,95.0,25.0,32.0,20.0,26.0,30.0,40.0,85.0,330.0,100.0,160.0,90.0,130.0,95.0,170.0,130.0,210.0,6.2,7.8,85.0,1000.0,35992578,23642514.0,198707.0,58805.0,1.261649260,1.261649263,1.261649307,1.261649308,1.01,1000.0,1.01,1000.0,12.5,19.0,1.05,1.08,4.0,5.5,1.22,1.33,2.84,3.3,1.11,1.16,1.23,1.3,1.261649309,1.261649270,1.261649261,1.261649262
German 3 Liga,2026-08-30,11:30:00,TSV Havelse,Waldhof Mannheim,3.7,4.3,1.84,1.97,4.2,4.9,2.74,3.35,1.43,1.57,1.01,1000.0,1.01,1000.0,1.01,1000.0,1.01,1000.0,1.01,1000.0,1.01,1000.0,1.01,1000.0,1.01,1000.0,1.01,1000.0,1.01,1000.0,1.01,1000.0,1.01,1000.0,1.01,1000.0,1.01,1000.0,1.01,1000.0,1.01,1000.0,1.01,1000.0,1.01,1000.0,1.01,1000.0,1.01,1000.0,1.01,1000.0,35958416,5340376.0,346909.0,58805.0,1.261306633,1.261306643,1.261306632,1.261306642,1.01,1000.0,1.01,1000.0,5.5,110.0,1.01,1.18,5.5,8.8,1.12,1.18,2.02,2.2,1.31,1.37,1.26,1.32,1.261306624,1.261306636,1.261306637,1.261306647
Hungarian NB I,2026-08-30,11:30:00,Kisvarda,Gyori,3.35,4.1,2.06,2.32,3.55,4.7,2.18,2.52,1.66,1.84,1.54,1.72,2.38,2.86,1.01,1000.0,1.01,1000.0,12.0,1000.0,1.01,1000.0,1.01,1000.0,1.01,9.4,8.8,1000.0,1.01,1000.0,1.01,1000.0,12.0,1000.0,12.5,1000.0,1.01,1000.0,30.0,1000.0,1.01,1000.0,1.01,1000.0,30.0,1000.0,1.01,1000.0,1.01,1000.0,1.01,1000.0,35978108,7670420.0,2017883.0,58805.0,1.261489704,1.261489714,1.261489703,1.261489713,1.01,1000.0,1.01,1000.0,1.02,110.0,1.01,1.28,2.8,95.0,1.27,1.56,1.75,1.94,1.33,1.43,1.27,1.4,1.261489695,1.261489707,1.261489708,1.261489718
Portuguese Primeira Liga,2026-08-30,11:30:00,CD Nacional Funchal,Club Football Estrela,2.48,2.56,3.2,3.35,3.35,3.4,1.84,1.92,2.08,2.2,1.78,1.87,2.16,2.28,11.0,16.0,10.5,12.5,19.5,23.0,48.0,70.0,9.0,12.5,6.8,7.8,12.0,17.0,34.0,40.0,14.0,16.5,10.5,14.5,15.5,18.0,42.0,55.0,30.0,36.0,24.0,34.0,36.0,44.0,9.8,110.0,21.0,24.0,32.0,40.0,7.0,1000.0,35977520,22012893.0,36362918.0,58805.0,1.261482968,1.261482971,1.261483015,1.261483016,1.01,110.0,1.01,110.0,9.8,12.5,1.08,1.1,3.5,3.65,1.38,1.4,1.42,1.45,1.64,1.68,1.41,1.43,1.261483017,1.261482978,1.261482969,1.261482970
Swiss Super League,2026-08-30,11:30:00,St Gallen,Thun,1.7,1.73,4.5,5.1,4.7,5.1,3.4,3.9,1.34,1.42,1.01,1.59,2.52,3.5,32.0,55.0,26.0,44.0,36.0,65.0,16.0,120.0,14.0,20.0,11.5,16.5,18.0,26.0,25.0,55.0,14.5,18.0,9.8,14.0,11.0,16.5,27.0,48.0,17.5,25.0,11.0,17.0,17.5,25.0,34.0,55.0,3.85,5.2,17.5,30.0,150.0,260.0,35974772,6392.0,176184.0,58805.0,1.261456262,1.261456272,1.261456261,1.261456271,1.01,1000.0,1.01,1.61,7.2,110.0,1.01,1.13,7.2,10.5,1.11,1.13,1.25,1.28,2.34,2.44,1.24,1.28,1.261456253,1.261456265,1.261456266,1.261456276
Swedish Allsvenskan,2026-08-30,11:30:00,IFK Goteborg,Orgryte,1.6,1.68,5.3,6.0,4.5,5.0,2.72,2.86,1.54,1.58,1.66,1.75,2.34,2.5,6.2,28.0,6.2,28.0,7.0,60.0,7.6,150.0,10.5,13.0,10.0,11.5,18.5,25.0,7.2,75.0,10.5,12.5,9.2,10.5,16.0,22.0,7.2,70.0,14.5,17.5,13.5,19.0,6.2,28.0,7.4,90.0,5.8,6.6,7.2,65.0,8.0,640.0,35974691,30689.0,30686.0,58805.0,1.261456152,1.261456162,1.261456151,1.261456161,1.01,1000.0,1.01,110.0,12.0,110.0,1.01,1.09,5.7,6.6,1.18,1.22,1.21,1.23,2.48,2.68,1.25,1.29,1.261456143,1.261456155,1.261456156,1.261456166
Swiss Super League,2026-08-30,11:30:00,FC Vaduz,Grasshoppers Zurich,2.12,2.26,3.2,3.45,4.0,4.4,2.62,2.88,1.53,1.62,1.48,1.61,2.7,1000.0,19.5,1000.0,17.0,20.0,20.0,28.0,38.0,1000.0,11.0,1000.0,7.6,10.5,13.0,1000.0,22.0,1000.0,15.5,18.0,8.6,1000.0,13.0,1000.0,24.0,1000.0,20.0,1000.0,17.5,1000.0,19.0,1000.0,38.0,1000.0,7.4,1000.0,14.0,1000.0,95.0,1000.0,35978853,46945.0,373489.0,58805.0,1.261499766,1.261499769,1.261499813,1.261499814,1.01,1000.0,1.01,1.61,16.0,55.0,1.04,1.07,5.5,7.4,1.16,1.23,1.41,1.46,1.79,1.9,1.29,1.34,1.261499815,1.261499776,1.261499767,1.261499768
Dutch Eerste Divisie,2026-08-30,11:45:00,VVV Venlo,Emmen,2.54,2.84,2.44,2.66,4.0,4.7,2.96,3.4,1.41,1.51,1.01,1000.0,2.58,3.45,1.01,1000.0,14.5,1000.0,15.0,28.0,24.0,44.0,14.5,1000.0,8.8,13.0,1.01,1000.0,15.0,1000.0,16.0,1000.0,11.0,1000.0,12.0,1000.0,17.0,1000.0,24.0,1000.0,16.0,1000.0,18.0,1000.0,24.0,1000.0,8.8,1000.0,7.8,1000.0,95.0,1000.0,35974769,13441259.0,419126.0,58805.0,1.261455116,1.261455119,1.261455163,1.261455164,1.01,1000.0,1.01,1000.0,6.8,110.0,1.02,1.06,6.4,8.2,1.14,1.18,1.6,1.7,1.54,1.65,1.27,1.34,1.261455165,1.261455126,1.261455117,1.261455118
Dutch Eredivisie,2026-08-30,11:45:00,SC Telstar,Ajax,5.8,6.2,1.55,1.57,5.1,5.2,3.1,3.3,1.44,1.48,1.58,1.62,2.62,2.74,29.0,34.0,13.5,15.0,12.0,13.5,15.0,17.0,30.0,34.0,11.5,13.0,9.6,10.5,13.0,14.0,48.0,60.0,21.0,24.0,16.0,17.5,20.0,23.0,15.5,170.0,50.0,60.0,44.0,55.0,50.0,60.0,29.0,42.0,4.7,5.1,16.0,390.0,35965511,11534958.0,52494689.0,58805.0,1.261366562,1.261366565,1.261366609,1.261366610,3.5,110.0,1.01,1.4,26.0,55.0,1.02,1.04,7.0,8.0,1.14,1.17,2.74,2.8,1.19,1.21,1.23,1.25,1.261366611,1.261366572,1.261366563,1.261366564
Spanish Segunda Division,2026-08-30,12:00:00,FC Andorra,Eibar,2.2,2.28,3.8,4.1,3.25,3.4,1.76,1.81,2.24,2.32,1.93,2.0,2.0,2.08,9.8,310.0,10.5,12.5,8.2,29.0,10.0,100.0,7.6,8.6,6.6,7.4,14.0,17.5,9.8,60.0,11.5,13.5,10.0,12.0,16.5,21.0,9.6,70.0,8.6,32.0,8.2,29.0,9.2,46.0,10.0,140.0,18.0,23.0,9.8,65.0,11.0,1000.0,35980198,46845986.0,247969.0,58805.0,1.261517395,1.261517398,1.261517442,1.261517443,1.01,110.0,1.01,110.0,10.0,11.0,1.1,1.11,3.25,3.5,1.41,1.44,1.33,1.36,1.78,1.84,1.41,1.44,1.261517444,1.261517405,1.261517396,1.261517397
Swedish Superettan,2026-08-30,12:00:00,Sandvikens IF,Osters,2.06,2.2,3.25,3.65,4.1,4.6,2.74,3.3,1.44,1.58,1.42,1.56,2.78,110.0,23.0,36.0,18.5,25.0,22.0,34.0,40.0,65.0,14.5,19.5,9.6,11.0,11.5,17.5,18.0,36.0,16.0,18.5,10.0,13.5,13.0,17.0,24.0,38.0,20.0,32.0,17.0,23.0,18.0,29.0,25.0,60.0,7.0,10.5,13.5,21.0,95.0,340.0,35978077,804922.0,780885.0,58805.0,1.261486359,1.261486369,1.261486358,1.261486368,1.01,1000.0,1.01,1000.0,1.02,110.0,1.01,1.06,2.74,8.8,1.13,1.2,1.38,1.45,1.83,1.94,1.28,1.33,1.261486350,1.261486362,1.261486363,1.261486373
Norwegian 1st Division,2026-08-30,12:00:00,Kongsvinger,Lyn,1.56,1.64,4.6,5.3,5.3,6.2,4.4,24.0,1.04,1.29,1.01,1000.0,1.01,46.0,1.01,1000.0,1.01,1000.0,1.01,1000.0,1.01,1000.0,1.01,1000.0,1.01,1000.0,1.01,1000.0,1.01,1000.0,1.01,1000.0,1.01,1000.0,1.01,1000.0,1.01,1000.0,1.01,1000.0,1.01,1000.0,1.01,1000.0,1.01,1000.0,1.01,1000.0,1.01,1000.0,1.01,1000.0,35988148,774892.0,31318.0,58805.0,1.261590793,1.261590796,1.261590840,1.261590841,1.01,1000.0,1.01,1000.0,1.02,110.0,1.01,1.04,4.4,26.0,1.04,1.09,1.23,1.27,2.56,2.8,1.19,1.24,1.261590842,1.261590803,1.261590794,1.261590795
Norwegian 1st Division,2026-08-30,12:00:00,Ranheim IL,Odds BK,2.52,2.88,2.4,3.05,3.7,5.4,3.7,4.8,1.26,1.37,1.01,1.4,1.01,5.3,1.01,1000.0,17.0,60.0,16.5,44.0,21.0,1000.0,1.01,75.0,7.8,19.5,9.4,19.5,12.5,1000.0,17.5,46.0,9.4,23.0,9.4,40.0,12.5,1000.0,22.0,1000.0,12.5,90.0,12.0,1000.0,16.5,1000.0,1.01,1000.0,1.01,1000.0,1.01,1000.0,35988151,22623366.0,10833201.0,58805.0,1.261591117,1.261591120,1.261591164,1.261591165,1.01,1000.0,1.01,1000.0,1.02,85.0,1.01,1.12,3.7,21.0,1.05,1.12,1.55,1.72,1.53,1.66,1.22,1.38,1.261591166,1.261591127,1.261591118,1.261591119
Norwegian 1st Division,2026-08-30,12:00:00,Egersund,Asane,1.44,1.59,5.0,10.0,4.9,9.6,2.74,10.0,1.11,1.57,1.01,1000.0,2.42,3.2,1.01,1000.0,17.0,1000.0,25.0,1000.0,1.93,1000.0,1.01,1000.0,9.4,1000.0,13.5,1000.0,25.0,1000.0,8.6,1000.0,7.8,1000.0,1.01,1000.0,22.0,1000.0,1.01,1000.0,8.6,1000.0,13.0,1000.0,25.0,1000.0,1.01,1000.0,1.01,1000.0,1.01,1000.0,35988126,3876624.0,152573.0,58805.0,1.261590598,1.261590605,1.261590658,1.261590660,1.01,1000.0,1.01,1000.0,1.02,110.0,1.01,1.07,2.76,10.0,1.11,1.17,1.13,1.25,2.68,3.3,1.14,1.26,1.261590661,1.261590616,1.261590602,1.261590604
Slovakian Super League,2026-08-30,12:00:00,MFK Skalica,Dunajska Streda,4.3,5.5,1.77,1.97,3.75,5.0,2.0,2.12,1.89,2.0,1.01,1000.0,1.92,2.28,1.01,1000.0,1.01,1000.0,1.01,1000.0,1.01,1000.0,1.01,1000.0,1.01,1000.0,1.01,1000.0,1.01,1000.0,1.01,1000.0,1.01,1000.0,1.01,1000.0,1.01,1000.0,1.01,1000.0,1.01,1000.0,1.01,1000.0,1.01,1000.0,1.01,1000.0,1.01,1000.0,1.01,1000.0,35974760,12690369.0,3176495.0,58805.0,1.261455084,1.261455094,1.261455083,1.261455093,1.01,1000.0,1.01,1000.0,12.0,26.0,1.04,1.1,2.0,4.5,1.28,2.0,2.04,2.3,1.22,1.31,1.32,1.37,1.261455075,1.261455087,1.261455088,1.261455098
Norwegian 1st Division,2026-08-30,12:00:00,Moss,Strommen,2.12,2.28,3.0,3.5,3.95,5.1,2.68,8.6,1.13,1.59,1.01,1000.0,2.78,3.4,1.01,1000.0,14.5,1000.0,1.01,40.0,1.01,1000.0,16.0,1000.0,8.8,13.0,12.0,1000.0,1.01,1000.0,1.01,26.0,1.01,1000.0,1.01,1000.0,1.01,1000.0,1.01,1000.0,16.0,1000.0,1.01,1000.0,24.0,1000.0,1.01,1000.0,1.01,1000.0,1.01,1000.0,35988155,401947.0,1146634.0,58805.0,1.261590901,1.261590904,1.261590948,1.261590949,2.2,1000.0,1.01,1.83,1.02,110.0,1.02,1.18,2.68,8.6,1.13,1.18,1.4,1.49,1.78,1.9,1.24,1.34,1.261590950,1.261590911,1.261590902,1.261590903
Norwegian 1st Division,2026-08-30,12:00:00,Raufoss,Sandnes Ulf,2.44,2.76,2.62,2.92,3.8,4.8,2.36,2.72,1.58,1.73,1.41,1.71,2.4,110.0,18.5,29.0,12.5,19.5,16.5,26.0,30.0,46.0,12.0,18.5,7.6,10.5,10.0,15.0,19.5,30.0,15.5,24.0,9.6,14.5,11.0,17.0,23.0,36.0,27.0,42.0,18.0,28.0,22.0,34.0,40.0,65.0,10.5,16.0,12.0,18.0,270.0,430.0,35987610,152564.0,778909.0,58805.0,1.261586680,1.261586683,1.261586727,1.261586728,1.01,1000.0,1.01,1000.0,2.38,55.0,1.02,1.73,2.38,7.2,1.16,1.73,1.53,1.62,1.57,1.68,1.32,1.36,1.261586729,1.261586690,1.261586681,1.261586682
Ukrainian Premier League,2026-08-30,12:00:00,Zorya,FC Kharkiv,3.3,3.65,2.3,2.48,3.3,3.55,1.74,1.85,2.16,2.34,1.76,2.18,1.85,2.32,8.8,13.0,6.8,9.2,11.0,16.5,1.21,38.0,9.2,14.0,6.4,7.8,8.8,13.5,21.0,30.0,20.0,27.0,11.5,15.5,16.5,22.0,38.0,55.0,50.0,80.0,36.0,55.0,50.0,70.0,1.04,140.0,44.0,60.0,20.0,29.0,95.0,1000.0,35956150,2017903.0,100224128.0,58805.0,1.261284430,1.261284440,1.261284429,1.261284439,1.01,3.65,1.01,1.71,9.8,12.0,1.09,1.12,3.1,3.5,1.4,1.46,1.67,1.74,1.41,1.43,1.39,1.44,1.261284421,1.261284433,1.261284434,1.261284444
Spanish La Liga,2026-08-30,12:00:00,Real Madrid,Malaga,1.13,1.14,30.0,32.0,11.5,12.0,3.75,3.85,1.35,1.37,2.3,2.4,1.72,1.77,40.0,65.0,38.0,120.0,21.0,370.0,20.0,1000.0,12.5,13.5,23.0,27.0,40.0,110.0,20.0,1000.0,8.2,9.0,13.0,14.5,28.0,55.0,21.0,420.0,7.8,8.4,13.0,14.0,27.0,46.0,21.0,320.0,2.5,2.6,21.0,1000.0,23.0,1000.0,35974099,2426.0,13360.0,58805.0,1.261444262,1.261444200,1.261444261,1.261444272,5.4,5.8,1.21,1.23,36.0,55.0,1.02,1.03,9.0,9.8,1.11,1.13,1.03,1.04,8.2,8.8,1.09,1.1,1.261444264,1.261444266,1.261444267,1.261444205
Norwegian 1st Division,2026-08-30,12:00:00,Hodd,Stabaek,4.9,10.0,1.5,1.63,4.3,7.8,3.0,8.4,1.13,1.49,1.46,1.65,2.52,110.0,1.01,1000.0,1.01,1000.0,1.01,1000.0,1.01,1000.0,1.01,1000.0,1.01,1000.0,1.01,1000.0,1.01,1000.0,1.01,1000.0,1.01,1000.0,1.01,1000.0,1.01,1000.0,1.01,1000.0,1.01,1000.0,1.01,1000.0,1.01,1000.0,1.01,1000.0,1.01,1000.0,1.01,1000.0,35988152,44824.0,50045.0,58805.0,1.261591009,1.261591012,1.261591056,1.261591057,4.4,6.4,1.19,1.3,7.2,110.0,1.02,1.07,6.0,11.0,1.1,1.15,2.58,3.0,1.11,1.26,1.15,1.31,1.261591058,1.261591019,1.261591010,1.261591011
Norwegian Eliteserien,2026-08-30,12:00:00,Valerenga,Molde,2.8,2.96,2.3,2.4,4.0,4.9,3.5,13.5,1.08,1.4,1.01,1000.0,1.01,3.95,1.02,1000.0,1.02,1000.0,1.02,1000.0,1.02,1000.0,19.5,1000.0,1.02,1000.0,1.02,1000.0,1.02,1000.0,1.02,1000.0,1.02,1000.0,1.02,1000.0,1.02,1000.0,1.02,1000.0,1.02,1000.0,1.02,1000.0,24.0,50.0,1.02,1000.0,1.02,1000.0,1.02,300.0,35957222,132563.0,31321.0,58805.0,1.261702160,1.261702163,1.261702207,1.261702208,1.01,1000.0,1.01,110.0,1.02,110.0,1.01,1.14,3.5,13.5,1.08,1.14,1.71,1.77,1.51,1.56,1.27,1.33,1.261702209,1.261702170,1.261702161,1.261702162
Czech 1 Liga,2026-08-30,12:00:00,Plzen,Slovacko,1.25,1.4,8.0,110.0,5.1,9.8,2.4,3.3,1.43,1.71,1.75,970.0,1.01,1000.0,1.01,1000.0,1.01,1000.0,34.0,1000.0,2.64,1000.0,7.8,1000.0,9.4,1000.0,1.01,1000.0,1.01,1000.0,6.2,11.5,7.8,1000.0,1.01,1000.0,1.01,1000.0,7.2,1000.0,8.6,1000.0,1.01,1000.0,38.0,1000.0,1.01,1000.0,1.01,1000.0,1.01,1000.0,35974675,52613879.0,1533861.0,58805.0,1.261455522,1.261455532,1.261455521,1.261455531,1.01,1000.0,1.01,1000.0,4.7,110.0,1.02,1.07,4.7,8.2,1.14,1.27,1.06,1.15,3.5,5.0,1.11,1.25,1.261455513,1.261455525,1.261455526,1.261455536
Norwegian 1st Division,2026-08-30,12:00:00,Bryne,Haugesund,2.72,3.1,2.24,2.48,4.1,4.7,2.96,3.4,1.42,1.51,1.43,1.53,2.92,3.35,26.0,40.0,16.5,21.0,18.5,23.0,27.0,34.0,18.5,23.0,9.8,12.0,10.5,13.5,18.0,25.0,22.0,28.0,12.0,15.0,12.0,15.0,21.0,26.0,36.0,50.0,21.0,27.0,23.0,29.0,36.0,50.0,11.0,13.5,8.2,10.5,190.0,270.0,35988166,7033.0,152566.0,58805.0,1.261591225,1.261591228,1.261591272,1.261591273,4.1,5.8,1.21,1.33,6.8,110.0,1.01,1.08,6.8,8.4,1.13,1.18,1.68,1.8,1.48,1.56,1.27,1.33,1.261591274,1.261591235,1.261591226,1.261591227
Serbian First League,2026-08-30,12:00:00,FK Vrsac,FK Borac Cacak,1.02,1000.0,1.02,1000.0,1.02,1000.0,1.07,110.0,1.47,21.0,1.01,1000.0,1.01,1000.0,1.01,1000.0,1.01,1000.0,1.01,1000.0,1.01,1000.0,1.01,1000.0,1.01,1000.0,1.01,1000.0,1.01,1000.0,1.01,1000.0,1.01,1000.0,1.01,1000.0,1.01,1000.0,1.01,1000.0,1.01,1000.0,1.01,1000.0,1.01,1000.0,1.01,1000.0,1.01,1000.0,1.01,1000.0,35998385,13082362.0,25790477.0,58805.0,1.261699516,1.261699577,1.261699625,1.261699532,1.01,1000.0,1.01,1000.0,1.07,1000.0,1.01,110.0,1.07,110.0,1.01,55.0,1.01,110.0,1.01,110.0,1.01,110.0,1.261699519,1.261699523,1.261699524,1.261699582
Norwegian Eliteserien,2026-08-30,12:00:00,Start,Kfum Oslo,2.34,2.42,3.05,3.2,3.75,3.95,2.3,2.42,1.72,1.75,1.6,1.65,2.56,2.68,15.5,30.0,12.5,850.0,17.5,32.0,4.5,860.0,11.0,860.0,7.4,13.5,11.0,15.5,19.5,850.0,13.0,23.0,9.8,13.0,12.0,860.0,4.3,860.0,4.2,860.0,17.0,860.0,4.2,860.0,4.2,870.0,11.0,860.0,16.0,860.0,4.5,940.0,35957273,774893.0,14136987.0,58805.0,1.261298216,1.261298226,1.261298215,1.261298225,1.01,110.0,1.01,110.0,14.0,36.0,1.04,1.08,4.9,5.4,1.23,1.26,1.46,1.49,1.7,1.74,1.35,1.37,1.261298207,1.261298219,1.261298220,1.261298230
Irish Premier Division,2026-08-30,12:00:00,Derry City,Shamrock Rovers,2.66,2.96,2.68,2.98,3.35,4.0,1.8,2.0,2.0,2.26,1.01,1000.0,1.01,2.28,1.01,1000.0,1.01,1000.0,12.0,1000.0,1.01,1000.0,1.01,1000.0,1.01,8.6,1.01,1000.0,1.01,1000.0,12.0,1000.0,1.01,1000.0,16.0,26.0,1.01,1000.0,1.01,1000.0,1.01,1000.0,26.0,1000.0,1.01,1000.0,1.01,1000.0,1.01,1000.0,1.01,1000.0,35973469,298592.0,184325.0,58805.0,1.261434907,1.261434910,1.261434954,1.261434955,2.66,3.45,1.41,1.6,8.4,26.0,1.04,1.14,3.35,25.0,1.32,1.43,1.51,1.6,1.51,1.6,1.37,1.43,1.261434956,1.261434917,1.261434908,1.261434909
Norwegian Eliteserien,2026-08-30,12:00:00,Ham-Kam,Kristiansund,1.87,1.93,4.3,4.6,3.95,4.1,2.38,2.7,1.59,1.72,1.59,1.76,2.32,2.68,18.0,25.0,18.0,24.0,7.0,42.0,7.6,930.0,10.5,12.5,8.2,9.4,15.0,18.0,7.4,55.0,11.5,14.5,9.4,11.0,14.5,17.0,7.4,55.0,18.0,25.0,15.0,18.0,6.8,34.0,7.6,80.0,8.4,9.4,7.0,44.0,8.2,930.0,35957277,163203.0,2440424.0,58805.0,1.261298104,1.261298114,1.261298103,1.261298113,1.01,110.0,1.01,110.0,4.8,36.0,1.04,1.1,4.3,6.0,1.21,1.27,1.28,1.3,2.06,2.16,1.32,1.34,1.261298095,1.261298107,1.261298108,1.261298118
Norwegian Eliteserien,2026-08-30,12:00:00,Sandefjord,Brann,3.25,3.45,2.18,2.24,3.95,4.2,2.58,2.74,1.59,1.63,1.55,1.61,2.64,2.82,18.0,32.0,13.0,18.0,15.0,21.0,19.0,34.0,16.5,24.0,8.8,10.0,10.0,14.0,17.5,25.0,18.5,34.0,13.0,18.0,13.0,18.0,18.0,34.0,29.0,65.0,20.0,40.0,22.0,42.0,28.0,70.0,18.5,26.0,9.6,13.0,6.6,850.0,35957286,199646.0,31317.0,58805.0,1.261297884,1.261297894,1.261297883,1.261297893,1.01,1000.0,1.01,110.0,18.0,55.0,1.03,1.06,5.7,6.4,1.19,1.21,1.8,1.85,1.41,1.45,1.31,1.34,1.261297875,1.261297887,1.261297888,1.261297898
Norwegian Eliteserien,2026-08-30,12:00:00,Viking,Aalesunds,1.32,1.33,9.4,10.5,6.6,7.2,4.1,4.4,1.29,1.32,1.6,1.64,2.58,2.68,30.0,55.0,50.0,65.0,38.0,120.0,15.0,880.0,17.5,20.0,16.5,19.0,30.0,38.0,80.0,1000.0,12.0,14.0,10.5,12.0,19.5,23.0,60.0,75.0,12.5,14.0,11.5,13.0,20.0,24.0,55.0,70.0,2.94,3.2,32.0,60.0,14.5,880.0,35957274,168747.0,3038746.0,58805.0,1.261297774,1.261297784,1.261297773,1.261297783,5.9,6.4,1.19,1.21,34.0,110.0,1.01,1.02,10.5,11.5,1.1,1.11,1.11,1.12,4.0,4.3,1.16,1.18,1.261297765,1.261297777,1.261297778,1.261297788
Austrian Bundesliga,2026-08-30,12:00:00,Hartberg,SV Ried,2.92,2.98,2.56,2.66,3.55,3.7,1.87,2.04,1.97,2.16,1.73,110.0,1.01,2.36,1.01,1000.0,1.01,1000.0,1.01,19.0,1.01,1000.0,1.01,1000.0,1.01,8.6,1.01,1000.0,1.01,1000.0,1.01,26.0,1.01,1000.0,1.01,1000.0,25.0,1000.0,1.01,1000.0,1.01,1000.0,26.0,1000.0,1.01,1000.0,1.01,1000.0,1.01,1000.0,1.01,1000.0,35974327,345648.0,872714.0,58805.0,1.261446251,1.261446254,1.261446298,1.261446299,2.78,4.2,1.32,1.56,3.45,110.0,1.01,1.38,3.45,100.0,1.31,1.39,1.61,1.64,1.5,1.52,1.37,1.4,1.261446300,1.261446261,1.261446252,1.261446253
Austrian Bundesliga,2026-08-30,12:00:00,Rapid Vienna,Sturm Graz,2.26,2.42,3.0,3.2,3.9,4.3,2.38,2.56,1.64,1.73,1.59,1.67,2.48,2.7,16.0,27.0,14.5,20.0,20.0,24.0,28.0,48.0,12.0,14.0,8.4,9.6,12.0,14.0,17.5,30.0,10.5,17.5,10.0,12.0,13.5,15.5,21.0,36.0,18.5,32.0,19.5,32.0,17.5,30.0,36.0,65.0,11.5,13.5,18.5,21.0,85.0,560.0,35965548,65350.0,71085.0,58805.0,1.261367476,1.261367479,1.261367523,1.261367524,1.01,1000.0,1.01,1000.0,15.5,23.0,1.04,1.06,5.0,5.6,1.21,1.25,1.45,1.5,1.72,1.79,1.31,1.35,1.261367525,1.261367486,1.261367477,1.261367478
Slovakian Super League,2026-08-30,12:00:00,Slovan Bratislava,Zemplin,1.29,1.44,6.8,110.0,4.8,950.0,2.56,3.8,1.35,1.64,1.61,2.0,1.01,1000.0,1.01,1000.0,19.5,1000.0,1.01,1000.0,1.01,1000.0,9.4,23.0,9.2,19.5,17.5,44.0,1.01,1000.0,7.2,19.5,8.6,17.0,15.0,34.0,30.0,1000.0,8.6,1000.0,9.4,1000.0,17.0,1000.0,1.01,1000.0,1.01,1000.0,1.01,1000.0,1.01,1000.0,35974748,46933.0,4985275.0,58805.0,1.261455302,1.261455312,1.261455301,1.261455311,2.36,1000.0,1.01,1.73,1.02,110.0,1.02,1.07,2.56,110.0,1.12,1.17,1.09,1.18,3.2,26.0,1.16,1.27,1.261455293,1.261455305,1.261455306,1.261455316
Czech 1 Liga,2026-08-30,12:00:00,Teplice,FK Jablonec,2.44,2.68,2.96,3.3,3.3,3.75,1.89,2.08,1.93,2.12,1.73,1.88,2.14,2.38,10.5,17.5,10.5,15.0,18.0,23.0,42.0,55.0,9.2,11.5,6.8,9.6,11.5,16.5,25.0,40.0,14.0,17.5,10.0,14.5,14.5,18.0,32.0,55.0,26.0,44.0,19.0,36.0,28.0,48.0,40.0,110.0,18.5,27.0,23.0,42.0,95.0,1000.0,35974676,174264.0,367578.0,58805.0,1.261455412,1.261455422,1.261455411,1.261455421,1.01,1000.0,1.01,1000.0,11.5,15.0,1.07,1.1,3.65,4.2,1.31,1.38,1.45,1.52,1.6,1.69,1.36,1.43,1.261455403,1.261455415,1.261455416,1.261455426
Norwegian Eliteserien,2026-08-30,12:00:00,Tromso,Sarpsborg,1.7,1.78,5.0,5.3,4.1,4.8,2.46,2.74,1.57,1.69,1.59,1.79,1.01,2.76,1.97,870.0,20.0,870.0,2.1,880.0,2.1,1000.0,10.5,12.0,9.2,10.5,17.5,880.0,2.1,1000.0,11.0,17.0,9.2,860.0,15.0,860.0,2.1,1000.0,16.0,1000.0,14.5,1000.0,2.1,1000.0,2.1,1000.0,6.8,10.5,2.1,1000.0,2.1,1000.0,35957283,50046.0,778903.0,58805.0,1.261297994,1.261298004,1.261297993,1.261298003,1.01,1000.0,1.01,110.0,5.2,110.0,1.02,1.14,5.2,6.6,1.2,1.24,1.23,1.25,2.28,2.42,1.27,1.32,1.261297985,1.261297997,1.261297998,1.261298008
Polish I Liga,2026-08-30,12:15:00,Chrobry Glogow,Ruch Chorzow,3.0,4.2,2.08,2.7,3.25,5.3,1.77,2.1,1.9,2.3,1.01,1.8,1.01,1000.0,1.01,1000.0,1.01,1000.0,1.01,1000.0,1.01,1000.0,1.01,1000.0,1.01,1000.0,1.01,1000.0,1.01,1000.0,1.01,1000.0,1.01,1000.0,1.01,1000.0,1.01,1000.0,1.01,1000.0,1.01,1000.0,1.01,1000.0,1.01,1000.0,1.01,1000.0,1.01,1000.0,1.01,1000.0,35980412,5822815.0,2160683.0,58805.0,1.261518987,1.261518990,1.261519034,1.261519035,2.8,4.2,1.31,1.56,1.02,110.0,1.01,1.52,2.94,13.5,1.28,1.52,1.58,1.93,1.31,1.5,1.23,1.45,1.261519036,1.261518997,1.261518988,1.261518989
French Ligue 1,2026-08-30,12:15:00,Rennes,Le Mans,1.47,1.48,7.6,8.0,5.2,5.3,2.54,2.68,1.6,1.65,1.82,1.88,2.14,2.22,21.0,25.0,28.0,32.0,60.0,70.0,20.0,260.0,10.0,11.0,10.5,12.0,25.0,29.0,38.0,100.0,9.0,10.0,9.4,10.5,19.5,22.0,70.0,85.0,12.0,13.0,13.0,14.0,25.0,30.0,38.0,100.0,5.3,5.5,38.0,95.0,19.0,1000.0,35974862,44799.0,269791.0,58805.0,1.261457573,1.261457557,1.261457572,1.261457582,3.0,110.0,1.01,1.49,17.5,36.0,1.04,1.06,5.5,6.0,1.2,1.23,1.14,1.16,3.05,3.15,1.23,1.24,1.261457575,1.261457577,1.261457578,1.261457560
Argentinian Primera B Metropolitana,2026-08-30,12:30:00,Deportivo Armenio,Villa San Carlos,1.94,2.68,3.3,5.6,2.56,5.6,1.35,1.69,2.44,3.85,1.01,1000.0,1.01,1000.0,1.01,1000.0,1.01,1000.0,1.01,1000.0,1.01,1000.0,1.01,1000.0,1.01,1000.0,1.01,1000.0,1.01,1000.0,1.01,1000.0,1.01,1000.0,1.01,1000.0,1.01,1000.0,1.01,1000.0,1.01,1000.0,1.01,1000.0,1.01,1000.0,1.01,1000.0,1.01,1000.0,1.01,1000.0,35987051,7108497.0,7546709.0,58805.0,1.261578943,1.261578953,1.261578942,1.261578952,2.06,3.0,1.01,1000.0,2.64,110.0,1.01,1.61,2.14,3.2,1.45,1.88,1.21,1.44,1.59,2.08,1.22,1.64,1.261578934,1.261578946,1.261578947,1.261578957
English Premier League,2026-08-30,12:30:00,Man Utd,Ipswich,1.44,1.45,8.4,8.6,5.3,5.4,2.52,2.56,1.64,1.66,1.87,1.92,2.08,2.16,22.0,23.0,29.0,32.0,65.0,75.0,100.0,270.0,9.6,10.5,11.0,12.0,27.0,29.0,90.0,110.0,8.8,9.2,9.6,10.0,21.0,22.0,80.0,90.0,11.5,12.5,12.5,13.5,28.0,30.0,85.0,110.0,5.4,5.6,90.0,110.0,60.0,1000.0,35971122,48351.0,48324.0,58805.0,1.261412028,1.261411967,1.261412027,1.261412038,3.95,4.2,1.32,1.34,21.0,23.0,1.04,1.05,5.5,5.7,1.21,1.23,1.13,1.14,3.2,3.3,1.22,1.24,1.261412030,1.261412032,1.261412033,1.261411971
German Bundesliga,2026-08-30,12:30:00,Augsburg,Schalke 04,2.24,2.28,3.35,3.45,3.8,3.85,2.3,2.34,1.75,1.77,1.65,1.7,2.44,2.52,17.0,18.5,14.5,16.0,23.0,26.0,28.0,60.0,11.5,12.5,8.0,8.6,13.0,14.0,30.0,34.0,14.5,16.0,10.0,11.0,14.5,15.5,36.0,40.0,25.0,28.0,19.5,22.0,28.0,32.0,60.0,70.0,12.5,13.5,23.0,27.0,20.0,1000.0,35785202,498560.0,44517.0,58805.0,1.259700827,1.259700837,1.259700826,1.259700836,3.7,3.85,1.35,1.37,17.5,19.0,1.05,1.06,4.8,5.0,1.25,1.26,1.41,1.43,1.78,1.81,1.35,1.36,1.259700818,1.259700830,1.259700831,1.259700841
Polish Ekstraklasa,2026-08-30,12:30:00,Gornik Zabrze,GKS Katowice,1.96,2.08,3.7,4.1,3.6,4.6,2.26,2.8,1.55,1.8,1.01,1000.0,2.1,2.96,15.0,1000.0,13.5,1000.0,16.5,50.0,32.0,100.0,8.6,12.0,8.2,14.5,11.0,23.0,24.0,60.0,9.4,14.5,9.4,17.0,12.0,16.5,25.0,65.0,15.0,34.0,12.5,19.5,17.5,44.0,42.0,100.0,9.4,15.5,20.0,50.0,85.0,1000.0,35974835,503499.0,3351396.0,58805.0,1.261456810,1.261456813,1.261456857,1.261456858,1.01,1000.0,1.01,1000.0,3.9,110.0,1.04,1.32,3.9,5.9,1.2,1.32,1.32,1.38,1.92,2.06,1.28,1.38,1.261456859,1.261456820,1.261456811,1.261456812
Lithuanian A Lyga,2026-08-30,12:45:00,FK Banga Gargzdu,FK Kauno Zalgiris,4.2,5.1,1.94,2.14,3.25,3.65,1.68,1.87,2.16,2.48,1.93,2.18,1.86,2.08,1.01,1000.0,1.01,1000.0,1.01,1000.0,1.01,1000.0,1.01,1000.0,1.01,1000.0,1.01,1000.0,1.01,1000.0,1.01,1000.0,1.01,1000.0,1.01,1000.0,1.01,1000.0,1.01,1000.0,1.01,1000.0,1.01,1000.0,1.01,1000.0,1.01,1000.0,1.01,1000.0,1.01,1000.0,35984794,43402601.0,43403902.0,58805.0,1.261553693,1.261553696,1.261553740,1.261553741,2.54,3.4,1.43,1.59,8.6,12.5,1.09,1.12,3.0,3.5,1.4,1.49,1.87,2.08,1.25,1.32,1.37,1.45,1.261553742,1.261553703,1.261553694,1.261553695
Slovenian Premier League,2026-08-30,13:00:00,NK Brinje Grosuplje,NK Celje,4.1,5.0,1.8,1.92,4.0,4.5,2.26,2.62,1.61,1.8,1.01,1000.0,2.18,2.7,1.01,1000.0,1.01,1000.0,8.8,1000.0,1.01,1000.0,1.01,1000.0,1.01,1000.0,8.8,1000.0,12.0,1000.0,1.01,1000.0,12.0,1000.0,12.0,1000.0,1.01,1000.0,1.01,1000.0,1.01,1000.0,1.01,1000.0,30.0,1000.0,1.01,1000.0,1.01,1000.0,1.01,1000.0,35975721,13050456.0,3188553.0,58805.0,1.261461342,1.261461352,1.261461341,1.261461351,1.01,1000.0,1.01,1000.0,1.02,28.0,1.03,1.28,2.26,6.6,1.18,1.77,2.08,2.26,1.25,1.33,1.29,1.34,1.261461333,1.261461345,1.261461346,1.261461356
Turkish Super League,2026-08-30,13:00:00,Eyupspor,Alanyaspor,3.35,3.5,2.36,2.48,3.25,3.45,1.79,1.88,2.14,2.28,1.86,1.96,2.04,2.16,10.5,12.5,8.2,9.4,13.0,15.5,7.2,40.0,10.0,13.5,6.8,7.6,10.0,13.5,21.0,34.0,16.5,24.0,12.5,15.0,16.0,20.0,7.6,55.0,8.0,75.0,7.6,50.0,7.4,75.0,7.8,130.0,7.6,55.0,18.5,29.0,8.2,1000.0,35976836,4202656.0,2080777.0,58805.0,1.261473372,1.261473382,1.261473371,1.261473381,1.01,110.0,1.01,110.0,10.5,12.5,1.09,1.11,3.3,3.6,1.39,1.43,1.67,1.74,1.4,1.43,1.4,1.45,1.261473363,1.261473375,1.261473376,1.261473386
Peruvian Primera Division,2026-08-30,13:00:00,Cesar Vallejo Moquegua,Alianza Atletico,2.38,2.78,3.0,3.7,2.84,3.8,1.63,1.87,2.16,2.58,1.01,1000.0,1.01,1000.0,1.01,1000.0,1.83,1000.0,1.87,1000.0,1.14,1000.0,1.94,1000.0,1.94,1000.0,1.87,1000.0,1.84,1000.0,1.14,1000.0,1.87,1000.0,1.83,1000.0,1.01,1000.0,1.84,1000.0,1.84,1000.0,1.89,1000.0,1.85,1000.0,1.01,1000.0,1.01,1000.0,1.01,1000.0,35975723,62939001.0,898396.0,58805.0,1.261461583,1.261461593,1.261461582,1.261461592,1.01,1000.0,1.01,2.5,2.88,110.0,1.01,1.52,2.88,3.75,1.37,1.53,1.38,1.49,1.58,1.73,1.35,1.55,1.261461574,1.261461586,1.261461587,1.261461597
Italian Serie C,2026-08-30,13:00:00,Carpi,Juventus B,0.0,0.0,0.0,0.0,0.0,0.0,1.24,1000.0,1.01,6.4,0.0,0.0,0.0,0.0,0.0,0.0,0.0,0.0,0.0,0.0,0.0,0.0,0.0,0.0,0.0,0.0,0.0,0.0,0.0,0.0,0.0,0.0,0.0,0.0,0.0,0.0,0.0,0.0,0.0,0.0,0.0,0.0,0.0,0.0,0.0,0.0,0.0,0.0,0.0,0.0,0.0,0.0,35992595.0,0.0,0.0,0.0,0.0,1.261649872,0.0,0.0,0.0,0.0,0.0,0.0,0.0,0.0,0.0,0.0,0.0,0.0,0.0,0.0,0.0,0.0,0.0,0.0,0.0,0.0,0.0,0.0,0.0,0.0
Italian Serie C,2026-08-30,13:00:00,Atalanta U23,FC Guidonia Montecelio 1937,0.0,0.0,0.0,0.0,0.0,0.0,1.24,1000.0,1.01,6.4,0.0,0.0,0.0,0.0,0.0,0.0,0.0,0.0,0.0,0.0,0.0,0.0,0.0,0.0,0.0,0.0,0.0,0.0,0.0,0.0,0.0,0.0,0.0,0.0,0.0,0.0,0.0,0.0,0.0,0.0,0.0,0.0,0.0,0.0,0.0,0.0,0.0,0.0,0.0,0.0,0.0,0.0,35990371.0,0.0,0.0,0.0,0.0,1.261626499,0.0,0.0,0.0,0.0,0.0,0.0,0.0,0.0,0.0,0.0,0.0,0.0,0.0,0.0,0.0,0.0,0.0,0.0,0.0,0.0,0.0,0.0,0.0,0.0
Cypriot 1st Division,2026-08-30,13:00:00,A.E.L.,Anorthosis,2.1,2.18,3.95,4.4,3.3,3.6,1.75,1.88,2.12,2.34,1.89,2.06,1.96,2.12,9.2,14.0,10.0,15.5,1.01,36.0,1.01,110.0,6.4,9.4,6.2,9.0,13.0,20.0,1.01,70.0,9.6,14.5,8.2,12.5,15.0,23.0,1.01,80.0,20.0,32.0,18.5,29.0,1.01,50.0,1.01,150.0,15.0,23.0,1.01,80.0,1.01,1000.0,35971857,1234559.0,242449.0,58805.0,1.261423294,1.261423304,1.261423293,1.261423303,2.42,3.75,1.01,1000.0,10.0,12.5,1.09,1.12,3.15,3.6,1.39,1.47,1.29,1.34,1.84,1.91,1.38,1.44,1.261423285,1.261423297,1.261423298,1.261423308
Bulgarian A League,2026-08-30,13:00:00,Spartak Varna,Ludogorets,6.4,7.0,1.58,1.61,4.2,4.5,2.04,2.4,1.71,1.96,1.87,2.04,1.98,2.14,11.5,17.0,7.8,8.6,8.6,9.6,13.5,15.0,21.0,27.0,8.6,9.8,8.8,10.0,14.5,17.0,48.0,65.0,22.0,26.0,9.6,25.0,30.0,36.0,14.5,240.0,14.5,100.0,14.5,90.0,15.0,140.0,14.5,120.0,7.6,8.8,15.5,1000.0,35974389,1557407.0,5112599.0,58805.0,1.261449442,1.261449460,1.261449441,1.261449456,2.86,4.4,1.01,1000.0,12.0,17.5,1.06,1.09,4.0,4.6,1.27,1.33,2.6,2.74,1.16,1.18,1.28,1.31,1.261449432,1.261449445,1.261449446,1.261449473
Estonian Premier League,2026-08-30,13:00:00,Trans Narva,Tammeka Tartu,1.09,2.6,1.65,110.0,1.1,950.0,1.17,970.0,1.21,7.8,1.01,26.0,1.01,1000.0,1.01,1000.0,1.01,1000.0,1.01,1000.0,1.01,1000.0,1.01,1000.0,1.01,1000.0,1.01,1000.0,1.01,1000.0,1.01,1000.0,1.01,1000.0,1.01,1000.0,1.01,1000.0,1.01,1000.0,1.01,1000.0,1.01,1000.0,1.01,1000.0,1.01,1000.0,1.01,1000.0,1.01,1000.0,35978748,46983.0,5407303.0,58805.0,1.261500344,1.261500354,1.261500343,1.261500353,1.01,1000.0,1.01,1000.0,1.02,1000.0,1.01,55.0,1.18,970.0,1.21,55.0,1.02,2.54,1.62,36.0,1.01,110.0,1.261500335,1.261500347,1.261500348,1.261500358
Danish Superliga,2026-08-30,13:00:00,FC Nordsjaelland,Brondby,2.16,2.2,3.35,3.45,3.95,4.2,2.44,2.7,1.59,1.69,1.56,1.64,2.58,2.76,8.4,24.0,7.6,970.0,8.8,38.0,10.5,75.0,12.0,970.0,8.6,10.0,13.0,15.0,23.0,44.0,14.5,17.0,10.0,11.5,13.5,970.0,25.0,50.0,8.8,28.0,17.5,21.0,19.0,28.0,11.0,85.0,9.6,11.0,8.2,32.0,12.5,480.0,35965490,466299.0,28223.0,58805.0,1.261366226,1.261366229,1.261366273,1.261366274,1.01,1000.0,1.01,110.0,16.0,110.0,1.01,1.06,5.7,5.9,1.2,1.22,1.4,1.43,1.83,1.87,1.31,1.34,1.261366275,1.261366236,1.261366227,1.261366228
Bulgarian A League,2026-08-30,13:00:00,Botev Plovdiv,PFC Levski Sofia,5.2,6.0,1.72,1.76,3.7,4.0,1.89,2.08,1.93,2.14,1.04,2.22,1.83,26.0,1.01,1000.0,1.01,1000.0,1.01,13.0,12.0,1000.0,1.01,1000.0,1.01,1000.0,8.8,1000.0,1.01,1000.0,1.01,1000.0,1.01,1000.0,1.01,1000.0,1.01,1000.0,1.01,1000.0,30.0,1000.0,32.0,1000.0,42.0,1000.0,1.01,1000.0,1.01,1000.0,1.01,1000.0,35974323,1255220.0,21868583.0,58805.0,1.261451253,1.261451263,1.261451252,1.261451262,1.01,1000.0,1.01,1000.0,3.4,21.0,1.05,1.41,3.4,4.1,1.33,1.41,2.22,2.4,1.2,1.22,1.33,1.36,1.261451244,1.261451256,1.261451257,1.261451267
Lithuanian A Lyga,2026-08-30,13:00:00,Panevezys,VMFD Zalgiris,5.9,8.2,1.51,1.62,4.7,5.3,2.3,2.86,1.53,1.77,1.6,2.04,1.97,2.66,17.5,30.0,8.2,13.5,8.8,13.5,12.5,18.5,22.0,34.0,9.6,13.5,7.6,12.5,12.0,18.5,38.0,70.0,17.5,30.0,16.5,24.0,20.0,36.0,110.0,190.0,50.0,95.0,48.0,85.0,60.0,110.0,50.0,90.0,4.9,7.6,1.01,1000.0,35992575,23130963.0,5524811.0,58805.0,1.261651384,1.261651394,1.261651383,1.261651393,3.35,5.1,1.24,1.42,1.02,110.0,1.01,1.07,5.1,7.0,1.18,1.25,2.6,2.98,1.15,1.21,1.23,1.28,1.261651375,1.261651387,1.261651388,1.261651398
Italian Serie C,2026-08-30,13:00:00,Arzignanochiampo,Pro Vercelli,0.0,0.0,0.0,0.0,0.0,0.0,1.24,1000.0,1.01,6.4,0.0,0.0,0.0,0.0,0.0,0.0,0.0,0.0,0.0,0.0,0.0,0.0,0.0,0.0,0.0,0.0,0.0,0.0,0.0,0.0,0.0,0.0,0.0,0.0,0.0,0.0,0.0,0.0,0.0,0.0,0.0,0.0,0.0,0.0,0.0,0.0,0.0,0.0,0.0,0.0,0.0,0.0,35992594.0,0.0,0.0,0.0,0.0,1.261649764,0.0,0.0,0.0,0.0,0.0,0.0,0.0,0.0,0.0,0.0,0.0,0.0,0.0,0.0,0.0,0.0,0.0,0.0,0.0,0.0,0.0,0.0,0.0,0.0
Armenian Premier League,2026-08-30,13:00:00,FC Noah,FC Ararat Yerevan,1.06,110.0,1.06,110.0,1.08,290.0,1.08,110.0,1.14,13.0,1.01,1000.0,1.01,1000.0,1.01,1000.0,1.01,1000.0,1.01,1000.0,1.01,1000.0,1.01,1000.0,1.01,1000.0,1.01,1000.0,1.01,1000.0,1.01,1000.0,1.01,1000.0,1.01,1000.0,1.01,1000.0,1.01,1000.0,1.01,1000.0,1.01,1000.0,1.01,1000.0,1.01,1000.0,1.01,1000.0,1.01,1000.0,35993793,25068897.0,7180004.0,58805.0,1.261662904,1.261662914,1.261662903,1.261662913,1.01,1000.0,1.01,1000.0,1.08,1000.0,1.01,1.2,1.08,110.0,1.14,1.2,1.01,110.0,1.02,110.0,1.01,110.0,1.261662895,1.261662907,1.261662908,1.261662918
Saudi Professional League,2026-08-30,13:05:00,Al-Hazm (KSA),Al-Shabab (KSA),3.85,4.9,1.85,2.0,3.4,200.0,2.18,2.5,1.67,1.84,1.01,1000.0,2.26,2.62,1.5,1000.0,1.5,1000.0,1.42,26.0,1.5,1000.0,1.4,20.0,8.0,13.0,9.0,1000.0,1.5,1000.0,1.45,42.0,1.41,22.0,1.39,18.0,1.45,38.0,1.48,100.0,1.5,1000.0,1.5,1000.0,1.48,95.0,1.5,1000.0,7.2,1000.0,1.5,1000.0,35984818,20598620.0,5344868.0,58805.0,1.261557654,1.261557699,1.261557738,1.261557663,3.15,110.0,1.01,1.46,4.5,26.0,1.05,1.29,4.5,5.6,1.21,1.29,2.0,2.18,1.27,1.34,1.28,1.34,1.261557655,1.261557657,1.261557658,1.261557702
Azerbaijan Premier League,2026-08-30,13:15:00,Zira,Neftchi Baku,2.38,3.35,2.44,3.55,3.05,5.9,1.56,2.02,1.99,2.78,1.01,1000.0,1.01,14.5,1.01,1000.0,6.6,23.0,8.6,1000.0,17.0,1000.0,6.6,23.0,5.1,11.5,7.8,60.0,14.5,1000.0,8.6,1000.0,7.8,60.0,1.01,1000.0,20.0,1000.0,16.5,1000.0,14.0,1000.0,19.5,1000.0,1.01,1000.0,1.01,1000.0,1.01,1000.0,1.01,1000.0,35996327,10135613.0,865343.0,58805.0,1.261684458,1.261684461,1.261684505,1.261684506,2.38,3.65,1.01,1000.0,2.5,29.0,1.03,1.15,2.5,28.0,1.39,1.67,1.39,1.69,1.42,1.73,1.25,1.49,1.261684507,1.261684468,1.261684459,1.261684460
Italian Serie A,2026-08-30,13:30:00,Napoli,Como,2.64,2.68,3.2,3.25,3.15,3.2,1.64,1.66,2.52,2.58,2.04,2.14,1.88,1.96,8.8,9.4,9.0,9.4,17.5,19.5,50.0,60.0,8.2,8.6,6.8,7.2,14.0,15.0,40.0,44.0,13.5,15.0,12.0,13.5,19.0,20.0,55.0,65.0,36.0,42.0,30.0,34.0,48.0,60.0,120.0,150.0,30.0,36.0,46.0,55.0,21.0,1000.0,35965480,676464.0,60298.0,58805.0,1.261367231,1.261367215,1.261367230,1.261367240,2.74,2.86,1.54,1.58,8.8,9.6,1.11,1.13,2.96,3.05,1.49,1.51,1.44,1.46,1.59,1.61,1.45,1.47,1.261367233,1.261367235,1.261367236,1.261367218
Greek Super League,2026-08-30,13:30:00,Aris,OFI,1.71,1.76,5.5,5.6,3.95,4.3,1.98,2.16,1.86,2.02,1.86,2.0,2.0,2.16,14.0,17.0,15.0,18.5,4.8,50.0,5.2,160.0,7.8,9.2,8.2,10.0,17.0,24.0,5.0,85.0,9.4,13.0,9.0,12.5,18.0,26.0,5.0,85.0,15.5,22.0,16.0,23.0,4.7,44.0,5.1,140.0,7.8,13.0,5.1,100.0,5.3,1000.0,35967861,244704.0,728087.0,58805.0,1.261379814,1.261379824,1.261379813,1.261379823,3.0,3.9,1.35,1.49,13.5,17.0,1.06,1.08,3.8,4.4,1.29,1.36,1.21,1.23,2.3,2.4,1.31,1.34,1.261379805,1.261379817,1.261379818,1.261379828
Icelandic Urvalsdeild,2026-08-30,14:00:00,Fram,KA Akureyri,1.52,1.63,2.58,1000.0,2.58,1000.0,4.3,5.5,1.22,1.3,1.01,1.49,1.01,1000.0,1.01,1000.0,1.01,1000.0,1.01,1000.0,1.01,1000.0,1.01,1000.0,1.01,1000.0,1.01,1000.0,32.0,1000.0,13.0,1000.0,1.01,1000.0,1.01,1000.0,1.01,1000.0,1.01,1000.0,1.01,1000.0,1.01,1000.0,1.01,1000.0,1.01,1000.0,1.01,1000.0,1.01,1000.0,35980762,808415.0,399804.0,58805.0,1.261522600,1.261522603,1.261522647,1.261522648,1.01,1000.0,1.01,1000.0,1.02,1000.0,1.01,1000.0,4.3,21.0,1.05,1.1,1.01,1.26,1.01,1000.0,1.01,1.24,1.261522649,1.261522610,1.261522601,1.261522602
Icelandic Urvalsdeild,2026-08-30,14:00:00,Hafnarfjordur,Keflavik,2.1,2.36,2.92,3.6,3.85,5.5,2.78,3.4,1.42,1.56,1.37,1.54,2.88,110.0,1.01,1000.0,1.01,1000.0,1.01,36.0,26.0,1000.0,1.01,26.0,1.01,13.0,12.0,1000.0,1.01,1000.0,1.01,1000.0,1.01,1000.0,12.0,1000.0,1.01,1000.0,1.01,1000.0,1.01,1000.0,17.5,1000.0,1.01,1000.0,1.01,1000.0,1.01,1000.0,1.01,1000.0,35975764,166884.0,808414.0,58805.0,1.261462000,1.261462010,1.261461999,1.261462009,1.01,1000.0,1.01,1000.0,2.78,110.0,1.01,1.05,2.78,9.4,1.11,1.17,1.38,1.52,1.73,1.91,1.22,1.36,1.261461991,1.261462003,1.261462004,1.261462014
Spanish Segunda Division,2026-08-30,14:00:00,Mallorca,AD Ceuta FC,1.44,1.49,7.8,9.0,4.8,5.1,2.14,2.36,1.74,1.88,1.98,2.08,1.93,2.02,17.0,22.0,7.6,28.0,9.4,80.0,10.0,300.0,7.8,9.2,9.6,11.5,8.0,32.0,10.0,140.0,7.8,9.0,9.2,11.0,20.0,26.0,9.8,120.0,11.0,13.0,13.0,16.0,8.4,38.0,9.8,140.0,6.0,6.8,10.0,180.0,10.5,1000.0,35980203,10542.0,8179917.0,58805.0,1.261517562,1.261517572,1.261517561,1.261517571,1.01,110.0,1.01,110.0,14.5,20.0,1.05,1.07,4.4,5.0,1.25,1.29,1.12,1.15,3.0,3.25,1.24,1.27,1.261517553,1.261517565,1.261517566,1.261517576
Cypriot 1st Division,2026-08-30,14:00:00,Karmiotissa Polemidion,Pafos FC,2.1,470.0,1.14,110.0,4.7,950.0,1.26,100.0,1.14,5.0,1.01,1000.0,1.01,1000.0,1.01,1000.0,1.01,1000.0,1.01,1000.0,1.01,1000.0,1.01,1000.0,1.01,1000.0,1.01,1000.0,1.01,1000.0,1.01,1000.0,1.01,1000.0,1.01,1000.0,1.01,1000.0,1.01,1000.0,1.01,1000.0,1.01,1000.0,1.01,1000.0,1.01,1000.0,1.01,1000.0,1.01,1000.0,35971860,12403733.0,9124224.0,58805.0,1.261423405,1.261423415,1.261423404,1.261423414,1.01,1000.0,1.01,1000.0,1.02,110.0,1.01,4.9,1.26,100.0,1.14,4.8,3.6,9.4,1.02,1.07,1.12,1.24,1.261423396,1.261423408,1.261423409,1.261423419
Slovakian Super League,2026-08-30,14:00:00,Spartak Trnava,Zilina,1.74,2.08,3.65,5.4,3.95,6.8,2.08,2.86,1.54,1.92,1.55,1.9,1.01,1000.0,1.01,1000.0,12.5,29.0,16.5,1000.0,1.01,1000.0,8.6,1000.0,6.6,13.0,12.5,29.0,1.01,1000.0,8.6,19.5,7.8,14.5,11.0,29.0,1.01,1000.0,13.5,1000.0,12.5,1000.0,17.0,1000.0,28.0,1000.0,1.01,1000.0,1.01,1000.0,1.01,1000.0,35975703,427643.0,189806.0,58805.0,1.261461232,1.261461242,1.261461231,1.261461241,1.01,1000.0,1.01,1000.0,4.2,110.0,1.04,1.09,4.2,23.0,1.21,1.32,1.22,1.38,1.92,2.36,1.25,1.34,1.261461223,1.261461235,1.261461236,1.261461246
Austrian Bundesliga,2026-08-30,14:00:00,Red Bull Salzburg,Austria Wien,1.39,1.42,8.2,9.4,5.4,6.2,2.64,6.8,1.17,1.61,1.01,1000.0,2.1,2.32,1.01,1000.0,1.01,1000.0,1.01,1000.0,24.0,1000.0,8.8,1000.0,1.01,1000.0,1.01,1000.0,1.01,1000.0,1.01,13.0,1.01,1000.0,1.01,1000.0,1.01,1000.0,1.01,1000.0,1.01,1000.0,1.01,1000.0,1.01,1000.0,1.01,1000.0,1.01,1000.0,1.01,1000.0,35965456,52495026.0,181248.0,58805.0,1.261364373,1.261364376,1.261364420,1.261364421,1.01,1000.0,1.01,1000.0,1.02,55.0,1.03,1.2,1.02,6.8,1.17,1.2,1.12,1.14,3.3,3.65,1.2,1.23,1.261364422,1.261364383,1.261364374,1.261364375
Italian Serie B,2026-08-30,14:00:00,Arezzo,Palermo,4.1,4.4,2.14,2.26,3.15,3.35,1.62,1.71,2.42,2.62,2.04,2.16,1.86,1.96,8.8,9.8,6.6,7.6,11.0,15.5,6.0,36.0,10.5,14.5,6.6,7.6,10.0,13.5,6.0,34.0,6.0,36.0,15.0,22.0,19.0,27.0,6.4,65.0,6.4,120.0,6.4,80.0,6.4,100.0,6.6,190.0,6.4,110.0,18.5,32.0,6.8,1000.0,35987260,522048.0,60307.0,58805.0,1.261580866,1.261580869,1.261580913,1.261580914,1.01,3.15,1.46,110.0,8.4,10.5,1.11,1.14,2.86,3.1,1.47,1.54,1.79,1.88,1.29,1.33,1.42,1.47,1.261580915,1.261580876,1.261580867,1.261580868
Spanish Segunda Division,2026-08-30,14:00:00,Cadiz,Valladolid,2.5,2.58,3.35,3.5,3.1,3.25,1.65,1.7,2.44,2.56,2.02,2.12,1.9,1.99,8.8,11.5,9.2,10.5,18.5,30.0,9.8,95.0,7.6,8.4,6.6,7.4,13.5,16.0,30.0,65.0,13.5,15.5,10.5,12.5,18.0,34.0,9.8,85.0,32.0,46.0,27.0,36.0,42.0,60.0,9.6,170.0,17.5,46.0,9.2,60.0,18.0,1000.0,35975917,516259.0,13362.0,58805.0,1.261464118,1.261464124,1.261464181,1.261464183,1.01,110.0,1.01,110.0,8.6,10.5,1.11,1.13,2.92,3.05,1.49,1.53,1.4,1.43,1.63,1.67,1.44,1.48,1.261464185,1.261464137,1.261464120,1.261464122
Portuguese Segunda Liga,2026-08-30,14:00:00,Felgueiras,Chaves,2.32,2.58,3.2,3.8,3.15,3.85,1.67,1.9,2.12,2.5,1.01,1000.0,1.01,1000.0,1.01,1000.0,1.01,1000.0,1.01,1000.0,1.01,1000.0,1.01,1000.0,1.01,1000.0,1.01,1000.0,1.01,1000.0,1.01,1000.0,1.01,1000.0,1.01,1000.0,1.01,1000.0,1.01,1000.0,1.01,1000.0,1.01,1000.0,1.01,1000.0,1.01,1000.0,1.01,1000.0,1.01,1000.0,35955954,334304.0,311029.0,58805.0,1.261284540,1.261284550,1.261284539,1.261284549,1.01,1000.0,1.38,1.68,3.05,110.0,1.01,1.49,3.05,3.5,1.4,1.49,1.35,1.46,1.63,1.76,1.35,1.47,1.261284531,1.261284543,1.261284544,1.261284554
Italian Serie B,2026-08-30,14:00:00,Mantova,Empoli,2.2,2.28,3.85,4.1,3.2,3.4,1.71,1.84,2.16,2.44,1.81,2.14,1.89,2.24,10.0,13.0,4.8,15.0,5.8,29.0,6.2,95.0,7.6,8.8,6.6,8.4,14.5,17.5,6.0,65.0,11.5,15.5,10.0,13.0,5.5,22.0,6.2,80.0,5.9,32.0,5.8,28.0,6.4,55.0,6.4,140.0,18.5,26.0,6.2,75.0,6.0,1000.0,35987262,924269.0,60294.0,58805.0,1.261580954,1.261580957,1.261581001,1.261581002,1.01,3.4,1.41,110.0,8.6,110.0,1.09,1.12,3.1,3.65,1.37,1.44,1.32,1.35,1.78,1.84,1.41,1.46,1.261581003,1.261580964,1.261580955,1.261580956
Portuguese Segunda Liga,2026-08-30,14:00:00,Porto B,Penafiel,2.84,3.35,2.44,2.78,3.3,4.3,1.7,1.88,2.14,2.42,1.01,1000.0,1.01,1000.0,1.01,1000.0,1.01,1000.0,1.01,1000.0,1.01,1000.0,1.01,1000.0,1.01,1000.0,1.01,1000.0,1.01,1000.0,1.01,1000.0,1.01,1000.0,1.01,1000.0,1.01,1000.0,1.01,1000.0,1.01,1000.0,1.01,1000.0,1.01,1000.0,1.01,1000.0,1.01,1000.0,1.01,1000.0,35955953,6563315.0,505984.0,58805.0,1.261284651,1.261284661,1.261284650,1.261284660,1.01,1000.0,1.37,1.66,3.05,110.0,1.01,1.49,3.05,3.65,1.37,1.49,1.56,1.7,1.43,1.55,1.31,1.44,1.261284642,1.261284654,1.261284655,1.261284665
Hungarian NB I,2026-08-30,14:00:00,Puskas Akademia,Ferencvaros,3.2,4.8,1.86,2.2,3.0,6.8,2.1,2.9,1.53,1.9,1.47,1.87,2.14,3.1,1.01,1000.0,1.01,1000.0,1.01,1000.0,16.0,1000.0,1.01,1000.0,6.6,11.5,7.8,1000.0,1.01,1000.0,1.01,1000.0,1.01,1000.0,1.01,1000.0,17.0,1000.0,26.0,1000.0,1.01,1000.0,1.01,1000.0,26.0,1000.0,1.01,1000.0,1.01,1000.0,1.01,1000.0,35975925,8526875.0,198748.0,58805.0,1.261464334,1.261464337,1.261464381,1.261464382,1.01,1000.0,1.01,1000.0,12.5,110.0,1.03,1.09,4.4,6.4,1.18,1.29,1.83,2.16,1.27,1.46,1.2,1.49,1.261464383,1.261464344,1.261464335,1.261464336
Portuguese Segunda Liga,2026-08-30,14:00:00,Sporting Lisbon B,Farense,2.68,3.1,2.74,2.9,3.05,3.8,1.64,1.82,2.22,2.56,1.01,1000.0,1.01,1000.0,1.01,1000.0,1.01,1000.0,1.01,1000.0,1.01,1000.0,1.01,1000.0,1.01,1000.0,1.01,1000.0,1.01,1000.0,1.01,1000.0,1.01,1000.0,1.01,1000.0,1.01,1000.0,1.01,1000.0,1.01,1000.0,1.01,1000.0,1.01,1000.0,1.01,1000.0,1.01,1000.0,1.01,1000.0,35955951,10071727.0,48788.0,58805.0,1.261284761,1.261284771,1.261284760,1.261284770,2.48,3.6,1.38,1.68,1.02,110.0,1.01,1.49,2.9,3.5,1.42,1.53,1.52,1.58,1.47,1.59,1.35,1.49,1.261284752,1.261284764,1.261284765,1.261284775
Portuguese Primeira Liga,2026-08-30,14:00:00,Casa Pia,Moreirense,2.48,2.56,3.35,3.5,3.15,3.25,1.6,1.65,2.52,2.68,2.04,2.18,1.84,1.96,8.2,9.4,8.8,10.5,20.0,23.0,6.6,100.0,7.0,8.2,6.4,7.4,13.5,15.5,32.0,75.0,13.0,15.5,10.5,120.0,19.0,22.0,6.6,100.0,24.0,40.0,22.0,36.0,6.8,85.0,5.9,1000.0,23.0,50.0,6.4,70.0,5.9,1000.0,35979533,616839.0,191604.0,58805.0,1.261504855,1.261504858,1.261504902,1.261504903,2.42,110.0,1.01,1.7,8.0,9.4,1.12,1.14,2.8,2.98,1.52,1.56,1.4,1.42,1.64,1.67,1.44,1.46,1.261504904,1.261504865,1.261504856,1.261504857
Norwegian Eliteserien,2026-08-30,14:15:00,Lillestrom,Fredrikstad,1.8,1.82,5.0,5.2,3.9,4.1,2.28,2.38,1.72,1.78,1.7,1.77,2.3,2.42,16.5,19.0,18.5,21.0,32.0,46.0,13.5,130.0,9.8,11.0,8.2,9.4,17.0,23.0,46.0,60.0,11.0,12.5,9.4,10.5,15.0,17.0,13.0,60.0,17.0,19.0,15.5,18.0,22.0,32.0,13.5,90.0,8.2,9.2,32.0,55.0,10.5,1000.0,35957292,10770.0,168742.0,58805.0,1.261298326,1.261298336,1.261298325,1.261298335,1.01,110.0,1.01,110.0,14.5,19.5,1.05,1.07,4.7,5.2,1.24,1.27,1.24,1.25,2.2,2.28,1.32,1.34,1.261298317,1.261298329,1.261298330,1.261298340
Israeli Premier League,2026-08-30,14:15:00,Hapoel Haifa,Hapoel Tel Aviv,4.7,5.6,1.7,1.85,3.85,4.9,1.96,2.62,1.62,2.04,1.01,1000.0,1.96,2.58,1.01,1000.0,6.6,17.0,5.1,23.0,11.0,60.0,12.5,1000.0,6.6,14.5,6.6,19.5,11.0,60.0,17.5,60.0,11.0,1000.0,12.5,60.0,16.5,1000.0,34.0,1000.0,21.0,1000.0,21.0,1000.0,34.0,1000.0,1.01,1000.0,1.01,1000.0,1.01,1000.0,35976889,5266551.0,121248.0,58805.0,1.261474052,1.261474062,1.261474051,1.261474061,1.01,1000.0,1.01,1000.0,2.26,29.0,1.03,1.32,2.26,5.0,1.25,1.32,2.16,2.44,1.22,1.28,1.29,1.36,1.261474043,1.261474055,1.261474056,1.261474066
Greek Super League,2026-08-30,14:15:00,Atromitos,PAOK,5.0,5.5,1.79,1.84,3.8,4.1,1.98,2.12,1.89,2.02,1.84,1.96,2.04,2.2,13.5,17.5,7.8,10.0,9.8,13.0,16.5,22.0,16.0,21.0,7.8,10.5,9.0,10.5,16.5,22.0,34.0,50.0,17.5,21.0,17.0,23.0,30.0,44.0,5.8,160.0,5.6,85.0,5.6,85.0,5.7,130.0,5.6,100.0,9.8,11.5,6.0,1000.0,35967894,1234639.0,232095.0,58805.0,1.261380490,1.261380500,1.261380489,1.261380499,3.2,3.55,1.39,1.46,11.5,18.0,1.06,1.1,3.85,4.3,1.3,1.35,2.18,2.28,1.22,1.25,1.32,1.36,1.261380481,1.261380493,1.261380494,1.261380504
Spanish La Liga,2026-08-30,14:30:00,Deportivo,Valencia,2.62,2.66,3.25,3.3,3.15,3.2,1.62,1.65,2.52,2.62,2.04,2.12,1.9,1.97,9.2,9.4,9.0,9.8,18.0,21.0,50.0,65.0,7.8,8.4,6.6,7.0,13.5,14.5,40.0,46.0,14.0,15.5,11.5,12.5,19.0,21.0,55.0,70.0,36.0,40.0,30.0,36.0,50.0,60.0,20.0,150.0,32.0,38.0,48.0,55.0,23.0,1000.0,35965477,51266.0,66183.0,58805.0,1.261367019,1.261366958,1.261367018,1.261367029,2.7,2.82,1.55,1.59,8.8,9.4,1.11,1.13,2.94,2.98,1.5,1.52,1.43,1.45,1.6,1.62,1.45,1.47,1.261367021,1.261367023,1.261367024,1.261366962
German 3 Liga,2026-08-30,14:30:00,Viktoria Koln,Preussen Munster,2.06,2.32,3.25,3.95,3.7,5.1,2.12,2.46,1.69,1.89,1.01,1000.0,1.01,2.6,1.01,1000.0,1.01,1000.0,1.01,1000.0,1.01,1000.0,1.01,1000.0,1.01,1000.0,1.01,1000.0,1.01,1000.0,1.01,1000.0,1.01,1000.0,1.01,1000.0,1.01,1000.0,1.01,1000.0,1.01,1000.0,1.01,1000.0,1.01,1000.0,1.01,1000.0,1.01,1000.0,1.01,1000.0,35958425,6542379.0,3235019.0,58805.0,1.261306523,1.261306533,1.261306522,1.261306532,1.01,1000.0,1.01,1000.0,1.01,110.0,1.01,970.0,2.62,100.0,1.23,1.62,1.34,1.44,1.76,1.93,1.26,1.38,1.261306514,1.261306526,1.261306527,1.261306537
Serbian Super League,2026-08-30,15:00:00,Zemun,Crvena Zvezda,1.66,110.0,1.09,3.0,11.0,300.0,3.1,15.5,1.07,1.47,1.01,1000.0,1.01,3.0,1.01,1000.0,1.01,1000.0,1.01,1000.0,1.01,1000.0,1.01,1000.0,16.0,1000.0,1.01,1000.0,1.01,1000.0,1.01,1000.0,1.01,1000.0,1.01,1000.0,1.01,1000.0,1.01,1000.0,1.01,1000.0,1.01,1000.0,1.01,1000.0,1.01,1000.0,1.01,1000.0,1.01,1000.0,35979743,2020602.0,6399.0,58805.0,1.261508961,1.261508964,1.261509008,1.261509009,1.01,1000.0,1.01,1000.0,1.01,110.0,1.01,1.13,3.1,100.0,1.07,1.13,1.48,26.0,1.01,1.08,1.08,1.1,1.261509010,1.261508971,1.261508962,1.261508963
Saudi Professional League,2026-08-30,15:00:00,Al-Quadisiya (KSA),Al Faisaly ( KSA ),1.22,1.26,13.0,18.0,7.2,8.6,3.1,3.9,1.34,1.47,1.78,2.2,1.01,1000.0,2.82,40.0,2.94,90.0,3.05,1000.0,3.05,1000.0,2.66,21.0,2.74,28.0,2.92,75.0,3.05,1000.0,2.4,11.5,9.2,18.0,2.86,46.0,3.05,1000.0,2.52,15.0,2.64,20.0,2.86,48.0,3.05,1000.0,2.24,4.2,3.05,1000.0,3.05,1000.0,35989889,10201607.0,22139784.0,58805.0,1.261617686,1.261617696,1.261617685,1.261617695,1.01,1000.0,1.01,110.0,6.8,110.0,1.01,1.17,6.8,9.6,1.12,1.17,1.05,1.08,4.8,5.6,1.13,1.16,1.261617677,1.261617689,1.261617690,1.261617700
Argentinian Primera B Metropolitana,2026-08-30,15:00:00,Flandria,San Martin de Burzaco,1.1,110.0,1.1,110.0,1.1,310.0,1.24,110.0,1.02,6.4,1.01,1000.0,1.01,1000.0,1.01,1000.0,1.01,1000.0,1.01,1000.0,1.01,1000.0,1.01,1000.0,1.01,1000.0,1.01,1000.0,1.01,1000.0,1.01,1000.0,1.01,1000.0,1.01,1000.0,1.01,1000.0,1.01,1000.0,1.01,1000.0,1.01,1000.0,1.01,1000.0,1.01,1000.0,1.01,1000.0,1.01,1000.0,35987138,9509138.0,9518488.0,58805.0,1.261579053,1.261579063,1.261579052,1.261579062,1.01,1000.0,1.01,1000.0,1.24,1000.0,1.01,6.4,1.24,1000.0,1.01,6.4,1.02,36.0,1.02,36.0,1.01,110.0,1.261579044,1.261579056,1.261579057,1.261579067
Argentinian Primera B Metropolitana,2026-08-30,15:00:00,Argentino de Merlo,Villa Dalmine,1.1,110.0,1.1,110.0,1.1,320.0,1.24,110.0,1.02,6.4,1.01,1000.0,1.01,1000.0,1.01,1000.0,1.01,1000.0,1.01,1000.0,1.01,1000.0,1.01,1000.0,1.01,1000.0,1.01,1000.0,1.01,1000.0,1.01,1000.0,1.01,1000.0,1.01,1000.0,1.01,1000.0,1.01,1000.0,1.01,1000.0,1.01,1000.0,1.01,1000.0,1.01,1000.0,1.01,1000.0,1.01,1000.0,35987059,9593355.0,5971695.0,58805.0,1.261579163,1.261579173,1.261579162,1.261579172,1.01,1000.0,1.01,1000.0,1.24,1000.0,1.01,6.4,1.24,1000.0,1.01,6.4,1.02,36.0,1.02,36.0,1.01,110.0,1.261579154,1.261579166,1.261579167,1.261579177
Dutch Eredivisie,2026-08-30,15:00:00,Cambuur Leeuwarden,FC Twente,8.4,9.2,1.39,1.41,5.8,6.0,2.92,3.15,1.47,1.52,1.77,1.84,2.2,2.3,26.0,34.0,11.5,13.5,9.6,11.0,11.0,13.5,32.0,40.0,12.0,14.0,9.8,11.0,12.5,14.0,11.0,90.0,28.0,32.0,20.0,24.0,23.0,28.0,12.5,300.0,11.5,110.0,11.0,85.0,11.5,95.0,50.0,95.0,4.0,4.4,13.0,1000.0,35965458,8942269.0,7928242.0,58805.0,1.261367754,1.261367764,1.261367753,1.261367763,1.01,110.0,1.23,1.5,6.8,55.0,1.02,1.06,6.6,7.4,1.16,1.18,3.4,3.6,1.12,1.14,1.2,1.21,1.261367745,1.261367757,1.261367758,1.261367768
Greek Super League,2026-08-30,15:00:00,Asteras Tripolis,Olympiakos,12.0,15.0,1.35,1.37,5.2,5.5,2.0,2.12,1.9,2.0,2.4,2.52,1.66,1.72,14.0,18.5,6.4,7.2,6.4,8.4,8.8,12.0,7.2,40.0,10.5,12.5,9.4,11.0,5.9,16.5,8.6,140.0,8.0,55.0,7.6,40.0,8.0,60.0,9.2,1000.0,9.0,310.0,9.0,250.0,9.0,290.0,8.4,1000.0,6.0,6.8,8.4,1000.0,35967856,1300930.0,55243.0,58805.0,1.261380034,1.261380044,1.261380033,1.261380043,3.0,3.85,1.35,1.5,14.0,18.0,1.06,1.08,3.9,4.3,1.31,1.35,3.7,3.9,1.08,1.1,1.22,1.24,1.261380025,1.261380037,1.261380038,1.261380048
Romanian Liga I,2026-08-30,15:00:00,FCSB,UTA Arad,1.55,1.63,5.9,8.4,4.4,5.4,2.06,2.68,1.6,1.94,1.65,2.12,1.01,1000.0,1.2,1000.0,1.2,1000.0,1.2,1000.0,1.2,1000.0,6.6,1000.0,1.2,1000.0,1.2,1000.0,1.2,1000.0,6.6,1000.0,6.6,990.0,1.18,1000.0,1.2,1000.0,9.4,1000.0,9.4,1000.0,1.2,1000.0,1.2,1000.0,1.2,1000.0,1.2,1000.0,1.2,1000.0,35971764,12819357.0,2311174.0,58805.0,1.261424078,1.261424088,1.261424077,1.261424087,1.01,110.0,1.01,110.0,1.02,110.0,1.05,1.1,2.42,5.8,1.21,1.71,1.14,1.21,2.58,2.82,1.23,1.3,1.261424069,1.261424081,1.261424082,1.261424092
Czech 1 Liga,2026-08-30,15:00:00,Sparta Prague,Slavia Prague,2.76,2.98,2.48,2.78,3.55,3.95,2.06,2.28,1.78,1.95,1.01,2.08,1.01,3.15,13.5,21.0,10.5,13.5,15.5,19.5,24.0,44.0,11.0,14.0,7.2,9.0,10.0,13.0,17.5,28.0,17.0,22.0,11.0,13.5,13.5,17.0,23.0,38.0,36.0,50.0,18.5,32.0,30.0,40.0,60.0,85.0,19.0,24.0,16.0,21.0,85.0,1000.0,35975911,110475.0,10777.0,58805.0,1.261463808,1.261463811,1.261463855,1.261463856,2.96,4.4,1.3,1.51,11.0,21.0,1.05,1.1,4.0,4.9,1.26,1.33,1.56,1.68,1.5,1.57,1.34,1.39,1.261463857,1.261463818,1.261463809,1.261463810
Greek Super League,2026-08-30,15:00:00,Kifisia,AEK Athens,10.5,12.0,1.37,1.39,5.2,5.6,2.18,2.36,1.74,1.84,1.94,2.32,1.75,2.06,5.5,24.0,7.4,8.4,7.2,8.2,9.4,13.0,5.9,32.0,11.0,15.0,9.6,13.0,13.5,970.0,6.8,130.0,6.2,50.0,6.0,38.0,6.4,55.0,7.0,560.0,7.0,240.0,6.8,190.0,7.0,220.0,7.0,350.0,5.2,5.8,7.2,1000.0,35967864,16093929.0,10758.0,58805.0,1.261380270,1.261380280,1.261380269,1.261380279,1.01,110.0,1.01,110.0,14.0,21.0,1.05,1.07,4.4,4.9,1.25,1.29,3.55,3.75,1.09,1.11,1.21,1.24,1.261380261,1.261380273,1.261380274,1.261380284
Ecuadorian Serie A,2026-08-30,15:00:00,Aucas,Libertad FC,1.54,1.64,6.8,9.2,3.95,4.6,1.79,1.99,2.0,2.28,2.04,2.28,1.78,1.97,10.5,16.5,16.0,25.0,46.0,75.0,190.0,300.0,5.7,7.6,7.4,11.0,21.0,34.0,100.0,150.0,6.8,9.2,7.8,11.5,19.0,30.0,85.0,140.0,12.0,17.0,13.5,19.0,32.0,50.0,130.0,200.0,7.8,12.0,140.0,230.0,95.0,1000.0,35979736,897347.0,44232344.0,58805.0,1.261508805,1.261508808,1.261508853,1.261508855,1.01,1000.0,1.01,1000.0,10.5,15.0,1.07,1.11,3.4,3.95,1.34,1.42,1.12,1.18,2.56,2.86,1.27,1.34,1.261508856,1.261508816,1.261508806,1.261508807
Argentinian Primera Division,2026-08-30,15:00:00,Banfield,River Plate,5.1,5.8,1.86,1.95,3.25,3.55,1.62,1.67,2.5,2.74,1.01,1000.0,1.57,1.95,8.2,1000.0,5.7,1000.0,7.8,1000.0,17.0,1000.0,9.8,1000.0,6.4,1000.0,9.0,1000.0,19.0,1000.0,27.0,1000.0,17.5,1000.0,19.0,1000.0,40.0,1000.0,80.0,1000.0,55.0,1000.0,70.0,1000.0,100.0,1000.0,1.01,1000.0,1.01,1000.0,1.01,1000.0,35949499,194508.0,194515.0,58805.0,1.261204461,1.261204471,1.261204460,1.261204470,1.01,110.0,1.01,110.0,1.01,110.0,1.01,110.0,2.64,100.0,1.48,1.61,2.04,2.18,1.22,1.25,1.39,1.42,1.261204452,1.261204464,1.261204465,1.261204475
Slovenian Premier League,2026-08-30,15:15:00,Nafta Lendava,NK Maribor,6.6,7.8,1.49,1.6,4.5,5.1,2.26,2.58,1.63,1.8,1.66,2.14,2.04,2.28,15.5,26.0,7.4,11.0,7.6,11.0,10.5,15.0,22.0,28.0,9.4,13.5,8.6,12.5,11.0,18.5,42.0,75.0,22.0,28.0,17.5,26.0,26.0,38.0,130.0,230.0,60.0,110.0,55.0,100.0,70.0,130.0,65.0,120.0,5.8,7.8,1.01,1000.0,35976908,11737246.0,44625.0,58805.0,1.261473586,1.261473596,1.261473585,1.261473595,3.2,4.8,1.26,1.45,15.0,23.0,1.04,1.06,4.7,5.6,1.21,1.27,2.66,3.05,1.15,1.18,1.25,1.29,1.261473577,1.261473589,1.261473590,1.261473600
Polish Ekstraklasa,2026-08-30,15:15:00,Widzew Lodz,Lech Poznan,3.05,3.65,2.12,2.34,3.75,5.4,2.2,2.76,1.57,1.82,1.51,1.87,1.01,1000.0,1.01,1000.0,1.01,1000.0,1.01,1000.0,1.01,1000.0,1.01,1000.0,1.01,1000.0,1.01,1000.0,1.01,1000.0,1.01,1000.0,1.01,1000.0,1.01,1000.0,1.01,1000.0,1.01,1000.0,1.01,1000.0,1.01,1000.0,1.01,1000.0,1.01,1000.0,1.01,1000.0,1.01,1000.0,35976617,502304.0,502303.0,58805.0,1.261471795,1.261471798,1.261471842,1.261471843,1.01,1000.0,1.01,1000.0,4.5,110.0,1.01,1.28,4.5,100.0,1.21,1.28,1.74,1.89,1.38,1.49,1.25,1.37,1.261471844,1.261471805,1.261471796,1.261471797
Bulgarian A League,2026-08-30,15:15:00,CSKA Sofia,Cherno More,1.53,1.58,7.0,8.2,4.2,4.5,1.96,2.14,1.88,2.04,1.68,2.74,1.57,2.48,1.01,1000.0,1.01,1000.0,1.01,1000.0,1.01,1000.0,1.01,1000.0,1.01,1000.0,1.01,1000.0,1.01,1000.0,1.01,1000.0,1.01,1000.0,1.01,1000.0,1.01,1000.0,1.01,1000.0,1.01,1000.0,1.01,1000.0,1.01,1000.0,1.01,1000.0,1.01,1000.0,1.01,1000.0,35974369,46982.0,427650.0,58805.0,1.261449806,1.261449816,1.261449805,1.261449815,1.01,1000.0,1.31,1.56,13.5,16.5,1.06,1.08,3.8,5.0,1.3,1.36,1.14,1.17,2.72,2.9,1.28,1.3,1.261449797,1.261449809,1.261449810,1.261449820
Peruvian Primera Division,2026-08-30,15:15:00,Asociacion Deportiva Tarma,Sport Huancayo,2.48,3.15,2.66,3.5,2.84,4.6,1.73,2.08,1.92,2.38,1.01,1000.0,1.01,1000.0,1.01,1000.0,1.01,1000.0,1.01,1000.0,1.01,1000.0,1.01,1000.0,1.01,1000.0,1.01,1000.0,1.01,1000.0,1.01,1000.0,1.01,1000.0,1.01,1000.0,1.01,1000.0,1.01,1000.0,1.01,1000.0,1.01,1000.0,1.01,1000.0,1.01,1000.0,1.01,1000.0,1.01,1000.0,35976900,26776138.0,4972227.0,58805.0,1.261472454,1.261472457,1.261472501,1.261472502,1.01,1000.0,1.01,1000.0,3.05,110.0,1.01,1.4,3.05,100.0,1.3,1.4,1.4,1.61,1.47,1.68,1.28,1.55,1.261472503,1.261472464,1.261472455,1.261472456
Turkish Super League,2026-08-30,15:30:00,Basaksehir,Kasimpasa,1.68,1.76,5.3,5.8,4.0,4.4,2.02,2.4,1.71,1.98,1.72,2.0,2.06,2.3,2.26,21.0,2.56,1000.0,2.56,1000.0,2.56,1000.0,2.2,17.0,8.0,11.0,17.0,1000.0,2.48,90.0,9.0,11.5,2.22,18.0,2.56,1000.0,2.48,85.0,2.26,21.0,2.26,21.0,2.4,40.0,2.56,1000.0,7.8,11.0,2.48,95.0,2.56,1000.0,35976839,10071088.0,2080735.0,58805.0,1.261472948,1.261472958,1.261472947,1.261472957,3.0,110.0,1.01,1.49,11.0,110.0,1.02,1.09,4.3,4.9,1.26,1.31,1.2,1.24,2.3,2.48,1.29,1.34,1.261472939,1.261472951,1.261472952,1.261472962
Turkish Super League,2026-08-30,15:30:00,Samsunspor,Fenerbahce,5.5,5.9,1.65,1.68,4.3,4.7,2.4,2.52,1.66,1.72,1.72,1.79,2.28,2.38,19.5,23.0,10.0,11.5,10.0,11.5,14.0,17.5,20.0,25.0,9.0,10.5,9.2,10.5,13.5,17.0,26.0,50.0,19.0,23.0,16.5,19.5,19.5,32.0,11.0,1000.0,32.0,1000.0,30.0,1000.0,10.5,1000.0,30.0,1000.0,6.6,7.4,11.0,1000.0,35976837,113124.0,46726.0,58805.0,1.261473058,1.261473068,1.261473057,1.261473067,1.01,110.0,1.01,110.0,17.0,26.0,1.04,1.06,5.0,5.5,1.22,1.24,2.46,2.54,1.2,1.23,1.27,1.3,1.261473049,1.261473061,1.261473062,1.261473072
Uruguayan Primera Division,2026-08-30,15:30:00,Penarol,Nacional (Uru),2.3,2.46,3.45,3.75,3.1,3.6,1.71,1.8,2.24,2.42,1.91,2.1,1.91,2.1,9.6,11.5,10.0,12.0,21.0,26.0,32.0,1000.0,7.8,8.6,6.4,7.8,13.5,16.0,26.0,55.0,12.0,14.5,10.0,12.0,17.5,21.0,32.0,1000.0,19.0,34.0,18.5,30.0,28.0,290.0,42.0,1000.0,16.0,27.0,28.0,340.0,60.0,1000.0,35975851,328191.0,504780.0,58805.0,1.261463262,1.261463272,1.261463261,1.261463271,2.44,3.6,1.38,1.69,9.2,12.5,1.09,1.12,3.1,3.45,1.41,1.48,1.37,1.41,1.69,1.77,1.39,1.46,1.261463253,1.261463265,1.261463266,1.261463276
Italian Serie A,2026-08-30,15:45:00,Lazio,Genoa,2.18,2.2,4.4,4.5,3.15,3.2,1.61,1.63,2.58,2.62,2.14,2.22,1.83,1.88,8.6,9.0,11.0,12.0,26.0,28.0,85.0,100.0,7.0,7.4,6.8,7.2,17.5,19.0,48.0,70.0,10.5,11.5,11.5,12.5,19.5,22.0,75.0,90.0,25.0,28.0,25.0,27.0,50.0,55.0,46.0,180.0,23.0,25.0,80.0,100.0,21.0,1000.0,35965464,56966.0,60310.0,58805.0,1.261367355,1.261367339,1.261367354,1.261367364,2.7,2.84,1.54,1.59,8.4,9.0,1.12,1.14,2.9,2.96,1.51,1.53,1.28,1.3,1.83,1.85,1.45,1.47,1.261367357,1.261367359,1.261367360,1.261367342
French Ligue 1,2026-08-30,15:45:00,Monaco,Marseille,2.48,2.52,2.9,2.96,3.8,3.9,2.5,2.6,1.62,1.67,1.55,1.58,2.74,2.82,20.0,22.0,15.5,17.5,21.0,24.0,38.0,44.0,14.0,15.5,8.4,9.2,12.0,13.0,23.0,28.0,17.0,20.0,11.0,12.0,13.0,14.0,29.0,38.0,32.0,38.0,20.0,23.0,25.0,29.0,46.0,55.0,12.0,14.0,15.5,17.5,17.5,430.0,35975243,361706.0,52457652.0,58805.0,1.261458432,1.261458416,1.261458431,1.261458441,3.75,4.9,1.26,1.36,17.5,26.0,1.04,1.07,5.5,6.0,1.2,1.23,1.51,1.53,1.65,1.68,1.34,1.36,1.261458434,1.261458436,1.261458437,1.261458419
Italian Serie A,2026-08-30,15:45:00,Cagliari,Inter,9.2,9.6,1.46,1.47,4.7,4.9,2.1,2.12,1.9,1.91,2.12,2.18,1.85,1.89,15.5,16.0,7.6,8.0,7.8,8.2,11.5,12.5,23.0,26.0,10.0,11.0,9.8,10.5,14.5,15.5,50.0,80.0,28.0,34.0,25.0,27.0,36.0,40.0,21.0,330.0,44.0,150.0,20.0,130.0,21.0,170.0,21.0,230.0,6.6,7.0,23.0,1000.0,35974484,60297.0,63347.0,58805.0,1.261451032,1.261451012,1.261451031,1.261451041,3.3,3.45,1.41,1.43,15.0,17.0,1.06,1.07,4.2,4.4,1.29,1.31,3.1,3.2,1.11,1.13,1.26,1.28,1.261451034,1.261451036,1.261451037,1.261451018
Serbian First League,2026-08-30,16:00:00,FK Backa Topola,Fk Smederevo,1.06,1.8,2.24,1000.0,2.24,1000.0,1.07,110.0,1.37,21.0,1.01,1000.0,1.01,1000.0,1.01,1000.0,1.01,1000.0,1.01,1000.0,1.01,1000.0,1.01,1000.0,1.01,1000.0,1.01,1000.0,1.01,1000.0,1.01,1000.0,1.01,1000.0,1.01,1000.0,1.01,1000.0,1.01,1000.0,1.01,1000.0,1.01,1000.0,1.01,1000.0,1.01,1000.0,1.01,1000.0,1.01,1000.0,35998415,14609047.0,15434416.0,58805.0,1.261699094,1.261699152,1.261699199,1.261699105,1.01,1000.0,1.01,1000.0,1.07,1000.0,1.01,110.0,1.07,110.0,1.01,110.0,1.01,1.8,2.24,110.0,1.01,1.79,1.261699095,1.261699097,1.261699098,1.261699157
Italian Serie C,2026-08-30,16:00:00,Gubbio,Reggiana,0.0,0.0,0.0,0.0,0.0,0.0,1.24,1000.0,1.01,6.4,0.0,0.0,0.0,0.0,0.0,0.0,0.0,0.0,0.0,0.0,0.0,0.0,0.0,0.0,0.0,0.0,0.0,0.0,0.0,0.0,0.0,0.0,0.0,0.0,0.0,0.0,0.0,0.0,0.0,0.0,0.0,0.0,0.0,0.0,0.0,0.0,0.0,0.0,0.0,0.0,0.0,0.0,35990370.0,0.0,0.0,0.0,0.0,1.261622888,0.0,0.0,0.0,0.0,0.0,0.0,0.0,0.0,0.0,0.0,0.0,0.0,0.0,0.0,0.0,0.0,0.0,0.0,0.0,0.0,0.0,0.0,0.0,0.0
Italian Serie B,2026-08-30,16:00:00,Pisa,Catanzaro,1.86,2.0,4.5,6.0,3.3,3.6,1.66,1.74,2.36,2.5,2.1,2.3,1.77,1.94,1.51,18.0,1.59,44.0,1.65,1000.0,1.65,1000.0,5.5,9.6,1.4,9.6,1.65,1000.0,1.65,1000.0,7.0,17.0,7.6,21.0,1.65,1000.0,1.65,1000.0,1.65,1000.0,1.65,1000.0,1.65,1000.0,1.65,1000.0,1.65,1000.0,1.65,1000.0,1.65,1000.0,35987277,501200.0,522058.0,58805.0,1.261581194,1.261581197,1.261581241,1.261581242,1.01,3.15,1.46,110.0,7.6,13.5,1.08,1.14,2.92,3.2,1.45,1.52,1.2,1.28,2.0,2.18,1.38,1.44,1.261581243,1.261581204,1.261581195,1.261581196
Italian Serie B,2026-08-30,16:00:00,Benevento,Sudtirol,2.16,2.34,3.9,4.5,3.1,3.4,1.62,1.71,2.4,2.64,2.04,2.32,1.85,1.96,8.6,12.0,10.0,14.0,5.3,29.0,3.25,120.0,6.6,7.6,6.4,18.0,15.0,21.0,3.2,80.0,11.0,15.5,10.0,14.0,19.0,27.0,3.2,100.0,5.4,32.0,5.4,30.0,5.2,65.0,3.3,200.0,5.3,28.0,3.25,110.0,3.35,1000.0,35987271,522054.0,4893599.0,58805.0,1.261581063,1.261581066,1.261581110,1.261581111,1.01,110.0,1.01,110.0,7.2,9.8,1.11,1.15,2.82,3.15,1.48,1.53,1.29,1.34,1.74,1.87,1.41,1.48,1.261581112,1.261581073,1.261581064,1.261581065
Chilean Primera B,2026-08-30,16:00:00,Deportes Temuco,Puerto Montt,1.98,2.26,3.25,4.6,3.4,5.4,1.9,2.16,1.86,2.1,1.01,1000.0,1.01,1000.0,1.01,1000.0,1.01,1000.0,1.01,1000.0,1.01,1000.0,1.01,1000.0,1.01,1000.0,1.01,1000.0,1.01,1000.0,1.01,1000.0,1.01,1000.0,1.01,1000.0,1.01,1000.0,1.01,1000.0,1.01,1000.0,1.01,1000.0,1.01,1000.0,1.01,1000.0,1.01,1000.0,1.01,1000.0,35993174,5649151.0,5684078.0,58805.0,1.261658933,1.261658943,1.261658932,1.261658942,2.64,4.2,1.01,1000.0,3.4,110.0,1.01,1.38,3.4,4.4,1.29,1.38,1.28,1.44,1.79,2.04,1.23,1.42,1.261658924,1.261658936,1.261658937,1.261658947
Brazilian Serie B,2026-08-30,16:00:00,America MG,Ponte Preta,1.19,1.2,18.0,26.0,8.2,9.2,2.6,2.86,1.54,1.63,2.56,2.84,1.54,1.65,21.0,1000.0,3.95,65.0,4.1,340.0,4.2,1000.0,7.6,11.5,15.0,1000.0,4.0,100.0,4.2,1000.0,6.4,9.6,9.4,14.0,3.95,75.0,4.1,410.0,7.0,9.8,3.25,15.0,4.0,95.0,4.1,580.0,2.92,3.65,4.1,1000.0,4.2,1000.0,35980998,4516149.0,204603.0,58805.0,1.261526213,1.261526216,1.261526260,1.261526261,1.01,110.0,1.01,110.0,15.5,36.0,1.03,1.07,5.5,6.0,1.2,1.22,1.04,1.06,6.0,6.6,1.12,1.14,1.261526262,1.261526223,1.261526214,1.261526215
Brazilian Serie A,2026-08-30,16:00:00,Corinthians,Santos,1.9,1.98,4.6,5.4,3.2,3.95,1.67,1.78,2.28,2.5,1.95,2.3,1.78,2.06,1.4,19.5,1.51,1000.0,1.51,1000.0,1.51,1000.0,1.32,10.5,1.34,11.5,1.51,1000.0,1.51,1000.0,1.39,17.5,1.4,19.5,1.51,1000.0,1.51,1000.0,1.51,1000.0,1.51,1000.0,1.51,1000.0,1.51,1000.0,1.51,1000.0,1.51,1000.0,1.51,1000.0,35953356,198136.0,198127.0,58805.0,1.261253054,1.261253064,1.261253053,1.261253063,1.01,110.0,1.01,110.0,3.15,110.0,1.09,1.15,3.15,3.4,1.42,1.47,1.23,1.28,2.02,2.12,1.35,1.43,1.261253045,1.261253057,1.261253058,1.261253068
Brazilian Serie A,2026-08-30,16:00:00,Flamengo,Botafogo FR,1.42,1.49,7.8,10.5,4.9,5.5,2.2,2.6,1.64,1.82,1.86,2.1,1.91,2.18,16.0,27.0,4.8,36.0,4.9,90.0,5.0,310.0,8.6,11.5,10.5,14.5,23.0,38.0,4.9,150.0,8.4,11.5,9.0,12.5,20.0,29.0,5.0,120.0,11.0,15.0,12.5,18.0,4.8,42.0,5.1,150.0,5.4,5.9,5.0,170.0,5.1,1000.0,35953415,198138.0,11302836.0,58805.0,1.261252944,1.261252954,1.261252943,1.261252953,1.01,110.0,1.01,110.0,15.0,26.0,1.04,1.06,4.4,5.4,1.23,1.28,1.12,1.15,3.05,3.4,1.22,1.25,1.261252935,1.261252947,1.261252948,1.261252958
Brazilian Serie B,2026-08-30,16:00:00,Avai,Atletico GO,2.6,2.82,3.05,3.35,3.05,3.3,1.57,1.7,2.42,2.74,1.96,2.22,1.82,2.04,1.01,1000.0,7.8,1000.0,14.5,1000.0,38.0,1000.0,7.2,1000.0,5.8,1000.0,10.5,1000.0,29.0,1000.0,12.5,1000.0,9.6,1000.0,16.0,1000.0,42.0,1000.0,30.0,1000.0,26.0,1000.0,38.0,1000.0,80.0,1000.0,1.01,1000.0,1.01,1000.0,1.01,1000.0,35982381,3859186.0,5326988.0,58805.0,1.261540643,1.261540646,1.261540690,1.261540691,1.01,110.0,1.01,110.0,2.72,110.0,1.01,1.58,2.72,3.2,1.45,1.58,1.42,1.49,1.55,1.63,1.43,1.49,1.261540692,1.261540653,1.261540644,1.261540645
Chilean Primera Division,2026-08-30,16:00:00,Univ de Concepcion,Universidad de Chile,5.2,5.9,1.72,1.82,3.8,4.1,1.95,2.08,1.92,2.06,1.76,2.18,1.98,2.14,11.5,17.5,7.4,9.6,8.0,12.0,14.0,22.0,13.5,21.0,6.8,9.0,9.0,12.0,14.5,22.0,32.0,50.0,16.5,25.0,15.5,24.0,28.0,44.0,100.0,170.0,55.0,90.0,65.0,90.0,85.0,140.0,65.0,110.0,8.8,13.5,1.01,1000.0,35970327,5129867.0,1069686.0,58805.0,1.261401097,1.261401107,1.261401096,1.261401106,1.01,1000.0,1.01,1000.0,12.0,15.5,1.07,1.09,3.65,4.6,1.29,1.38,2.22,2.4,1.2,1.24,1.32,1.36,1.261401088,1.261401100,1.261401101,1.261401111
Serbian Super League,2026-08-30,16:00:00,FK IMT Novi Beograd,Mladost Lucani,1.64,1.86,5.0,8.2,2.94,5.3,1.64,1.86,2.16,2.58,1.01,1000.0,1.01,1000.0,1.01,1000.0,1.01,1000.0,1.01,1000.0,1.01,1000.0,1.01,1000.0,1.01,1000.0,1.01,1000.0,1.01,1000.0,1.01,1000.0,1.01,1000.0,1.01,1000.0,1.01,1000.0,1.01,1000.0,1.01,1000.0,1.01,1000.0,1.01,1000.0,1.01,1000.0,1.01,1000.0,1.01,1000.0,35979886,17203916.0,2503610.0,58805.0,1.261511698,1.261511701,1.261511745,1.261511746,1.01,1000.0,1.38,1.73,2.76,110.0,1.01,1.57,2.76,100.0,1.39,1.57,1.14,1.24,2.16,2.58,1.25,1.52,1.261511747,1.261511708,1.261511699,1.261511700
Italian Serie C,2026-08-30,16:00:00,Pesaro,Perugia,0.0,0.0,0.0,0.0,0.0,0.0,1.24,1000.0,1.01,6.4,0.0,0.0,0.0,0.0,0.0,0.0,0.0,0.0,0.0,0.0,0.0,0.0,0.0,0.0,0.0,0.0,0.0,0.0,0.0,0.0,0.0,0.0,0.0,0.0,0.0,0.0,0.0,0.0,0.0,0.0,0.0,0.0,0.0,0.0,0.0,0.0,0.0,0.0,0.0,0.0,0.0,0.0,35990372.0,0.0,0.0,0.0,0.0,1.261626611,0.0,0.0,0.0,0.0,0.0,0.0,0.0,0.0,0.0,0.0,0.0,0.0,0.0,0.0,0.0,0.0,0.0,0.0,0.0,0.0,0.0,0.0,0.0,0.0
Italian Serie C,2026-08-30,16:00:00,Pergolettese,Union Brescia,0.0,0.0,0.0,0.0,0.0,0.0,1.24,1000.0,1.01,6.4,0.0,0.0,0.0,0.0,0.0,0.0,0.0,0.0,0.0,0.0,0.0,0.0,0.0,0.0,0.0,0.0,0.0,0.0,0.0,0.0,0.0,0.0,0.0,0.0,0.0,0.0,0.0,0.0,0.0,0.0,0.0,0.0,0.0,0.0,0.0,0.0,0.0,0.0,0.0,0.0,0.0,0.0,35986781.0,0.0,0.0,0.0,0.0,1.261574861,0.0,0.0,0.0,0.0,0.0,0.0,0.0,0.0,0.0,0.0,0.0,0.0,0.0,0.0,0.0,0.0,0.0,0.0,0.0,0.0,0.0,0.0,0.0,0.0
Italian Serie C,2026-08-30,16:00:00,Lumezzane,Giana Erminio,0.0,0.0,0.0,0.0,0.0,0.0,1.24,1000.0,1.01,6.4,0.0,0.0,0.0,0.0,0.0,0.0,0.0,0.0,0.0,0.0,0.0,0.0,0.0,0.0,0.0,0.0,0.0,0.0,0.0,0.0,0.0,0.0,0.0,0.0,0.0,0.0,0.0,0.0,0.0,0.0,0.0,0.0,0.0,0.0,0.0,0.0,0.0,0.0,0.0,0.0,0.0,0.0,35986840.0,0.0,0.0,0.0,0.0,1.261575276,0.0,0.0,0.0,0.0,0.0,0.0,0.0,0.0,0.0,0.0,0.0,0.0,0.0,0.0,0.0,0.0,0.0,0.0,0.0,0.0,0.0,0.0,0.0,0.0
Paraguayan Primera Division,2026-08-30,16:00:00,Cerro Porteno,Libertad,0.0,0.0,0.0,0.0,0.0,0.0,1.25,110.0,1.37,6.0,1.01,1000.0,1.01,1000.0,1.01,1000.0,1.01,1000.0,1.01,1000.0,1.01,1000.0,1.01,1000.0,1.01,1000.0,1.01,1000.0,1.01,1000.0,1.01,1000.0,1.01,1000.0,1.01,1000.0,1.01,1000.0,1.01,1000.0,1.01,1000.0,1.01,1000.0,1.01,1000.0,1.01,1000.0,1.01,1000.0,1.01,1000.0,35980970,0.0,0.0,0.0,0.0,1.261525796,1.261525840,1.261525841,1.01,1000.0,1.01,1000.0,1.01,1000.0,1.01,1000.0,1.26,110.0,1.37,110.0,1.01,1000.0,1.01,1000.0,1.01,1000.0,1.261525842,1.261525803,1.261525794,1.261525795
Bosnian Premier League,2026-08-30,16:00:00,Radnik Bijeljina,Borac Banja Luka,5.3,110.0,1.44,1.8,3.35,8.6,1.66,2.16,1.87,2.5,1.01,1000.0,1.01,1000.0,1.01,1000.0,1.01,1000.0,1.01,1000.0,1.01,1000.0,1.01,1000.0,1.01,1000.0,1.01,1000.0,1.01,1000.0,1.01,1000.0,1.01,1000.0,1.01,1000.0,1.01,1000.0,1.01,1000.0,1.01,1000.0,1.01,1000.0,1.01,1000.0,1.01,1000.0,1.01,1000.0,1.01,1000.0,35997943,8390754.0,4837337.0,58805.0,1.261696098,1.261696108,1.261696097,1.261696107,1.01,3.9,1.01,1.68,2.72,110.0,1.01,1.58,2.72,110.0,1.01,1.58,2.24,3.3,1.04,1.23,1.13,1.42,1.261696089,1.261696101,1.261696102,1.261696112
Colombian Primera A,2026-08-30,16:00:00,Aguilas Doradas,Boyaca Chico,1.58,1.67,6.8,9.2,3.75,4.3,1.64,1.84,2.2,2.54,1.01,2.62,1.01,1000.0,9.2,1000.0,13.0,1000.0,36.0,1000.0,40.0,1000.0,5.5,1000.0,7.2,1000.0,19.0,1000.0,40.0,1000.0,6.6,1000.0,8.6,1000.0,19.5,1000.0,40.0,1000.0,11.5,1000.0,16.5,1000.0,36.0,1000.0,40.0,1000.0,1.01,1000.0,1.01,1000.0,1.01,1000.0,35984335,8717595.0,3636902.0,58805.0,1.261553112,1.261553115,1.261553159,1.261553160,1.01,110.0,1.01,110.0,1.64,110.0,1.01,2.54,1.64,100.0,1.4,2.54,1.13,1.18,2.48,2.82,1.3,1.37,1.261553161,1.261553122,1.261553113,1.261553114
Icelandic Urvalsdeild,2026-08-30,16:15:00,Valur,IA Akranes,2.18,2.74,2.48,3.4,3.95,7.4,3.35,4.9,1.25,1.43,1.01,1000.0,1.01,5.5,1.01,1000.0,1.01,1000.0,1.01,1000.0,1.01,1000.0,1.01,1000.0,1.01,1000.0,1.01,1000.0,1.01,1000.0,1.01,1000.0,1.01,1000.0,1.01,1000.0,1.01,1000.0,1.01,1000.0,1.01,1000.0,1.01,1000.0,1.01,1000.0,1.01,1000.0,1.01,1000.0,1.01,1000.0,35976964,399803.0,399801.0,58805.0,1.261473703,1.261473713,1.261473702,1.261473712,1.01,1000.0,1.01,1000.0,1.01,110.0,1.01,1.11,3.35,21.0,1.05,1.11,1.45,1.67,1.57,1.85,1.16,1.34,1.261473694,1.261473706,1.261473707,1.261473717
Spanish La Liga,2026-08-30,16:30:00,Celta Vigo,Athletic Bilbao,2.52,2.56,3.2,3.25,3.35,3.4,1.83,1.85,2.18,2.22,1.86,1.93,2.08,2.16,11.0,12.0,10.5,11.5,19.0,21.0,50.0,60.0,9.0,9.8,7.0,7.4,12.5,14.0,34.0,40.0,14.0,15.5,11.0,12.0,17.0,18.0,46.0,55.0,32.0,36.0,26.0,29.0,40.0,46.0,17.5,110.0,23.0,26.0,36.0,40.0,18.5,1000.0,35965983,66483.0,9162.0,58805.0,1.261374144,1.261374083,1.261374143,1.261374154,3.0,3.15,1.46,1.5,11.0,12.5,1.09,1.1,3.5,3.6,1.39,1.4,1.44,1.46,1.64,1.66,1.41,1.43,1.261374146,1.261374148,1.261374149,1.261374087
Spanish Segunda Division,2026-08-30,16:30:00,Cordoba,Granada,1.89,1.91,5.1,5.4,3.5,3.65,1.94,2.04,1.97,2.08,1.84,1.93,2.08,2.2,11.5,14.0,16.5,18.5,28.0,42.0,14.5,130.0,8.4,9.2,7.0,8.0,18.5,20.0,48.0,75.0,10.0,11.5,9.4,10.5,15.5,17.5,55.0,80.0,18.0,21.0,17.5,21.0,30.0,38.0,14.0,120.0,11.0,13.5,50.0,80.0,7.0,1000.0,35980217,68247.0,2255452.0,58805.0,1.261517594,1.261517597,1.261517641,1.261517642,3.0,110.0,1.01,1.5,11.5,13.5,1.08,1.1,3.85,4.2,1.32,1.36,1.23,1.25,2.1,2.14,1.37,1.4,1.261517643,1.261517604,1.261517595,1.261517596
Portuguese Primeira Liga,2026-08-30,16:30:00,Famalicao,Gil Vicente,2.18,2.26,3.9,4.2,3.25,3.35,1.67,1.77,2.3,2.5,1.97,2.1,1.91,2.02,9.2,10.5,10.5,12.5,23.0,29.0,11.5,90.0,7.4,8.0,6.8,7.6,15.0,21.0,50.0,60.0,11.5,13.0,10.0,13.5,18.0,25.0,60.0,80.0,25.0,29.0,24.0,34.0,42.0,50.0,11.5,160.0,20.0,30.0,13.5,80.0,9.0,1000.0,35979539,5875376.0,48784.0,58805.0,1.261504639,1.261504642,1.261504686,1.261504687,1.01,110.0,1.01,110.0,8.0,11.0,1.1,1.13,2.96,3.35,1.42,1.51,1.31,1.35,1.79,1.85,1.43,1.45,1.261504688,1.261504649,1.261504640,1.261504641
Argentinian Primera Division,2026-08-30,17:00:00,Argentinos Juniors,Aldosivi,1.4,1.46,11.0,15.5,4.3,5.2,1.73,1.92,2.08,2.36,2.46,110.0,1.45,1.68,9.0,1000.0,18.0,1000.0,60.0,1000.0,100.0,1000.0,4.9,1000.0,9.0,1000.0,30.0,1000.0,100.0,1000.0,5.5,1000.0,9.2,1000.0,32.0,1000.0,100.0,1000.0,9.4,1000.0,16.5,1000.0,46.0,1000.0,100.0,1000.0,1.01,1000.0,1.01,1000.0,1.01,1000.0,35949487,453739.0,5174666.0,58805.0,1.261205121,1.261205131,1.261205120,1.261205130,1.01,110.0,1.01,110.0,2.52,110.0,1.01,1.66,2.52,100.0,1.42,1.66,1.07,1.1,3.15,3.5,1.24,1.31,1.261205112,1.261205124,1.261205125,1.261205135
Peruvian Primera Division,2026-08-30,17:30:00,Sport Boys (Per),Sporting Cristal,2.46,2.7,2.9,3.2,3.35,3.7,1.89,2.06,1.95,2.12,1.62,2.06,1.95,2.62,1.01,1000.0,9.0,14.5,1.01,30.0,30.0,75.0,1.01,15.5,6.0,9.6,9.8,16.5,25.0,42.0,12.5,21.0,7.4,1000.0,10.5,25.0,32.0,55.0,26.0,46.0,16.5,44.0,24.0,60.0,65.0,110.0,14.0,34.0,22.0,38.0,1.01,1000.0,35975912,7587321.0,328696.0,58805.0,1.261464244,1.261464247,1.261464291,1.261464292,1.66,1000.0,1.01,2.5,10.0,14.5,1.07,1.11,3.6,4.7,1.32,1.39,1.45,1.53,1.58,1.69,1.37,1.43,1.261464293,1.261464254,1.261464245,1.261464246
Ecuadorian Serie A,2026-08-30,17:30:00,Orense Sporting Club,Macara,2.32,2.54,3.45,3.85,3.0,3.35,1.59,1.71,2.42,2.68,1.87,2.34,1.85,1.99,7.4,11.0,9.4,11.0,21.0,25.0,46.0,100.0,7.0,8.2,6.4,7.4,13.5,16.0,34.0,75.0,12.5,14.5,10.5,12.0,18.5,22.0,50.0,100.0,23.0,50.0,20.0,34.0,40.0,60.0,85.0,180.0,1.01,34.0,50.0,100.0,85.0,1000.0,35979567,17583926.0,6161547.0,58805.0,1.261505826,1.261505832,1.261505889,1.261505891,1.01,1000.0,1.01,1000.0,7.2,9.8,1.11,1.14,2.76,3.1,1.48,1.57,1.35,1.41,1.64,1.76,1.42,1.5,1.261505894,1.261505846,1.261505828,1.261505829
US MLS,2026-08-30,17:30:00,Columbus,New England Revolution,2.14,2.2,3.5,3.65,3.8,3.95,2.32,2.38,1.72,1.76,1.63,1.68,2.46,2.58,17.5,21.0,14.5,16.5,23.0,29.0,42.0,75.0,11.0,12.5,8.0,8.8,13.0,14.5,30.0,46.0,13.5,15.5,9.8,11.0,13.5,16.0,28.0,48.0,19.5,28.0,18.0,21.0,20.0,32.0,32.0,85.0,11.0,13.5,21.0,32.0,11.0,1000.0,35973473,171903.0,408103.0,58805.0,1.261436932,1.261436942,1.261436931,1.261436941,3.8,3.95,1.34,1.36,17.5,21.0,1.05,1.06,4.9,5.1,1.24,1.26,1.37,1.4,1.83,1.88,1.33,1.36,1.261436923,1.261436935,1.261436936,1.261436946
Venezuelan Primera Division,2026-08-30,18:00:00,Deportivo Tachira,Caracas,1.4,1.69,5.7,19.5,3.9,9.0,1.86,2.52,1.66,2.16,1.01,1000.0,1.01,1000.0,1.01,1000.0,1.01,1000.0,1.01,1000.0,1.01,1000.0,1.01,1000.0,1.01,1000.0,1.01,1000.0,1.01,1000.0,1.01,1000.0,1.01,1000.0,1.01,1000.0,1.01,1000.0,1.01,1000.0,1.01,1000.0,1.01,1000.0,1.01,1000.0,1.01,1000.0,1.01,1000.0,1.01,1000.0,35996207,712865.0,3738659.0,58805.0,1.261683771,1.261683781,1.261683770,1.261683780,1.01,1000.0,1.29,1.57,3.95,110.0,1.01,1.34,3.95,4.9,1.27,1.34,1.05,1.21,2.44,3.5,1.12,1.35,1.261683762,1.261683774,1.261683775,1.261683785
Honduras Liga Nacional,2026-08-30,18:00:00,Estrella Roja,CD Olimpia,1.09,110.0,1.09,110.0,1.1,950.0,1.26,4.8,1.27,4.8,1.01,1000.0,1.01,1000.0,1.01,1000.0,1.01,1000.0,1.01,1000.0,1.01,1000.0,1.01,1000.0,1.01,1000.0,1.01,1000.0,1.01,1000.0,1.01,1000.0,1.01,1000.0,1.01,1000.0,1.01,1000.0,1.01,1000.0,1.01,1000.0,1.01,1000.0,1.01,1000.0,1.01,1000.0,1.01,1000.0,1.01,1000.0,35988708,41241892.0,1395933.0,58805.0,1.261596129,1.261596174,1.261596213,1.261596138,1.01,1000.0,1.01,1000.0,1.27,110.0,1.01,110.0,1.27,110.0,1.01,4.8,1.01,36.0,1.01,36.0,1.01,110.0,1.261596130,1.261596132,1.261596133,1.261596177
Brazilian Serie B,2026-08-30,18:00:00,CRB,Criciuma,2.3,1000.0,3.65,4.5,1.09,3.45,1.58,1.8,2.24,2.72,1.91,2.16,1.01,1000.0,8.6,1000.0,8.8,1000.0,18.5,1000.0,50.0,1000.0,6.2,1000.0,5.8,1000.0,12.5,1000.0,40.0,1000.0,10.0,1000.0,9.2,1000.0,17.0,1000.0,44.0,1000.0,24.0,1000.0,24.0,1000.0,36.0,1000.0,85.0,1000.0,1.01,1000.0,1.01,1000.0,1.01,1000.0,35982400,6368159.0,356589.0,58805.0,1.261541414,1.261541417,1.261541461,1.261541462,1.01,110.0,1.01,110.0,2.8,110.0,1.01,1.55,2.8,100.0,1.02,1.55,1.33,1.37,1.62,1.77,1.43,1.5,1.261541463,1.261541424,1.261541415,1.261541416
Colombian Primera A,2026-08-30,18:10:00,Ind Medellin,Llaneros FC,1.48,1.58,7.2,10.0,4.1,5.4,1.89,2.1,1.91,2.12,1.01,1000.0,1.01,2.0,1.84,19.5,2.02,1000.0,1.99,90.0,2.02,1000.0,1.67,9.4,2.02,1000.0,1.93,38.0,2.02,1000.0,1.71,11.0,2.02,1000.0,1.92,34.0,2.02,1000.0,1.82,17.5,1.86,22.0,2.02,1000.0,2.02,1000.0,1.71,11.0,2.02,1000.0,2.02,1000.0,35989130,1067444.0,6563307.0,58805.0,1.261609798,1.261609801,1.261609845,1.261609846,1.01,110.0,1.01,110.0,3.2,110.0,1.01,1.39,3.2,4.4,1.29,1.39,1.11,1.17,2.72,3.1,1.23,1.33,1.261609847,1.261609808,1.261609799,1.261609800
Paraguayan Primera Division,2026-08-30,18:30:00,Guarani (Par),Club Sportivo Ameliano,0.0,0.0,0.0,0.0,0.0,0.0,1.25,110.0,1.41,6.0,1.01,1000.0,1.01,1000.0,1.01,1000.0,1.01,1000.0,1.01,1000.0,1.01,1000.0,1.01,1000.0,1.01,1000.0,1.01,1000.0,1.01,1000.0,1.01,1000.0,1.01,1000.0,1.01,1000.0,1.01,1000.0,1.01,1000.0,1.01,1000.0,1.01,1000.0,1.01,1000.0,1.01,1000.0,1.01,1000.0,1.01,1000.0,35985207,0.0,0.0,0.0,0.0,1.261558773,1.261558817,1.261558818,1.01,1000.0,1.01,1000.0,1.01,1000.0,1.01,1000.0,1.26,110.0,1.41,110.0,1.01,1000.0,1.01,1000.0,1.01,1000.0,1.261558819,1.261558780,1.261558771,1.261558772
Brazilian Serie A,2026-08-30,18:30:00,Mirassol,SE Palmeiras,3.8,4.1,2.12,2.2,3.35,3.6,1.84,1.92,2.08,2.18,1.85,1.94,2.06,2.18,11.0,15.0,8.2,10.5,11.5,14.0,20.0,28.0,12.0,14.0,7.0,9.0,9.6,13.0,21.0,26.0,20.0,28.0,14.0,16.5,16.5,19.0,5.9,48.0,6.0,95.0,36.0,60.0,6.2,70.0,6.2,130.0,6.0,65.0,14.5,22.0,6.4,1000.0,35953433,2760854.0,22498185.0,58805.0,1.261253385,1.261253395,1.261253384,1.261253394,1.01,110.0,1.01,110.0,9.8,13.0,1.08,1.1,3.45,3.7,1.37,1.4,1.83,1.89,1.32,1.36,1.38,1.43,1.261253376,1.261253388,1.261253389,1.261253399
Chilean Primera Division,2026-08-30,18:30:00,Colo Colo,Audax Italiano,1.45,1.52,7.2,8.8,4.4,5.2,2.0,2.44,1.7,1.99,1.01,2.32,1.01,2.28,1.01,1000.0,1.01,1000.0,1.01,1000.0,1.01,1000.0,1.01,1000.0,1.01,1000.0,1.01,1000.0,1.01,1000.0,1.01,1000.0,1.01,1000.0,1.01,1000.0,1.01,1000.0,1.01,1000.0,1.01,1000.0,1.01,1000.0,1.01,1000.0,1.01,1000.0,1.01,1000.0,1.01,1000.0,35977140,330239.0,2295419.0,58805.0,1.261475380,1.261475390,1.261475379,1.261475389,1.01,1000.0,1.01,1000.0,1.01,110.0,1.01,1.32,2.3,5.7,1.21,1.32,1.13,1.17,2.92,3.3,1.24,1.29,1.261475371,1.261475383,1.261475384,1.261475394
Brazilian Serie A,2026-08-30,18:30:00,Gremio,Chapecoense,1.58,1.63,6.6,7.8,4.1,4.5,1.99,2.12,1.89,2.02,1.01,2.22,1.75,2.26,1.23,21.0,1.3,1000.0,1.3,1000.0,1.3,1000.0,1.2,15.0,1.3,1000.0,1.3,1000.0,1.3,1000.0,1.21,17.0,1.3,1000.0,1.3,1000.0,1.3,1000.0,1.3,1000.0,1.3,1000.0,1.3,1000.0,1.3,1000.0,1.2,16.0,1.3,1000.0,1.3,1000.0,35953351,198134.0,2909511.0,58805.0,1.261253274,1.261253284,1.261253273,1.261253283,3.0,110.0,1.01,1.49,1.01,110.0,1.01,1.34,3.7,4.7,1.27,1.34,1.15,1.18,2.58,2.74,1.28,1.32,1.261253265,1.261253277,1.261253278,1.261253288
Brazilian Serie B,2026-08-30,18:30:00,Vila Nova,Ceara SC Fortaleza,1.88,1.97,4.5,5.3,3.3,4.1,1.66,1.86,2.16,2.52,1.83,2.42,1.71,2.2,9.4,13.5,11.5,14.5,4.3,44.0,4.7,150.0,6.4,7.8,6.6,9.4,16.5,24.0,4.6,95.0,9.4,13.5,9.0,13.0,18.5,27.0,4.6,110.0,19.5,29.0,20.0,30.0,4.5,60.0,4.7,190.0,14.0,24.0,4.7,130.0,4.8,1000.0,35977233,376829.0,5287019.0,58805.0,1.261478069,1.261478072,1.261478116,1.261478117,1.01,110.0,1.01,110.0,7.8,11.5,1.09,1.13,2.84,3.85,1.42,1.54,1.23,1.29,2.02,2.14,1.33,1.43,1.261478118,1.261478079,1.261478070,1.261478071
Uruguayan Primera Division,2026-08-30,19:00:00,Cerro Largo FC,Liverpool Montevideo,3.5,5.0,1.99,2.26,2.78,4.8,1.56,1.91,2.08,2.8,1.01,1000.0,1.68,2.12,1.01,1000.0,1.01,1000.0,1.01,1000.0,1.01,1000.0,1.01,1000.0,1.01,1000.0,1.01,1000.0,1.01,1000.0,1.01,1000.0,1.01,1000.0,1.01,1000.0,1.01,1000.0,1.01,1000.0,1.01,1000.0,1.01,1000.0,1.01,1000.0,1.01,1000.0,1.01,1000.0,1.01,1000.0,35975905,10573041.0,5789820.0,58805.0,1.261469123,1.261469141,1.261469122,1.261469138,2.42,3.5,1.4,1.7,2.48,110.0,1.01,1.68,2.48,100.0,1.41,1.68,1.79,2.02,1.25,1.4,1.27,1.56,1.261469108,1.261469128,1.261469131,1.261469148
Argentinian Primera Division,2026-08-30,19:15:00,CA Independiente,Gimnasia Mendoza,1.7,1.75,6.0,7.8,3.55,4.0,1.65,1.96,2.04,2.58,1.01,1000.0,1.58,1.97,9.4,1000.0,13.5,1000.0,36.0,1000.0,100.0,1000.0,5.7,1000.0,7.6,1000.0,19.5,1000.0,75.0,1000.0,6.6,1000.0,8.8,1000.0,20.0,1000.0,80.0,1000.0,12.0,1000.0,16.0,1000.0,36.0,1000.0,100.0,1000.0,1.01,1000.0,1.01,1000.0,1.01,1000.0,35949504,8015153.0,9229725.0,58805.0,1.261204131,1.261204141,1.261204130,1.261204140,1.01,110.0,1.01,110.0,2.8,12.5,1.09,1.56,2.8,12.0,1.4,1.56,1.15,1.2,2.34,2.44,1.35,1.4,1.261204122,1.261204134,1.261204135,1.261204145
Venezuelan Primera Division,2026-08-30,19:30:00,Portuguesa FC,Metropolitanos,2.4,3.25,2.54,3.65,2.82,5.3,1.68,2.18,1.85,2.46,1.01,1000.0,1.01,1000.0,1.01,1000.0,1.01,1000.0,1.01,1000.0,1.01,1000.0,1.01,1000.0,1.01,1000.0,1.01,1000.0,1.01,1000.0,1.01,1000.0,1.01,1000.0,1.01,1000.0,1.01,1000.0,1.01,1000.0,1.01,1000.0,1.01,1000.0,1.01,1000.0,1.01,1000.0,1.01,1000.0,1.01,1000.0,35996227,10939060.0,8761113.0,58805.0,1.261684101,1.261684111,1.261684100,1.261684110,2.54,4.0,1.33,1.65,2.8,110.0,1.01,1.56,2.8,100.0,1.35,1.56,1.37,1.65,1.44,1.72,1.23,1.55,1.261684092,1.261684104,1.261684105,1.261684115
Brazilian Serie A,2026-08-30,19:30:00,Bahia,Internacional,1.87,1.94,4.5,5.0,3.65,3.95,1.94,2.06,1.94,2.06,1.83,1.95,2.06,2.2,12.5,17.0,13.5,17.0,5.6,38.0,6.2,120.0,7.8,10.5,7.6,9.8,15.5,19.5,6.0,70.0,10.0,12.5,9.0,12.0,16.5,20.0,6.0,75.0,18.0,23.0,17.0,22.0,5.6,38.0,6.2,130.0,11.0,14.0,6.0,80.0,6.6,1000.0,35953392,198139.0,198137.0,58805.0,1.261253164,1.261253174,1.261253163,1.261253173,3.0,110.0,1.01,1.5,12.0,15.5,1.07,1.09,3.7,4.2,1.32,1.36,1.26,1.29,2.06,2.16,1.33,1.38,1.261253155,1.261253167,1.261253168,1.261253178
US MLS,2026-08-30,20:00:00,St Louis City SC,FC Dallas,2.06,2.1,3.6,3.75,3.95,4.2,2.44,2.52,1.66,1.69,1.6,1.65,2.56,2.66,16.5,23.0,13.5,19.0,20.0,36.0,34.0,1000.0,12.0,13.5,8.6,9.6,13.0,17.5,23.0,46.0,13.5,17.5,9.8,13.0,14.0,16.0,23.0,44.0,17.5,26.0,17.0,23.0,19.0,48.0,30.0,1000.0,9.6,11.0,20.0,30.0,10.0,520.0,35973486,52290449.0,2937353.0,58805.0,1.261437397,1.261437407,1.261437396,1.261437406,3.95,4.2,1.31,1.34,18.0,36.0,1.04,1.06,5.2,5.6,1.22,1.24,1.36,1.39,1.9,1.95,1.32,1.34,1.261437388,1.261437400,1.261437401,1.261437411
Ecuadorian Serie A,2026-08-30,20:00:00,Emelec,CD Leones del Norte,1.83,2.04,4.6,6.2,3.25,3.6,1.55,1.72,2.38,2.82,1.01,2.46,1.01,1000.0,1.01,1000.0,1.01,1000.0,1.01,1000.0,1.01,1000.0,1.01,1000.0,1.01,1000.0,1.01,1000.0,1.01,1000.0,1.01,1000.0,1.01,1000.0,1.01,1000.0,1.01,1000.0,1.01,1000.0,1.01,1000.0,1.01,1000.0,1.01,1000.0,1.01,1000.0,1.01,1000.0,1.01,1000.0,35977045,328197.0,67023925.0,58805.0,1.261474716,1.261474726,1.261474715,1.261474725,2.36,3.35,1.42,1.74,2.6,10.5,1.1,1.63,2.6,3.25,1.44,1.63,1.19,1.28,1.96,2.22,1.38,1.45,1.261474707,1.261474719,1.261474720,1.261474730
Venezuelan Primera Division,2026-08-30,20:00:00,Carabobo FC,Zamora FC,1.09,110.0,1.09,110.0,1.1,110.0,1.25,100.0,1.34,6.0,1.01,1000.0,1.01,1000.0,1.01,1000.0,1.01,1000.0,1.01,1000.0,1.01,1000.0,1.01,1000.0,1.01,1000.0,1.01,1000.0,1.01,1000.0,1.01,1000.0,1.01,1000.0,1.01,1000.0,1.01,1000.0,1.01,1000.0,1.01,1000.0,1.01,1000.0,1.01,1000.0,1.01,1000.0,1.01,1000.0,1.01,1000.0,35996196,893607.0,4129326.0,58805.0,1.261683881,1.261683891,1.261683880,1.261683890,1.01,1000.0,1.01,1000.0,1.26,110.0,1.01,110.0,1.26,100.0,1.34,110.0,1.02,36.0,1.02,36.0,1.01,110.0,1.261683872,1.261683884,1.261683885,1.261683895
Colombian Primera A,2026-08-30,20:15:00,Millonarios,Internacional de Bogotá,1.41,1.49,9.4,15.5,3.75,5.4,1.99,2.24,1.81,2.02,1.01,2.38,1.01,1.93,12.5,1000.0,19.0,1000.0,40.0,1000.0,40.0,1000.0,6.2,1000.0,8.8,1000.0,24.0,1000.0,40.0,1000.0,6.0,1000.0,8.4,1000.0,20.0,1000.0,40.0,1000.0,9.2,1000.0,11.0,1000.0,29.0,1000.0,40.0,1000.0,1.01,1000.0,1.01,1000.0,1.01,1000.0,35984338,900849.0,94680813.0,58805.0,1.261556093,1.261556103,1.261556092,1.261556102,1.01,110.0,1.01,110.0,1.01,110.0,1.01,1.41,3.45,100.0,1.27,1.41,1.08,1.12,3.0,3.45,1.22,1.35,1.261556084,1.261556096,1.261556097,1.261556107
Venezuelan Primera Division,2026-08-30,20:30:00,Deportivo La Guaira,Estudiantes de Merida,1.48,1.65,6.4,14.5,3.75,6.0,1.72,1.97,2.04,2.38,1.01,1000.0,1.01,1000.0,1.01,1000.0,1.01,1000.0,1.01,1000.0,1.01,1000.0,1.01,1000.0,1.01,1000.0,1.01,1000.0,1.01,1000.0,1.01,1000.0,1.01,1000.0,1.01,1000.0,1.01,1000.0,1.01,1000.0,1.01,1000.0,1.01,1000.0,1.01,1000.0,1.01,1000.0,1.01,1000.0,1.01,1000.0,35996184,7658015.0,7838019.0,58805.0,1.261683991,1.261684001,1.261683990,1.261684000,1.01,1000.0,1.01,1000.0,3.05,110.0,1.01,1.48,3.05,100.0,1.37,1.48,1.07,1.19,2.52,3.1,1.2,1.36,1.261683982,1.261683994,1.261683995,1.261684005
Chilean Primera Division,2026-08-30,21:00:00,Coquimbo Unido,Huachipato,1.59,1.62,5.8,6.6,4.4,4.8,2.18,2.34,1.75,1.85,1.82,1.95,2.02,2.22,16.5,23.0,19.0,28.0,26.0,65.0,44.0,1000.0,8.2,11.5,9.0,12.5,20.0,29.0,34.0,1000.0,8.8,12.5,8.8,12.0,18.0,25.0,34.0,1000.0,11.5,19.0,12.0,20.0,22.0,40.0,40.0,1000.0,7.2,8.6,36.0,1000.0,60.0,1000.0,35981993,5800422.0,2019917.0,58805.0,1.261534066,1.261534076,1.261534065,1.261534075,1.01,1000.0,1.01,1000.0,17.0,20.0,1.05,1.07,4.5,5.0,1.25,1.29,1.18,1.21,2.6,2.7,1.26,1.29,1.261534057,1.261534069,1.261534070,1.261534080
Peruvian Primera Division,2026-08-30,21:00:00,Cienciano,Cusco FC,2.0,2.42,3.1,4.4,2.94,5.7,1.87,2.62,1.62,2.14,1.01,1000.0,1.01,1000.0,1.01,1000.0,1.01,1000.0,1.01,1000.0,1.01,1000.0,1.01,1000.0,1.01,1000.0,1.01,1000.0,1.01,1000.0,1.01,1000.0,1.01,1000.0,1.01,1000.0,1.01,1000.0,1.01,1000.0,1.01,1000.0,1.01,1000.0,1.01,1000.0,1.01,1000.0,1.01,1000.0,1.01,1000.0,35977088,480160.0,27767097.0,58805.0,1.261475270,1.261475280,1.261475269,1.261475279,1.01,1000.0,1.01,1000.0,2.78,110.0,1.01,1.56,2.78,100.0,1.23,1.56,1.3,1.48,1.7,2.0,1.22,1.52,1.261475261,1.261475273,1.261475274,1.261475284
Mexican Liga MX,2026-08-30,21:00:00,Toluca,FC Juarez,1.3,1.33,9.4,12.0,6.4,7.2,3.05,3.5,1.4,1.49,1.75,1000.0,2.1,2.34,2.58,1000.0,2.58,1000.0,2.58,1000.0,2.58,1000.0,2.26,18.5,2.32,23.0,2.58,1000.0,2.58,1000.0,7.8,13.5,2.18,14.0,2.44,48.0,2.58,1000.0,2.2,15.5,2.24,17.5,2.58,1000.0,2.58,1000.0,2.86,4.4,18.0,1000.0,2.58,1000.0,35970044,230914.0,10002706.0,58805.0,1.261397565,1.261397568,1.261397612,1.261397613,1.01,1000.0,1.01,110.0,20.0,110.0,1.01,1.06,7.0,9.4,1.14,1.17,1.09,1.12,3.9,4.4,1.16,1.19,1.261397614,1.261397575,1.261397566,1.261397567
Argentinian Primera Division,2026-08-30,21:30:00,Independiente Rivadavia,Racing Club,2.24,2.46,3.65,4.3,3.0,3.55,1.57,1.64,2.56,2.76,1.01,1000.0,1.74,1.92,1.01,1000.0,1.01,1000.0,1.01,1000.0,1.01,1000.0,1.01,1000.0,5.8,1000.0,1.01,1000.0,1.01,1000.0,1.01,1000.0,1.01,1000.0,19.0,1000.0,1.01,1000.0,1.01,1000.0,1.01,1000.0,1.01,1000.0,100.0,1000.0,1.01,1000.0,1.01,1000.0,1.01,1000.0,35949534,5333044.0,198558.0,58805.0,1.261204021,1.261204031,1.261204020,1.261204030,1.01,110.0,1.01,110.0,6.4,110.0,1.01,1.19,2.58,100.0,1.02,1.63,1.34,1.38,1.68,1.81,1.4,1.5,1.261204012,1.261204024,1.261204025,1.261204035
Colombian Primera A,2026-08-30,22:20:00,Deportivo Cali,Atletico Bucaramanga,2.02,2.22,4.3,5.2,3.1,3.5,1.55,1.7,2.42,2.82,1.01,2.4,1.01,1.93,8.4,1000.0,9.0,1000.0,19.0,1000.0,40.0,1000.0,5.7,1000.0,5.9,1000.0,14.5,1000.0,40.0,1000.0,8.8,1000.0,9.0,1000.0,18.5,1000.0,40.0,1000.0,18.0,1000.0,19.5,1000.0,40.0,1000.0,40.0,1000.0,1.01,1000.0,1.01,1000.0,1.01,1000.0,35988959,328690.0,7227021.0,58805.0,1.261607100,1.261607110,1.261607099,1.261607109,1.01,110.0,1.01,110.0,2.62,110.0,1.01,1.62,2.62,100.0,1.47,1.62,1.24,1.31,1.83,1.97,1.4,1.48,1.261607091,1.261607103,1.261607104,1.261607114
Mexican Liga MX,2026-08-30,23:10:00,Monterrey,Atletico San Luis,1.54,1.59,6.2,7.4,4.6,5.3,2.5,2.82,1.55,1.67,1.66,1.81,2.24,2.52,2.14,1000.0,2.14,1000.0,2.14,1000.0,2.14,1000.0,1.9,16.5,1.87,14.5,2.14,1000.0,2.14,1000.0,1.87,14.5,1.85,13.5,2.0,32.0,2.14,1000.0,1.95,22.0,1.93,20.0,2.14,1000.0,2.14,1000.0,1.66,7.4,5.9,1000.0,5.9,1000.0,35970078,328949.0,10781957.0,58805.0,1.261397984,1.261397987,1.261398031,1.261398032,1.01,1000.0,1.01,110.0,16.0,55.0,1.02,1.07,5.3,7.0,1.17,1.24,1.17,1.2,2.68,2.9,1.23,1.28,1.261398033,1.261397994,1.261397985,1.261397986
