League,Date,Time,Home,Away,Odd_H_Back,Odd_H_Lay,Odd_A_Back,Odd_A_Lay,Odd_D_Back,Odd_D_Lay,Odd_Under25_FT_Back,Odd_Under25_FT_Lay,Odd_Over25_FT_Back,Odd_Over25_FT_Lay,Odd_BTTS_Yes_Back,Odd_BTTS_Yes_Lay,Odd_BTTS_No_Back,Odd_BTTS_No_Lay,Odd_CS_0x0_Back,Odd_CS_0x0_Lay,Odd_CS_0x1_Back,Odd_CS_0x1_Lay,Odd_CS_0x2_Back,Odd_CS_0x2_Lay,Odd_CS_0x3_Back,Odd_CS_0x3_Lay,Odd_CS_1x0_Back,Odd_CS_1x0_Lay,Odd_CS_1x1_Back,Odd_CS_1x1_Lay,Odd_CS_1x2_Back,Odd_CS_1x2_Lay,Odd_CS_1x3_Back,Odd_CS_1x3_Lay,Odd_CS_2x0_Back,Odd_CS_2x0_Lay,Odd_CS_2x1_Back,Odd_CS_2x1_Lay,Odd_CS_2x2_Back,Odd_CS_2x2_Lay,Odd_CS_2x3_Back,Odd_CS_2x3_Lay,Odd_CS_3x0_Back,Odd_CS_3x0_Lay,Odd_CS_3x1_Back,Odd_CS_3x1_Lay,Odd_CS_3x2_Back,Odd_CS_3x2_Lay,Odd_CS_3x3_Back,Odd_CS_3x3_Lay,Odd_CS_Goleada_H_Back,Odd_CS_Goleada_H_Lay,Odd_CS_Goleada_A_Back,Odd_CS_Goleada_A_Lay,Odd_CS_Goleada_D_Back,Odd_CS_Goleada_D_Lay,ID_Evento,ID_Home,ID_Away,ID_Draw,IDMercado_Match_Odds,IDMercado_Over/Under_25_Goals,IDMercado_Both_teams_to_Score,IDMercado_Correct_Score,Odd_Under05_HT_Back,Odd_Under05_HT_Lay,Odd_Over05_HT_Back,Odd_Over05_HT_Lay,Odd_Under05_FT_Back,Odd_Under05_FT_Lay,Odd_Over05_FT_Back,Odd_Over05_FT_Lay,Odd_Under15_FT_Back,Odd_Under15_FT_Lay,Odd_Over15_FT_Back,Odd_Over15_FT_Lay,Double_Chance_Home_or_Draw_Back,Double_Chance_Home_or_Draw_Lay,Double_Chance_Draw_or_Away_Back,Double_Chance_Draw_or_Away_Lay,Double_Chance_Home_or_Away_Back,Double_Chance_Home_or_Away_Lay,IDMercado_Double_Chance,IDMercado_First_Half_Goals_05,IDMercado_Over/Under_05_Goals,IDMercado_Over/Under_15_Goals
Mexican Liga MX,2026-09-13,00:15:00,Cruz Azul,CF America,2.88,2.92,2.5,2.54,3.75,3.85,2.14,2.22,1.83,1.87,1.68,1.74,2.36,2.46,15.0,17.0,11.5,12.5,16.0,18.0,32.0,36.0,12.0,13.5,7.6,8.4,10.5,12.0,23.0,26.0,19.0,21.0,11.5,13.0,14.5,16.0,32.0,36.0,40.0,46.0,27.0,32.0,34.0,40.0,65.0,75.0,21.0,25.0,17.0,19.0,15.5,1000.0,36042168.0,328204.0,328952.0,58805.0,1.262110774,1.262110784,1.262110773,1.262110783,3.5,3.7,1.37,1.4,15.0,17.5,1.06,1.07,4.4,4.6,1.28,1.3,1.64,1.66,1.52,1.54,1.35,1.36,1.262110765,1.262110777,1.262110778,1.262110788
Hong Kong Premier League,2026-09-13,05:00:00,North District,Hong Kong Rangers FC,1.51,1.57,5.7,6.6,4.9,5.6,3.15,3.4,1.41,1.45,1.57,1.67,2.48,2.76,9.0,40.0,16.0,36.0,23.0,60.0,10.0,150.0,13.0,16.0,11.0,13.5,7.8,26.0,9.4,150.0,11.0,13.5,5.9,12.0,7.0,19.0,9.2,55.0,7.0,17.5,6.6,15.0,19.0,24.0,9.8,60.0,4.1,4.8,8.8,44.0,10.5,350.0,36062435,21137551.0,6620679.0,58805.0,1.262322232,1.262322235,1.262322279,1.262322280,5.1,5.8,1.21,1.24,1.15,46.0,1.02,1.04,7.2,8.6,1.13,1.15,1.18,1.21,2.74,3.0,1.21,1.25,1.262322281,1.262322242,1.262322233,1.262322234
Chinese League 2,2026-09-13,05:00:00,Guangzhou Alpha,Lanzhou Longyuan Athletic,2.6,3.05,3.15,3.8,2.72,2.94,1.46,1.53,2.88,3.45,2.2,2.62,1.62,1.84,6.0,8.6,3.9,9.2,15.5,23.0,42.0,900.0,3.6,7.8,3.55,7.4,4.9,17.5,6.2,75.0,11.5,17.5,10.0,15.0,19.0,28.0,6.4,260.0,28.0,60.0,32.0,55.0,6.2,230.0,6.6,300.0,6.2,75.0,6.2,600.0,6.8,1000.0,36057825,82313171.0,84266016.0,58805.0,1.262291786,1.262291831,1.262291870,1.262291795,2.24,2.6,1.62,1.8,6.0,8.8,1.15,1.2,2.28,2.6,1.63,1.76,1.38,1.45,1.51,1.6,1.51,1.58,1.262291787,1.262291789,1.262291790,1.262291834
Romanian Liga II,2026-09-13,05:00:00,Chindia Targoviste,CSC 1599 Selimbar,1.61,1.64,5.7,7.2,4.1,4.7,2.08,2.3,1.78,1.93,1.75,2.06,1.94,2.32,15.0,21.0,18.5,23.0,36.0,60.0,8.4,190.0,6.6,9.4,8.4,10.5,20.0,25.0,46.0,90.0,8.6,11.0,8.6,10.5,17.5,22.0,42.0,85.0,13.0,16.5,14.0,17.5,23.0,38.0,70.0,390.0,7.4,8.8,50.0,100.0,8.8,1000.0,36041909,5823182.0,48459989.0,58805.0,1.262105688,1.262105691,1.262105735,1.262105736,3.3,4.2,1.31,1.38,13.5,21.0,1.06,1.08,4.1,5.2,1.25,1.32,1.16,1.21,2.56,2.68,1.27,1.33,1.262105737,1.262105698,1.262105689,1.262105690
Hong Kong Premier League,2026-09-13,05:00:00,Shatin SA,Kowloon City FC,2.82,3.1,2.22,2.38,4.0,4.5,2.8,3.15,1.46,1.55,1.49,1.56,2.78,3.1,18.0,32.0,15.0,22.0,17.0,21.0,23.0,34.0,17.0,22.0,9.2,13.5,10.5,13.5,17.5,26.0,21.0,32.0,12.0,15.0,12.0,15.0,21.0,32.0,32.0,48.0,19.0,34.0,22.0,32.0,38.0,60.0,12.5,18.0,9.0,11.0,6.2,960.0,36062549,8889630.0,50785377.0,58805.0,1.262322904,1.262322907,1.262322951,1.262322952,4.4,5.0,1.25,1.29,1.15,36.0,1.03,1.05,6.2,7.8,1.15,1.19,1.71,1.82,1.48,1.55,1.28,1.33,1.262322953,1.262322914,1.262322905,1.262322906
Czech 2 Liga,2026-09-13,05:15:00,Slavia Praha B,Zizkov,2.08,2.18,3.5,3.7,3.65,4.2,2.5,2.68,1.6,1.66,1.57,1.65,2.52,2.76,19.5,25.0,16.5,21.0,23.0,30.0,46.0,65.0,11.5,14.5,8.2,10.0,13.0,16.5,25.0,38.0,13.5,17.0,9.4,12.0,12.5,15.5,27.0,40.0,19.0,27.0,16.5,21.0,22.0,29.0,46.0,60.0,8.8,11.0,19.5,26.0,9.0,960.0,36051757,25328480.0,50333.0,58805.0,1.262241372,1.262241382,1.262241371,1.262241381,4.0,4.5,1.29,1.33,16.0,26.0,1.04,1.06,5.2,6.4,1.19,1.22,1.37,1.4,1.86,1.93,1.32,1.36,1.262241363,1.262241375,1.262241376,1.262241386
Japanese J League 3,2026-09-13,06:00:00,Matsumoto,Sagamihara,2.42,2.56,3.05,3.3,3.4,3.6,1.86,1.93,2.06,2.18,1.77,1.95,2.06,2.3,11.0,14.0,10.0,13.0,18.5,24.0,38.0,75.0,8.4,10.5,6.6,8.2,11.5,15.0,23.0,42.0,13.5,17.0,9.8,12.5,15.0,18.5,30.0,55.0,23.0,38.0,19.0,30.0,27.0,44.0,75.0,440.0,19.5,25.0,22.0,40.0,8.4,1000.0,36062942,7081210.0,9339232.0,58805.0,1.262323910,1.262323920,1.262323909,1.262323919,2.92,3.15,1.46,1.52,11.0,15.5,1.07,1.1,3.55,3.9,1.36,1.39,1.43,1.49,1.64,1.71,1.38,1.42,1.262323901,1.262323913,1.262323914,1.262323924
Japanese J League,2026-09-13,06:00:00,Tokyo-V,Jef Utd Chiba,2.3,2.36,3.5,3.6,3.4,3.45,1.72,1.75,2.34,2.38,1.99,2.06,1.95,2.02,10.0,11.0,10.0,11.5,21.0,24.0,9.6,80.0,7.6,8.4,6.8,7.6,13.0,16.0,40.0,55.0,12.0,14.5,10.0,12.0,18.0,21.0,40.0,75.0,14.5,36.0,23.0,32.0,42.0,55.0,29.0,450.0,20.0,28.0,9.8,70.0,11.0,1000.0,36038809,263080.0,5021203.0,58805.0,1.262069954,1.262069957,1.262070001,1.262070002,2.76,2.86,1.54,1.57,10.0,11.0,1.1,1.11,3.15,3.25,1.44,1.47,1.38,1.4,1.73,1.77,1.4,1.42,1.262070003,1.262069964,1.262069955,1.262069956
Japanese J League 2,2026-09-13,06:00:00,Sendai,Sapporo,1.83,1.88,4.8,5.1,3.75,3.95,2.0,2.08,1.94,1.99,1.82,1.89,2.12,2.22,13.5,18.5,14.5,20.0,30.0,44.0,7.6,900.0,8.2,10.5,7.6,8.6,16.0,28.0,24.0,100.0,10.0,13.5,9.2,12.0,16.5,20.0,27.0,100.0,17.5,24.0,17.5,23.0,25.0,40.0,7.6,580.0,10.5,14.0,22.0,95.0,8.0,1000.0,36038708,442179.0,2245760.0,58805.0,1.262066831,1.262066834,1.262066878,1.262066879,3.15,3.35,1.43,1.47,13.5,15.5,1.07,1.08,4.0,4.3,1.31,1.33,1.24,1.27,2.12,2.2,1.33,1.37,1.262066880,1.262066841,1.262066832,1.262066833
Japanese J League 2,2026-09-13,06:00:00,Albirex Niigata,Yamagata,2.5,2.58,3.0,3.15,3.45,3.65,1.93,1.98,2.02,2.08,1.68,1.87,2.14,2.48,12.0,14.0,10.5,12.5,18.0,22.0,29.0,900.0,9.0,11.0,7.0,8.0,12.0,14.0,24.0,50.0,14.5,17.0,10.0,12.0,15.0,18.5,30.0,290.0,21.0,75.0,24.0,48.0,25.0,290.0,10.5,580.0,16.5,24.0,21.0,600.0,11.5,1000.0,36043403,5712145.0,3718961.0,58805.0,1.262149180,1.262149183,1.262149227,1.262149228,3.05,3.25,1.45,1.49,12.5,14.0,1.07,1.09,3.8,3.95,1.33,1.36,1.46,1.49,1.63,1.67,1.37,1.41,1.262149229,1.262149190,1.262149181,1.262149182
Japanese J League 3,2026-09-13,06:00:00,FC Ryukyu,Kamatamare Sanuki,2.08,2.2,3.7,4.0,3.55,3.8,1.98,2.08,1.94,2.04,1.74,1.89,2.12,2.36,13.0,16.5,12.5,16.0,10.5,48.0,23.0,900.0,8.6,10.5,7.2,9.0,13.0,16.5,20.0,230.0,11.5,14.5,9.0,11.5,14.5,18.5,28.0,370.0,21.0,110.0,18.5,23.0,23.0,290.0,28.0,580.0,12.5,15.0,11.0,600.0,15.0,960.0,36062946,7379405.0,4233864.0,58805.0,1.262323800,1.262323810,1.262323799,1.262323809,3.1,3.3,1.44,1.48,12.0,18.0,1.06,1.09,3.85,4.3,1.31,1.35,1.33,1.38,1.83,1.93,1.35,1.4,1.262323791,1.262323803,1.262323804,1.262323814
Japanese J League 3,2026-09-13,06:30:00,Mio Biwako Shiga,Kagoshima Utd,4.6,5.3,1.81,1.96,3.7,3.95,1.9,2.08,1.94,2.12,1.84,1.98,2.02,2.18,12.5,15.0,7.8,9.0,10.0,12.0,17.0,22.0,14.0,17.0,7.4,8.8,9.0,11.0,17.0,21.0,27.0,90.0,15.5,19.5,16.0,20.0,29.0,290.0,65.0,900.0,42.0,370.0,46.0,370.0,28.0,580.0,44.0,170.0,11.5,14.0,10.0,1000.0,36062947,10244329.0,10428848.0,58805.0,1.262324020,1.262324030,1.262324019,1.262324029,3.05,3.95,1.34,1.49,12.0,15.0,1.07,1.09,3.6,4.4,1.32,1.37,2.02,2.2,1.25,1.29,1.33,1.38,1.262324011,1.262324023,1.262324024,1.262324034
Japanese J League,2026-09-13,06:30:00,Urawa,Okayama,2.38,2.48,3.1,3.3,3.55,3.7,1.97,2.04,1.98,2.04,1.79,1.85,2.18,2.28,11.0,19.0,8.6,27.0,11.0,23.0,2.7,160.0,8.4,11.0,6.6,12.0,9.6,22.0,14.0,85.0,9.0,16.0,9.4,21.0,9.6,19.0,2.68,120.0,13.0,120.0,10.5,55.0,15.0,100.0,2.72,580.0,11.5,1000.0,2.66,1000.0,2.66,1000.0,36038785,441088.0,5561025.0,58805.0,1.262068478,1.262068481,1.262068525,1.262068526,3.1,3.45,1.41,1.47,13.0,15.5,1.07,1.09,3.8,4.1,1.33,1.36,1.44,1.48,1.67,1.73,1.36,1.4,1.262068527,1.262068488,1.262068479,1.262068480
Polish I Liga,2026-09-13,07:00:00,Unia Skierniewice,Pogon Grodzisk Mazowiecki,2.22,2.36,3.1,3.35,3.85,4.2,2.4,2.6,1.63,1.72,1.6,1.66,2.5,2.64,15.5,28.0,15.0,18.0,20.0,34.0,36.0,75.0,12.0,14.5,8.4,9.8,12.5,14.5,22.0,75.0,14.5,18.0,10.0,13.0,13.0,15.5,24.0,50.0,21.0,34.0,15.5,30.0,21.0,42.0,46.0,90.0,10.5,15.0,14.0,23.0,9.2,960.0,36045298,11450784.0,10490468.0,58805.0,1.262174301,1.262174304,1.262174348,1.262174349,3.75,4.4,1.3,1.37,15.0,26.0,1.04,1.07,5.1,5.8,1.21,1.24,1.42,1.48,1.74,1.82,1.31,1.36,1.262174350,1.262174311,1.262174302,1.262174303
Portuguese Segunda Liga,2026-09-13,07:00:00,AVS Futebol SAD,Farense,3.25,3.5,2.44,2.62,3.1,3.35,1.67,1.76,2.32,2.48,1.94,2.06,1.94,2.08,9.2,10.5,7.8,8.8,13.5,16.0,26.0,42.0,9.4,10.5,6.6,7.4,10.5,12.0,24.0,42.0,18.5,23.0,12.5,15.0,17.5,21.0,36.0,70.0,40.0,150.0,30.0,100.0,42.0,75.0,90.0,580.0,36.0,600.0,21.0,36.0,15.0,1000.0,36046873,58252361.0,48788.0,58805.0,1.262192616,1.262192619,1.262192663,1.262192664,2.66,2.94,1.51,1.6,9.0,11.0,1.11,1.13,2.98,3.25,1.45,1.51,1.62,1.69,1.4,1.45,1.43,1.47,1.262192665,1.262192626,1.262192617,1.262192618
Romanian Liga II,2026-09-13,07:00:00,Metalul Buzau,Unirea Slobozia,2.14,2.48,3.2,3.9,3.2,3.95,1.82,2.1,1.92,2.22,1.74,1.95,2.04,2.36,5.1,15.0,5.0,14.0,6.0,27.0,7.0,75.0,5.1,10.5,4.3,8.6,5.2,16.0,6.6,46.0,6.2,15.5,6.2,12.0,5.5,19.0,6.8,60.0,6.2,32.0,6.0,27.0,6.4,42.0,7.2,200.0,5.6,21.0,6.6,46.0,7.8,1000.0,36041910,14925624.0,6803100.0,58805.0,1.262105796,1.262105799,1.262105843,1.262105844,2.92,3.6,1.4,1.52,1.15,15.5,1.07,1.11,3.05,4.3,1.31,1.42,1.34,1.46,1.68,1.88,1.37,1.43,1.262105845,1.262105806,1.262105797,1.262105798
Ukrainian Premier League,2026-09-13,07:00:00,Livyi Bereg Kyiv,Polissya Zhytomyr,3.0,1000.0,1.15,3.0,3.0,900.0,1.24,1000.0,1.01,6.4,0.0,0.0,0.0,0.0,0.0,0.0,0.0,0.0,0.0,0.0,0.0,0.0,0.0,0.0,0.0,0.0,0.0,0.0,0.0,0.0,0.0,0.0,0.0,0.0,0.0,0.0,0.0,0.0,0.0,0.0,0.0,0.0,0.0,0.0,0.0,0.0,0.0,0.0,0.0,0.0,0.0,0.0,36045534.0,102032399.0,11265718.0,58805.0,1.262179745,1.262179757,0.0,0.0,0.0,0.0,0.0,0.0,0.0,0.0,0.0,0.0,0.0,0.0,0.0,0.0,0.0,0.0,0.0,0.0,0.0,0.0,0.0,0.0,0.0,0.0
Japanese J League 3,2026-09-13,07:00:00,Nagano Parceiro,Tochigi SC,3.9,4.4,2.2,2.34,3.05,3.35,1.58,1.69,2.44,2.7,2.04,2.24,1.81,1.95,8.2,9.8,6.4,9.0,11.0,13.0,21.0,32.0,10.0,12.0,6.4,7.6,9.8,14.0,20.0,36.0,20.0,34.0,15.0,18.0,19.0,27.0,36.0,70.0,55.0,120.0,38.0,80.0,46.0,100.0,38.0,580.0,55.0,110.0,17.5,34.0,7.6,1000.0,36063207,6641607.0,5945153.0,58805.0,1.262326027,1.262326037,1.262326026,1.262326036,2.32,110.0,1.01,1.76,8.2,9.6,1.11,1.14,2.72,3.0,1.5,1.59,1.75,1.84,1.3,1.34,1.42,1.47,1.262326018,1.262326030,1.262326031,1.262326041
Japanese J League 3,2026-09-13,07:00:00,Kochi United,Kanazawa,3.2,3.65,2.34,2.52,3.15,3.5,1.75,1.88,2.12,2.34,1.85,2.0,2.0,2.18,10.0,12.0,8.0,9.4,13.0,15.5,25.0,900.0,10.0,13.0,6.6,7.8,10.0,12.0,21.0,90.0,9.0,24.0,12.5,15.0,16.0,32.0,9.2,370.0,9.6,900.0,8.8,230.0,28.0,370.0,10.0,580.0,36.0,600.0,21.0,600.0,11.0,1000.0,36063205,26982171.0,9280258.0,58805.0,1.262326163,1.262326173,1.262326162,1.262326172,2.82,3.6,1.38,1.55,9.2,12.5,1.09,1.11,3.2,3.6,1.39,1.44,1.64,1.74,1.38,1.45,1.4,1.44,1.262326154,1.262326166,1.262326167,1.262326177
Polish Ekstraklasa,2026-09-13,07:15:00,Wisla Plock,Cracovia Krakow,2.5,2.66,2.96,3.1,3.45,3.65,1.98,2.04,1.96,2.02,1.76,1.81,2.24,2.32,12.5,15.5,11.0,12.5,17.5,22.0,17.5,55.0,10.0,11.5,7.2,7.8,11.5,13.5,23.0,36.0,15.5,17.5,10.5,12.5,14.5,17.5,36.0,50.0,26.0,40.0,23.0,30.0,32.0,42.0,29.0,100.0,19.0,26.0,19.5,34.0,10.5,1000.0,36038860,487520.0,880537.0,58805.0,1.262071436,1.262071439,1.262071484,1.262071485,3.1,3.55,1.4,1.47,12.5,15.5,1.07,1.09,3.85,4.1,1.32,1.35,1.48,1.52,1.6,1.66,1.38,1.41,1.262071486,1.262071446,1.262071437,1.262071438
Dutch Eredivisie,2026-09-13,07:15:00,Excelsior,FC Utrecht,2.32,2.36,3.15,3.25,3.85,3.95,2.6,2.7,1.6,1.62,1.54,1.57,2.76,2.86,21.0,25.0,16.0,19.0,23.0,26.0,44.0,55.0,13.5,15.0,8.8,9.2,12.5,13.5,27.0,30.0,17.0,19.0,10.5,11.5,13.0,14.0,30.0,32.0,28.0,32.0,19.0,21.0,24.0,28.0,32.0,55.0,10.5,11.5,17.5,18.5,22.0,850.0,36005332,67164.0,50349.0,58805.0,1.261740461,1.261740471,1.261740460,1.261740470,3.9,4.3,1.33,1.34,18.0,25.0,1.04,1.05,5.9,6.2,1.19,1.21,1.44,1.47,1.74,1.76,1.33,1.35,1.261740452,1.261740464,1.261740465,1.261740475
Chinese League 2,2026-09-13,08:00:00,Qingdao Red Lions,Xiamen Feilu,2.78,3.1,2.8,3.25,2.86,3.3,1.5,1.67,2.48,3.1,2.02,2.4,1.71,1.99,4.9,10.5,5.1,10.5,4.3,22.0,4.9,65.0,4.9,10.0,4.4,7.4,4.0,16.0,4.9,55.0,4.2,21.0,4.0,16.0,4.4,25.0,5.0,80.0,4.9,65.0,4.8,50.0,5.0,80.0,5.2,200.0,4.9,60.0,4.9,65.0,5.3,1000.0,36057794,23344678.0,97272380.0,58805.0,1.262291432,1.262291477,1.262291516,1.262291441,2.3,3.05,1.49,1.76,6.8,9.4,1.12,1.16,2.54,2.98,1.5,1.63,1.44,1.56,1.48,1.57,1.44,1.54,1.262291433,1.262291435,1.262291436,1.262291480
Chinese League 1,2026-09-13,08:00:00,Wuxi Wugou,Nantong Zhiyun F.C,3.5,3.85,2.26,2.42,3.25,3.55,1.74,1.97,2.02,2.36,1.86,2.0,2.0,2.16,10.5,12.0,7.6,10.5,12.0,17.0,27.0,38.0,10.0,12.5,6.6,7.6,10.0,13.0,19.0,40.0,21.0,32.0,13.0,16.0,16.0,20.0,30.0,60.0,46.0,500.0,30.0,75.0,40.0,170.0,85.0,580.0,36.0,600.0,19.0,24.0,9.0,1000.0,36057651,39645470.0,13107045.0,58805.0,1.262288174,1.262288219,1.262288258,1.262288183,2.86,3.2,1.45,1.54,9.6,12.5,1.09,1.12,3.15,3.6,1.39,1.46,1.7,1.8,1.35,1.4,1.39,1.45,1.262288175,1.262288177,1.262288178,1.262288222
Chinese League 2,2026-09-13,08:00:00,Shandong Taishan B,Hangzhou Linping Wuyue,1.24,600.0,3.15,990.0,2.3,7.0,1.24,12.0,1.37,5.4,1.11,1000.0,1.11,1000.0,1.01,1000.0,1.01,1000.0,1.01,1000.0,1.01,1000.0,1.01,75.0,1.01,95.0,1.01,1000.0,1.01,1000.0,1.01,85.0,1.01,36.0,1.01,1000.0,1.01,1000.0,1.01,900.0,1.01,85.0,1.01,140.0,1.01,1000.0,1.01,600.0,1.55,1000.0,1.01,1000.0,36058369,68158837.0,82346136.0,58805.0,1.262293753,1.262293798,1.262293837,1.262293762,1.2,110.0,1.01,1.61,8.2,13.5,1.08,1.14,3.2,21.0,1.09,1.46,1.1,1.2,1.41,5.4,1.31,1.54,1.262293754,1.262293756,1.262293757,1.262293801
Thai League 1,2026-09-13,08:00:00,Prachuap,Sukhothai,1.54,1.61,6.6,7.6,4.3,4.7,2.1,2.24,1.8,1.91,1.92,2.02,1.98,2.08,15.0,18.0,19.5,24.0,42.0,130.0,10.5,230.0,7.6,8.8,8.8,10.5,21.0,27.0,55.0,240.0,8.4,9.8,8.8,10.5,18.5,24.0,46.0,210.0,12.5,15.0,14.5,17.5,23.0,38.0,75.0,390.0,7.2,8.4,55.0,150.0,10.5,1000.0,36055606,11386388.0,10915417.0,58805.0,1.262281561,1.262281606,1.262281645,1.262281570,3.35,3.8,1.36,1.43,13.5,18.0,1.06,1.08,4.2,4.6,1.28,1.31,1.15,1.18,2.62,2.84,1.27,1.31,1.262281562,1.262281564,1.262281565,1.262281609
Czech 1 Liga,2026-09-13,08:00:00,Banik Ostrava,Pardubice,2.04,2.12,3.75,3.95,3.75,3.9,2.06,2.16,1.86,1.95,1.78,1.83,2.2,2.28,14.5,20.0,13.5,17.0,22.0,30.0,50.0,90.0,9.2,11.0,7.4,8.6,13.5,19.0,36.0,55.0,12.0,16.0,9.6,11.0,15.5,18.5,34.0,60.0,20.0,29.0,17.5,23.0,24.0,36.0,60.0,110.0,11.5,14.0,34.0,55.0,8.0,960.0,36039011,367581.0,4940265.0,58805.0,1.262076327,1.262076330,1.262076374,1.262076375,3.3,3.65,1.38,1.44,13.5,16.5,1.06,1.08,4.1,4.4,1.29,1.33,1.33,1.37,1.89,1.96,1.34,1.37,1.262076376,1.262076337,1.262076328,1.262076329
Chinese League 2,2026-09-13,08:30:00,Shenzhen 2028,Xian Chongde Ronghai,2.2,2.62,3.0,3.9,3.1,4.2,1.72,1.95,2.04,2.42,1.83,2.06,1.96,2.2,5.1,14.5,6.4,14.5,4.0,30.0,4.4,85.0,4.9,11.0,4.4,8.2,3.65,18.0,4.2,55.0,3.65,18.0,3.45,14.0,3.85,23.0,4.3,70.0,4.1,40.0,4.0,34.0,4.2,55.0,4.5,580.0,4.0,29.0,4.5,60.0,4.6,1000.0,36058346,82312901.0,68158822.0,58805.0,1.262293843,1.262293888,1.262293927,1.262293852,2.54,3.65,1.38,1.65,1.15,13.5,1.08,1.13,2.86,3.9,1.35,1.5,1.34,1.46,1.63,1.84,1.32,1.48,1.262293844,1.262293846,1.262293847,1.262293891
Chinese League 2,2026-09-13,08:30:00,Wenzhou Professional,Dalian Yingbo II,2.42,2.72,3.3,3.75,2.76,3.4,1.4,1.56,2.72,3.65,2.24,2.72,1.59,1.8,3.45,8.2,3.8,10.5,4.9,28.0,5.6,110.0,3.3,7.4,3.3,7.4,4.6,21.0,5.5,80.0,4.4,17.0,4.3,15.5,5.0,32.0,5.7,260.0,5.3,50.0,5.3,50.0,5.6,95.0,5.8,290.0,5.4,60.0,5.7,600.0,6.0,1000.0,36057811,88465958.0,97450775.0,58805.0,1.262292056,1.262292101,1.262292140,1.262292065,2.12,2.74,1.57,1.89,1.02,8.2,1.15,1.22,2.14,2.76,1.63,1.87,1.36,1.41,1.58,1.65,1.47,1.57,1.262292057,1.262292059,1.262292060,1.262292104
Chinese League 1,2026-09-13,08:30:00,Shijiazhuang Gongfu FC,Shenzhen Juniors FC,3.25,3.5,2.36,2.52,3.25,3.55,1.82,1.91,2.08,2.22,1.82,1.95,2.06,2.22,10.5,14.5,8.8,9.8,13.5,15.5,7.6,40.0,10.5,12.5,6.8,7.8,10.0,12.0,7.4,32.0,20.0,23.0,12.5,14.5,16.0,18.5,36.0,50.0,8.4,70.0,30.0,48.0,8.4,65.0,9.0,580.0,8.0,44.0,20.0,27.0,9.4,1000.0,36057657,56616763.0,67744862.0,58805.0,1.262288534,1.262288579,1.262288618,1.262288543,2.92,3.25,1.44,1.53,10.5,12.5,1.08,1.11,3.35,3.7,1.37,1.42,1.65,1.73,1.4,1.45,1.39,1.44,1.262288535,1.262288537,1.262288538,1.262288582
German 3 Liga,2026-09-13,08:30:00,Stuttgart II,Preussen Munster,2.48,2.68,2.66,2.9,3.8,4.1,2.36,2.6,1.62,1.74,1.57,1.65,2.52,2.76,19.0,27.0,13.5,16.0,18.5,22.0,34.0,42.0,13.0,15.5,8.2,9.6,11.0,13.5,18.0,27.0,17.0,20.0,10.5,13.0,13.0,15.5,22.0,34.0,30.0,38.0,21.0,25.0,22.0,32.0,46.0,200.0,13.0,15.5,15.0,17.5,11.5,960.0,36047780,6507690.0,3235019.0,58805.0,1.262202779,1.262202782,1.262202826,1.262202827,3.7,4.4,1.3,1.37,17.5,26.0,1.04,1.06,5.0,5.8,1.21,1.25,1.52,1.61,1.59,1.68,1.32,1.36,1.262202828,1.262202789,1.262202780,1.262202781
Chinese League 1,2026-09-13,08:30:00,Meizhou Hakka,Nanjing City,2.76,2.92,2.66,2.82,3.45,3.55,2.0,2.14,1.87,1.99,1.71,1.81,2.24,2.42,13.5,16.0,10.5,12.0,16.0,19.5,27.0,48.0,10.5,15.0,7.2,8.4,10.5,15.0,20.0,29.0,17.0,20.0,11.0,15.0,14.0,16.5,27.0,48.0,29.0,55.0,22.0,32.0,27.0,60.0,55.0,200.0,17.5,25.0,16.5,23.0,8.0,960.0,36057646,11079690.0,56606961.0,58805.0,1.262288354,1.262288399,1.262288438,1.262288363,3.2,3.6,1.39,1.45,13.5,16.0,1.07,1.08,3.9,4.4,1.3,1.34,1.55,1.61,1.52,1.57,1.39,1.41,1.262288355,1.262288357,1.262288358,1.262288402
German Bundesliga 2,2026-09-13,08:30:00,VfL Osnabruck,Hertha Berlin,3.3,3.35,2.2,2.24,3.95,4.1,2.64,2.76,1.58,1.61,1.54,1.58,2.74,2.86,21.0,25.0,14.0,15.0,16.0,17.5,27.0,28.0,18.0,19.0,9.0,9.6,10.0,11.5,17.5,19.5,25.0,32.0,13.0,14.5,13.0,14.5,23.0,26.0,48.0,55.0,28.0,32.0,30.0,34.0,46.0,55.0,18.5,20.0,9.6,10.5,19.5,960.0,36040030,13450471.0,44518.0,58805.0,1.262093133,1.262093143,1.262093132,1.262093142,3.6,5.0,1.3,1.34,17.5,26.0,1.04,1.05,5.8,6.2,1.19,1.21,1.8,1.83,1.42,1.44,1.32,1.34,1.262093124,1.262093136,1.262093137,1.262093147
German Bundesliga 2,2026-09-13,08:30:00,Karlsruhe,Cottbus,1.79,1.83,4.2,4.4,4.6,4.9,3.3,3.5,1.4,1.44,1.46,1.51,2.96,3.15,32.0,38.0,28.0,30.0,38.0,42.0,50.0,80.0,17.0,18.0,11.5,13.0,17.0,18.5,34.0,40.0,15.0,17.0,10.0,11.5,13.5,15.0,32.0,36.0,19.5,22.0,14.5,16.5,19.5,22.0,40.0,44.0,5.3,5.8,20.0,23.0,17.0,270.0,36039059,113191.0,204683.0,58805.0,1.262080696,1.262080706,1.262080695,1.262080705,4.8,6.2,1.23,1.25,8.2,50.0,1.03,1.05,7.8,8.8,1.13,1.14,1.29,1.32,2.2,2.28,1.26,1.28,1.262080687,1.262080699,1.262080700,1.262080710
German Bundesliga 2,2026-09-13,08:30:00,FC Heidenheim,Holstein Kiel,2.2,2.24,3.3,3.4,4.0,4.1,2.76,2.94,1.53,1.57,1.5,1.54,2.86,2.98,19.0,27.0,18.5,22.0,24.0,29.0,46.0,55.0,15.0,17.0,9.2,10.0,13.0,15.0,26.0,32.0,16.0,19.5,10.5,11.5,13.0,14.0,28.0,34.0,26.0,29.0,17.5,20.0,22.0,26.0,42.0,50.0,8.8,9.8,16.0,19.0,14.5,960.0,36039060,3237590.0,247830.0,58805.0,1.262080565,1.262080575,1.262080564,1.262080574,3.6,5.4,1.28,1.38,19.0,30.0,1.04,1.06,6.2,6.8,1.18,1.19,1.41,1.44,1.8,1.84,1.32,1.34,1.262080556,1.262080568,1.262080569,1.262080579
Lithuanian A Lyga,2026-09-13,08:30:00,Panevezys,FK Kauno Zalgiris,5.6,6.4,1.64,1.71,3.95,4.5,2.04,2.24,1.81,1.97,1.89,1.99,2.02,2.14,14.5,17.0,8.0,9.0,9.2,10.5,13.5,16.5,18.0,21.0,8.4,9.6,8.8,10.5,14.5,17.5,36.0,120.0,19.5,23.0,18.0,21.0,29.0,36.0,12.5,190.0,50.0,190.0,46.0,170.0,70.0,580.0,50.0,110.0,8.0,9.2,13.5,1000.0,36048483,23130963.0,43403902.0,58805.0,1.262358321,1.262358324,1.262358368,1.262358369,1.2,110.0,1.31,1.47,12.0,18.0,1.06,1.08,4.0,4.6,1.28,1.33,2.4,2.58,1.19,1.21,1.29,1.34,1.262358370,1.262358331,1.262358322,1.262358323
Estonian Premier League,2026-09-13,08:30:00,Paide Linnameeskond,Harju JK Laagri,1.65,1.69,5.1,5.6,4.4,4.8,2.62,2.78,1.57,1.61,1.65,1.72,2.4,2.54,19.0,30.0,21.0,36.0,36.0,110.0,85.0,900.0,10.5,13.0,9.6,11.0,17.5,21.0,38.0,65.0,10.5,13.0,9.2,11.0,15.0,18.5,32.0,60.0,14.5,18.0,13.5,16.5,22.0,38.0,55.0,580.0,6.2,7.2,29.0,50.0,9.6,770.0,36043774,5407316.0,28525699.0,58805.0,1.262161582,1.262161585,1.262161629,1.262161630,3.85,5.0,1.26,1.35,19.5,36.0,1.03,1.06,5.8,6.2,1.19,1.21,1.21,1.25,2.44,2.54,1.26,1.3,1.262161631,1.262161592,1.262161583,1.262161584
Swedish Allsvenskan,2026-09-13,09:00:00,Elfsborg,Kalmar FF,1.92,1.95,4.3,4.5,3.85,3.9,2.08,2.14,1.88,1.92,1.79,1.86,2.16,2.28,14.5,16.0,16.0,17.0,30.0,34.0,36.0,95.0,9.0,9.6,7.8,8.6,15.5,17.5,44.0,55.0,11.0,12.5,9.4,10.5,16.5,18.0,50.0,60.0,20.0,22.0,17.5,20.0,30.0,34.0,36.0,95.0,11.0,12.5,34.0,55.0,90.0,960.0,36043037,30684.0,130433.0,58805.0,1.262120522,1.262120525,1.262120569,1.262120570,3.25,3.55,1.39,1.44,14.0,16.0,1.06,1.07,4.1,4.4,1.3,1.33,1.28,1.3,2.04,2.1,1.34,1.36,1.262120571,1.262120532,1.262120523,1.262120524
Swiss Super League,2026-09-13,09:00:00,FC Zurich,FC Vaduz,2.42,2.5,2.72,2.8,4.1,4.4,3.25,3.45,1.41,1.44,1.42,1.47,3.15,3.4,14.5,44.0,21.0,27.0,22.0,27.0,20.0,55.0,18.5,22.0,10.0,11.5,12.0,17.0,18.0,30.0,20.0,28.0,11.5,13.0,12.0,17.5,21.0,32.0,18.5,44.0,19.0,22.0,13.0,29.0,18.5,48.0,8.6,9.4,10.0,11.5,7.8,850.0,36039235,65783.0,46945.0,58805.0,1.262080891,1.262080894,1.262080938,1.262080939,4.8,5.4,1.24,1.26,1.02,55.0,1.02,1.07,7.8,8.4,1.13,1.15,1.55,1.58,1.66,1.71,1.29,1.32,1.262080940,1.262080901,1.262080892,1.262080893
Armenian Premier League,2026-09-13,09:00:00,Sardarapat FC,Alashkert,7.2,10.0,1.42,1.48,4.6,5.3,2.08,2.48,1.74,1.91,2.0,2.18,1.85,2.0,13.5,19.5,6.0,8.8,6.6,8.8,9.2,12.5,13.5,30.0,8.0,11.5,7.6,10.5,9.6,16.0,30.0,350.0,15.5,34.0,18.0,27.0,21.0,60.0,11.0,390.0,44.0,480.0,36.0,380.0,50.0,380.0,50.0,250.0,4.6,7.0,11.0,1000.0,36059065,90525222.0,9686394.0,58805.0,1.262300686,1.262300696,1.262300685,1.262300695,3.4,4.5,1.28,1.41,1.02,21.0,1.05,1.08,4.0,5.0,1.26,1.31,3.05,3.45,1.11,1.14,1.23,1.28,1.262300677,1.262300689,1.262300690,1.262300700
Swedish Allsvenskan,2026-09-13,09:00:00,Hammarby,Brommapojkarna,1.23,1.25,13.5,15.5,7.6,8.4,3.45,3.65,1.37,1.41,1.91,1.95,2.06,2.1,36.0,44.0,46.0,65.0,44.0,1000.0,100.0,530.0,12.5,14.5,17.0,19.5,38.0,55.0,46.0,1000.0,9.4,10.5,11.0,12.5,22.0,32.0,40.0,140.0,9.4,10.0,12.0,13.5,27.0,34.0,70.0,490.0,2.94,3.1,50.0,210.0,90.0,1000.0,36039887,30679.0,151472.0,58805.0,1.262085748,1.262085751,1.262085795,1.262085796,5.0,5.7,1.21,1.25,27.0,55.0,1.02,1.03,8.2,9.2,1.12,1.14,1.06,1.08,4.9,5.4,1.13,1.16,1.262085797,1.262085758,1.262085749,1.262085750
Spanish La Liga,2026-09-13,09:00:00,Celta Vigo,Malaga,1.78,1.8,5.6,5.8,3.75,3.85,1.77,1.79,2.26,2.3,2.12,2.16,1.87,1.89,11.0,12.0,14.5,15.5,36.0,42.0,44.0,160.0,6.8,7.0,8.0,8.2,20.0,21.0,65.0,95.0,9.0,9.4,9.8,10.0,22.0,23.0,65.0,100.0,17.0,18.5,19.5,21.0,40.0,44.0,80.0,170.0,13.0,14.5,100.0,140.0,38.0,1000.0,36010648,66483.0,13360.0,58805.0,1.261759492,1.261759495,1.261759540,1.261759547,2.94,3.05,1.49,1.52,11.0,12.0,1.09,1.1,3.3,3.4,1.42,1.44,1.21,1.22,2.24,2.28,1.35,1.37,1.261759550,1.261759502,1.261759493,1.261759494
Spanish Segunda Division,2026-09-13,09:00:00,Sporting Gijon,Eldense,1.73,1.78,5.7,6.0,3.75,3.9,1.79,1.85,2.16,2.28,2.06,2.18,1.85,1.94,10.5,12.5,14.0,16.5,32.0,55.0,11.0,200.0,6.6,7.2,7.6,8.6,19.5,24.0,10.5,480.0,8.4,9.6,9.2,11.0,21.0,25.0,48.0,450.0,15.5,18.5,17.5,22.0,20.0,55.0,11.0,580.0,12.0,14.0,11.0,600.0,11.5,1000.0,36043224,68246.0,2250350.0,58805.0,1.262128526,1.262128555,1.262128707,1.262128715,2.88,3.15,1.47,1.53,10.5,12.5,1.09,1.11,3.3,3.5,1.4,1.44,1.2,1.22,2.28,2.38,1.34,1.37,1.262128735,1.262128608,1.262128541,1.262128547
Danish Superliga,2026-09-13,09:00:00,Silkeborg,Viborg,3.75,3.85,1.95,2.0,4.2,4.4,2.6,2.72,1.58,1.62,1.58,1.62,2.6,2.72,21.0,25.0,12.5,14.5,13.5,15.0,22.0,25.0,18.5,21.0,9.2,10.5,9.8,11.0,16.5,18.0,29.0,32.0,14.5,16.5,14.5,16.0,23.0,27.0,38.0,75.0,32.0,38.0,34.0,40.0,50.0,80.0,23.0,28.0,8.4,9.2,14.5,960.0,36039167,28216.0,10780.0,58805.0,1.262078053,1.262078056,1.262078100,1.262078101,4.0,4.4,1.3,1.33,16.0,36.0,1.03,1.07,5.7,6.2,1.19,1.21,2.0,2.06,1.34,1.38,1.29,1.31,1.262078102,1.262078063,1.262078054,1.262078055
Romanian Liga I,2026-09-13,09:00:00,Arges Pitesti,Botosani,2.52,2.7,3.15,3.3,3.2,3.35,1.77,1.85,2.18,2.3,1.84,1.95,2.04,2.2,10.0,13.0,9.8,13.0,18.5,26.0,38.0,65.0,8.6,11.0,6.6,7.6,12.0,17.0,32.0,48.0,14.0,19.0,10.5,14.5,16.0,22.0,38.0,65.0,32.0,46.0,22.0,38.0,32.0,60.0,80.0,130.0,19.0,34.0,26.0,50.0,6.4,1000.0,36022725,1557297.0,3465177.0,58805.0,1.261922023,1.261922033,1.261922022,1.261922032,2.86,3.65,1.42,1.54,10.0,11.5,1.09,1.11,3.25,3.5,1.4,1.44,1.43,1.47,1.59,1.66,1.42,1.46,1.261922014,1.261922026,1.261922027,1.261922037
Danish Superliga,2026-09-13,09:00:00,Lyngby,SonderjyskE,1.64,1.66,5.5,5.9,4.4,4.7,2.48,2.56,1.64,1.68,1.71,1.74,2.34,2.4,20.0,24.0,21.0,26.0,38.0,50.0,75.0,1000.0,10.0,11.5,9.6,11.0,18.5,22.0,44.0,70.0,10.0,11.5,9.4,10.5,16.5,19.5,30.0,65.0,14.5,17.0,13.5,15.5,23.0,30.0,48.0,310.0,6.4,7.2,29.0,85.0,90.0,960.0,36032467,28218.0,2364082.0,58805.0,1.262006873,1.262006876,1.262006920,1.262006921,3.8,4.3,1.31,1.36,19.0,26.0,1.04,1.06,5.3,5.7,1.21,1.24,1.2,1.22,2.5,2.58,1.27,1.3,1.262006922,1.262006883,1.262006874,1.262006875
Thai League 1,2026-09-13,09:00:00,Chonburi,Rayong FC,1.74,1.84,4.9,6.2,3.85,4.2,2.02,2.24,1.81,1.99,1.82,1.94,2.06,2.22,14.0,19.0,16.0,22.0,29.0,48.0,80.0,900.0,8.0,10.5,8.0,9.2,17.0,24.0,40.0,80.0,9.8,13.0,8.8,11.5,17.0,23.0,40.0,170.0,16.0,22.0,16.0,22.0,23.0,40.0,65.0,580.0,9.4,11.0,40.0,100.0,6.6,1000.0,36055532,2899298.0,7906034.0,58805.0,1.262274617,1.262274620,1.262274664,1.262274665,3.2,4.1,1.33,1.45,12.5,18.0,1.06,1.08,3.9,4.8,1.28,1.34,1.21,1.25,2.18,2.36,1.32,1.35,1.262274666,1.262274627,1.262274618,1.262274619
Finnish Veikkausliiga,2026-09-13,09:00:00,KuPS,HJK Helsinki,2.22,2.24,3.45,3.55,3.7,3.85,2.2,2.3,1.78,1.84,1.67,1.75,2.34,2.5,16.5,18.5,14.0,16.0,22.0,26.0,44.0,65.0,10.5,12.0,7.8,8.4,13.0,15.0,28.0,38.0,14.0,15.5,10.0,11.5,14.0,16.5,36.0,44.0,24.0,30.0,19.5,23.0,27.0,34.0,48.0,75.0,12.0,14.5,24.0,32.0,90.0,960.0,36052805,139510.0,6390.0,58805.0,1.262250646,1.262250649,1.262250693,1.262250694,3.4,4.1,1.34,1.41,16.0,18.5,1.05,1.07,4.5,4.9,1.26,1.28,1.39,1.41,1.8,1.82,1.35,1.38,1.262250695,1.262250656,1.262250647,1.262250648
Bulgarian A League,2026-09-13,09:15:00,Slavia Sofia,Spartak Varna,2.1,2.24,3.85,4.2,3.25,3.55,1.76,1.84,2.18,2.3,1.92,2.08,1.94,2.08,9.2,11.5,11.0,13.0,22.0,29.0,55.0,110.0,7.4,8.4,6.8,7.8,14.5,17.5,40.0,60.0,11.0,13.5,9.6,11.5,17.0,21.0,48.0,160.0,23.0,29.0,21.0,27.0,36.0,60.0,90.0,580.0,18.5,22.0,46.0,75.0,11.0,1000.0,36042904,1255221.0,1557407.0,58805.0,1.262118340,1.262118343,1.262118387,1.262118388,2.8,3.15,1.47,1.53,9.6,12.0,1.09,1.11,3.25,3.45,1.41,1.44,1.31,1.35,1.83,1.91,1.39,1.44,1.262118389,1.262118350,1.262118341,1.262118342
Polish I Liga,2026-09-13,09:30:00,Lechia Gdansk,Miedz Legnica,2.52,2.74,2.52,2.76,4.0,4.3,2.58,2.8,1.55,1.63,1.53,1.6,2.66,2.86,18.0,30.0,14.5,17.5,18.5,23.0,27.0,85.0,14.5,17.5,8.8,10.5,11.0,13.0,17.0,38.0,18.5,23.0,11.0,13.0,12.5,15.0,21.0,65.0,26.0,85.0,17.5,38.0,22.0,65.0,44.0,580.0,12.0,14.5,12.0,14.5,11.5,960.0,36039360,3143305.0,4935893.0,58805.0,1.262083044,1.262083047,1.262083091,1.262083092,4.0,5.1,1.24,1.34,14.0,27.0,1.04,1.05,5.7,6.4,1.18,1.21,1.57,1.65,1.57,1.65,1.3,1.34,1.262083093,1.262083054,1.262083045,1.262083046
Ukrainian Premier League,2026-09-13,09:30:00,Polissya Zhytomyr,Livyi Bereg Kyiv,1.51,1.57,7.6,10.0,4.2,4.6,1.83,1.96,2.04,2.2,2.18,2.34,1.75,1.84,12.0,14.5,18.0,26.0,42.0,85.0,7.6,360.0,6.2,7.0,8.8,10.5,19.0,32.0,7.6,180.0,7.2,8.6,9.0,11.0,20.0,34.0,7.4,160.0,11.5,16.5,15.5,19.0,27.0,55.0,8.6,230.0,8.6,10.5,7.6,280.0,8.8,1000.0,36058867,11265718.0,102032399.0,58805.0,1.262300554,1.262300564,1.262300553,1.262300563,3.0,3.45,1.41,1.5,11.5,14.0,1.07,1.1,3.45,3.8,1.37,1.41,1.13,1.15,2.74,2.96,1.28,1.32,1.262300545,1.262300557,1.262300558,1.262300568
Norwegian 2nd Division,2026-09-13,09:30:00,Kjelsas,Stjordals-Blink,1.37,1.42,7.8,9.2,5.7,6.6,3.1,3.5,1.4,1.47,1.67,1.79,2.26,2.48,8.8,85.0,16.0,95.0,10.0,95.0,10.5,250.0,6.6,15.0,6.8,15.5,8.2,32.0,10.0,260.0,10.0,12.5,9.8,11.5,7.4,22.0,10.0,90.0,11.0,13.5,11.5,14.0,7.8,26.0,10.0,95.0,3.55,4.1,10.5,85.0,11.0,560.0,36059535,398319.0,2440431.0,58805.0,1.262303288,1.262303333,1.262303372,1.262303297,4.7,6.4,1.18,1.27,1.15,55.0,1.02,1.06,7.2,8.8,1.13,1.15,1.12,1.14,3.35,3.75,1.18,1.21,1.262303289,1.262303291,1.262303292,1.262303336
Austrian Bundesliga,2026-09-13,09:30:00,WSG Wattens,Hartberg,2.2,2.3,3.3,3.5,3.7,3.95,2.24,2.32,1.75,1.8,1.66,1.74,2.34,2.5,15.5,23.0,13.5,17.0,21.0,26.0,22.0,70.0,10.5,12.5,7.8,8.8,12.5,15.0,23.0,42.0,13.5,16.0,10.0,11.5,14.0,17.0,25.0,50.0,25.0,36.0,19.5,24.0,24.0,34.0,17.5,85.0,12.0,14.0,18.5,34.0,8.8,960.0,36007250,3258153.0,345648.0,58805.0,1.261761038,1.261761048,1.261761037,1.261761047,3.5,4.0,1.33,1.4,15.5,19.0,1.05,1.07,4.5,4.9,1.25,1.28,1.4,1.44,1.76,1.84,1.34,1.37,1.261761029,1.261761041,1.261761042,1.261761052
Norwegian Eliteserien,2026-09-13,09:30:00,Viking,Kristiansund,1.33,1.34,10.0,11.0,6.4,6.8,3.3,3.5,1.4,1.43,1.75,1.84,2.2,2.32,18.5,42.0,18.0,55.0,48.0,110.0,12.0,340.0,13.0,14.5,14.0,16.0,32.0,46.0,29.0,130.0,10.0,11.5,10.0,11.5,21.0,25.0,42.0,90.0,11.0,12.5,11.5,13.5,22.0,28.0,48.0,95.0,3.45,3.7,11.5,100.0,12.5,1000.0,36041113,168747.0,2440424.0,58805.0,1.262096468,1.262096478,1.262096467,1.262096477,4.9,5.8,1.21,1.25,8.0,55.0,1.02,1.03,7.8,8.8,1.13,1.14,1.1,1.12,3.9,4.1,1.17,1.19,1.262096459,1.262096471,1.262096472,1.262096482
Dutch Eredivisie,2026-09-13,09:30:00,Heerenveen,SC Telstar,1.7,1.71,4.8,5.1,4.5,4.8,3.25,3.35,1.42,1.44,1.5,1.54,2.88,3.05,30.0,34.0,30.0,34.0,44.0,50.0,27.0,110.0,15.5,17.0,11.0,12.0,18.5,20.0,42.0,48.0,14.5,15.5,9.8,11.0,14.5,15.0,38.0,40.0,17.5,19.5,13.5,15.0,20.0,22.0,42.0,48.0,5.1,5.4,27.0,30.0,22.0,960.0,36005351,3630179.0,11534958.0,58805.0,1.261742868,1.261742878,1.261742867,1.261742877,4.5,5.6,1.23,1.27,20.0,48.0,1.02,1.03,7.6,8.4,1.13,1.15,1.24,1.26,2.4,2.44,1.26,1.28,1.261742859,1.261742871,1.261742872,1.261742882
Austrian Bundesliga,2026-09-13,09:30:00,Austria Wien,SC Austria Lustenau,1.91,1.97,4.1,4.4,3.85,4.1,2.14,2.24,1.81,1.87,1.74,1.81,2.24,2.36,15.5,21.0,15.5,17.5,15.5,38.0,9.0,100.0,9.2,10.5,8.0,9.0,15.5,21.0,8.6,60.0,11.0,13.0,9.2,10.5,15.5,21.0,8.6,65.0,19.0,25.0,17.0,23.0,25.0,38.0,24.0,100.0,10.0,11.5,20.0,55.0,9.8,960.0,36006614,181248.0,8522727.0,58805.0,1.261753931,1.261753941,1.261753930,1.261753940,3.4,3.8,1.37,1.41,15.0,18.0,1.06,1.07,4.3,4.7,1.27,1.3,1.29,1.32,2.02,2.1,1.32,1.35,1.261753922,1.261753934,1.261753935,1.261753945
Azerbaijan Premier League,2026-09-13,09:30:00,Araz Nakhchivan PFK,PFK Turan Tovuz,5.7,6.6,1.67,1.77,3.65,4.2,1.82,1.97,2.04,2.22,2.0,2.16,1.86,2.0,11.5,14.0,6.6,7.8,8.4,10.0,15.0,18.0,15.5,18.5,7.6,9.0,8.8,10.5,16.5,23.0,30.0,60.0,20.0,42.0,6.6,24.0,34.0,48.0,8.6,900.0,8.2,240.0,8.2,240.0,8.6,580.0,8.6,160.0,10.5,14.0,9.0,1000.0,36057588,47857044.0,6658940.0,58805.0,1.262285874,1.262285877,1.262285921,1.262285922,2.96,3.35,1.42,1.51,11.0,14.0,1.07,1.1,3.35,3.8,1.36,1.42,2.28,2.5,1.18,1.21,1.31,1.37,1.262285923,1.262285884,1.262285875,1.262285876
Polish Ekstraklasa,2026-09-13,09:45:00,Pogon Szczecin,Wieczysta Krakow,2.12,2.22,3.4,3.55,3.85,4.1,2.34,2.52,1.66,1.74,1.63,1.64,2.56,2.6,17.5,24.0,15.0,19.5,22.0,32.0,7.0,70.0,11.0,13.0,8.2,9.2,12.5,17.5,18.0,230.0,13.5,18.0,9.8,11.5,13.5,18.0,32.0,46.0,22.0,29.0,15.5,24.0,14.5,60.0,7.0,260.0,10.5,12.5,17.5,32.0,7.8,960.0,36039321,46953.0,12778552.0,58805.0,1.262081654,1.262081657,1.262081701,1.262081702,3.9,4.5,1.28,1.35,17.5,24.0,1.04,1.06,4.8,5.3,1.23,1.26,1.39,1.42,1.82,1.89,1.33,1.36,1.262081703,1.262081664,1.262081655,1.262081656
Swedish Superettan,2026-09-13,10:00:00,Norrkoping,Oddevold,1.46,1.49,6.8,7.6,5.2,5.6,2.52,2.64,1.61,1.66,1.83,1.9,2.12,2.2,19.5,27.0,23.0,28.0,34.0,65.0,46.0,1000.0,9.6,11.0,11.5,12.5,22.0,32.0,40.0,110.0,8.8,9.8,9.2,11.0,18.0,26.0,38.0,160.0,11.5,14.0,12.5,15.5,27.0,36.0,42.0,120.0,5.4,5.7,40.0,490.0,11.5,1000.0,36056832,30683.0,778918.0,58805.0,1.262282777,1.262282780,1.262282824,1.262282825,3.8,4.4,1.3,1.36,5.3,36.0,1.03,1.06,5.3,6.0,1.2,1.24,1.15,1.18,3.0,3.2,1.21,1.24,1.262282826,1.262282787,1.262282778,1.262282779
French Ligue 1,2026-09-13,10:00:00,Lille,ESTAC Troyes,1.45,1.46,8.4,8.8,5.0,5.2,2.24,2.36,1.73,1.8,1.98,2.04,1.97,2.02,18.0,21.0,25.0,28.0,60.0,75.0,50.0,280.0,8.2,9.0,10.0,11.5,27.0,32.0,48.0,130.0,8.2,8.8,9.4,9.8,21.0,25.0,40.0,110.0,11.0,12.0,13.5,15.0,30.0,34.0,70.0,140.0,6.0,6.4,44.0,140.0,29.0,1000.0,36005502,44790.0,4864974.0,58805.0,1.261747163,1.261747147,1.261747162,1.261747172,3.25,3.9,1.35,1.44,17.5,20.0,1.05,1.06,4.7,5.0,1.25,1.28,1.13,1.14,3.15,3.25,1.24,1.25,1.261747165,1.261747167,1.261747168,1.261747150
English Premier League,2026-09-13,10:00:00,Coventry,Brighton,4.0,4.1,2.02,2.04,3.8,3.85,2.18,2.22,1.82,1.85,1.74,1.76,2.32,2.36,16.5,17.0,10.0,10.5,12.5,13.0,21.0,23.0,15.5,16.0,8.2,8.6,9.6,9.8,18.5,19.0,29.0,30.0,15.5,16.0,15.5,16.0,30.0,32.0,75.0,80.0,42.0,44.0,44.0,48.0,70.0,80.0,40.0,42.0,11.0,12.0,300.0,700.0,36005171,48043.0,18567.0,58805.0,1.261738905,1.261738844,1.261738904,1.261738915,3.55,3.7,1.37,1.4,16.0,17.5,1.06,1.07,4.5,4.7,1.27,1.29,1.96,1.98,1.32,1.34,1.35,1.36,1.261738907,1.261738909,1.261738910,1.261738848
Italian Serie B,2026-09-13,10:00:00,Calcio Avellino SSD,Palermo,4.2,4.4,2.1,2.14,3.35,3.45,1.85,1.89,2.12,2.18,1.9,1.94,2.06,2.12,10.5,12.0,8.2,8.8,11.0,13.0,22.0,25.0,13.5,15.0,6.8,7.4,9.8,11.0,20.0,23.0,15.0,34.0,16.0,18.0,16.5,18.0,36.0,42.0,16.0,95.0,38.0,60.0,55.0,90.0,16.0,450.0,50.0,65.0,16.0,18.0,15.5,1000.0,36046980,20530702.0,60307.0,58805.0,1.262197367,1.262197377,1.262197366,1.262197376,2.96,3.15,1.47,1.51,10.5,12.0,1.09,1.11,3.5,3.7,1.38,1.4,1.87,1.91,1.29,1.32,1.4,1.43,1.262197358,1.262197370,1.262197371,1.262197381
Czech 1 Liga,2026-09-13,10:00:00,Zlin,Hradec Kralove,4.0,4.5,2.02,2.12,3.4,3.65,1.79,1.92,2.08,2.26,1.87,2.02,1.99,2.14,10.5,13.0,7.4,8.6,10.5,12.5,21.0,27.0,12.0,14.5,7.0,8.2,9.4,11.5,20.0,24.0,23.0,32.0,15.0,18.0,17.0,21.0,29.0,44.0,55.0,110.0,40.0,130.0,42.0,70.0,80.0,580.0,40.0,600.0,15.0,18.5,10.0,1000.0,36039350,367580.0,367579.0,58805.0,1.262082389,1.262082392,1.262082436,1.262082437,2.9,3.25,1.44,1.53,10.5,13.0,1.08,1.11,3.35,3.7,1.37,1.43,1.89,1.98,1.29,1.34,1.38,1.42,1.262082438,1.262082399,1.262082390,1.262082391
Italian Serie A,2026-09-13,10:00:00,Lecce,AC Monza,2.88,2.92,2.9,2.94,3.15,3.2,1.68,1.7,2.42,2.48,2.0,2.04,1.97,2.0,9.6,10.0,9.0,9.2,16.5,17.5,46.0,50.0,8.8,9.2,6.6,7.0,12.0,13.0,34.0,38.0,16.0,17.0,12.5,13.0,17.5,19.0,50.0,60.0,42.0,46.0,34.0,38.0,50.0,60.0,70.0,140.0,36.0,40.0,38.0,44.0,32.0,1000.0,36006910,508827.0,13659467.0,58805.0,1.261754974,1.261754958,1.261754973,1.261754983,2.78,2.88,1.53,1.56,9.2,10.0,1.11,1.12,3.05,3.15,1.47,1.49,1.51,1.53,1.52,1.54,1.45,1.47,1.261754976,1.261754978,1.261754979,1.261754961
Slovenian Premier League,2026-09-13,10:00:00,Mura,NK Aluminij,2.14,2.32,3.45,3.95,3.4,3.7,1.88,2.04,1.96,2.14,1.8,1.9,2.12,2.24,12.5,16.5,12.0,16.0,19.0,27.0,46.0,80.0,8.4,11.5,7.0,8.2,13.0,15.5,27.0,50.0,12.0,16.5,9.6,13.0,15.5,18.0,32.0,60.0,19.0,29.0,20.0,28.0,25.0,44.0,65.0,120.0,15.0,21.0,23.0,50.0,7.0,1000.0,36040354,503236.0,5664283.0,58805.0,1.262093574,1.262093584,1.262093573,1.262093583,3.0,3.45,1.41,1.49,10.5,15.0,1.07,1.1,3.6,4.1,1.33,1.37,1.35,1.41,1.75,1.88,1.37,1.42,1.262093565,1.262093577,1.262093578,1.262093588
Uruguayan Primera Division,2026-09-13,10:00:00,Progreso,Cerro,2.44,2.54,3.4,3.6,3.05,3.2,1.57,1.61,2.64,2.76,2.16,2.22,1.82,1.87,8.2,8.8,8.8,9.8,20.0,23.0,48.0,160.0,7.0,7.8,6.6,7.2,14.0,16.0,36.0,60.0,12.5,14.0,11.0,13.0,21.0,23.0,48.0,160.0,32.0,40.0,29.0,38.0,48.0,65.0,70.0,1000.0,28.0,38.0,48.0,85.0,16.0,1000.0,36041079,6607289.0,2329297.0,58805.0,1.262098286,1.262098296,1.262098285,1.262098295,2.5,2.76,1.57,1.66,8.0,9.0,1.12,1.14,2.74,2.86,1.54,1.58,1.38,1.41,1.65,1.7,1.45,1.48,1.262098277,1.262098289,1.262098290,1.262098300
Portuguese Segunda Liga,2026-09-13,10:00:00,Chaves,Feirense,2.16,2.24,3.85,4.2,3.3,3.5,1.72,1.8,2.26,2.4,1.95,2.06,1.94,2.06,9.8,11.0,11.0,12.5,20.0,32.0,55.0,110.0,7.2,8.2,6.8,7.6,14.5,16.5,34.0,75.0,11.5,15.5,9.8,11.5,17.5,20.0,46.0,370.0,20.0,36.0,19.0,27.0,30.0,100.0,90.0,580.0,19.5,23.0,42.0,600.0,11.5,1000.0,36039425,311029.0,505957.0,58805.0,1.262083898,1.262083901,1.262083945,1.262083946,2.78,3.05,1.5,1.56,9.8,11.5,1.09,1.12,3.05,3.4,1.43,1.48,1.32,1.36,1.8,1.87,1.4,1.44,1.262083947,1.262083908,1.262083899,1.262083900
Czech 1 Liga,2026-09-13,10:00:00,Plzen,Sigma Olomouc,1.67,1.74,5.3,5.8,4.1,4.4,2.2,2.3,1.77,1.82,1.79,1.86,2.16,2.26,16.0,19.0,18.5,22.0,34.0,48.0,90.0,160.0,8.8,9.8,8.6,9.6,18.5,22.0,46.0,160.0,9.8,11.0,9.2,10.5,17.0,20.0,46.0,320.0,14.5,17.0,15.0,17.5,27.0,36.0,65.0,580.0,7.8,8.8,46.0,600.0,13.5,1000.0,36039366,52613879.0,50337.0,58805.0,1.262092913,1.262092923,1.262092912,1.262092922,3.5,3.85,1.35,1.4,15.5,21.0,1.05,1.07,4.4,4.9,1.26,1.3,1.2,1.24,2.34,2.5,1.29,1.33,1.262092904,1.262092916,1.262092917,1.262092927
German Bundesliga,2026-09-13,10:30:00,RB Leipzig,Hamburger SV,1.38,1.39,9.2,9.6,5.9,6.0,3.35,3.4,1.41,1.43,1.68,1.7,2.44,2.46,36.0,40.0,40.0,46.0,60.0,90.0,100.0,1000.0,13.5,14.5,13.5,14.5,30.0,32.0,38.0,100.0,10.5,11.5,10.0,10.5,19.5,21.0,65.0,80.0,12.0,13.0,12.0,13.0,22.0,25.0,60.0,75.0,3.75,3.85,70.0,80.0,55.0,550.0,36005676,5340398.0,44784.0,58805.0,1.261751867,1.261751851,1.261751866,1.261751876,4.9,5.3,1.23,1.26,34.0,46.0,1.02,1.03,8.0,8.8,1.13,1.15,1.11,1.13,3.55,3.65,1.2,1.21,1.261751869,1.261751871,1.261751872,1.261751854
Turkish 1 Lig,2026-09-13,11:00:00,Sivasspor,Muglaspor,2.0,2.16,3.8,4.2,3.65,3.85,1.93,2.08,1.92,2.08,1.79,1.9,2.1,2.28,12.5,15.5,12.5,15.5,24.0,32.0,55.0,900.0,8.4,9.8,7.2,8.6,14.0,17.0,30.0,70.0,11.0,13.5,9.2,11.0,15.5,19.0,34.0,160.0,21.0,28.0,18.5,23.0,25.0,50.0,70.0,580.0,12.5,15.5,29.0,75.0,10.0,1000.0,36041106,508773.0,11730006.0,58805.0,1.262105511,1.262105556,1.262105595,1.262105520,3.05,3.6,1.39,1.48,12.5,15.5,1.07,1.09,3.75,4.2,1.32,1.37,1.31,1.36,1.87,2.0,1.35,1.38,1.262105512,1.262105514,1.262105515,1.262105559
Icelandic Urvalsdeild,2026-09-13,11:00:00,Stjarnan,IBV,1.73,1.83,4.1,4.5,4.7,5.3,3.65,4.3,1.31,1.37,1.4,1.47,3.1,3.5,23.0,60.0,30.0,44.0,38.0,55.0,55.0,100.0,18.5,26.0,12.5,15.0,17.0,23.0,29.0,46.0,16.5,24.0,10.5,12.5,13.0,15.5,23.0,40.0,17.0,25.0,14.0,18.5,17.5,25.0,34.0,48.0,4.5,5.2,16.0,23.0,7.6,960.0,36048090,3831006.0,198705.0,58805.0,1.262205844,1.262205854,1.262205843,1.262205853,1.05,110.0,1.01,110.0,1.15,80.0,1.01,1.05,9.0,11.0,1.1,1.12,1.29,1.33,2.2,2.38,1.23,1.27,1.262205835,1.262205847,1.262205848,1.262205858
Icelandic Urvalsdeild,2026-09-13,11:00:00,Valur,Thor,1.59,1.67,4.7,5.3,5.1,5.6,3.75,4.3,1.31,1.36,1.43,1.51,2.98,3.3,22.0,55.0,32.0,42.0,44.0,60.0,75.0,130.0,17.5,22.0,12.5,15.5,19.0,24.0,30.0,60.0,15.0,18.0,10.5,12.5,14.0,17.0,23.0,40.0,16.5,21.0,13.0,16.0,17.5,22.0,34.0,55.0,3.95,4.5,17.5,25.0,9.2,330.0,36048089,399803.0,3965658.0,58805.0,1.262205954,1.262205964,1.262205953,1.262205963,1.05,6.4,1.19,110.0,9.2,85.0,1.01,1.05,9.0,11.0,1.1,1.12,1.23,1.28,2.46,2.7,1.21,1.25,1.262205945,1.262205957,1.262205958,1.262205968
Icelandic Urvalsdeild,2026-09-13,11:00:00,Hafnarfjordur,KA Akureyri,2.16,2.24,3.1,3.25,4.2,4.6,3.15,3.45,1.42,1.46,1.43,1.49,3.05,3.35,30.0,36.0,21.0,26.0,25.0,32.0,38.0,55.0,17.5,21.0,10.5,11.5,13.0,15.5,24.0,29.0,18.0,21.0,10.5,12.5,12.5,15.0,22.0,29.0,22.0,30.0,16.5,20.0,19.5,24.0,34.0,55.0,7.2,8.2,13.0,14.5,46.0,590.0,36048088,166884.0,399804.0,58805.0,1.262206065,1.262206075,1.262206064,1.262206074,1.2,110.0,1.19,110.0,1.15,55.0,1.02,1.08,7.4,8.2,1.14,1.16,1.44,1.48,1.8,1.87,1.27,1.31,1.262206056,1.262206068,1.262206069,1.262206079
Turkish 1 Lig,2026-09-13,11:00:00,76 Igdir Belediyespor,Mardin Buyuksehir Belediy,2.36,2.56,3.05,3.35,3.4,3.75,1.9,2.08,1.93,2.12,1.75,1.87,2.16,2.34,12.5,17.0,9.6,13.0,19.0,23.0,36.0,65.0,9.2,10.5,7.0,8.0,12.0,16.0,23.0,44.0,14.0,16.0,10.0,12.0,15.0,17.5,24.0,55.0,23.0,40.0,18.5,32.0,27.0,46.0,65.0,120.0,18.5,24.0,20.0,40.0,8.6,1000.0,36046819,41144710.0,44680605.0,58805.0,1.262196776,1.262196786,1.262196775,1.262196785,3.05,3.8,1.35,1.49,12.0,15.5,1.07,1.09,3.6,4.2,1.32,1.38,1.42,1.49,1.64,1.74,1.37,1.42,1.262196767,1.262196779,1.262196780,1.262196790
Turkish Super League,2026-09-13,11:00:00,Genclerbirligi,Kasimpasa,2.4,2.44,3.55,3.65,3.2,3.3,1.75,1.81,2.24,2.34,1.91,1.98,2.02,2.1,10.0,12.0,10.0,12.0,19.5,24.0,9.8,70.0,8.2,9.2,6.6,7.4,13.0,15.5,36.0,48.0,12.5,15.0,10.5,12.0,17.0,19.5,23.0,65.0,17.0,36.0,24.0,30.0,23.0,60.0,10.5,450.0,18.5,27.0,15.5,55.0,11.0,1000.0,36039741,50350.0,2080735.0,58805.0,1.262084759,1.262084769,1.262084758,1.262084768,2.88,3.05,1.49,1.54,9.8,11.0,1.1,1.12,3.2,3.35,1.42,1.46,1.37,1.4,1.69,1.72,1.43,1.46,1.262084750,1.262084762,1.262084763,1.262084773
Icelandic Urvalsdeild,2026-09-13,11:00:00,KR Reykjavik,IA Akranes,1.6,1.67,4.5,4.9,5.6,6.2,5.9,6.8,1.17,1.21,1.29,1.33,4.0,4.5,7.4,250.0,7.6,390.0,7.2,370.0,6.8,130.0,18.5,150.0,17.5,26.0,13.5,46.0,21.0,55.0,13.5,75.0,13.0,18.0,14.5,19.0,23.0,60.0,22.0,32.0,14.0,19.0,15.5,21.0,23.0,55.0,3.0,3.35,12.5,15.0,6.6,360.0,36048092,399808.0,399801.0,58805.0,1.262205710,1.262205720,1.262205709,1.262205719,5.7,9.4,1.12,1.19,14.5,990.0,1.01,1.07,14.5,21.0,1.05,1.07,1.26,1.29,2.5,2.68,1.19,1.22,1.262205701,1.262205713,1.262205714,1.262205724
Lithuanian A Lyga,2026-09-13,11:00:00,Fk Siauliai,Hegelmann Litauen,2.68,3.0,2.52,2.82,3.55,3.9,2.04,2.1,1.9,1.96,1.69,1.79,2.26,2.46,14.5,21.0,10.5,13.5,15.5,19.5,27.0,46.0,11.0,14.0,7.2,8.8,10.0,13.0,21.0,34.0,17.0,22.0,10.5,13.5,13.5,17.0,29.0,44.0,29.0,55.0,22.0,36.0,29.0,46.0,60.0,90.0,19.0,28.0,17.0,25.0,6.4,960.0,36052314,23642514.0,19046910.0,58805.0,1.262243309,1.262243312,1.262243356,1.262243357,3.25,4.3,1.3,1.44,12.0,18.0,1.06,1.08,4.0,5.5,1.27,1.33,1.55,1.66,1.5,1.59,1.34,1.4,1.262243358,1.262243319,1.262243310,1.262243311
Serbian Super League,2026-09-13,11:00:00,Radnicki Nis,OFK Beograd,2.18,2.4,3.3,3.8,3.45,3.95,1.88,2.1,1.91,2.14,1.74,1.9,2.1,2.36,12.0,17.0,11.5,16.0,21.0,27.0,6.6,270.0,8.4,11.5,6.8,8.6,12.5,16.0,14.5,50.0,12.0,15.5,9.4,12.0,14.5,20.0,6.4,130.0,11.5,34.0,20.0,28.0,6.4,44.0,6.0,580.0,15.0,19.0,13.0,48.0,6.4,1000.0,36044334,6555084.0,9790651.0,58805.0,1.262169072,1.262169075,1.262169119,1.262169120,1.01,110.0,1.36,110.0,11.0,15.5,1.07,1.1,3.55,4.2,1.32,1.39,1.35,1.44,1.71,1.85,1.35,1.41,1.262169121,1.262169082,1.262169073,1.262169074
Estonian Premier League,2026-09-13,11:00:00,Kuressaare,Tammeka Tartu,1.94,11.5,1.83,6.6,2.24,9.0,1.24,970.0,1.3,6.0,1.49,110.0,1.01,110.0,1.96,28.0,1.89,18.5,1.98,75.0,2.06,900.0,1.95,26.0,1.8,42.0,1.86,24.0,2.02,120.0,2.04,150.0,1.9,20.0,1.94,60.0,2.04,160.0,2.08,900.0,2.06,200.0,2.06,150.0,2.08,580.0,2.02,600.0,1.99,600.0,2.1,960.0,36044022,5407305.0,5407303.0,58805.0,1.262162201,1.262162211,1.262162200,1.262162210,1.01,110.0,1.01,110.0,1.27,23.0,1.05,1.08,4.3,21.0,1.24,1.3,1.43,2.3,1.4,1.52,1.16,1.68,1.262162192,1.262162204,1.262162205,1.262162215
Danish Superliga,2026-09-13,11:00:00,Randers,OB,2.2,2.26,3.5,3.6,3.65,3.75,2.24,2.3,1.77,1.81,1.65,1.72,2.4,2.52,16.0,22.0,14.0,20.0,23.0,29.0,9.0,90.0,10.5,12.0,7.6,8.6,13.0,15.5,32.0,50.0,13.5,16.0,9.8,11.0,14.0,19.0,27.0,55.0,15.0,34.0,17.0,27.0,27.0,46.0,42.0,200.0,11.5,13.5,14.0,34.0,9.4,960.0,36039686,342868.0,113225.0,58805.0,1.262084303,1.262084306,1.262084350,1.262084351,3.5,3.9,1.36,1.4,16.0,21.0,1.05,1.07,4.6,4.9,1.25,1.28,1.38,1.4,1.8,1.82,1.36,1.38,1.262084352,1.262084313,1.262084304,1.262084305
Spanish La Liga,2026-09-13,11:15:00,Levante,Barcelona,21.0,22.0,1.16,1.17,10.0,10.5,4.3,4.6,1.28,1.3,1.92,1.93,2.08,2.1,48.0,70.0,16.0,18.0,10.5,11.0,9.4,10.5,65.0,110.0,23.0,26.0,12.5,14.0,11.5,13.0,50.0,250.0,50.0,80.0,34.0,40.0,28.0,34.0,60.0,1000.0,100.0,280.0,46.0,180.0,65.0,140.0,100.0,240.0,2.38,2.48,100.0,1000.0,36010307,214865.0,52480964.0,58805.0,1.261760462,1.261760465,1.261760510,1.261760517,6.0,6.6,1.18,1.2,50.0,100.0,1.01,1.02,11.5,12.5,1.09,1.1,6.6,7.2,1.04,1.05,1.1,1.12,1.261760520,1.261760472,1.261760463,1.261760464
Spanish Segunda Division,2026-09-13,11:15:00,Valladolid,Oviedo,2.66,2.72,3.25,3.35,3.0,3.1,1.54,1.58,2.72,2.84,2.18,2.24,1.8,1.85,7.8,8.4,8.2,9.2,18.0,21.0,32.0,160.0,7.0,8.0,6.4,7.2,13.0,15.0,28.0,55.0,13.5,15.5,11.5,13.0,21.0,24.0,28.0,80.0,38.0,44.0,34.0,40.0,36.0,160.0,14.5,200.0,11.5,48.0,12.5,600.0,15.5,1000.0,36043229,13362.0,21678.0,58805.0,1.262129256,1.262129259,1.262129303,1.262129304,2.44,2.54,1.65,1.7,7.6,8.2,1.14,1.15,2.64,2.72,1.58,1.61,1.42,1.45,1.58,1.6,1.47,1.5,1.262129305,1.262129266,1.262129257,1.262129258
German 3 Liga,2026-09-13,11:30:00,Wehen Wiesbaden,Waldhof Mannheim,2.4,2.54,2.82,3.1,3.7,4.1,2.38,2.62,1.62,1.72,1.57,1.66,2.52,2.76,19.0,27.0,14.0,19.5,4.1,28.0,4.4,55.0,12.5,17.5,8.2,9.6,11.5,16.5,20.0,34.0,16.0,23.0,10.5,15.0,13.0,18.0,4.3,42.0,4.3,42.0,4.1,29.0,21.0,38.0,4.5,200.0,12.0,17.0,16.0,23.0,4.7,960.0,36039879,6500322.0,346909.0,58805.0,1.262106296,1.262106341,1.262106380,1.262106305,1.01,110.0,1.26,110.0,14.5,36.0,1.04,1.07,5.1,6.6,1.19,1.24,1.48,1.55,1.64,1.72,1.32,1.36,1.262106297,1.262106299,1.262106300,1.262106344
Swiss Super League,2026-09-13,11:30:00,Lausanne,Servette,3.45,3.65,2.12,2.16,3.8,4.1,2.34,2.48,1.67,1.74,1.61,1.69,2.44,2.64,18.0,22.0,11.0,13.5,13.5,16.5,22.0,29.0,15.0,18.0,8.0,9.4,10.0,11.5,17.0,22.0,13.0,32.0,13.0,15.5,13.5,16.5,24.0,32.0,9.2,440.0,29.0,80.0,32.0,85.0,9.4,580.0,21.0,27.0,10.0,12.0,10.5,960.0,36040025,2093796.0,51405.0,58805.0,1.262086707,1.262086710,1.262086754,1.262086755,3.7,4.1,1.32,1.37,17.5,22.0,1.05,1.06,5.0,5.4,1.22,1.25,1.86,1.89,1.38,1.4,1.33,1.36,1.262086756,1.262086717,1.262086708,1.262086709
Swiss Super League,2026-09-13,11:30:00,Luzern,FC Basel,2.2,2.26,3.05,3.25,4.2,4.5,3.15,3.3,1.43,1.46,1.44,1.48,3.05,3.25,15.0,42.0,20.0,27.0,15.0,34.0,23.0,440.0,16.5,23.0,10.0,11.5,13.0,15.0,14.5,36.0,17.5,22.0,10.5,12.5,12.5,15.0,17.0,36.0,15.0,36.0,16.5,21.0,12.0,29.0,8.0,55.0,7.6,8.4,13.0,18.5,8.8,960.0,36040021,65784.0,2939090.0,58805.0,1.262086815,1.262086818,1.262086862,1.262086863,4.7,5.2,1.24,1.27,7.4,55.0,1.02,1.09,7.4,8.2,1.14,1.16,1.45,1.49,1.79,1.84,1.28,1.32,1.262086864,1.262086825,1.262086816,1.262086817
Swedish Allsvenskan,2026-09-13,11:30:00,Malmo FF,Orgryte,1.41,1.44,7.8,8.6,5.5,5.8,2.88,3.0,1.5,1.53,1.76,1.84,2.2,2.3,21.0,32.0,29.0,36.0,48.0,100.0,48.0,1000.0,11.0,12.5,12.0,13.5,25.0,30.0,55.0,100.0,9.6,10.5,9.6,11.0,19.5,23.0,46.0,80.0,11.5,13.0,12.5,14.0,23.0,29.0,55.0,95.0,4.2,4.6,36.0,95.0,16.0,1000.0,36043049,174383.0,30686.0,58805.0,1.262121322,1.262121325,1.262121369,1.262121370,4.3,4.8,1.27,1.3,18.0,55.0,1.03,1.06,6.4,7.0,1.17,1.18,1.13,1.15,3.25,3.45,1.2,1.22,1.262121371,1.262121332,1.262121323,1.262121324
Portuguese Segunda Liga,2026-09-13,11:30:00,Amarante,Leiria,3.1,3.35,2.5,2.64,3.2,3.45,1.75,1.82,2.22,2.34,1.87,2.02,1.98,2.14,9.8,11.5,8.2,9.6,13.5,20.0,6.8,48.0,9.4,11.0,6.6,7.6,10.5,12.5,6.4,40.0,17.5,26.0,12.0,14.5,16.5,20.0,7.0,60.0,7.0,70.0,32.0,50.0,7.0,70.0,7.4,150.0,34.0,55.0,21.0,34.0,7.8,1000.0,36043442,10309726.0,191603.0,58805.0,1.262149493,1.262149496,1.262149541,1.262149542,2.78,3.1,1.47,1.56,10.0,11.5,1.09,1.11,3.15,3.45,1.4,1.47,1.61,1.67,1.43,1.48,1.4,1.46,1.262149543,1.262149503,1.262149494,1.262149495
Dutch Eerste Divisie,2026-09-13,11:45:00,FC Volendam,Den Bosch,1.79,1.83,4.0,4.3,4.7,5.1,3.75,4.2,1.32,1.36,1.4,1.43,3.35,3.5,20.0,60.0,18.5,36.0,23.0,50.0,34.0,85.0,19.0,23.0,12.5,16.0,16.5,42.0,20.0,44.0,17.0,20.0,10.5,12.5,13.0,16.5,26.0,38.0,19.5,24.0,13.5,16.5,17.5,24.0,32.0,46.0,4.5,5.3,7.2,19.0,10.5,960.0,36043496,14170968.0,48452.0,58805.0,1.262158123,1.262158126,1.262158170,1.262158171,5.3,6.4,1.19,1.23,23.0,75.0,1.01,1.05,9.6,11.0,1.1,1.12,1.3,1.34,2.2,2.28,1.25,1.28,1.262158172,1.262158133,1.262158124,1.262158125
Dutch Eredivisie,2026-09-13,11:45:00,PEC Zwolle,Feyenoord,6.8,7.2,1.48,1.49,5.4,5.5,3.3,3.5,1.4,1.43,1.59,1.64,2.58,2.68,29.0,38.0,14.0,15.5,12.0,13.0,14.0,15.0,36.0,40.0,12.5,14.0,9.8,11.0,12.5,13.5,60.0,70.0,24.0,28.0,16.5,18.5,20.0,23.0,18.5,180.0,44.0,75.0,50.0,60.0,55.0,65.0,38.0,55.0,4.1,4.4,18.5,440.0,36005331,8750569.0,55264.0,58805.0,1.261741251,1.261741352,1.261741242,1.261741330,4.2,6.4,1.21,1.3,34.0,50.0,1.02,1.03,7.8,8.6,1.13,1.15,3.0,3.1,1.16,1.18,1.22,1.23,1.261741203,1.261741280,1.261741290,1.261741409
Bulgarian A League,2026-09-13,11:45:00,Botev Vratsa,PFC Levski Sofia,8.4,10.5,1.48,1.54,4.2,4.7,1.84,1.99,2.0,2.18,2.24,2.38,1.72,1.81,12.0,16.0,6.2,7.4,7.0,8.4,11.0,15.0,20.0,27.0,8.6,11.5,9.0,11.0,15.5,21.0,6.4,90.0,16.0,36.0,23.0,32.0,6.8,55.0,6.8,390.0,6.8,180.0,6.8,160.0,6.8,220.0,6.8,310.0,8.0,10.5,7.0,1000.0,36039992,5618938.0,21868583.0,58805.0,1.262103926,1.262103936,1.262103925,1.262103935,3.0,3.5,1.4,1.5,11.0,14.5,1.07,1.1,3.4,3.9,1.35,1.4,2.84,3.1,1.1,1.14,1.27,1.32,1.262103917,1.262103929,1.262103930,1.262103940
Norwegian Eliteserien,2026-09-13,12:00:00,Start,Brann,3.45,3.7,2.04,2.12,4.1,4.3,2.48,2.66,1.6,1.67,1.59,1.64,2.56,2.7,18.0,29.0,12.0,14.0,14.0,16.0,19.0,32.0,16.5,23.0,8.8,10.0,10.0,11.5,17.0,23.0,25.0,36.0,13.5,16.0,13.5,16.0,15.0,34.0,30.0,75.0,16.5,44.0,32.0,44.0,36.0,75.0,12.5,27.0,9.0,10.0,8.8,960.0,36039995,774893.0,31317.0,58805.0,1.262088921,1.262088931,1.262088920,1.262088930,3.95,4.3,1.31,1.34,15.0,34.0,1.03,1.07,5.4,5.9,1.2,1.23,1.89,1.97,1.37,1.41,1.3,1.33,1.262088912,1.262088924,1.262088925,1.262088935
Norwegian 1st Division,2026-09-13,12:00:00,Stromsgodset,Sandnes Ulf,1.35,1.4,7.8,9.8,6.0,7.0,3.6,4.3,1.32,1.37,1.59,1.68,2.46,2.7,6.4,65.0,6.4,65.0,6.6,110.0,6.4,260.0,15.5,22.0,14.5,21.0,5.9,34.0,6.6,110.0,12.0,17.0,10.5,14.5,18.0,22.0,6.6,80.0,12.0,17.5,11.5,16.5,20.0,29.0,6.6,80.0,3.1,3.45,10.5,70.0,6.2,430.0,36040010,31319.0,778909.0,58805.0,1.262358771,1.262358774,1.262358818,1.262358819,4.8,110.0,1.16,1.27,9.2,110.0,1.01,1.08,9.0,11.0,1.1,1.12,1.11,1.14,3.45,3.9,1.16,1.2,1.262358820,1.262358781,1.262358772,1.262358773
Norwegian 1st Division,2026-09-13,12:00:00,Raufoss,Odds BK,6.2,7.0,1.46,1.51,5.5,6.0,3.5,3.9,1.35,1.4,1.54,1.64,2.56,2.84,34.0,48.0,15.5,18.5,12.0,14.5,13.5,16.0,4.2,44.0,12.5,15.5,10.0,12.0,12.0,15.0,4.2,170.0,4.2,28.0,16.5,22.0,19.0,24.0,4.2,170.0,4.2,160.0,4.2,55.0,20.0,65.0,4.2,48.0,3.7,4.1,15.0,350.0,36040009,152564.0,10833201.0,58805.0,1.262358681,1.262358684,1.262358728,1.262358729,4.9,5.8,1.21,1.26,8.2,110.0,1.01,1.07,8.4,9.8,1.11,1.14,2.96,3.2,1.17,1.2,1.2,1.23,1.262358730,1.262358691,1.262358682,1.262358683
Norwegian 1st Division,2026-09-13,12:00:00,Moss,Haugesund,4.9,5.6,1.57,1.64,5.3,5.8,3.9,4.6,1.28,1.34,1.42,1.48,3.1,3.35,6.6,65.0,18.5,26.0,15.5,22.0,16.5,23.0,16.5,50.0,14.0,18.5,10.5,14.5,5.1,17.5,6.8,70.0,19.5,27.0,14.5,17.5,18.0,24.0,6.4,130.0,6.6,55.0,13.0,44.0,15.0,50.0,5.5,28.0,3.8,4.2,6.6,220.0,36040001,401947.0,152566.0,58805.0,1.262358411,1.262358414,1.262358458,1.262358459,4.8,7.0,1.17,1.27,9.8,110.0,1.01,1.06,9.8,12.0,1.09,1.12,2.56,2.76,1.22,1.26,1.2,1.24,1.262358460,1.262358421,1.262358412,1.262358413
Norwegian 1st Division,2026-09-13,12:00:00,Sogndal,Strommen,1.95,2.04,3.4,3.65,4.5,4.8,3.25,3.45,1.4,1.45,1.45,1.5,3.0,3.25,7.6,38.0,17.5,32.0,7.4,36.0,8.2,65.0,16.5,19.5,10.5,12.5,14.0,17.5,7.4,40.0,16.0,19.0,10.5,12.0,13.0,18.0,7.4,34.0,21.0,27.0,15.0,18.0,19.0,24.0,25.0,55.0,6.2,7.2,15.0,17.5,9.0,960.0,36040198,31322.0,1146634.0,58805.0,1.262358861,1.262358864,1.262358908,1.262358909,4.2,110.0,1.19,1.31,7.6,110.0,1.02,1.1,7.6,8.4,1.13,1.15,1.38,1.42,1.96,2.06,1.26,1.29,1.262358910,1.262358871,1.262358862,1.262358863
Norwegian 1st Division,2026-09-13,12:00:00,Egersund,Kongsvinger,3.65,4.0,1.83,1.9,4.7,5.2,3.8,4.1,1.33,1.36,1.37,1.45,3.25,3.65,6.4,60.0,18.5,29.0,17.0,21.0,21.0,32.0,27.0,40.0,12.5,15.5,10.5,13.0,14.5,21.0,6.2,55.0,16.0,23.0,13.0,15.5,17.5,25.0,6.6,85.0,6.2,42.0,25.0,36.0,6.2,46.0,13.5,19.0,4.8,5.6,6.4,960.0,36040004,3876624.0,774892.0,58805.0,1.262358591,1.262358594,1.262358638,1.262358639,5.4,6.4,1.18,1.23,9.4,110.0,1.01,1.08,9.4,11.0,1.1,1.12,2.1,2.22,1.33,1.37,1.23,1.28,1.262358640,1.262358601,1.262358592,1.262358593
Tunisian Ligue Professionelle 1,2026-09-13,12:00:00,Olympique De Beja,Progres Sakiet Eddaier,3.35,3.8,2.56,2.84,2.72,2.98,1.41,1.48,3.1,3.5,2.3,2.56,1.64,1.76,6.0,7.2,6.2,7.2,13.0,16.5,8.4,220.0,7.6,8.8,6.0,7.2,11.5,15.0,8.2,290.0,19.0,26.0,14.5,18.0,16.0,75.0,8.8,540.0,8.8,900.0,8.6,170.0,9.0,260.0,9.6,310.0,9.2,600.0,8.8,600.0,9.8,1000.0,36064169,21417314.0,78407965.0,58805.0,1.262343784,1.262343800,1.262343783,1.262343796,1.2,2.54,1.65,110.0,6.0,7.2,1.16,1.2,2.24,2.46,1.69,1.81,1.54,1.64,1.36,1.42,1.51,1.59,1.262343775,1.262343790,1.262343791,1.262343804
Ukrainian Premier League,2026-09-13,12:00:00,FC Bukovyna,Zorya,2.44,2.66,2.98,3.3,3.35,3.6,1.89,1.99,2.0,2.14,1.76,1.89,2.12,2.32,11.5,14.0,10.5,14.0,16.0,23.0,8.0,55.0,9.2,11.0,6.8,8.0,11.5,14.5,7.4,38.0,14.0,17.0,10.0,12.5,14.5,18.0,38.0,120.0,7.4,38.0,21.0,29.0,7.6,44.0,8.6,580.0,17.5,24.0,7.4,36.0,9.4,1000.0,36045509,19510124.0,2017903.0,58805.0,1.262179889,1.262179899,1.262179887,1.262179898,3.0,3.4,1.42,1.5,11.0,14.5,1.08,1.1,3.6,3.9,1.34,1.38,1.44,1.51,1.6,1.7,1.38,1.42,1.262179879,1.262179892,1.262179893,1.262179903
Swedish Superettan,2026-09-13,12:00:00,Ljungskile,Falkenbergs,2.62,2.72,2.78,2.88,3.55,3.75,2.18,2.42,1.7,1.85,1.63,1.7,2.42,2.58,16.0,21.0,12.5,15.0,18.0,21.0,8.0,55.0,12.0,14.5,7.6,8.4,11.0,13.0,14.5,36.0,16.0,19.5,11.0,14.5,13.5,23.0,30.0,260.0,7.8,46.0,13.0,180.0,7.4,250.0,8.4,200.0,16.0,19.0,18.0,21.0,9.2,960.0,36056830,502383.0,780883.0,58805.0,1.262282885,1.262282888,1.262282933,1.262282934,3.3,4.6,1.28,1.43,15.0,21.0,1.05,1.07,4.5,5.0,1.25,1.28,1.53,1.56,1.58,1.61,1.37,1.39,1.262282936,1.262282896,1.262282886,1.262282887
Norwegian Eliteserien,2026-09-13,12:00:00,Ham-Kam,Molde,4.3,4.7,1.76,1.82,4.4,4.7,2.84,2.94,1.51,1.54,1.56,1.6,2.66,2.78,16.5,36.0,13.0,15.0,13.0,15.0,18.0,20.0,14.5,26.0,10.0,11.5,9.6,11.0,14.5,16.5,21.0,42.0,16.5,18.5,14.0,16.0,21.0,25.0,12.0,200.0,23.0,50.0,36.0,42.0,27.0,200.0,24.0,32.0,6.0,6.8,12.0,960.0,36039998,163203.0,31321.0,58805.0,1.262088804,1.262088820,1.262088802,1.262088819,4.3,4.8,1.27,1.3,6.4,55.0,1.03,1.06,6.4,7.2,1.16,1.19,2.2,2.32,1.27,1.3,1.27,1.3,1.262088787,1.262088810,1.262088812,1.262088824
Greek Super League,2026-09-13,12:00:00,Kalamata,NFC Volos,2.56,2.78,3.1,3.35,3.15,3.35,1.69,1.79,2.28,2.46,1.96,2.06,1.94,2.06,9.2,11.0,9.2,10.5,17.5,22.0,7.0,85.0,8.0,9.2,6.4,7.4,12.0,14.5,30.0,55.0,14.0,20.0,11.0,15.0,17.0,21.0,7.0,90.0,6.8,50.0,16.0,48.0,36.0,65.0,7.6,580.0,6.8,600.0,8.4,60.0,8.0,1000.0,36037442,650859.0,16417407.0,58805.0,1.262056545,1.262056555,1.262056544,1.262056554,2.56,3.05,1.48,1.57,8.6,11.0,1.1,1.13,3.0,3.35,1.43,1.49,1.43,1.48,1.56,1.65,1.43,1.47,1.262056536,1.262056548,1.262056549,1.262056559
Austrian Bundesliga,2026-09-13,12:00:00,Sturm Graz,LASK Linz,2.96,3.1,2.3,2.38,4.0,4.2,2.6,2.78,1.56,1.62,1.53,1.59,2.7,2.88,19.5,28.0,14.0,16.0,16.5,19.0,28.0,32.0,16.5,19.0,8.8,9.8,10.5,12.0,18.5,22.0,22.0,25.0,12.0,14.0,13.0,15.0,24.0,28.0,42.0,55.0,25.0,29.0,27.0,36.0,46.0,55.0,15.0,17.5,10.0,11.5,15.0,960.0,36006613,71085.0,8587663.0,58805.0,1.261754041,1.261754051,1.261754040,1.261754050,4.1,4.5,1.29,1.32,17.5,36.0,1.03,1.06,5.7,6.4,1.19,1.21,1.72,1.77,1.47,1.52,1.31,1.34,1.261754032,1.261754044,1.261754045,1.261754055
Norwegian 1st Division,2026-09-13,12:00:00,Hodd,Lyn,2.38,2.54,2.68,2.94,4.0,4.4,2.8,3.2,1.46,1.55,1.47,1.55,2.8,3.15,7.8,32.0,17.0,22.0,20.0,26.0,15.0,95.0,16.0,19.0,9.2,11.0,11.5,14.5,7.6,27.0,18.0,22.0,11.0,13.0,12.5,15.0,11.5,75.0,14.5,200.0,19.0,24.0,21.0,260.0,8.8,580.0,9.8,11.5,11.5,14.0,10.0,960.0,36040002,44824.0,31318.0,58805.0,1.262358501,1.262358504,1.262358548,1.262358549,4.3,5.2,1.24,1.3,6.4,110.0,1.03,1.08,6.4,7.8,1.16,1.18,1.51,1.6,1.64,1.73,1.29,1.34,1.262358550,1.262358511,1.262358502,1.262358503
Peruvian Primera Division,2026-09-13,12:00:00,Cesar Vallejo Moquegua,Sporting Cristal,4.0,4.5,2.0,2.08,3.5,3.8,1.95,2.12,1.89,2.06,1.69,1.9,2.12,2.46,13.0,17.5,8.4,9.6,11.0,13.0,6.6,900.0,13.5,16.0,7.4,9.8,9.4,12.5,6.4,22.0,7.0,75.0,6.0,29.0,15.5,60.0,6.6,80.0,7.6,900.0,8.0,130.0,8.0,150.0,7.6,580.0,7.2,60.0,11.5,14.0,8.0,1000.0,36041173,62939001.0,328696.0,58805.0,1.262104697,1.262104707,1.262104696,1.262104706,1.01,110.0,1.01,110.0,12.0,15.5,1.07,1.09,3.8,4.3,1.31,1.36,1.92,1.99,1.29,1.34,1.35,1.39,1.262104688,1.262104700,1.262104701,1.262104711
Armenian Premier League,2026-09-13,12:00:00,FC Pyunik,FC Shirak,1.3,1.38,8.6,15.0,5.1,6.4,2.12,2.4,1.72,1.85,2.16,2.48,1.68,1.85,5.3,21.0,6.0,38.0,6.8,150.0,7.2,1000.0,4.0,9.2,4.7,14.0,6.2,50.0,7.0,290.0,4.0,8.8,4.4,11.5,6.0,36.0,7.0,220.0,4.3,11.0,5.0,16.5,6.2,48.0,7.0,250.0,3.25,6.0,7.0,450.0,7.2,1000.0,36058668,1526911.0,866231.0,58805.0,1.262300797,1.262300807,1.262300796,1.262300806,3.4,4.4,1.3,1.42,4.5,21.0,1.05,1.07,4.1,5.2,1.25,1.3,1.07,1.1,3.6,4.3,1.19,1.23,1.262300788,1.262300800,1.262300801,1.262300811
Serbian Super League,2026-09-13,12:00:00,Partizan Belgrade,Vojvodina,2.36,2.56,2.7,3.15,3.25,4.3,2.54,2.98,1.52,1.65,1.42,1.58,2.72,970.0,7.6,75.0,16.0,75.0,5.5,160.0,2.5,230.0,14.5,970.0,8.6,10.5,11.5,14.0,19.5,75.0,5.1,65.0,11.0,970.0,11.5,14.0,7.8,70.0,2.5,900.0,19.5,160.0,9.6,220.0,10.0,580.0,10.5,1000.0,13.0,15.5,2.56,960.0,36044330,46980.0,2020542.0,58805.0,1.262168915,1.262168918,1.262168964,1.262168965,1.01,110.0,1.01,110.0,5.9,55.0,1.02,1.21,5.9,7.0,1.17,1.21,1.47,1.59,1.64,1.73,1.31,1.4,1.262168966,1.262168926,1.262168916,1.262168917
Tunisian Ligue Professionelle 1,2026-09-13,12:00:00,JS Omrane,ES Metlaoui,2.34,2.58,3.7,4.3,2.76,3.05,1.42,1.48,3.05,3.4,2.32,2.54,1.64,1.75,6.2,7.2,8.2,9.8,11.5,27.0,10.0,900.0,5.8,6.8,6.2,7.4,16.0,19.0,9.8,95.0,6.0,14.0,11.0,13.5,8.2,29.0,10.0,140.0,8.6,40.0,8.6,42.0,9.6,460.0,10.5,320.0,9.0,75.0,10.0,600.0,11.0,1000.0,36064036,69520058.0,9034928.0,58805.0,1.262344016,1.262344026,1.262344015,1.262344025,1.2,2.6,1.63,20.0,6.2,7.2,1.16,1.2,2.28,2.48,1.68,1.79,1.31,1.37,1.64,1.74,1.48,1.57,1.262344007,1.262344019,1.262344020,1.262344030
Norwegian 1st Division,2026-09-13,12:00:00,Ranheim IL,Asane,1.62,1.7,4.7,5.0,5.0,5.6,3.85,4.3,1.31,1.35,1.41,1.48,3.05,3.45,5.9,65.0,32.0,240.0,23.0,150.0,29.0,120.0,18.5,27.0,13.0,18.5,12.0,27.0,36.0,55.0,16.0,23.0,10.5,13.0,14.0,17.0,18.5,95.0,18.0,26.0,13.5,17.0,17.5,25.0,16.0,48.0,4.0,4.6,10.0,25.0,6.0,520.0,36044261,22623366.0,152573.0,58805.0,1.262167993,1.262167996,1.262168040,1.262168041,5.3,6.6,1.18,1.23,9.6,80.0,1.01,1.07,9.2,11.5,1.1,1.12,1.25,1.27,2.42,2.62,1.21,1.25,1.262168042,1.262168003,1.262167994,1.262167995
Polish I Liga,2026-09-13,12:00:00,Odra Opole,Stal Rzeszow,1.95,2.08,3.9,4.3,3.75,4.0,2.12,2.28,1.79,1.89,1.71,1.8,2.24,2.42,15.0,21.0,14.5,19.5,5.0,36.0,5.3,90.0,9.4,12.5,7.8,9.4,14.0,19.0,5.3,55.0,11.5,15.5,9.4,12.5,15.0,20.0,5.3,60.0,19.5,27.0,17.5,23.0,5.1,38.0,5.5,95.0,10.5,14.0,5.2,48.0,5.4,960.0,36040243,2618007.0,5817456.0,58805.0,1.262093354,1.262093364,1.262093353,1.262093363,3.2,4.2,1.32,1.45,15.0,18.5,1.05,1.07,4.3,4.8,1.27,1.3,1.3,1.35,1.94,2.06,1.33,1.37,1.262093345,1.262093357,1.262093358,1.262093368
Norwegian Eliteserien,2026-09-13,12:00:00,Kfum Oslo,Aalesunds,2.5,2.58,2.78,2.86,3.85,4.1,2.42,2.52,1.66,1.7,1.58,1.62,2.6,2.7,20.0,23.0,14.0,16.5,18.0,23.0,36.0,44.0,13.5,15.5,8.2,9.0,11.5,13.0,21.0,28.0,16.0,20.0,11.0,12.5,13.5,15.5,27.0,34.0,29.0,36.0,21.0,24.0,25.0,32.0,32.0,60.0,13.0,14.5,15.5,17.5,55.0,960.0,36040033,14136987.0,3038746.0,58805.0,1.262088591,1.262088602,1.262088590,1.262088601,3.7,4.3,1.31,1.37,17.5,36.0,1.04,1.07,5.3,5.6,1.22,1.24,1.53,1.57,1.63,1.66,1.32,1.36,1.262088582,1.262088594,1.262088595,1.262088606
Slovakian Super League,2026-09-13,12:00:00,Podbrezova,KFC Komarno,1.91,1.98,3.85,4.1,4.1,4.5,2.46,2.66,1.6,1.69,1.62,1.69,2.46,2.62,20.0,28.0,17.5,20.0,14.5,34.0,6.0,80.0,11.0,15.5,8.8,12.5,14.5,20.0,5.7,48.0,12.5,17.5,9.4,11.0,14.5,20.0,36.0,50.0,19.5,28.0,16.0,18.5,23.0,27.0,6.0,80.0,8.0,9.6,5.4,32.0,6.4,960.0,36040038,8672708.0,11450136.0,58805.0,1.262091616,1.262091626,1.262091615,1.262091625,3.85,4.4,1.3,1.35,17.5,110.0,1.04,1.06,5.1,6.0,1.2,1.24,1.32,1.36,2.02,2.1,1.28,1.33,1.262091607,1.262091619,1.262091620,1.262091630
Azerbaijan Premier League,2026-09-13,12:00:00,Zira,Qarabag FK,3.5,3.8,2.1,2.2,3.8,4.0,1.97,2.12,1.89,2.04,1.79,1.9,2.1,2.28,12.5,17.5,8.4,12.0,10.5,17.5,20.0,36.0,11.5,17.0,7.0,9.8,9.2,13.5,19.5,29.0,21.0,32.0,11.0,18.5,14.5,21.0,19.5,46.0,4.1,440.0,32.0,55.0,4.1,65.0,4.2,320.0,7.2,50.0,12.5,21.0,4.3,1000.0,36057582,10135613.0,10583858.0,58805.0,1.262285712,1.262285715,1.262285759,1.262285760,2.76,3.65,1.38,1.53,12.0,15.5,1.06,1.09,3.7,4.9,1.28,1.37,1.83,1.91,1.36,1.4,1.33,1.36,1.262285761,1.262285722,1.262285713,1.262285714
Italian Serie B,2026-09-13,12:15:00,Mantova,Sampdoria,2.28,2.32,3.85,4.0,3.2,3.3,1.77,1.81,2.24,2.3,1.91,1.99,2.02,2.1,9.8,11.0,11.5,13.0,23.0,28.0,34.0,80.0,8.2,9.0,6.8,7.2,14.5,16.5,44.0,55.0,12.5,13.0,10.0,12.0,16.0,18.5,55.0,70.0,25.0,30.0,23.0,27.0,38.0,46.0,15.5,130.0,19.0,23.0,48.0,60.0,15.0,1000.0,36047042,924269.0,60311.0,58805.0,1.262194323,1.262194326,1.262194370,1.262194371,2.76,3.15,1.47,1.56,9.6,11.0,1.1,1.12,3.3,3.5,1.4,1.44,1.33,1.36,1.75,1.79,1.44,1.46,1.262194372,1.262194333,1.262194324,1.262194325
French Ligue 1,2026-09-13,12:15:00,Le Mans,Lens,5.0,5.2,1.76,1.77,4.2,4.3,2.38,2.44,1.69,1.72,1.71,1.75,2.34,2.4,18.0,20.0,10.0,11.0,11.0,12.0,16.0,18.0,20.0,22.0,8.8,9.6,9.4,10.5,15.0,16.5,36.0,42.0,17.5,19.5,16.0,17.5,26.0,32.0,40.0,120.0,50.0,60.0,50.0,60.0,70.0,80.0,42.0,50.0,7.6,8.2,20.0,1000.0,36005524,269791.0,44793.0,58805.0,1.261747288,1.261747272,1.261747287,1.261747297,3.7,3.95,1.34,1.37,18.0,21.0,1.05,1.06,4.9,5.4,1.23,1.26,2.3,2.32,1.24,1.25,1.3,1.32,1.261747290,1.261747292,1.261747293,1.261747275
English Premier League,2026-09-13,12:30:00,Man Utd,Man City,3.25,3.3,2.24,2.26,3.95,4.0,2.7,2.74,1.57,1.59,1.53,1.55,2.84,2.86,23.0,25.0,14.5,15.0,16.5,17.0,27.0,29.0,19.0,19.5,9.2,9.4,10.0,10.5,18.5,20.0,25.0,27.0,13.0,14.0,13.0,13.5,24.0,25.0,50.0,55.0,27.0,29.0,29.0,30.0,44.0,48.0,20.0,21.0,10.0,10.5,220.0,320.0,36005234,48351.0,47999.0,58805.0,1.261739196,1.261739135,1.261739195,1.261739206,4.2,4.4,1.3,1.31,24.0,25.0,1.04,1.05,6.0,6.6,1.18,1.2,1.79,1.8,1.43,1.45,1.33,1.34,1.261739198,1.261739200,1.261739201,1.261739139
Polish Ekstraklasa,2026-09-13,12:30:00,Legia Warsaw,Widzew Lodz,1.86,1.93,4.6,4.8,3.7,3.9,1.98,2.1,1.91,2.02,1.84,1.93,2.08,2.18,13.0,18.0,14.5,20.0,6.0,80.0,6.8,130.0,8.0,9.0,7.6,8.8,16.5,23.0,6.6,65.0,10.0,12.0,9.2,10.5,16.5,24.0,6.6,80.0,18.5,26.0,17.5,25.0,6.2,44.0,6.8,130.0,11.0,13.0,6.8,85.0,7.2,1000.0,36040133,241091.0,502304.0,58805.0,1.262087072,1.262087075,1.262087119,1.262087120,3.15,3.5,1.4,1.46,12.5,15.5,1.07,1.09,3.8,4.2,1.32,1.36,1.26,1.28,2.06,2.16,1.34,1.38,1.262087121,1.262087082,1.262087073,1.262087074
Chilean Primera Division,2026-09-13,12:30:00,Univ de Concepcion,Huachipato,2.12,2.22,3.55,3.75,3.65,3.9,2.1,2.22,1.82,1.91,1.71,1.78,2.28,2.42,14.5,20.0,13.0,18.0,11.5,32.0,6.2,80.0,9.6,11.5,7.8,9.0,13.0,17.5,6.0,48.0,12.0,17.0,9.6,11.5,14.5,19.5,6.0,55.0,13.0,32.0,18.5,26.0,16.0,40.0,6.4,95.0,12.0,15.0,7.2,42.0,6.8,960.0,36037811,5129867.0,2019917.0,58805.0,1.262061751,1.262061761,1.262061750,1.262061760,3.35,3.8,1.35,1.43,13.5,18.0,1.06,1.08,4.2,4.6,1.28,1.32,1.36,1.4,1.82,1.88,1.34,1.38,1.262061742,1.262061754,1.262061755,1.262061765
German Bundesliga,2026-09-13,12:30:00,Elversberg,Bayern Munich,18.0,19.0,1.18,1.19,9.8,10.0,6.4,6.8,1.17,1.19,1.58,1.6,2.66,2.74,42.0,120.0,26.0,30.0,15.5,17.5,12.5,14.0,70.0,160.0,27.0,30.0,14.0,15.5,12.0,13.0,60.0,1000.0,48.0,65.0,26.0,30.0,21.0,24.0,100.0,630.0,46.0,200.0,55.0,100.0,50.0,75.0,75.0,110.0,2.04,2.12,50.0,360.0,36005833,500893.0,5774350.0,58805.0,1.261750699,1.261750683,1.261750698,1.261750708,7.8,8.6,1.13,1.15,60.0,110.0,1.01,1.02,18.0,21.0,1.05,1.06,6.2,6.6,1.05,1.06,1.11,1.12,1.261750701,1.261750703,1.261750704,1.261750686
Lithuanian A Lyga,2026-09-13,12:45:00,FK Suduva,VMFD Zalgiris,2.62,2.74,2.78,2.98,3.45,3.7,1.96,2.1,1.91,2.06,1.73,1.84,2.2,2.38,12.5,15.5,10.5,12.5,16.5,21.0,32.0,900.0,10.0,12.0,7.0,8.2,11.0,14.5,20.0,40.0,15.5,19.0,10.5,13.0,14.5,20.0,32.0,55.0,28.0,46.0,21.0,75.0,28.0,95.0,28.0,580.0,19.5,25.0,1.55,34.0,11.5,1000.0,36052315,198707.0,5524811.0,58805.0,1.262243418,1.262243421,1.262243465,1.262243466,1.01,3.6,1.39,110.0,12.5,15.5,1.07,1.09,3.75,4.3,1.31,1.36,1.5,1.57,1.57,1.62,1.37,1.41,1.262243467,1.262243428,1.262243419,1.262243420
Danish Superliga,2026-09-13,13:00:00,FC Nordsjaelland,AGF,1.83,1.85,4.1,4.3,4.4,4.6,3.0,3.05,1.48,1.5,1.52,1.57,2.76,2.9,26.0,30.0,23.0,26.0,32.0,40.0,15.0,170.0,14.5,15.5,10.0,11.0,16.0,17.5,36.0,42.0,14.0,15.5,9.8,11.0,14.0,15.5,23.0,40.0,20.0,22.0,15.0,16.5,21.0,24.0,44.0,55.0,6.4,6.8,22.0,28.0,17.0,960.0,36031494,466299.0,28214.0,58805.0,1.262002801,1.262002804,1.262002848,1.262002849,3.9,110.0,1.23,1.29,1.02,36.0,1.03,1.06,6.6,7.4,1.16,1.18,1.3,1.32,2.18,2.22,1.27,1.3,1.262002850,1.262002811,1.262002802,1.262002803
Czech 1 Liga,2026-09-13,13:00:00,Teplice,Slavia Prague,6.4,7.0,1.61,1.65,4.1,4.4,2.14,2.26,1.79,1.88,1.86,1.95,2.04,2.16,15.5,22.0,8.0,9.0,8.8,10.0,13.5,18.0,20.0,38.0,8.6,9.4,8.8,10.0,14.5,17.5,20.0,220.0,18.0,42.0,17.5,21.0,9.4,42.0,10.5,700.0,11.0,400.0,10.5,320.0,11.0,700.0,11.0,700.0,7.4,8.6,12.0,1000.0,36040824,174264.0,10777.0,58805.0,1.262093023,1.262093033,1.262093022,1.262093032,3.1,110.0,1.33,1.48,15.0,21.0,1.06,1.07,4.3,4.7,1.27,1.3,2.52,2.68,1.16,1.19,1.29,1.33,1.262093014,1.262093026,1.262093027,1.262093037
Italian Serie A,2026-09-13,13:00:00,Napoli,Bologna,1.9,1.91,4.9,5.0,3.65,3.7,1.83,1.85,2.18,2.22,2.0,2.04,1.96,2.0,11.0,12.0,14.0,15.0,32.0,36.0,40.0,120.0,7.4,7.8,7.6,8.0,17.5,19.0,60.0,70.0,10.0,10.5,10.0,10.5,19.5,21.0,55.0,80.0,19.5,21.0,20.0,22.0,38.0,42.0,75.0,140.0,14.0,15.5,80.0,95.0,23.0,1000.0,36007395,676464.0,199545.0,58805.0,1.261755719,1.261755703,1.261755718,1.261755728,2.98,3.1,1.47,1.5,11.0,12.0,1.09,1.1,3.4,3.5,1.4,1.42,1.25,1.26,2.08,2.12,1.37,1.38,1.261755721,1.261755723,1.261755724,1.261755706
Uruguayan Primera Division,2026-09-13,13:00:00,Juventud De Las Piedras,Danubio,2.12,2.36,3.7,4.5,3.05,3.45,1.64,1.8,2.24,2.58,1.92,2.14,1.87,2.1,5.7,17.0,9.4,150.0,14.0,770.0,2.36,900.0,6.6,10.5,6.4,14.0,12.5,470.0,2.36,880.0,9.4,140.0,8.6,36.0,12.5,60.0,2.36,880.0,5.2,810.0,6.6,130.0,2.5,880.0,11.0,880.0,5.0,880.0,2.34,880.0,2.36,1000.0,36041107,8947595.0,504779.0,58805.0,1.262098176,1.262098186,1.262098175,1.262098185,2.58,110.0,1.47,1.63,2.96,36.0,1.1,1.15,2.96,3.35,1.44,1.51,1.28,1.37,1.73,1.9,1.41,1.48,1.262098167,1.262098179,1.262098180,1.262098190
Cypriot 1st Division,2026-09-13,13:00:00,AEK Larnaca,Pafos FC,2.34,2.66,2.88,3.45,3.3,3.7,1.83,2.04,1.96,2.2,1.75,1.93,2.08,2.34,3.8,16.5,3.7,15.0,4.1,27.0,4.5,900.0,3.55,12.5,4.4,8.2,3.8,17.0,4.4,46.0,3.95,19.5,3.65,14.5,3.9,18.5,4.5,60.0,4.3,85.0,4.3,34.0,4.5,50.0,4.7,580.0,4.2,28.0,4.4,44.0,4.9,1000.0,36044018,908335.0,9124224.0,58805.0,1.262162926,1.262162936,1.262162925,1.262162935,2.66,3.85,1.35,1.6,1.02,15.5,1.07,1.12,3.4,4.1,1.33,1.41,1.4,1.51,1.6,1.75,1.37,1.44,1.262162917,1.262162929,1.262162930,1.262162940
Greek Super League,2026-09-13,13:00:00,Asteras Tripolis,AEK Athens,10.0,11.0,1.41,1.43,4.7,5.1,1.95,2.06,1.96,2.06,2.24,2.38,1.73,1.81,13.5,16.0,6.2,7.2,6.8,7.8,10.0,12.0,11.5,29.0,9.8,11.5,9.4,10.5,14.5,17.5,11.5,110.0,9.8,85.0,14.5,75.0,10.0,160.0,12.0,510.0,11.5,230.0,11.5,470.0,12.0,240.0,12.5,390.0,6.8,7.8,12.0,1000.0,36025574,1300930.0,10758.0,58805.0,1.261944961,1.261944971,1.261944960,1.261944970,2.84,3.8,1.39,1.49,13.5,16.0,1.06,1.08,3.9,4.1,1.32,1.35,3.25,3.45,1.1,1.12,1.24,1.26,1.261944952,1.261944964,1.261944965,1.261944975
Icelandic 1 Deild,2026-09-13,13:15:00,Throttur,Njardvik,1.73,1.84,4.3,4.9,4.3,4.7,2.5,2.86,1.54,1.66,1.59,1.71,2.4,2.7,11.5,32.0,19.5,29.0,7.0,42.0,7.4,900.0,11.0,13.5,9.2,11.5,16.0,19.5,7.2,70.0,11.5,14.0,9.2,11.0,14.0,21.0,7.0,70.0,16.5,20.0,14.0,17.0,14.5,32.0,7.4,70.0,6.4,7.6,6.8,38.0,8.0,960.0,36061516,3968882.0,3968879.0,58805.0,1.262317768,1.262317813,1.262317852,1.262317777,3.85,5.3,1.24,1.35,5.8,55.0,1.03,1.14,5.5,6.6,1.18,1.21,1.26,1.31,2.18,2.38,1.27,1.31,1.262317769,1.262317771,1.262317772,1.262317816
Saudi Professional League,2026-09-13,13:20:00,NEOM Sports Club,Al-Fateh (KSA),1.7,1.75,4.9,5.4,4.3,4.6,2.4,2.6,1.62,1.71,1.68,1.78,2.28,2.46,19.0,24.0,19.0,23.0,27.0,55.0,8.2,900.0,10.0,11.5,9.2,10.5,17.0,21.0,7.8,75.0,10.5,12.5,9.2,10.5,15.5,19.0,7.8,70.0,15.5,18.5,14.5,20.0,7.2,36.0,8.0,500.0,6.8,7.8,15.5,65.0,8.6,1000.0,36049702,66051083.0,7196232.0,58805.0,1.262225894,1.262225904,1.262225893,1.262225903,3.7,4.4,1.3,1.37,15.0,110.0,1.01,1.07,5.1,5.6,1.22,1.25,1.23,1.26,2.32,2.42,1.27,1.31,1.262225885,1.262225897,1.262225898,1.262225908
Bosnian Premier League,2026-09-13,13:30:00,Sloga Doboj,Zeljeznicar,2.16,2.46,3.7,4.4,2.96,3.35,1.54,1.65,2.56,2.86,2.08,2.3,1.77,1.92,1.01,9.2,1.01,11.5,1.01,75.0,1.01,900.0,1.01,7.6,1.01,7.6,1.01,21.0,1.01,170.0,1.01,14.0,1.01,14.0,1.01,27.0,1.01,240.0,1.01,36.0,1.01,85.0,1.01,160.0,1.01,220.0,1.55,38.0,1.55,120.0,1.01,1000.0,36062637,14508297.0,180585.0,58805.0,1.262326460,1.262326470,1.262326459,1.262326469,2.46,3.05,1.49,1.68,2.86,9.2,1.12,1.16,2.58,2.94,1.52,1.63,1.3,1.37,1.68,1.87,1.42,1.52,1.262326451,1.262326463,1.262326464,1.262326474
Spanish La Liga,2026-09-13,13:30:00,Getafe,Deportivo,2.58,2.62,3.6,3.7,2.92,2.94,1.45,1.46,3.2,3.25,2.42,2.46,1.68,1.71,6.6,7.0,8.2,8.8,20.0,23.0,70.0,85.0,6.4,6.8,6.6,7.0,16.0,17.5,60.0,70.0,12.5,14.0,12.5,13.5,26.0,29.0,70.0,110.0,36.0,42.0,38.0,44.0,70.0,85.0,110.0,310.0,28.0,55.0,95.0,120.0,23.0,1000.0,36011226,248010.0,51266.0,58805.0,1.261760089,1.261760092,1.261760137,1.261760144,2.34,2.44,1.69,1.74,6.6,7.0,1.16,1.18,2.38,2.42,1.71,1.73,1.37,1.38,1.62,1.64,1.51,1.53,1.261760147,1.261760099,1.261760090,1.261760091
Spanish Segunda Division,2026-09-13,13:30:00,Mallorca,Sabadell,1.84,1.88,5.1,5.3,3.7,3.75,1.82,1.86,2.16,2.22,1.98,2.08,1.94,2.04,11.5,12.5,14.0,16.0,32.0,38.0,16.5,140.0,7.4,7.8,7.4,8.0,18.0,20.0,65.0,90.0,9.2,10.5,9.8,10.5,19.5,22.0,36.0,90.0,17.5,19.5,18.5,21.0,38.0,190.0,16.5,140.0,13.0,14.5,80.0,300.0,15.5,1000.0,36043223,10542.0,565026.0,58805.0,1.262127271,1.262127299,1.262127457,1.262127465,3.0,3.2,1.45,1.5,11.5,13.0,1.08,1.1,3.5,3.7,1.37,1.4,1.23,1.25,2.14,2.2,1.36,1.38,1.262127488,1.262127361,1.262127282,1.262127290
Cypriot 1st Division,2026-09-13,14:00:00,Olympiakos Nicosia FC,Omonia 29th May,1.72,2.82,2.3,110.0,2.36,110.0,1.28,970.0,1.38,4.5,1.01,1000.0,1.01,1000.0,2.5,970.0,1.01,40.0,1.01,90.0,1.01,900.0,4.9,970.0,4.4,970.0,1.01,65.0,1.01,370.0,1.01,27.0,1.01,21.0,1.01,120.0,1.01,370.0,1.01,900.0,1.01,160.0,1.01,180.0,1.01,440.0,5.2,48.0,1.55,160.0,1.01,1000.0,36044525,9028271.0,37695630.0,58805.0,1.262356628,1.262356633,1.262356681,1.262356682,1.01,1000.0,1.01,1000.0,1.02,1000.0,1.01,110.0,1.28,970.0,1.38,4.5,1.22,1.7,1.55,2.42,1.3,1.66,1.262356683,1.262356642,1.262356631,1.262356632
Turkish Super League,2026-09-13,14:00:00,Amed Sportif Faaliyetler,Basaksehir,2.6,2.74,2.78,2.9,3.6,3.75,2.1,2.22,1.82,1.9,1.67,1.75,2.32,2.48,14.5,17.5,11.5,13.0,17.0,21.0,30.0,55.0,11.0,13.0,7.6,8.4,11.0,12.5,15.0,48.0,16.5,19.5,10.5,12.5,14.0,16.0,32.0,55.0,20.0,55.0,14.5,28.0,19.0,50.0,12.5,580.0,18.5,21.0,19.5,23.0,14.5,960.0,36044260,12171081.0,10071088.0,58805.0,1.262167896,1.262167899,1.262167943,1.262167944,3.3,3.65,1.38,1.43,14.5,17.0,1.06,1.08,4.2,4.6,1.28,1.31,1.52,1.57,1.57,1.62,1.36,1.39,1.262167945,1.262167906,1.262167897,1.262167898
Turkish 1 Lig,2026-09-13,14:00:00,Bursaspor,Erokspor A.S,1.87,2.0,4.1,4.8,3.8,4.2,2.12,2.28,1.79,1.9,1.75,1.87,2.16,2.32,14.5,20.0,14.5,17.5,26.0,34.0,6.6,110.0,8.6,12.0,7.8,11.0,15.0,18.0,6.2,65.0,10.5,15.0,9.0,10.0,15.5,18.5,6.2,65.0,18.0,23.0,16.5,20.0,16.0,34.0,6.6,110.0,10.0,14.0,6.2,60.0,6.4,960.0,36045299,113183.0,20929178.0,58805.0,1.262174193,1.262174196,1.262174240,1.262174241,3.25,3.9,1.35,1.44,13.5,18.0,1.06,1.07,4.2,4.7,1.28,1.31,1.26,1.32,2.0,2.16,1.32,1.36,1.262174242,1.262174203,1.262174194,1.262174195
Turkish Super League,2026-09-13,14:00:00,Galatasaray,Kocaelispor,1.36,1.37,10.5,11.5,5.6,5.8,2.62,2.82,1.55,1.62,1.87,1.93,2.06,2.16,23.0,27.0,34.0,46.0,28.0,540.0,15.0,410.0,9.8,11.5,11.5,12.5,30.0,38.0,14.5,160.0,8.6,9.6,9.4,10.5,22.0,25.0,75.0,120.0,11.0,12.0,12.0,13.5,16.0,32.0,16.0,130.0,4.4,4.7,16.5,140.0,14.5,1000.0,36041025,2436.0,113126.0,58805.0,1.262105027,1.262105037,1.262105026,1.262105036,4.0,5.3,1.26,1.33,1.02,36.0,1.03,1.05,5.9,6.6,1.18,1.21,1.09,1.11,3.7,3.8,1.2,1.22,1.262105018,1.262105030,1.262105031,1.262105041
Portuguese Primeira Liga,2026-09-13,14:00:00,Arouca,Santa Clara,2.68,2.72,3.1,3.2,3.2,3.25,1.67,1.72,2.4,2.48,2.0,2.08,1.93,2.0,8.8,10.5,9.2,10.0,17.0,19.5,24.0,65.0,8.2,9.0,6.6,7.2,12.5,14.0,36.0,42.0,14.5,16.0,11.5,12.5,18.0,21.0,50.0,65.0,36.0,46.0,30.0,36.0,48.0,60.0,14.5,580.0,30.0,38.0,36.0,48.0,15.5,1000.0,36044148,3413603.0,48793.0,58805.0,1.262166109,1.262166119,1.262166108,1.262166118,2.62,2.98,1.51,1.61,9.0,11.0,1.1,1.13,3.0,3.15,1.46,1.5,1.45,1.48,1.58,1.6,1.44,1.46,1.262166100,1.262166112,1.262166113,1.262166123
Turkish 1 Lig,2026-09-13,14:00:00,Fatih Karagumruk Istanbul,Manisa FK,1.92,2.08,3.75,4.3,3.85,4.3,2.18,2.4,1.71,1.84,1.68,1.78,2.28,2.48,16.0,22.0,15.0,18.5,14.5,34.0,7.4,90.0,9.6,13.0,8.0,9.4,14.0,17.5,7.0,55.0,11.5,14.5,9.2,11.5,14.5,19.5,22.0,55.0,19.5,26.0,16.5,21.0,14.5,36.0,32.0,90.0,9.6,12.0,6.8,46.0,8.2,960.0,36045297,10472882.0,27282595.0,58805.0,1.262174042,1.262174045,1.262174089,1.262174090,3.35,4.4,1.31,1.42,15.0,21.0,1.05,1.07,4.4,5.1,1.25,1.29,1.3,1.36,1.93,2.1,1.3,1.36,1.262174091,1.262174052,1.262174043,1.262174044
Slovakian Super League,2026-09-13,14:00:00,Slovan Bratislava,Zilina,1.6,1.66,5.1,5.5,4.7,5.1,2.88,3.25,1.45,1.53,1.56,1.63,2.58,2.8,8.0,75.0,13.0,70.0,8.6,140.0,9.6,470.0,12.5,15.5,10.0,12.5,17.5,23.0,8.8,190.0,11.5,14.5,9.4,11.5,14.5,18.0,8.6,150.0,15.0,18.5,13.0,16.0,20.0,42.0,9.0,580.0,5.0,5.9,8.2,75.0,9.8,440.0,36041086,46933.0,189806.0,58805.0,1.262096798,1.262096808,1.262096797,1.262096807,4.3,5.2,1.24,1.3,6.8,55.0,1.02,1.08,6.4,7.8,1.15,1.18,1.22,1.24,2.5,2.66,1.24,1.28,1.262096789,1.262096801,1.262096802,1.262096812
Serbian Super League,2026-09-13,14:00:00,FK IMT Novi Beograd,Crvena Zvezda,10.0,14.5,1.31,1.39,5.2,7.2,2.38,2.54,1.64,1.72,2.02,2.3,1.78,1.97,18.0,26.0,7.4,11.0,7.0,9.8,9.0,13.0,6.6,42.0,11.0,16.0,9.0,13.0,13.0,18.0,13.0,540.0,6.8,48.0,22.0,36.0,24.0,48.0,5.1,540.0,5.0,230.0,5.0,470.0,5.0,200.0,15.0,320.0,4.6,5.6,5.1,1000.0,36044232,17203916.0,6399.0,58805.0,1.262167713,1.262167716,1.262167760,1.262167761,3.25,4.9,1.26,1.45,15.5,26.0,1.04,1.05,4.5,6.4,1.21,1.29,3.55,4.2,1.09,1.11,1.19,1.24,1.262167762,1.262167723,1.262167714,1.262167715
Portuguese Primeira Liga,2026-09-13,14:00:00,Benfica,Gil Vicente,1.16,1.17,25.0,29.0,9.2,9.4,2.7,2.86,1.55,1.58,2.74,2.82,1.55,1.58,24.0,34.0,50.0,65.0,14.5,340.0,15.0,1000.0,8.6,10.0,18.0,21.0,13.0,95.0,15.0,1000.0,6.4,7.2,12.0,14.0,12.0,330.0,14.5,460.0,6.8,7.6,14.0,16.5,12.0,420.0,14.5,460.0,3.2,3.45,15.0,1000.0,15.0,1000.0,36044706,48783.0,48784.0,58805.0,1.262172777,1.262172787,1.262172776,1.262172786,4.3,4.9,1.26,1.3,22.0,36.0,1.03,1.05,6.0,6.6,1.18,1.2,1.03,1.04,6.8,7.2,1.11,1.13,1.262172768,1.262172780,1.262172781,1.262172791
Norwegian Eliteserien,2026-09-13,14:15:00,Fredrikstad,Sarpsborg,2.48,2.56,2.88,3.05,3.65,3.85,2.18,2.26,1.8,1.85,1.67,1.72,2.4,2.48,16.0,21.0,12.5,14.0,18.5,22.0,38.0,55.0,11.0,12.5,7.6,8.4,11.5,13.5,27.0,34.0,15.5,18.5,10.5,12.0,14.0,16.5,30.0,40.0,27.0,36.0,22.0,27.0,27.0,40.0,46.0,85.0,15.5,20.0,20.0,25.0,90.0,960.0,36041112,168742.0,778903.0,58805.0,1.262096578,1.262096588,1.262096577,1.262096587,3.1,4.2,1.32,1.47,16.0,18.0,1.06,1.07,4.5,4.7,1.27,1.29,1.49,1.53,1.64,1.68,1.35,1.38,1.262096569,1.262096581,1.262096582,1.262096592
Bulgarian A League,2026-09-13,14:30:00,Botev Plovdiv,Lokomotiv Plovdiv,1.84,1.92,4.7,5.1,3.65,3.9,1.85,2.0,2.0,2.18,1.89,2.04,1.96,2.14,12.0,14.0,14.0,16.5,9.0,46.0,10.5,700.0,7.0,8.4,7.4,8.4,16.0,20.0,10.0,160.0,9.8,11.5,9.0,11.0,17.5,21.0,10.0,700.0,18.0,21.0,18.0,21.0,9.0,55.0,10.5,580.0,11.5,14.5,10.0,700.0,11.5,1000.0,36041178,1255220.0,878125.0,58805.0,1.262097250,1.262097257,1.262097315,1.262097317,3.0,3.45,1.41,1.49,11.0,15.5,1.07,1.1,3.45,3.95,1.34,1.4,1.25,1.28,2.08,2.2,1.34,1.38,1.262097320,1.262097271,1.262097253,1.262097255
Romanian Liga I,2026-09-13,14:30:00,FC Hunedoara,Universitatea Craiova,4.5,4.9,1.9,1.98,3.6,3.75,1.84,1.98,2.02,2.18,1.88,2.0,2.0,2.14,11.5,14.0,7.4,8.4,10.0,11.5,19.0,22.0,13.5,16.0,7.2,8.4,9.0,10.5,18.5,22.0,14.5,36.0,16.5,19.5,17.0,20.0,9.8,100.0,11.5,900.0,10.5,320.0,11.0,320.0,11.5,390.0,11.0,270.0,13.0,15.0,13.0,1000.0,36022706,7223889.0,2487036.0,58805.0,1.261922538,1.261922548,1.261922537,1.261922547,2.98,3.4,1.42,1.51,11.5,13.5,1.08,1.1,3.55,3.85,1.35,1.39,2.02,2.14,1.25,1.29,1.37,1.39,1.261922529,1.261922541,1.261922542,1.261922552
Israeli Premier League,2026-09-13,14:30:00,Hapoel Petach Tikva,Hapoel Be'er Sheva,5.7,8.6,1.48,1.6,4.3,6.4,2.32,2.78,1.57,1.75,1.73,1.88,2.14,2.36,2.5,50.0,8.6,14.5,8.6,13.0,7.6,900.0,16.0,55.0,8.6,970.0,7.8,12.5,7.6,60.0,4.2,350.0,13.0,48.0,14.0,36.0,17.5,1000.0,4.2,1000.0,4.2,1000.0,26.0,1000.0,2.6,1000.0,2.56,160.0,2.0,29.0,2.6,1000.0,36045347,6094761.0,102137986.0,58805.0,1.262180571,1.262180581,1.262180570,1.262180580,3.5,110.0,1.01,1.4,5.0,36.0,1.03,1.24,5.0,6.0,1.21,1.24,2.66,3.1,1.14,1.2,1.2,1.31,1.262180562,1.262180574,1.262180575,1.262180585
German 3 Liga,2026-09-13,14:30:00,Hoffenheim II,Fortuna Koln,2.1,2.3,3.3,3.9,3.35,4.6,2.28,2.62,1.62,1.78,1.52,1.73,2.38,2.94,2.5,85.0,9.6,28.0,2.5,95.0,2.5,440.0,7.0,85.0,6.4,14.0,8.8,70.0,2.5,220.0,8.6,75.0,7.8,26.0,8.6,65.0,2.5,290.0,2.5,900.0,11.5,150.0,2.5,180.0,2.5,580.0,7.8,55.0,1.55,1000.0,11.5,960.0,36047862,5730521.0,5790034.0,58805.0,1.262203631,1.262203634,1.262203678,1.262203679,1.01,110.0,1.28,110.0,11.0,110.0,1.01,1.09,4.7,6.6,1.19,1.25,1.34,1.44,1.77,1.91,1.28,1.42,1.262203680,1.262203641,1.262203632,1.262203633
Argentinian Primera Division,2026-09-13,14:45:00,Tigre,Rosario Central,3.1,3.2,2.84,2.9,2.96,3.05,1.51,1.56,2.8,2.94,2.2,2.28,1.78,1.84,7.0,7.8,7.4,8.0,14.5,16.5,42.0,55.0,8.0,8.6,6.4,6.8,12.5,14.0,38.0,46.0,16.5,19.5,13.5,15.0,22.0,25.0,60.0,150.0,50.0,60.0,42.0,55.0,36.0,160.0,70.0,1000.0,50.0,170.0,44.0,170.0,20.0,1000.0,35999841,2451815.0,220949.0,58805.0,1.261710240,1.261710250,1.261710239,1.261710249,2.4,2.62,1.61,1.71,7.2,7.8,1.14,1.17,2.56,2.66,1.6,1.65,1.52,1.55,1.45,1.48,1.5,1.52,1.261710231,1.261710243,1.261710244,1.261710254
Argentinian Primera Division,2026-09-13,14:45:00,Sarmiento de Junin,Belgrano,3.4,3.6,2.52,2.6,3.0,3.15,1.54,1.58,2.72,2.86,2.18,2.28,1.79,1.84,7.6,8.4,7.2,7.6,12.5,14.5,32.0,44.0,8.6,9.6,6.4,7.2,11.5,13.0,30.0,42.0,18.5,22.0,14.0,17.0,17.5,25.0,34.0,140.0,32.0,150.0,28.0,120.0,36.0,180.0,70.0,1000.0,32.0,200.0,32.0,44.0,15.0,1000.0,35999785,5971606.0,1496989.0,58805.0,1.261711000,1.261711010,1.261710999,1.261711009,2.48,2.62,1.62,1.67,7.6,8.8,1.13,1.16,2.64,2.76,1.57,1.61,1.62,1.66,1.38,1.42,1.46,1.5,1.261710991,1.261711003,1.261711004,1.261711014
Ecuadorian Serie A,2026-09-13,15:00:00,CD Leones del Norte,Tecnico Universitario,1.94,2.04,4.7,5.2,3.35,3.6,1.65,1.75,2.34,2.58,2.1,2.2,1.83,1.91,8.8,12.5,12.0,16.5,14.5,38.0,6.0,170.0,6.4,8.6,6.8,9.2,17.5,21.0,5.9,100.0,9.2,11.5,9.6,13.0,16.5,28.0,6.0,120.0,19.5,29.0,20.0,30.0,23.0,60.0,6.2,580.0,17.5,25.0,6.2,150.0,6.2,1000.0,36044221,67023925.0,6290900.0,58805.0,1.262171189,1.262171199,1.262171188,1.262171198,2.6,110.0,1.43,1.62,9.0,10.5,1.1,1.13,2.84,3.2,1.47,1.55,1.23,1.3,1.96,2.08,1.38,1.44,1.262171180,1.262171192,1.262171193,1.262171203
Peruvian Primera Division,2026-09-13,15:00:00,Sport Boys (Per),Deportivo Garcilaso,1.72,1.8,5.4,6.4,3.5,3.9,1.76,1.94,2.06,2.32,1.98,2.18,1.84,2.04,10.5,13.5,13.0,18.0,2.5,48.0,2.5,900.0,6.4,7.8,7.4,8.8,19.0,26.0,2.5,110.0,8.6,10.5,8.8,10.5,19.0,24.0,2.5,380.0,15.5,19.5,17.0,22.0,2.5,120.0,2.5,580.0,11.5,15.5,1.55,500.0,11.5,1000.0,36041724,7587321.0,12104874.0,58805.0,1.262099935,1.262099938,1.262099982,1.262099983,1.01,1000.0,1.01,1000.0,4.7,13.5,1.08,1.13,3.2,3.7,1.37,1.44,1.19,1.22,2.24,2.4,1.35,1.38,1.262099984,1.262099945,1.262099936,1.262099937
Dutch Eredivisie,2026-09-13,15:00:00,PSV,Sparta Rotterdam,1.21,1.23,14.0,17.0,8.6,9.2,5.0,5.5,1.22,1.25,1.66,1.7,2.44,2.52,12.0,80.0,12.5,90.0,13.0,170.0,14.0,510.0,20.0,24.0,20.0,27.0,42.0,55.0,13.5,190.0,13.0,15.0,12.0,14.5,20.0,30.0,12.5,95.0,11.0,13.0,11.5,14.0,21.0,26.0,19.0,80.0,2.28,2.46,15.0,95.0,14.0,450.0,36005345,48451.0,111703.0,58805.0,1.261741003,1.261741013,1.261741002,1.261741012,6.4,7.8,1.14,1.18,50.0,90.0,1.01,1.02,12.5,15.0,1.07,1.09,1.07,1.08,5.4,5.8,1.12,1.13,1.261740994,1.261741006,1.261741007,1.261741017
Saudi Professional League,2026-09-13,15:00:00,Al Draih,Abha,1.48,1.51,7.4,8.0,4.8,5.2,2.22,2.42,1.71,1.82,1.92,2.04,1.96,2.1,17.5,21.0,13.0,29.0,10.5,560.0,11.0,650.0,8.4,9.4,10.0,11.5,14.5,32.0,10.5,650.0,8.4,9.4,9.0,11.0,20.0,25.0,10.5,650.0,11.5,13.5,13.0,15.5,16.0,44.0,10.5,650.0,5.7,6.6,11.0,650.0,11.5,1000.0,36049690,7857465.0,10732580.0,58805.0,1.262223762,1.262223772,1.262223761,1.262223771,3.3,4.7,1.28,1.4,15.5,21.0,1.05,1.07,4.7,5.2,1.24,1.28,1.14,1.16,2.96,3.1,1.25,1.27,1.262223753,1.262223765,1.262223766,1.262223776
Greek Super League,2026-09-13,15:00:00,PAOK,Aris,1.55,1.57,6.8,7.4,4.4,4.8,2.12,2.24,1.81,1.89,1.92,2.04,1.97,2.08,15.5,21.0,20.0,25.0,8.8,70.0,10.0,240.0,7.8,8.8,9.2,10.5,19.0,28.0,9.6,260.0,8.4,9.4,9.0,10.5,19.0,23.0,9.4,110.0,12.0,15.0,14.5,17.0,8.0,42.0,28.0,580.0,7.0,8.2,9.6,150.0,10.0,1000.0,36031049,232095.0,244704.0,58805.0,1.261995877,1.261995887,1.261995876,1.261995886,3.4,3.9,1.35,1.41,15.0,18.0,1.05,1.07,4.3,4.6,1.28,1.31,1.15,1.18,2.74,2.82,1.27,1.29,1.261995868,1.261995880,1.261995881,1.261995891
Chilean Primera Division,2026-09-13,15:00:00,La Serena,Universidad de Chile,4.2,4.5,1.88,1.98,3.8,4.1,2.12,2.32,1.76,1.9,1.73,1.82,2.22,2.38,1.86,1000.0,8.0,17.5,8.2,19.5,1.81,900.0,12.0,85.0,7.0,12.0,7.4,16.0,11.0,150.0,1.83,130.0,12.0,95.0,11.0,25.0,1.84,180.0,1.85,900.0,1.85,300.0,1.85,420.0,21.0,1000.0,1.85,260.0,2.56,55.0,1.86,1000.0,36041220,5129868.0,1069686.0,58805.0,1.262104146,1.262104156,1.262104145,1.262104155,1.01,4.4,1.3,1.46,12.0,110.0,1.05,1.08,4.2,5.0,1.25,1.31,2.02,2.14,1.28,1.31,1.32,1.36,1.262104137,1.262104149,1.262104150,1.262104160
Greek Super League,2026-09-13,15:00:00,Kifisia,Levadiakos,2.44,2.52,3.35,3.55,3.2,3.3,1.75,1.81,2.24,2.34,1.91,1.97,2.04,2.1,10.0,11.5,10.0,11.5,13.5,30.0,20.0,150.0,8.4,9.2,6.6,7.4,12.5,14.5,36.0,100.0,13.5,18.0,10.5,12.0,16.0,20.0,10.0,130.0,9.4,42.0,9.0,32.0,9.8,290.0,11.5,580.0,22.0,29.0,10.0,80.0,12.5,1000.0,36025237,16093929.0,531200.0,58805.0,1.261941955,1.261941965,1.261941954,1.261941964,2.66,3.3,1.44,1.59,10.0,11.0,1.1,1.11,3.3,3.45,1.41,1.43,1.4,1.42,1.65,1.7,1.43,1.46,1.261941946,1.261941958,1.261941959,1.261941969
Saudi Professional League,2026-09-13,15:00:00,Al Riyadh SC,Al-Kholood Club,3.55,3.8,2.14,2.22,3.5,3.8,1.98,2.18,1.85,2.02,1.75,1.85,2.18,2.32,13.0,15.5,9.0,10.5,12.0,14.5,14.5,28.0,12.5,15.0,7.4,8.4,9.6,11.5,19.5,24.0,13.5,29.0,13.5,16.0,15.0,18.0,18.0,38.0,9.8,160.0,36.0,44.0,20.0,55.0,10.0,200.0,32.0,42.0,13.5,16.0,11.0,960.0,36049700,5327845.0,40846946.0,58805.0,1.262224257,1.262224287,1.262224249,1.262224286,3.2,3.6,1.39,1.45,12.5,18.0,1.07,1.09,3.95,4.3,1.31,1.34,1.81,1.88,1.35,1.38,1.35,1.39,1.262224177,1.262224279,1.262224280,1.262224291
Slovenian Premier League,2026-09-13,15:15:00,NK Radomlje,NK Maribor,4.7,5.9,1.66,1.78,4.2,4.7,2.28,2.76,1.57,1.77,1.6,1.83,2.2,2.64,2.66,1000.0,8.6,970.0,8.6,17.0,9.0,900.0,16.5,85.0,7.8,16.5,7.8,19.5,11.5,65.0,18.5,140.0,9.6,65.0,9.0,32.0,17.0,85.0,2.66,1000.0,2.58,320.0,23.0,250.0,28.0,580.0,7.6,300.0,5.7,9.2,2.66,1000.0,36041758,7862107.0,44625.0,58805.0,1.262104917,1.262104927,1.262104916,1.262104926,1.01,110.0,1.27,110.0,15.0,110.0,1.04,1.07,5.1,6.0,1.21,1.24,2.28,2.52,1.22,1.26,1.27,1.32,1.262104908,1.262104920,1.262104921,1.262104931
Greek Super League,2026-09-13,15:30:00,Panathinaikos,Panaitolikos,1.33,1.35,12.0,14.0,5.6,6.0,2.16,2.28,1.79,1.87,2.3,2.42,1.71,1.77,16.5,19.0,30.0,38.0,12.5,130.0,13.0,660.0,7.2,8.0,11.5,13.0,11.0,48.0,13.0,250.0,6.6,7.4,9.8,11.0,11.0,36.0,12.5,210.0,8.8,10.5,13.5,16.0,34.0,100.0,13.5,270.0,5.3,5.9,15.0,370.0,13.5,1000.0,36025238,50334.0,2126382.0,58805.0,1.261941843,1.261941853,1.261941842,1.261941852,3.25,4.4,1.33,1.44,16.5,21.0,1.05,1.07,4.3,4.8,1.26,1.3,1.08,1.09,3.9,4.1,1.2,1.22,1.261941834,1.261941846,1.261941847,1.261941857
Bosnian Premier League,2026-09-13,15:45:00,Fk Velez Mostar,Sarajevo,3.5,4.0,2.36,2.52,3.0,3.35,1.59,1.65,2.54,2.74,2.06,2.26,1.79,1.93,4.9,9.2,4.4,7.8,6.4,14.5,1.01,150.0,5.6,11.0,4.4,7.4,2.5,12.5,1.01,85.0,1.01,48.0,1.01,17.0,1.01,26.0,1.01,450.0,1.01,900.0,1.01,290.0,1.01,450.0,1.01,580.0,1.55,390.0,1.55,42.0,1.01,1000.0,36055979,15020693.0,205267.0,58805.0,1.262280635,1.262280645,1.262280634,1.262280644,2.48,2.8,1.56,1.67,3.05,9.4,1.12,1.15,2.68,2.94,1.51,1.57,1.66,1.74,1.36,1.4,1.44,1.49,1.262280626,1.262280638,1.262280639,1.262280649
French Ligue 1,2026-09-13,15:45:00,Brest,Paris St-G,13.0,14.0,1.28,1.29,6.8,7.0,3.2,3.4,1.42,1.45,1.84,1.88,2.14,2.2,29.0,40.0,12.0,13.0,9.2,10.5,10.0,11.0,38.0,60.0,14.5,16.5,10.0,11.0,11.5,13.0,42.0,140.0,38.0,46.0,24.0,27.0,25.0,30.0,110.0,480.0,44.0,170.0,40.0,120.0,65.0,120.0,44.0,140.0,3.35,3.55,20.0,1000.0,36005511,669348.0,489720.0,58805.0,1.261747413,1.261747397,1.261747412,1.261747422,4.7,5.2,1.24,1.27,27.0,50.0,1.02,1.04,7.6,8.4,1.13,1.15,4.4,4.6,1.07,1.09,1.16,1.18,1.261747415,1.261747417,1.261747418,1.261747400
Italian Serie A,2026-09-13,15:45:00,Sassuolo,Juventus,5.7,5.8,1.72,1.73,4.1,4.2,2.14,2.18,1.85,1.88,1.85,1.88,2.12,2.18,15.0,16.5,8.6,9.2,9.6,10.5,15.5,17.5,19.0,20.0,8.6,9.2,9.2,10.5,15.5,17.0,40.0,46.0,19.5,21.0,18.0,19.5,30.0,36.0,85.0,150.0,48.0,75.0,50.0,75.0,60.0,110.0,36.0,80.0,8.8,9.4,19.5,1000.0,36006610,2013140.0,52475015.0,58805.0,1.261752429,1.261752413,1.261752428,1.261752438,3.45,3.6,1.39,1.41,15.0,17.5,1.06,1.07,4.3,4.5,1.28,1.3,2.38,2.4,1.21,1.22,1.32,1.33,1.261752431,1.261752433,1.261752434,1.261752416
Spanish La Liga,2026-09-13,16:00:00,Real Sociedad,Atletico Madrid,3.15,3.2,2.4,2.42,3.65,3.7,2.42,2.46,1.68,1.7,1.58,1.61,2.64,2.7,18.0,20.0,13.0,14.0,16.0,17.5,30.0,34.0,15.5,16.5,8.0,8.4,10.5,11.5,20.0,23.0,22.0,24.0,12.5,13.5,13.0,14.0,27.0,30.0,44.0,48.0,27.0,30.0,32.0,36.0,50.0,60.0,19.0,21.0,12.5,14.0,110.0,510.0,36010406,18573.0,52480965.0,58805.0,1.261759277,1.261759224,1.261759276,1.261759286,3.75,3.95,1.34,1.36,18.0,21.0,1.05,1.06,5.2,5.5,1.22,1.24,1.7,1.71,1.45,1.47,1.37,1.38,1.261760231,1.261759280,1.261759281,1.261759228
Uruguayan Primera Division,2026-09-13,16:00:00,Defensor Sporting,Deportivo Maldonado,2.9,3.2,2.58,2.82,3.25,3.45,1.72,1.83,2.2,2.4,1.89,2.04,1.97,2.14,9.6,11.5,8.4,10.0,14.5,17.5,18.5,55.0,9.0,11.0,6.4,7.6,10.5,13.0,16.0,80.0,17.0,21.0,11.5,14.0,16.0,19.5,21.0,75.0,21.0,120.0,18.0,110.0,27.0,70.0,8.8,710.0,7.8,50.0,7.4,48.0,9.4,1000.0,36041263,1222679.0,10932747.0,58805.0,1.262103706,1.262103716,1.262103705,1.262103715,2.6,110.0,1.43,1.58,9.4,11.5,1.09,1.12,3.1,3.45,1.41,1.48,1.55,1.63,1.45,1.52,1.4,1.45,1.262103697,1.262103709,1.262103710,1.262103720
Brazilian Serie A,2026-09-13,16:00:00,Mirassol,EC Vitoria Salvador,1.8,1.83,5.0,5.3,3.8,3.95,1.95,2.08,1.93,2.06,1.84,1.93,2.06,2.2,13.0,15.0,15.5,18.0,32.0,44.0,70.0,1000.0,7.6,8.8,7.8,8.6,18.0,21.0,44.0,80.0,9.6,11.0,9.0,10.0,17.5,21.0,48.0,170.0,17.0,20.0,16.5,19.5,28.0,40.0,65.0,1000.0,10.5,12.0,34.0,1000.0,12.5,1000.0,36017142,2760854.0,5336581.0,58805.0,1.261823362,1.261823372,1.261823361,1.261823371,2.96,3.4,1.41,1.51,12.5,15.5,1.07,1.09,3.9,4.1,1.33,1.35,1.23,1.25,2.2,2.26,1.33,1.36,1.261823353,1.261823365,1.261823366,1.261823376
Spanish Segunda Division,2026-09-13,16:00:00,Tenerife,Leganes,2.62,2.68,3.2,3.3,3.1,3.15,1.58,1.6,2.66,2.72,2.14,2.2,1.83,1.88,8.0,8.8,8.6,9.4,18.0,20.0,50.0,65.0,7.4,8.0,6.6,7.2,13.5,15.0,42.0,48.0,13.5,15.5,11.5,13.0,20.0,23.0,28.0,160.0,36.0,42.0,32.0,38.0,55.0,65.0,17.0,190.0,36.0,42.0,50.0,65.0,18.0,1000.0,36043225,44509.0,309109.0,58805.0,1.262128230,1.262128233,1.262128277,1.262128278,2.54,2.7,1.59,1.65,8.0,9.0,1.13,1.14,2.72,2.84,1.54,1.58,1.43,1.45,1.59,1.62,1.46,1.48,1.262128279,1.262128240,1.262128231,1.262128232
Brazilian Serie B,2026-09-13,16:00:00,Atletico GO,Criciuma,2.2,2.3,4.0,4.3,3.05,3.2,1.53,1.57,2.74,2.9,2.22,2.34,1.75,1.82,7.4,8.2,9.6,11.0,24.0,30.0,11.5,130.0,6.2,6.8,6.6,7.2,16.5,19.5,11.0,85.0,10.5,12.5,10.5,12.5,21.0,26.0,11.5,120.0,27.0,34.0,14.5,34.0,10.5,75.0,12.0,240.0,9.4,36.0,11.5,140.0,12.5,1000.0,36053955,5326988.0,356589.0,58805.0,1.262258176,1.262258179,1.262258223,1.262258224,2.44,2.64,1.61,1.69,7.2,8.2,1.13,1.16,2.58,2.72,1.58,1.63,1.3,1.33,1.76,1.83,1.45,1.48,1.262258225,1.262258186,1.262258177,1.262258178
Colombian Primera A,2026-09-13,16:00:00,Deportivo Pereira,Atletico Bucaramanga,5.1,5.5,1.82,1.85,3.7,3.8,1.68,1.74,2.36,2.48,2.18,2.26,1.79,1.84,9.8,11.0,6.4,7.0,8.6,9.6,17.0,20.0,13.0,14.5,7.6,8.4,9.6,11.0,19.5,23.0,34.0,42.0,19.5,22.0,22.0,26.0,42.0,55.0,15.0,170.0,14.5,480.0,15.0,240.0,15.0,580.0,14.5,150.0,14.5,17.0,16.0,1000.0,36045489,5284708.0,7227021.0,58805.0,1.262178888,1.262178898,1.262178887,1.262178897,1.01,110.0,1.02,110.0,9.6,12.5,1.1,1.12,2.98,3.25,1.45,1.51,2.16,2.22,1.22,1.25,1.35,1.38,1.262178879,1.262178891,1.262178892,1.262178902
Bolivian Liga de Futbol Profesional,2026-09-13,16:00:00,Always Ready,Guabira,1.22,1.28,11.0,15.0,6.4,9.0,3.6,4.1,1.32,1.38,1.74,2.0,2.0,2.36,7.0,60.0,7.0,65.0,7.6,160.0,7.8,500.0,11.0,17.0,15.5,21.0,6.8,390.0,7.6,190.0,6.2,12.5,4.9,13.0,14.5,32.0,7.6,130.0,9.2,11.5,5.1,14.5,6.4,70.0,7.6,380.0,2.68,3.25,10.5,170.0,8.0,1000.0,36053370,12198533.0,5892455.0,58805.0,1.262251983,1.262251986,1.262252032,1.262252033,4.8,7.0,1.16,1.26,7.2,110.0,1.01,1.09,7.2,11.0,1.1,1.16,1.07,1.1,4.5,5.6,1.12,1.17,1.262252034,1.262251994,1.262251984,1.262251985
Paraguayan Primera Division,2026-09-13,16:00:00,Olimpia,Sportivo Luqueno,1.45,1.53,6.4,9.8,4.6,6.4,2.08,2.34,1.74,1.93,1.83,2.08,1.92,2.22,7.2,26.0,6.2,75.0,7.2,570.0,8.0,580.0,8.0,9.2,9.8,11.0,6.4,75.0,8.0,580.0,8.2,9.4,9.0,36.0,20.0,40.0,7.4,590.0,11.5,13.5,13.5,16.0,6.6,85.0,8.0,590.0,6.0,7.0,8.0,590.0,8.0,1000.0,36044573,328699.0,2844791.0,58805.0,1.262271410,1.262271413,1.262271457,1.262271458,1.01,110.0,1.01,110.0,12.0,110.0,1.05,1.08,4.3,6.2,1.23,1.29,1.12,1.16,2.9,3.25,1.22,1.28,1.262271459,1.262271420,1.262271411,1.262271412
Brazilian Serie C,2026-09-13,16:00:00,Ferroviaria,Paysandu,1.96,2.22,3.7,4.5,3.3,3.95,1.84,2.08,1.93,2.2,1.75,1.95,2.04,2.32,10.0,16.5,11.5,15.0,19.0,65.0,23.0,95.0,8.0,11.0,6.8,9.6,13.0,17.0,18.0,60.0,11.0,16.0,9.0,11.5,15.5,19.5,1.01,70.0,15.5,27.0,19.0,28.0,26.0,40.0,1.01,120.0,4.6,17.5,36.0,60.0,1.01,1000.0,36055755,6987860.0,189951.0,58805.0,1.262325482,1.262325485,1.262325529,1.262325530,2.96,3.45,1.4,1.52,10.0,15.0,1.07,1.1,3.45,4.7,1.32,1.41,1.29,1.37,1.82,2.04,1.33,1.41,1.262325531,1.262325492,1.262325483,1.262325484
Icelandic 1 Deild,2026-09-13,16:15:00,Fylkir,HK Kopavogur,1.81,1.9,3.6,4.2,4.5,5.9,3.7,4.4,1.29,1.37,1.32,1.49,3.05,4.2,2.5,65.0,2.5,42.0,2.5,55.0,2.5,85.0,17.0,25.0,12.0,17.5,17.0,25.0,2.5,42.0,17.5,26.0,10.5,15.5,12.5,17.5,21.0,32.0,18.0,26.0,12.0,17.5,17.0,25.0,2.5,46.0,4.8,6.4,13.0,19.0,11.5,200.0,36061464,46954.0,2405036.0,58805.0,1.262317858,1.262317903,1.262317942,1.262317867,1.01,1000.0,1.01,1.28,1.02,110.0,1.01,1.12,3.75,15.5,1.08,1.12,1.32,1.38,2.1,2.24,1.23,1.28,1.262317859,1.262317861,1.262317862,1.262317906
Venezuelan Primera Division,2026-09-13,16:30:00,Rayo Zuliano,Portuguesa FC,3.7,4.2,1.97,2.12,3.65,4.0,2.1,2.32,1.76,1.9,1.69,1.82,2.2,2.46,13.0,20.0,9.0,11.5,11.5,14.5,20.0,26.0,13.5,18.5,7.6,9.2,9.0,11.5,17.0,22.0,2.5,32.0,12.5,17.0,14.0,18.0,2.5,38.0,2.5,900.0,2.5,50.0,2.5,55.0,2.5,90.0,2.3,44.0,9.8,14.0,11.5,1000.0,36059903,46783501.0,10939060.0,58805.0,1.262308829,1.262308839,1.262308828,1.262308838,3.3,4.2,1.31,1.43,13.0,18.5,1.05,1.08,4.2,4.8,1.26,1.31,1.89,2.04,1.31,1.36,1.33,1.38,1.262308820,1.262308832,1.262308833,1.262308843
Portuguese Primeira Liga,2026-09-13,16:30:00,Famalicao,Sporting Lisbon,7.0,7.2,1.53,1.54,4.8,4.9,2.16,2.2,1.83,1.87,1.94,2.04,1.97,2.08,16.0,18.0,7.6,8.4,8.8,9.2,13.0,14.5,20.0,24.0,9.6,10.5,8.8,9.8,15.0,17.0,50.0,60.0,22.0,26.0,21.0,25.0,29.0,36.0,46.0,1000.0,38.0,1000.0,70.0,100.0,65.0,1000.0,40.0,120.0,7.2,7.8,110.0,1000.0,36041825,5875376.0,52495073.0,58805.0,1.262104807,1.262104817,1.262104806,1.262104816,3.35,4.1,1.32,1.42,16.0,18.5,1.05,1.07,4.2,4.5,1.28,1.31,2.84,2.9,1.16,1.17,1.25,1.27,1.262104798,1.262104810,1.262104811,1.262104821
Argentinian Primera Division,2026-09-13,17:00:00,Argentinos Juniors,Gimnasia La Plata,1.79,1.82,5.5,5.9,3.6,3.75,1.69,1.79,2.26,2.46,2.18,2.28,1.79,1.85,9.6,11.0,13.0,15.0,36.0,44.0,42.0,780.0,6.4,7.0,7.6,8.4,19.5,24.0,36.0,1000.0,8.6,9.6,9.8,11.0,18.0,27.0,40.0,780.0,17.0,19.5,20.0,24.0,42.0,55.0,46.0,1000.0,14.0,16.0,42.0,780.0,60.0,1000.0,35999788,453739.0,1213581.0,58805.0,1.261710782,1.261710792,1.261710781,1.261710791,2.74,2.94,1.52,1.58,9.4,11.0,1.1,1.12,3.05,3.2,1.45,1.49,1.2,1.22,2.2,2.26,1.37,1.39,1.261710773,1.261710785,1.261710786,1.261710796
Venezuelan Primera Division,2026-09-13,17:00:00,Zamora FC,Trujillanos,1.89,2.12,4.2,5.7,3.25,4.3,1.56,1.93,2.08,2.8,1.01,110.0,1.01,110.0,1.01,1000.0,1.01,40.0,19.5,48.0,42.0,1000.0,6.2,9.8,5.7,9.8,11.0,30.0,32.0,1000.0,7.8,29.0,8.6,29.0,14.5,40.0,38.0,1000.0,12.5,1000.0,14.5,1000.0,26.0,1000.0,50.0,1000.0,1.01,1000.0,1.01,1000.0,1.01,1000.0,36061362,4129326.0,1224046.0,58805.0,1.262359810,1.262359813,1.262359857,1.262359858,2.42,110.0,1.01,1.7,1.02,26.0,1.05,1.44,2.6,20.0,1.36,1.62,1.24,1.31,1.89,2.14,1.31,1.45,1.262359859,1.262359820,1.262359811,1.262359812
Peruvian Segunda Division,2026-09-13,17:15:00,Club ADA Jaén,Union Comercio,1.71,2.06,2.84,60.0,2.76,900.0,1.25,2.84,1.54,6.0,1.01,1000.0,1.01,1000.0,3.75,30.0,8.2,40.0,29.0,130.0,2.5,1000.0,3.2,18.0,6.4,14.0,13.5,90.0,32.0,1000.0,5.2,17.5,8.0,20.0,12.0,120.0,30.0,1000.0,11.5,34.0,11.0,60.0,18.5,270.0,2.5,1000.0,4.3,65.0,19.0,1000.0,11.5,1000.0,36060880,62945974.0,5481419.0,58805.0,1.262318304,1.262318307,1.262318351,1.262318352,1.01,1000.0,1.01,1000.0,1.02,110.0,1.01,110.0,1.26,2.84,1.54,110.0,1.05,1.33,1.94,2.42,1.16,1.57,1.262318353,1.262318314,1.262318305,1.262318306
Peruvian Primera Division,2026-09-13,17:15:00,Atletico Grau,Alianza Atletico,2.34,2.56,3.2,3.45,3.25,3.55,1.78,1.88,2.14,2.3,1.8,1.96,2.04,2.26,10.5,14.5,10.0,14.0,17.5,27.0,46.0,900.0,8.2,10.0,6.8,8.8,12.0,17.0,30.0,50.0,13.0,18.0,10.0,13.5,15.5,21.0,40.0,65.0,2.5,900.0,21.0,32.0,32.0,50.0,75.0,130.0,17.5,27.0,2.08,50.0,11.5,1000.0,36041889,16192656.0,898396.0,58805.0,1.262106261,1.262106271,1.262106260,1.262106270,1.66,3.2,1.45,1.76,10.5,13.5,1.08,1.11,3.3,3.65,1.38,1.43,1.4,1.46,1.64,1.75,1.39,1.45,1.262106252,1.262106264,1.262106265,1.262106275
Peruvian Segunda Division,2026-09-13,17:15:00,Uni San Martin,AD Cantolao,1.04,1000.0,1.04,1000.0,1.06,1000.0,1.24,100.0,1.23,6.4,1.01,1000.0,1.01,1000.0,1.01,1000.0,1.01,1000.0,1.01,1000.0,1.01,1000.0,1.01,1000.0,1.01,1000.0,1.01,1000.0,1.01,1000.0,1.01,1000.0,1.01,1000.0,1.01,1000.0,1.01,1000.0,1.01,1000.0,1.01,1000.0,1.01,1000.0,1.01,1000.0,1.01,1000.0,1.01,1000.0,1.01,1000.0,36060790,2032055.0,12454193.0,58805.0,1.262359380,1.262359383,1.262359428,1.262359430,1.01,1000.0,1.01,1000.0,1.02,110.0,1.01,55.0,1.24,110.0,1.23,5.2,1.03,36.0,1.03,36.0,1.01,110.0,1.262359431,1.262359391,1.262359381,1.262359382
Chilean Primera Division,2026-09-13,17:30:00,Colo Colo,Deportes Concepcion,1.44,1.47,8.0,8.8,4.9,5.3,2.3,2.42,1.71,1.77,1.95,2.02,1.99,2.06,18.0,24.0,18.5,46.0,32.0,1000.0,50.0,1000.0,8.4,10.5,10.0,12.0,19.5,50.0,40.0,1000.0,8.2,9.0,9.2,10.5,21.0,25.0,38.0,1000.0,11.0,12.5,13.0,15.5,22.0,70.0,42.0,1000.0,5.8,6.2,42.0,1000.0,60.0,1000.0,36038364,330239.0,5704675.0,58805.0,1.262066415,1.262066425,1.262066414,1.262066424,1.01,110.0,1.28,1.45,18.0,25.0,1.04,1.06,4.8,5.2,1.24,1.26,1.12,1.15,3.05,3.3,1.23,1.26,1.262066406,1.262066418,1.262066419,1.262066429
Brazilian Serie A,2026-09-13,17:30:00,Flamengo,Corinthians,1.34,1.35,12.5,13.5,5.5,5.7,2.06,2.18,1.85,1.93,2.38,2.48,1.68,1.73,16.0,18.5,29.0,34.0,16.5,120.0,18.0,620.0,6.8,7.6,11.5,12.5,38.0,46.0,17.0,260.0,6.6,7.2,10.0,11.0,30.0,36.0,17.0,260.0,9.0,9.8,14.5,16.0,42.0,50.0,17.0,310.0,5.6,6.2,90.0,440.0,18.5,1000.0,36016521,198138.0,198136.0,58805.0,1.261820098,1.261820108,1.261820097,1.261820107,3.45,3.7,1.37,1.41,16.0,21.0,1.05,1.07,4.2,4.6,1.28,1.31,1.08,1.09,3.85,3.95,1.21,1.22,1.261820089,1.261820101,1.261820102,1.261820112
Colombian Primera B,2026-09-13,17:30:00,Boca Juniors de Cali,Real Santander,2.36,2.72,2.88,3.45,3.3,4.3,1.85,2.08,1.94,2.18,1.76,1.95,2.06,2.32,1.2,1000.0,8.8,1000.0,1.2,1000.0,1.16,900.0,1.13,19.0,1.05,970.0,1.2,1000.0,18.0,1000.0,1.2,1000.0,1.2,1000.0,1.2,1000.0,1.16,1000.0,19.5,900.0,19.5,1000.0,1.16,1000.0,1.16,1000.0,1.16,1000.0,1.16,1000.0,1.16,1000.0,36063435,25151541.0,5690632.0,58805.0,1.262327827,1.262327830,1.262327874,1.262327875,1.01,110.0,1.01,110.0,3.6,26.0,1.05,1.12,3.5,3.9,1.35,1.39,1.41,1.53,1.59,1.74,1.32,1.44,1.262327876,1.262327837,1.262327828,1.262327829
Ecuadorian Serie A,2026-09-13,17:30:00,Macara,Emelec,1.98,2.1,4.3,4.9,3.2,3.55,1.66,1.77,2.3,2.52,2.0,2.18,1.85,1.99,9.0,13.0,11.5,16.0,17.0,40.0,6.6,710.0,6.4,7.6,6.6,8.0,16.0,23.0,6.4,90.0,10.0,12.0,9.4,11.5,18.5,27.0,6.6,110.0,21.0,27.0,21.0,32.0,6.2,60.0,6.8,710.0,18.0,26.0,6.6,130.0,6.4,1000.0,36044217,6161547.0,328197.0,58805.0,1.262167659,1.262167669,1.262167658,1.262167668,2.42,3.4,1.48,1.61,8.6,11.0,1.1,1.13,2.92,3.25,1.44,1.53,1.25,1.31,1.9,2.04,1.39,1.46,1.262167650,1.262167662,1.262167663,1.262167673
Brazilian Serie B,2026-09-13,18:00:00,Juventude,Athletic Club,1.7,1.75,6.4,7.2,3.55,3.75,1.62,1.67,2.5,2.62,2.36,2.46,1.69,1.74,8.8,10.5,14.0,16.5,10.5,65.0,12.0,900.0,5.5,6.2,7.6,8.6,22.0,34.0,11.5,700.0,7.6,8.8,9.2,9.6,23.0,36.0,11.5,700.0,15.5,18.0,20.0,25.0,10.5,75.0,12.0,700.0,14.0,17.0,12.0,700.0,12.5,1000.0,36049951,198144.0,23018379.0,58805.0,1.262230229,1.262230232,1.262230276,1.262230277,2.64,2.86,1.54,1.61,8.8,10.0,1.11,1.13,2.88,3.05,1.49,1.54,1.16,1.19,2.32,2.44,1.36,1.4,1.262230278,1.262230239,1.262230230,1.262230231
Honduras Liga Nacional,2026-09-13,18:00:00,Lobos UPNFM,CD Choloma (Res),1.45,11.5,2.2,170.0,1.31,870.0,1.24,110.0,1.26,6.4,1.01,1000.0,1.01,1000.0,2.5,1000.0,2.5,1000.0,2.5,1000.0,2.5,1000.0,2.5,1000.0,2.5,1000.0,2.5,1000.0,2.5,1000.0,2.5,1000.0,2.5,1000.0,2.5,1000.0,2.5,1000.0,2.5,900.0,2.5,1000.0,2.5,1000.0,2.5,1000.0,1.01,1000.0,1.6,1000.0,11.5,1000.0,36062447,13620260.0,86909991.0,58805.0,1.262328728,1.262328738,1.262328727,1.262328737,1.01,1000.0,1.01,1000.0,1.26,110.0,1.01,55.0,1.25,110.0,1.01,5.2,1.03,1.84,1.35,3.25,1.01,110.0,1.262328719,1.262328731,1.262328732,1.262328742
Colombian Primera A,2026-09-13,18:05:00,Atletico Nacional Medellin,Aguilas Doradas,1.43,1.46,9.2,10.5,4.7,5.2,2.1,2.26,1.8,1.91,2.08,2.22,1.82,1.93,15.0,18.0,8.4,30.0,10.5,100.0,10.5,400.0,7.2,8.4,9.6,11.5,8.8,38.0,10.0,180.0,7.4,8.4,9.0,10.5,8.2,28.0,10.0,150.0,10.0,12.0,14.0,18.5,9.0,42.0,10.0,190.0,6.2,6.8,10.5,260.0,11.0,1000.0,36045493,10632891.0,8717595.0,58805.0,1.262178448,1.262178458,1.262178447,1.262178457,3.3,3.9,1.35,1.43,14.5,17.5,1.06,1.08,4.2,4.6,1.28,1.31,1.1,1.12,3.15,3.35,1.24,1.27,1.262178439,1.262178451,1.262178452,1.262178462
Bolivian Liga de Futbol Profesional,2026-09-13,18:15:00,Universitario de Vinto,Club Independiente Petro,1.04,110.0,1.04,110.0,1.05,950.0,1.25,110.0,1.15,6.0,1.01,1000.0,1.01,1000.0,1.01,1000.0,1.01,1000.0,1.01,1000.0,1.01,1000.0,1.01,1000.0,1.01,1000.0,1.01,1000.0,1.01,1000.0,1.01,1000.0,1.01,1000.0,1.01,1000.0,1.01,1000.0,1.01,1000.0,1.01,1000.0,1.01,1000.0,1.01,1000.0,1.01,1000.0,1.01,1000.0,1.01,1000.0,36053371.0,21094424.0,69452709.0,58805.0,1.2622544,1.262254411,1.262254398,1.262254409,1.01,1000.0,1.01,1000.0,1.01,1000.0,1.01,4.9,1.26,110.0,1.15,4.9,1.02,26.0,1.02,26.0,1.01,110.0,1.26225439,1.262254403,1.262254404,1.262254415
Brazilian Serie C,2026-09-13,18:30:00,Brusque FC,Inter Limeira,2.32,2.58,3.45,3.9,2.94,3.3,1.52,1.7,2.42,2.92,2.04,2.26,1.79,1.96,7.6,11.0,3.65,12.5,17.5,23.0,4.8,90.0,6.6,8.0,6.2,8.6,12.0,20.0,4.8,70.0,10.5,17.5,8.8,14.5,16.0,27.0,4.9,95.0,4.6,46.0,4.5,40.0,4.7,75.0,5.0,500.0,4.6,42.0,4.8,90.0,5.1,1000.0,36055752,6168045.0,1053183.0,58805.0,1.262325343,1.262325346,1.262325390,1.262325391,2.38,110.0,1.01,1.72,6.6,9.2,1.12,1.15,2.6,2.96,1.51,1.61,1.33,1.4,1.63,1.75,1.46,1.52,1.262325392,1.262325353,1.262325344,1.262325345
Venezuelan Primera Division,2026-09-13,18:30:00,Caracas,Monagas,2.08,2.28,3.55,4.1,3.45,3.8,1.9,2.1,1.92,2.1,1.71,1.9,2.12,2.48,11.0,17.0,10.5,16.5,20.0,32.0,2.5,900.0,8.8,11.5,7.2,8.4,12.0,18.0,2.5,55.0,10.5,16.0,8.4,12.5,13.5,21.0,2.5,65.0,20.0,32.0,17.5,27.0,2.5,44.0,2.5,110.0,12.5,19.5,2.04,55.0,11.5,1000.0,36059929,3738659.0,224547.0,58805.0,1.262308972,1.262308975,1.262309019,1.262309020,3.05,3.85,1.37,1.49,11.0,15.5,1.07,1.09,3.7,4.3,1.3,1.36,1.32,1.39,1.79,1.93,1.35,1.41,1.262309021,1.262308982,1.262308973,1.262308974
Paraguayan Primera Division,2026-09-13,18:30:00,Rubio Nu,Nacional (Par),3.85,4.4,2.14,2.34,3.15,3.35,1.59,1.68,2.46,2.7,2.06,2.22,1.81,1.95,8.0,9.6,6.4,7.6,10.5,13.0,7.4,900.0,9.8,12.0,6.4,7.6,10.0,12.0,7.4,65.0,21.0,34.0,15.0,18.5,17.0,24.0,8.4,910.0,8.2,900.0,8.6,910.0,8.8,910.0,8.6,910.0,8.2,910.0,7.4,34.0,9.0,1000.0,36045666,5363620.0,1370433.0,58805.0,1.262182145,1.262182148,1.262182192,1.262182193,2.52,2.88,1.53,1.66,8.2,9.6,1.12,1.14,2.8,3.0,1.5,1.55,1.75,1.88,1.29,1.34,1.42,1.47,1.262182194,1.262182155,1.262182146,1.262182147
US MLS,2026-09-13,18:30:00,Chicago Fire,New England Revolution,1.96,1.98,3.85,4.1,4.1,4.3,2.72,2.82,1.55,1.58,1.54,1.58,2.74,2.86,18.5,27.0,19.0,23.0,22.0,40.0,48.0,1000.0,13.0,15.0,9.0,10.0,14.0,17.0,32.0,44.0,14.0,16.5,9.8,11.0,13.0,15.0,32.0,85.0,20.0,24.0,15.0,18.5,21.0,27.0,28.0,240.0,7.6,8.6,18.5,26.0,90.0,380.0,36040253,226469.0,408103.0,58805.0,1.262090587,1.262090597,1.262090586,1.262090596,4.3,4.6,1.28,1.3,22.0,29.0,1.03,1.05,6.0,6.6,1.18,1.2,1.32,1.35,2.02,2.06,1.3,1.33,1.262090578,1.262090590,1.262090591,1.262090601
Brazilian Serie B,2026-09-13,18:30:00,Novorizontino,Cuiaba,1.71,1.76,6.2,6.8,3.55,3.8,1.68,1.72,2.4,2.48,2.18,2.32,1.76,1.84,9.8,13.0,14.0,18.5,9.0,60.0,9.8,900.0,5.8,6.4,7.4,8.2,21.0,27.0,9.6,140.0,8.2,9.2,9.0,9.4,22.0,28.0,9.6,150.0,16.5,22.0,19.0,24.0,9.2,60.0,9.8,240.0,14.5,17.0,9.8,240.0,10.0,1000.0,36053826,9173038.0,5327095.0,58805.0,1.262256728,1.262256731,1.262256775,1.262256776,2.7,3.25,1.45,1.59,9.2,13.0,1.09,1.12,2.98,3.15,1.46,1.51,1.17,1.2,2.3,2.4,1.35,1.39,1.262256777,1.262256738,1.262256729,1.262256730
Brazilian Serie B,2026-09-13,18:30:00,Fortaleza EC,Ceara SC Fortaleza,1.89,1.95,5.1,5.5,3.3,3.55,1.59,1.65,2.54,2.68,2.22,2.36,1.74,1.82,8.4,9.4,12.0,13.5,10.5,46.0,13.0,900.0,5.8,6.4,7.2,8.0,8.8,24.0,12.5,110.0,9.2,10.5,9.8,11.0,22.0,29.0,12.5,120.0,19.5,23.0,22.0,28.0,11.5,60.0,13.5,210.0,17.5,22.0,13.0,170.0,13.0,1000.0,36053953,5287007.0,5287019.0,58805.0,1.262258068,1.262258071,1.262258115,1.262258116,2.42,3.05,1.5,1.66,8.4,9.4,1.12,1.14,2.74,2.92,1.52,1.58,1.22,1.25,2.04,2.14,1.4,1.44,1.262258117,1.262258078,1.262258069,1.262258070
Bolivian Liga de Futbol Profesional,2026-09-13,18:30:00,Universitario de Vinto,Club Independiente Petrol,1.8,1.99,3.55,4.6,3.85,4.6,2.32,2.86,1.55,1.76,1.54,1.76,2.32,2.86,17.5,27.0,14.5,23.0,4.6,40.0,4.9,85.0,9.6,16.0,7.4,11.5,12.0,21.0,4.7,50.0,10.5,16.0,8.0,12.0,11.5,19.5,4.8,55.0,16.0,27.0,13.0,20.0,21.0,30.0,4.9,80.0,7.2,10.0,4.6,38.0,5.2,560.0,36053371,21094424.0,69452709.0,58805.0,1.262254400,1.262254411,1.262254398,1.262254409,3.6,5.1,1.24,1.38,14.5,110.0,1.01,1.07,4.9,6.6,1.18,1.26,1.28,1.39,2.0,2.26,1.27,1.36,1.262254390,1.262254403,1.262254404,1.262254415
US USL League One,2026-09-13,19:00:00,Portland Hearts of Pine,AV Alta FC,1.01,1000.0,1.01,1000.0,1.01,1000.0,1.24,1000.0,1.01,6.4,0.0,0.0,0.0,0.0,0.0,0.0,0.0,0.0,0.0,0.0,0.0,0.0,0.0,0.0,0.0,0.0,0.0,0.0,0.0,0.0,0.0,0.0,0.0,0.0,0.0,0.0,0.0,0.0,0.0,0.0,0.0,0.0,0.0,0.0,0.0,0.0,0.0,0.0,0.0,0.0,0.0,0.0,36060172.0,82600643.0,85065526.0,58805.0,1.262310541,1.262310551,0.0,0.0,0.0,0.0,0.0,0.0,1.24,1000.0,1.01,6.4,0.0,0.0,0.0,0.0,0.0,0.0,0.0,0.0,0.0,0.0,0.0,0.0,1.262310545,0.0
Argentinian Primera Division,2026-09-13,19:15:00,CA Independiente,San Lorenzo,2.06,2.3,4.0,5.2,2.82,3.65,1.42,1.57,2.74,3.4,2.28,2.74,1.58,1.77,5.8,970.0,7.8,970.0,2.5,40.0,2.62,160.0,4.9,970.0,5.7,970.0,2.68,25.0,2.6,110.0,7.4,970.0,8.2,970.0,2.46,32.0,2.62,140.0,2.46,32.0,2.48,36.0,2.58,80.0,2.64,280.0,2.48,36.0,2.26,190.0,2.28,1000.0,35999944.0,8015153.0,194503.0,58805.0,1.261712286,1.261712296,1.261712285,1.261712295,0.0,0.0,0.0,0.0,0.0,0.0,0.0,0.0,2.3,2.82,1.55,1.77,0.0,0.0,0.0,0.0,0.0,0.0,0.0,0.0,0.0,1.2617123
Argentinian Primera Division,2026-09-13,19:15:00,CA Independiente,San Lorenzo,2.16,2.24,4.3,4.6,3.0,3.15,1.48,1.53,2.9,3.05,2.36,2.46,1.69,1.74,7.0,7.8,9.8,11.0,22.0,32.0,38.0,490.0,6.0,6.4,6.6,7.2,18.0,21.0,34.0,490.0,10.0,11.5,11.0,12.0,19.0,29.0,42.0,490.0,26.0,32.0,21.0,34.0,34.0,490.0,90.0,500.0,28.0,34.0,42.0,490.0,90.0,1000.0,35999944,8015153.0,194503.0,58805.0,1.261712286,1.261712296,1.261712285,1.261712295,2.38,2.44,1.69,1.72,7.0,7.8,1.15,1.17,2.5,2.58,1.63,1.67,1.27,1.3,1.8,1.86,1.46,1.5,1.261712277,1.261712289,1.261712290,1.261712300
Uruguayan Primera Division,2026-09-13,19:30:00,Penarol,Albion FC,1.49,1.52,8.2,9.0,4.4,4.7,1.9,1.97,2.04,2.12,2.22,2.36,1.74,1.82,12.5,14.5,20.0,25.0,32.0,1000.0,90.0,780.0,6.4,7.2,9.0,10.5,21.0,38.0,44.0,800.0,7.0,7.8,9.2,10.5,25.0,40.0,44.0,800.0,11.0,13.0,15.0,18.0,30.0,180.0,48.0,1000.0,8.0,8.8,90.0,1000.0,90.0,1000.0,36041272,328191.0,18466913.0,58805.0,1.262103596,1.262103606,1.262103595,1.262103605,3.0,3.45,1.41,1.49,12.5,14.5,1.07,1.09,3.65,3.9,1.35,1.38,1.13,1.14,2.92,3.05,1.27,1.3,1.262103587,1.262103599,1.262103600,1.262103610
US MLS,2026-09-13,19:30:00,Vancouver Whitecaps,Austin FC,1.3,1.31,11.0,12.0,6.4,7.0,3.05,3.2,1.45,1.48,1.87,1.91,2.1,2.16,29.0,38.0,42.0,48.0,38.0,120.0,95.0,370.0,11.5,13.0,14.0,16.0,34.0,40.0,42.0,160.0,9.0,9.8,10.0,11.0,23.0,27.0,38.0,120.0,10.0,11.0,11.5,13.0,25.0,30.0,40.0,120.0,3.65,3.8,44.0,140.0,95.0,1000.0,36040309,5383053.0,39013198.0,58805.0,1.262090718,1.262090729,1.262090717,1.262090727,4.8,5.2,1.24,1.27,26.0,55.0,1.03,1.04,7.2,7.8,1.15,1.16,1.09,1.1,4.1,4.4,1.17,1.19,1.262090709,1.262090721,1.262090722,1.262090733
Chilean Primera Division,2026-09-13,20:00:00,Audax Italiano,OHiggins,2.64,2.8,2.8,2.96,3.45,3.65,1.96,2.08,1.94,2.04,1.74,1.82,2.22,2.36,13.0,18.0,10.5,13.0,17.0,24.0,1.01,55.0,10.0,13.0,7.2,8.0,11.0,15.5,18.5,38.0,16.0,23.0,11.0,15.0,15.0,21.0,1.01,55.0,1.01,48.0,17.5,36.0,1.01,50.0,1.01,110.0,17.0,29.0,19.5,34.0,1.01,1000.0,36041226,2295419.0,5129871.0,58805.0,1.262104036,1.262104046,1.262104035,1.262104045,1.01,110.0,1.35,1.54,12.5,15.0,1.07,1.09,3.85,4.2,1.31,1.35,1.51,1.55,1.57,1.61,1.37,1.41,1.262104027,1.262104039,1.262104040,1.262104050
Ecuadorian Serie A,2026-09-13,20:00:00,Libertad FC,Independiente (Ecu),3.9,4.3,2.0,2.12,3.5,3.8,1.95,2.06,1.94,2.06,1.79,1.91,2.1,2.26,12.0,17.0,8.2,11.0,11.5,15.0,19.0,28.0,12.5,17.0,7.2,9.6,9.4,12.5,18.5,25.0,5.3,34.0,14.0,17.0,15.5,21.0,5.3,44.0,5.5,100.0,5.5,60.0,5.5,70.0,5.6,120.0,5.5,60.0,13.0,17.5,5.8,1000.0,36042228,44232344.0,6432339.0,58805.0,1.262112633,1.262112643,1.262112632,1.262112642,2.84,110.0,1.01,1.54,12.0,15.5,1.07,1.09,3.7,4.1,1.33,1.36,1.89,2.0,1.3,1.35,1.35,1.4,1.262112624,1.262112636,1.262112637,1.262112647
Ecuadorian Serie A,2026-09-13,20:00:00,Barcelona (Ecu),Delfin,1.63,1.7,6.2,7.0,3.7,4.1,1.78,1.91,2.1,2.3,2.04,2.24,1.81,1.95,11.0,15.0,15.5,23.0,6.4,65.0,6.8,700.0,6.2,7.4,7.6,9.2,21.0,32.0,6.8,700.0,8.0,9.4,8.8,10.5,5.8,30.0,6.8,700.0,14.5,21.0,17.0,24.0,6.2,55.0,6.8,700.0,10.5,15.0,6.8,700.0,7.0,1000.0,36042204,13749040.0,10778437.0,58805.0,1.262111337,1.262111348,1.262111336,1.262111347,2.84,3.7,1.37,1.54,10.5,13.0,1.08,1.1,3.25,3.65,1.37,1.44,1.16,1.2,2.36,2.6,1.32,1.37,1.262111327,1.262111340,1.262111341,1.262111352
Colombian Primera A,2026-09-13,20:10:00,Once Caldas,Deportivo Cali,2.06,2.2,4.1,4.4,3.3,3.5,1.68,1.79,2.28,2.46,1.98,2.12,1.9,2.04,9.4,13.0,11.0,15.5,18.0,42.0,6.8,120.0,6.8,8.0,6.6,7.8,15.0,18.0,6.6,85.0,10.5,15.0,9.6,13.5,18.0,30.0,6.8,100.0,6.2,38.0,6.2,38.0,6.4,60.0,7.0,170.0,16.0,23.0,6.4,100.0,6.8,1000.0,36045490,816112.0,328690.0,58805.0,1.262178778,1.262178788,1.262178777,1.262178787,2.72,3.45,1.41,1.58,9.2,11.0,1.1,1.12,3.0,3.3,1.44,1.5,1.29,1.33,1.83,1.94,1.4,1.44,1.262178769,1.262178781,1.262178782,1.262178792
Honduras Liga Nacional,2026-09-13,20:15:00,CD Marathon,CD Olimpia,1.04,110.0,1.04,110.0,1.06,880.0,1.25,110.0,1.37,6.0,1.01,1000.0,1.01,1000.0,1.01,1000.0,1.01,1000.0,1.01,1000.0,1.01,1000.0,1.01,1000.0,1.01,1000.0,1.01,1000.0,1.01,1000.0,1.01,1000.0,1.01,1000.0,1.01,1000.0,1.01,1000.0,1.01,1000.0,1.01,1000.0,1.01,1000.0,1.01,1000.0,1.01,1000.0,1.01,1000.0,1.01,1000.0,36062472,3379962.0,1395933.0,58805.0,1.262328838,1.262328848,1.262328837,1.262328847,1.01,1000.0,1.01,1000.0,1.26,110.0,1.01,110.0,1.26,110.0,1.35,55.0,1.03,36.0,1.03,36.0,1.01,110.0,1.262328829,1.262328841,1.262328842,1.262328852
Bolivian Liga de Futbol Profesional,2026-09-13,21:00:00,Real Tomayapo,Bolivar,5.7,8.2,1.42,1.56,4.3,920.0,2.64,4.1,1.4,1.61,1.01,1000.0,1.01,2.5,1.01,1000.0,1.01,1000.0,1.01,1000.0,1.01,1000.0,1.01,1000.0,1.01,1000.0,1.01,1000.0,1.01,1000.0,1.01,1000.0,1.01,1000.0,1.01,1000.0,1.01,1000.0,1.04,1000.0,1.01,1000.0,1.01,1000.0,1.04,1000.0,1.01,1000.0,1.01,1000.0,1.01,1000.0,36053377,25238903.0,329419.0,58805.0,1.262252373,1.262252376,1.262252420,1.262252421,1.01,1000.0,1.01,1.36,2.64,110.0,1.03,1.61,2.64,10.5,1.11,1.61,2.78,3.4,1.15,1.22,1.13,1.29,1.262252422,1.262252383,1.262252374,1.262252375
Argentinian Primera Division,2026-09-13,21:30:00,CA Huracan,Racing Club,2.74,2.82,3.2,3.4,2.9,2.98,1.45,1.49,3.05,3.2,2.36,2.44,1.69,1.74,6.4,7.2,7.6,8.4,17.5,20.0,29.0,260.0,6.8,7.4,6.4,7.2,14.0,16.5,28.0,120.0,14.0,16.0,12.5,14.5,23.0,30.0,38.0,800.0,25.0,110.0,25.0,130.0,38.0,800.0,90.0,510.0,28.0,140.0,34.0,760.0,90.0,1000.0,35999844,12545982.0,198558.0,58805.0,1.261709899,1.261709909,1.261709898,1.261709908,2.14,2.6,1.63,1.88,6.4,7.4,1.16,1.19,2.4,2.5,1.67,1.72,1.42,1.45,1.54,1.58,1.5,1.53,1.261709890,1.261709902,1.261709903,1.261709913
Mexican Liga MX,2026-09-13,22:00:00,Santos Laguna,FC Juarez,2.04,2.14,3.55,3.75,3.85,4.2,2.36,2.84,1.54,1.74,1.62,1.67,2.5,2.62,18.0,27.0,15.5,19.0,7.2,32.0,8.6,75.0,11.0,13.0,8.4,9.4,13.5,16.0,7.8,46.0,13.5,18.5,9.8,11.0,14.0,16.0,8.0,50.0,7.2,32.0,17.0,21.0,7.4,36.0,8.0,80.0,9.8,11.5,20.0,34.0,8.8,580.0,36042217,328957.0,10002706.0,58805.0,1.262111775,1.262111778,1.262111961,1.262111824,3.75,4.2,1.32,1.36,18.0,26.0,1.04,1.06,4.9,5.5,1.22,1.26,1.3,1.46,1.78,2.08,1.26,1.42,1.262111953,1.262111786,1.262111966,1.262111777
US MLS,2026-09-13,22:00:00,San Diego FC,Philadelphia,2.76,2.86,2.48,2.56,3.95,4.1,2.78,2.88,1.53,1.56,1.5,1.53,2.92,3.0,21.0,30.0,15.5,18.5,18.0,22.0,29.0,42.0,16.5,19.5,8.8,9.8,11.0,12.5,19.5,24.0,19.5,25.0,12.0,13.5,12.5,14.0,18.5,29.0,34.0,55.0,21.0,27.0,24.0,30.0,26.0,150.0,13.0,14.5,11.0,12.5,90.0,1000.0,36040301,79351400.0,4589333.0,58805.0,1.262091506,1.262091516,1.262091505,1.262091515,4.4,4.8,1.27,1.3,22.0,55.0,1.03,1.05,6.2,6.8,1.17,1.19,1.64,1.68,1.53,1.57,1.32,1.34,1.262091497,1.262091509,1.262091510,1.262091520
Mexican Liga MX,2026-09-13,22:07:00,Guadalajara,Pumas UNAM,1.55,1.59,6.0,6.8,4.5,4.9,2.28,2.38,1.73,1.77,1.86,1.91,2.08,2.18,18.5,21.0,20.0,24.0,10.0,65.0,11.5,210.0,8.8,9.8,9.6,11.0,20.0,24.0,11.0,100.0,9.0,10.0,9.0,10.5,19.0,21.0,10.5,90.0,13.0,15.0,14.0,16.0,9.2,38.0,11.0,130.0,6.4,7.2,11.0,110.0,12.0,1000.0,36044446,230909.0,328955.0,58805.0,1.262171584,1.262171594,1.262171583,1.262171593,3.65,4.5,1.29,1.38,18.0,21.0,1.05,1.06,4.7,5.1,1.24,1.27,1.17,1.2,2.68,2.82,1.25,1.28,1.262171575,1.262171587,1.262171588,1.262171598
Colombian Primera A,2026-09-13,22:15:00,Cucuta Deportivo,Millonarios,4.7,5.1,1.87,1.98,3.5,3.8,1.81,1.91,2.1,2.24,1.93,2.04,1.96,2.08,11.0,13.5,7.2,8.4,9.6,11.5,16.5,26.0,13.5,17.5,7.2,8.4,9.2,11.0,16.5,25.0,6.4,42.0,16.5,23.0,18.0,24.0,6.4,48.0,7.0,140.0,6.8,80.0,6.8,90.0,7.0,150.0,7.0,110.0,13.0,18.0,7.0,1000.0,36054063,2301978.0,900849.0,58805.0,1.262261234,1.262261244,1.262261233,1.262261243,2.92,3.6,1.39,1.53,11.0,13.5,1.08,1.1,3.35,3.65,1.37,1.42,2.02,2.16,1.24,1.28,1.35,1.4,1.262261225,1.262261237,1.262261238,1.262261248
