League,Date,Time,Home,Away,Odd_H_Back,Odd_H_Lay,Odd_A_Back,Odd_A_Lay,Odd_D_Back,Odd_D_Lay,Odd_Under25_FT_Back,Odd_Under25_FT_Lay,Odd_Over25_FT_Back,Odd_Over25_FT_Lay,Odd_BTTS_Yes_Back,Odd_BTTS_Yes_Lay,Odd_BTTS_No_Back,Odd_BTTS_No_Lay,Odd_CS_0x0_Back,Odd_CS_0x0_Lay,Odd_CS_0x1_Back,Odd_CS_0x1_Lay,Odd_CS_0x2_Back,Odd_CS_0x2_Lay,Odd_CS_0x3_Back,Odd_CS_0x3_Lay,Odd_CS_1x0_Back,Odd_CS_1x0_Lay,Odd_CS_1x1_Back,Odd_CS_1x1_Lay,Odd_CS_1x2_Back,Odd_CS_1x2_Lay,Odd_CS_1x3_Back,Odd_CS_1x3_Lay,Odd_CS_2x0_Back,Odd_CS_2x0_Lay,Odd_CS_2x1_Back,Odd_CS_2x1_Lay,Odd_CS_2x2_Back,Odd_CS_2x2_Lay,Odd_CS_2x3_Back,Odd_CS_2x3_Lay,Odd_CS_3x0_Back,Odd_CS_3x0_Lay,Odd_CS_3x1_Back,Odd_CS_3x1_Lay,Odd_CS_3x2_Back,Odd_CS_3x2_Lay,Odd_CS_3x3_Back,Odd_CS_3x3_Lay,Odd_CS_Goleada_H_Back,Odd_CS_Goleada_H_Lay,Odd_CS_Goleada_A_Back,Odd_CS_Goleada_A_Lay,Odd_CS_Goleada_D_Back,Odd_CS_Goleada_D_Lay,ID_Evento,ID_Home,ID_Away,ID_Draw,IDMercado_Match_Odds,IDMercado_Over/Under_25_Goals,IDMercado_Both_teams_to_Score,IDMercado_Correct_Score,Odd_Under05_HT_Back,Odd_Under05_HT_Lay,Odd_Over05_HT_Back,Odd_Over05_HT_Lay,Odd_Under05_FT_Back,Odd_Under05_FT_Lay,Odd_Over05_FT_Back,Odd_Over05_FT_Lay,Odd_Under15_FT_Back,Odd_Under15_FT_Lay,Odd_Over15_FT_Back,Odd_Over15_FT_Lay,Double_Chance_Home_or_Draw_Back,Double_Chance_Home_or_Draw_Lay,Double_Chance_Draw_or_Away_Back,Double_Chance_Draw_or_Away_Lay,Double_Chance_Home_or_Away_Back,Double_Chance_Home_or_Away_Lay,IDMercado_Double_Chance,IDMercado_First_Half_Goals_05,IDMercado_Over/Under_05_Goals,IDMercado_Over/Under_15_Goals
Mexican Liga MX,2026-08-29,00:10:00,Tijuana,Pumas UNAM,2.22,2.28,3.45,3.55,3.55,3.75,1.99,2.04,1.96,2.02,1.78,1.84,2.2,2.3,11.5,15.5,11.0,14.0,20.0,25.0,48.0,75.0,9.2,10.5,7.4,8.4,13.5,15.0,32.0,48.0,13.0,15.0,10.0,11.5,15.0,18.0,19.0,60.0,22.0,30.0,21.0,25.0,32.0,44.0,10.0,110.0,12.5,18.0,24.0,44.0,11.0,1000.0,35961506,5687741.0,328955.0,58805.0,1.261326739,1.261326749,1.261326738,1.261326748,3.3,3.45,1.41,1.43,13.5,15.0,1.07,1.08,3.95,4.1,1.32,1.34,1.39,1.41,1.78,1.82,1.36,1.39,1.261326730,1.261326742,1.261326743,1.261326753
Hong Kong Premier League,2026-08-29,05:00:00,North District,Kitchee SC,3.2,4.2,1.94,2.2,4.0,4.8,2.68,3.1,1.48,1.6,1.48,1.61,2.62,3.05,21.0,36.0,13.5,17.0,14.5,18.5,21.0,27.0,18.0,23.0,9.2,11.5,9.6,12.0,15.5,20.0,6.6,32.0,13.0,16.5,12.5,16.0,21.0,27.0,7.4,60.0,6.8,36.0,6.8,36.0,7.2,55.0,17.0,21.0,7.4,9.2,8.2,380.0,35989028,21137551.0,5696599.0,58805.0,1.261607857,1.261607860,1.261607904,1.261607905,3.7,5.6,1.21,1.38,6.2,55.0,1.02,1.09,6.0,8.2,1.16,1.19,1.83,2.08,1.32,1.46,1.26,1.34,1.261607906,1.261607867,1.261607858,1.261607859
Hong Kong Premier League,2026-08-29,05:00:00,Southern District,Kowloon City FC,1.62,1.93,3.85,6.2,4.2,8.2,2.54,3.15,1.46,1.65,1.11,1000.0,1.11,1000.0,1.04,1000.0,1.04,1000.0,1.04,1000.0,1.04,1000.0,1.04,1000.0,1.04,1000.0,1.04,1000.0,1.04,1000.0,1.04,1000.0,1.04,1000.0,1.04,1000.0,1.04,1000.0,1.04,1000.0,1.04,1000.0,1.04,1000.0,1.04,1000.0,1.01,970.0,1.04,1000.0,1.04,1000.0,35989020,10268893.0,50785377.0,58805.0,1.261608166,1.261608211,1.261608250,1.261608175,1.05,1000.0,1.01,110.0,6.2,55.0,1.02,1.14,6.2,8.6,1.15,1.2,1.2,1.35,2.06,2.62,1.14,1.32,1.261608167,1.261608169,1.261608170,1.261608214
Romanian Liga II,2026-08-29,05:00:00,CSM Scolar Resita,CSA Steaua Bucuresti,1.99,2.66,2.76,4.3,2.96,7.4,1.66,2.18,1.84,2.52,1.11,1000.0,1.11,1000.0,1.03,16.0,1.03,15.5,1.03,30.0,1.03,80.0,1.03,11.5,1.03,9.4,1.03,18.0,1.03,55.0,1.03,18.0,1.03,14.0,1.03,22.0,1.03,65.0,1.03,40.0,1.03,32.0,1.03,50.0,1.03,130.0,15.5,26.0,1.01,55.0,1.03,1000.0,35973193,12623697.0,18120525.0,58805.0,1.261433707,1.261433752,1.261433791,1.261433716,2.48,4.0,1.33,1.68,1.15,55.0,1.02,7.8,2.82,50.0,1.32,1.41,1.3,1.57,1.6,2.02,1.16,1.52,1.261433708,1.261433710,1.261433711,1.261433755
Romanian Liga II,2026-08-29,05:00:00,CS FC Dinamo Bucuresti,CSC 1599 Selimbar,4.4,6.6,1.65,1.88,3.7,4.5,1.74,2.42,1.7,2.36,1.11,1000.0,1.11,1000.0,1.03,1000.0,1.03,1000.0,1.03,1000.0,1.03,1000.0,1.03,1000.0,1.03,1000.0,1.03,1000.0,1.03,1000.0,1.03,1000.0,1.03,1000.0,1.03,1000.0,1.03,1000.0,1.03,1000.0,1.03,1000.0,1.03,1000.0,1.03,1000.0,1.01,1000.0,1.01,1000.0,1.03,1000.0,35973490,75211571.0,48459989.0,58805.0,1.261435049,1.261435052,1.261435096,1.261435097,2.74,4.3,1.31,1.57,3.7,990.0,1.01,1.37,3.7,4.9,1.29,1.37,2.12,2.54,1.18,1.26,1.29,1.37,1.261435098,1.261435059,1.261435050,1.261435051
Romanian Liga II,2026-08-29,05:00:00,FC Metaloglobus Bucuresti,Concordia Chiajna,2.54,3.2,2.58,3.25,1.09,4.6,1.6,1.85,2.18,2.66,1.11,1000.0,1.11,1000.0,1.03,1000.0,1.03,1000.0,1.03,1000.0,1.03,1000.0,1.03,1000.0,1.03,1000.0,1.03,1000.0,1.03,1000.0,1.03,1000.0,1.03,1000.0,1.03,1000.0,1.03,1000.0,1.03,1000.0,1.03,1000.0,1.03,1000.0,1.03,1000.0,1.01,1000.0,1.01,1000.0,1.03,1000.0,35973460,10805935.0,5367199.0,58805.0,1.261434636,1.261434639,1.261434683,1.261434684,2.28,3.5,1.4,1.78,2.82,110.0,1.01,1.15,1.1,100.0,1.02,110.0,1.44,1.64,1.45,1.65,1.27,1.59,1.261434685,1.261434646,1.261434637,1.261434638
Romanian Liga II,2026-08-29,05:00:00,Bihor Oradea,CSL Stefanestii de Jos,1.5,1.62,6.0,8.4,3.95,5.0,1.92,2.26,1.8,2.08,1.89,2.2,1.84,2.12,1.03,20.0,1.03,25.0,1.03,75.0,1.03,270.0,1.03,8.8,1.03,11.0,1.03,32.0,1.03,140.0,1.03,10.0,1.03,11.0,1.03,26.0,1.03,120.0,1.03,16.0,1.03,18.5,1.03,44.0,1.03,170.0,6.4,9.4,8.8,180.0,1.03,1000.0,35973189,5525110.0,75785596.0,58805.0,1.261433887,1.261433932,1.261433971,1.261433896,2.58,4.3,1.3,1.63,1.15,18.0,1.06,1.1,3.75,4.9,1.29,1.36,1.14,1.19,2.6,2.98,1.26,1.34,1.261433888,1.261433890,1.261433891,1.261433935
Romanian Liga II,2026-08-29,05:00:00,CS Afumati,Unirea Slobozia,1.96,990.0,3.3,5.1,2.86,6.0,1.74,2.42,1.71,2.34,1.11,1000.0,1.11,1000.0,1.03,18.0,1.03,17.0,1.03,32.0,1.03,85.0,1.03,12.0,1.03,9.6,1.03,18.0,1.03,50.0,1.03,16.5,1.03,12.5,1.03,20.0,1.03,60.0,1.03,32.0,1.03,26.0,1.03,42.0,1.03,110.0,11.5,18.0,1.01,48.0,1.03,1000.0,35973463,7290083.0,6803100.0,58805.0,1.261434816,1.261434819,1.261434863,1.261434864,2.66,4.5,1.29,1.6,3.1,110.0,1.01,1.48,3.1,95.0,1.28,1.48,1.24,1.43,1.62,2.04,1.41,1.54,1.261434865,1.261434826,1.261434817,1.261434818
Romanian Liga II,2026-08-29,05:00:00,ACS Dumbravita,CSM Ramnicu-Valcea,3.2,4.4,2.04,2.66,3.2,5.1,1.61,2.12,1.89,2.64,1.11,1000.0,1.11,1000.0,1.03,1000.0,1.03,1000.0,1.03,1000.0,1.03,1000.0,1.03,1000.0,1.03,1000.0,1.03,1000.0,1.03,1000.0,1.03,1000.0,1.03,1000.0,1.03,1000.0,1.03,1000.0,1.03,1000.0,1.03,1000.0,1.03,1000.0,1.03,1000.0,1.01,1000.0,1.01,1000.0,1.03,1000.0,35973488,20498949.0,58891141.0,58805.0,1.261440889,1.261440899,1.261440888,1.261440898,2.44,3.9,1.34,1.7,2.68,110.0,1.01,1.59,2.68,100.0,1.37,1.59,1.6,1.95,1.32,1.46,1.27,1.45,1.261440880,1.261440892,1.261440893,1.261440903
Romanian Liga II,2026-08-29,05:00:00,ACSM Cetatea 1932 Sucea,Gloria Popesti-Leordeni,2.14,2.74,2.82,4.3,2.62,5.6,1.61,2.18,1.86,2.62,1.11,1000.0,1.11,1000.0,1.03,1000.0,1.03,1000.0,1.03,1000.0,1.03,1000.0,1.03,1000.0,1.03,1000.0,1.03,1000.0,1.03,1000.0,1.03,1000.0,1.03,1000.0,1.03,1000.0,1.03,1000.0,1.03,1000.0,1.03,1000.0,1.03,1000.0,1.03,1000.0,1.01,1000.0,1.01,1000.0,1.03,1000.0,35973455,102002858.0,7707902.0,58805.0,1.261443104,1.261443145,1.261443096,1.261443141,2.28,3.95,1.34,1.78,2.8,110.0,1.01,1.47,2.8,3.75,1.37,1.47,1.3,1.55,1.57,1.87,1.21,1.61,1.261443049,1.261443127,1.261443131,1.261443154
Romanian Liga II,2026-08-29,05:00:00,Metalul Buzau,Chindia Targoviste,2.14,2.96,2.8,4.3,2.84,10.5,1.73,2.32,1.76,2.36,1.11,1000.0,1.11,1000.0,1.03,1000.0,1.03,1000.0,1.03,1000.0,1.03,1000.0,1.03,1000.0,1.03,1000.0,1.03,1000.0,1.03,1000.0,1.03,1000.0,1.03,1000.0,1.03,1000.0,1.03,1000.0,1.03,1000.0,1.03,1000.0,1.03,1000.0,1.03,1000.0,1.01,1000.0,1.01,1000.0,1.03,1000.0,35973192,14925624.0,5823182.0,58805.0,1.261433394,1.261433397,1.261433441,1.261433442,2.6,4.3,1.3,1.63,1.27,990.0,1.01,1.4,2.88,100.0,1.32,1.4,1.3,1.55,1.51,1.88,1.41,1.54,1.261433443,1.261433404,1.261433395,1.261433396
Japanese J League 3,2026-08-29,06:00:00,Fukushima Utd,Nara Club,2.06,2.62,2.44,3.6,3.35,9.4,2.14,2.8,1.56,1.87,1.01,1000.0,1.01,1000.0,1.03,1000.0,1.03,1000.0,1.03,1000.0,1.03,1000.0,1.03,1000.0,1.03,1000.0,1.03,1000.0,1.03,1000.0,1.03,1000.0,1.03,1000.0,1.03,1000.0,1.03,1000.0,1.03,1000.0,1.03,1000.0,1.03,1000.0,1.03,1000.0,1.01,1000.0,1.01,1000.0,1.03,1000.0,35989625,4271905.0,4233883.0,58805.0,1.261612329,1.261612339,1.261612328,1.261612338,1.01,1000.0,1.01,1000.0,5.5,110.0,1.01,1.22,3.35,95.0,1.23,1.43,1.39,1.69,1.61,1.95,1.13,1.43,1.261612320,1.261612332,1.261612333,1.261612343
Japanese J League 3,2026-08-29,06:00:00,Kamatamare Sanuki,Kagoshima Utd,4.2,5.3,1.92,2.12,3.35,3.8,1.63,2.12,1.89,2.6,1.01,1000.0,1.01,1000.0,1.03,1000.0,1.03,1000.0,1.03,1000.0,1.03,1000.0,1.03,1000.0,1.03,1000.0,1.03,1000.0,1.03,1000.0,1.03,1000.0,1.03,1000.0,1.03,1000.0,1.03,1000.0,1.03,1000.0,1.03,1000.0,1.03,1000.0,1.03,1000.0,1.01,1000.0,1.01,1000.0,1.03,1000.0,35989612,4233864.0,10428848.0,58805.0,1.261612439,1.261612449,1.261612438,1.261612448,1.01,3.85,1.01,1.68,1.02,14.0,1.07,110.0,2.64,14.0,1.07,1.61,1.89,2.08,1.26,1.32,1.36,1.43,1.261612430,1.261612442,1.261612443,1.261612453
Japanese J League 2,2026-08-29,06:00:00,Tochigi Uva FC,Iwata,2.54,2.72,2.86,3.1,3.4,3.7,1.93,2.04,1.96,2.08,1.74,1.85,2.16,2.34,12.5,14.5,10.5,12.5,18.0,21.0,1.01,48.0,9.8,11.5,7.0,8.0,11.5,13.5,1.03,34.0,15.5,18.0,10.5,12.5,14.5,17.0,1.03,44.0,1.01,38.0,21.0,29.0,21.0,40.0,34.0,110.0,17.0,24.0,21.0,30.0,1.03,1000.0,35989098,9937190.0,263079.0,58805.0,1.261609019,1.261609022,1.261609066,1.261609067,2.7,4.0,1.33,1.59,10.5,15.5,1.07,1.09,3.7,4.1,1.32,1.37,1.47,1.54,1.58,1.65,1.37,1.41,1.261609068,1.261609029,1.261609020,1.261609021
Japanese J League 2,2026-08-29,06:00:00,Iwaki SC,Albirex Niigata,2.58,2.8,2.96,3.3,3.15,3.45,1.68,1.79,2.26,2.48,1.92,2.06,1.94,2.1,9.6,11.0,9.0,970.0,17.5,21.0,22.0,75.0,8.2,9.2,6.6,7.4,12.0,14.0,4.4,55.0,14.5,17.0,11.0,12.5,17.0,20.0,6.4,85.0,4.4,60.0,5.9,34.0,24.0,70.0,4.8,1000.0,5.9,34.0,4.4,65.0,4.8,1000.0,35988736,13432059.0,5712145.0,58805.0,1.261596403,1.261596406,1.261596450,1.261596451,1.01,1000.0,1.01,1000.0,2.58,15.5,1.07,1.53,2.58,3.4,1.41,1.53,1.43,1.53,1.56,1.64,1.37,1.48,1.261596452,1.261596413,1.261596404,1.261596405
Japanese J League,2026-08-29,06:00:00,G-Osaka,Hiroshima,5.3,5.7,1.66,1.7,4.4,4.7,2.46,2.58,1.64,1.69,1.7,1.75,2.34,2.42,20.0,28.0,10.0,11.5,10.5,12.0,14.5,17.0,20.0,26.0,9.0,10.5,9.0,10.5,14.5,19.5,32.0,55.0,18.0,26.0,15.5,19.0,24.0,34.0,7.8,140.0,7.6,75.0,7.4,70.0,34.0,95.0,7.4,65.0,6.6,7.4,8.4,1000.0,35969791,441083.0,744103.0,58805.0,1.261392691,1.261392694,1.261392738,1.261392739,1.01,1000.0,1.01,1.49,16.0,55.0,1.03,1.06,5.2,5.6,1.21,1.24,2.42,2.52,1.21,1.23,1.27,1.3,1.261392740,1.261392701,1.261392692,1.261392693
Chinese Super League,2026-08-29,06:00:00,Qingdao Hainiu,Wuhan Three Towns,2.88,3.0,2.46,2.6,3.65,4.0,2.26,2.44,1.71,1.8,1.61,1.68,2.46,2.64,17.0,23.0,11.5,14.5,16.0,19.5,25.0,55.0,13.0,15.5,7.8,9.2,10.5,12.5,21.0,29.0,18.0,23.0,11.5,13.5,13.0,17.0,24.0,38.0,7.0,55.0,21.0,32.0,6.6,55.0,7.2,75.0,17.5,24.0,13.5,16.5,7.6,590.0,35973582,9654927.0,23228754.0,58805.0,1.261436513,1.261436516,1.261436560,1.261436561,2.0,110.0,1.01,2.0,14.5,21.0,1.05,1.07,4.6,5.3,1.24,1.28,1.62,1.69,1.5,1.54,1.33,1.38,1.261436562,1.261436523,1.261436514,1.261436515
Japanese J League 3,2026-08-29,06:00:00,FC Gifu,Tochigi SC,2.18,2.5,3.2,4.1,3.25,3.75,1.7,2.2,1.83,2.44,1.01,1000.0,1.01,1000.0,1.03,1000.0,1.03,1000.0,1.03,1000.0,1.03,1000.0,1.03,1000.0,1.03,1000.0,1.03,1000.0,1.03,1000.0,1.03,1000.0,1.03,1000.0,1.03,1000.0,1.03,1000.0,1.03,1000.0,1.03,1000.0,1.03,1000.0,1.03,1000.0,1.01,1000.0,1.01,1000.0,1.03,1000.0,35989634,4270387.0,5945153.0,58805.0,1.261612219,1.261612229,1.261612218,1.261612228,2.54,4.0,1.01,1000.0,1.02,21.0,1.05,1.55,2.78,21.0,1.05,1.55,1.32,1.46,1.66,1.85,1.36,1.45,1.261612210,1.261612222,1.261612223,1.261612233
Japanese J League 3,2026-08-29,06:00:00,FC Ryukyu,Sagamihara,2.74,3.95,2.16,3.05,2.82,5.9,1.71,2.1,1.9,2.42,1.01,1000.0,1.01,1000.0,1.03,1000.0,1.03,1000.0,1.03,1000.0,1.03,1000.0,1.03,1000.0,1.03,1000.0,1.03,1000.0,1.03,1000.0,1.03,1000.0,1.03,1000.0,1.03,1000.0,1.03,1000.0,1.03,1000.0,1.03,1000.0,1.03,1000.0,1.03,1000.0,1.01,1000.0,1.01,1000.0,1.03,1000.0,35989670,7379405.0,9339232.0,58805.0,1.261613274,1.261613284,1.261613273,1.261613283,2.56,4.1,1.01,1000.0,1.02,26.0,1.04,55.0,3.4,26.0,1.04,1.41,1.48,1.86,1.34,1.58,1.35,1.55,1.261613265,1.261613277,1.261613278,1.261613288
Japanese J League,2026-08-29,06:00:00,Mito,FC Machida,4.8,5.1,1.94,1.97,3.45,3.6,1.68,1.75,2.34,2.46,2.08,2.2,1.83,1.93,9.4,10.5,6.2,7.2,9.4,11.0,17.5,40.0,12.0,14.0,7.0,8.0,9.4,11.0,19.5,42.0,20.0,38.0,12.5,24.0,20.0,29.0,10.5,60.0,11.5,160.0,11.0,100.0,40.0,110.0,12.0,190.0,11.5,140.0,16.0,19.0,12.5,1000.0,35973451,3455677.0,6207339.0,58805.0,1.261434546,1.261434549,1.261434593,1.261434594,1.01,110.0,1.01,110.0,9.4,11.0,1.1,1.12,2.98,3.2,1.46,1.51,2.02,2.08,1.25,1.27,1.38,1.41,1.261434595,1.261434556,1.261434547,1.261434548
Japanese J League,2026-08-29,06:30:00,Shimizu,Kashiwa,3.9,4.1,2.1,2.16,3.45,3.65,1.82,1.91,2.1,2.22,1.89,1.97,2.04,2.12,11.0,13.0,7.8,8.8,11.0,13.0,8.6,26.0,12.0,13.5,7.2,8.0,9.6,11.0,20.0,24.0,9.0,30.0,14.5,17.0,17.0,19.5,10.0,42.0,11.5,100.0,10.5,60.0,11.0,160.0,12.0,140.0,11.0,75.0,15.5,17.5,13.0,1000.0,35969796,441086.0,441080.0,58805.0,1.261392873,1.261392876,1.261392920,1.261392921,1.01,3.45,1.4,110.0,11.0,13.5,1.08,1.1,3.4,3.7,1.38,1.41,1.86,1.91,1.32,1.35,1.37,1.4,1.261392922,1.261392883,1.261392874,1.261392875
Japanese J League,2026-08-29,06:30:00,Nagasaki,FC Tokyo,5.5,5.8,1.69,1.74,4.0,4.3,1.95,2.14,1.89,2.06,1.91,2.02,1.98,2.1,13.5,18.0,7.4,8.8,9.0,12.0,15.0,18.0,16.5,21.0,8.2,9.2,8.8,10.5,16.0,19.0,6.6,55.0,20.0,24.0,18.0,23.0,6.4,38.0,7.2,190.0,32.0,100.0,7.2,95.0,7.0,140.0,7.0,120.0,9.0,12.0,7.4,1000.0,35969793,7081211.0,350849.0,58805.0,1.261392511,1.261392514,1.261392558,1.261392559,3.0,110.0,1.02,1.5,13.0,18.0,1.06,1.08,3.85,4.3,1.31,1.35,2.34,2.44,1.21,1.23,1.31,1.34,1.261392560,1.261392521,1.261392512,1.261392513
Japanese J League 2,2026-08-29,06:30:00,Toyama,Fujieda MYFC,1.96,2.08,4.0,4.6,3.55,3.9,1.86,2.08,1.94,2.16,1.79,1.94,2.06,2.28,11.0,17.0,13.0,16.5,5.4,40.0,5.8,110.0,7.0,9.8,6.2,8.8,12.5,18.0,5.7,65.0,10.5,15.5,9.0,11.0,13.0,19.0,5.8,70.0,19.5,29.0,17.5,26.0,25.0,44.0,5.9,120.0,12.0,17.0,5.8,70.0,6.2,1000.0,35969848,4296466.0,14196415.0,58805.0,1.261393519,1.261393522,1.261393566,1.261393567,2.8,3.9,1.35,1.55,11.0,15.5,1.07,1.1,3.75,4.3,1.3,1.37,1.27,1.33,1.92,2.06,1.35,1.4,1.261393568,1.261393529,1.261393520,1.261393521
Japanese J League 2,2026-08-29,06:30:00,Vanraure Hachinohe,Blaublitz Akita,2.86,3.0,2.76,3.15,2.94,3.3,1.47,1.67,2.5,3.2,1.01,2.38,1.73,1000.0,1.03,1000.0,1.03,1000.0,1.03,26.0,1.03,1000.0,1.03,13.0,1.03,1000.0,1.03,1000.0,1.03,1000.0,1.03,26.0,1.03,1000.0,16.0,1000.0,1.03,1000.0,1.03,1000.0,1.03,1000.0,1.03,1000.0,1.03,1000.0,1.01,1000.0,1.01,1000.0,1.03,1000.0,35988782,7632116.0,5852914.0,58805.0,1.261596935,1.261596938,1.261596982,1.261596983,2.54,3.15,1.47,1.65,6.2,110.0,1.01,1.16,2.6,3.05,1.49,1.55,1.47,1.57,1.5,1.54,1.43,1.52,1.261596984,1.261596945,1.261596936,1.261596937
Japanese J League,2026-08-29,07:00:00,Kobe,Cerezo Osaka,2.12,2.18,3.7,3.9,3.6,3.8,1.93,1.98,2.02,2.08,1.82,1.9,2.12,2.22,12.5,15.0,12.0,14.0,6.8,28.0,8.2,85.0,8.2,9.8,7.2,8.4,13.5,16.5,38.0,55.0,11.5,14.5,9.6,11.0,16.5,19.5,7.6,65.0,20.0,29.0,20.0,25.0,32.0,44.0,8.2,120.0,14.5,21.0,7.8,60.0,8.4,1000.0,35969786,441082.0,353589.0,58805.0,1.261392418,1.261392421,1.261392465,1.261392466,2.96,3.75,1.36,1.51,12.5,15.5,1.07,1.09,3.7,3.95,1.34,1.37,1.34,1.38,1.84,1.89,1.36,1.39,1.261392467,1.261392428,1.261392419,1.261392420
Japanese J League 2,2026-08-29,07:00:00,Yokohama FC,Tosu,1.96,2.12,3.95,5.0,3.45,4.3,1.84,2.02,1.99,2.2,1.87,2.0,2.0,2.14,1.03,1000.0,1.03,1000.0,1.03,1000.0,1.03,1000.0,1.03,1000.0,1.03,1000.0,1.03,1000.0,1.03,1000.0,1.03,1000.0,1.03,1000.0,1.03,1000.0,1.03,1000.0,1.03,1000.0,1.03,1000.0,1.03,1000.0,1.03,1000.0,1.01,1000.0,1.01,1000.0,1.03,1000.0,35988801,2319612.0,3455676.0,58805.0,1.261597397,1.261597400,1.261597444,1.261597445,1.01,1000.0,1.01,1000.0,3.1,21.0,1.05,1.48,3.1,3.95,1.34,1.48,1.25,1.34,1.89,2.06,1.35,1.41,1.261597446,1.261597407,1.261597398,1.261597399
Japanese J League 2,2026-08-29,07:00:00,Omiya,Shonan,2.1,2.22,3.75,4.1,3.45,3.75,1.9,2.04,1.96,2.12,1.79,1.91,2.1,2.26,10.0,17.0,12.5,14.5,15.0,40.0,9.2,80.0,8.4,9.6,7.2,8.2,14.0,19.5,8.4,70.0,12.0,970.0,9.6,11.0,15.5,26.0,25.0,85.0,19.0,38.0,13.0,34.0,27.0,55.0,9.4,120.0,12.0,17.0,8.6,50.0,10.0,1000.0,35988791,1080509.0,4546954.0,58805.0,1.261597221,1.261597224,1.261597268,1.261597269,2.68,3.35,1.42,1.59,12.0,14.5,1.07,1.09,3.65,4.1,1.33,1.38,1.32,1.37,1.81,1.91,1.36,1.41,1.261597270,1.261597231,1.261597222,1.261597223
Japanese J League 2,2026-08-29,07:00:00,Kofu,Sapporo,3.25,3.5,2.46,2.62,3.1,3.35,1.65,1.75,2.34,2.52,1.94,2.14,1.87,2.08,7.6,12.5,7.6,9.0,11.0,19.0,4.9,48.0,9.0,11.0,5.5,7.4,9.0,15.0,4.8,40.0,16.0,27.0,12.5,18.0,17.0,25.0,5.0,65.0,5.1,80.0,5.0,60.0,5.1,80.0,5.2,170.0,5.0,70.0,4.8,40.0,5.4,1000.0,35969842,1405179.0,2245760.0,58805.0,1.261393428,1.261393431,1.261393475,1.261393476,2.38,3.4,1.42,1.72,8.8,10.5,1.1,1.13,2.84,3.2,1.45,1.55,1.62,1.69,1.4,1.44,1.43,1.48,1.261393477,1.261393438,1.261393429,1.261393430
Japanese J League 2,2026-08-29,07:00:00,Tokushima,Oita,2.06,2.16,4.5,5.0,3.0,3.25,1.51,1.58,2.72,2.94,2.28,2.42,1.7,1.79,6.4,8.2,10.0,13.0,7.4,42.0,8.8,160.0,5.7,6.6,5.9,7.4,15.0,28.0,8.6,110.0,9.8,11.5,10.0,13.5,20.0,30.0,8.8,130.0,18.0,29.0,24.0,36.0,8.4,80.0,9.0,260.0,20.0,34.0,8.8,180.0,9.4,1000.0,35969847,5026012.0,441089.0,58805.0,1.261393609,1.261393612,1.261393656,1.261393657,1.01,1000.0,1.01,1000.0,7.2,8.2,1.13,1.17,2.54,2.72,1.58,1.65,1.25,1.28,1.86,1.95,1.44,1.48,1.261393658,1.261393619,1.261393610,1.261393611
Portuguese Segunda Liga,2026-08-29,07:00:00,Portimonense,Leixoes,2.84,3.25,2.54,2.8,3.3,3.6,1.78,1.99,2.02,2.28,1.78,1.97,2.02,2.28,9.4,1000.0,7.6,1000.0,12.5,1000.0,1.03,1000.0,8.2,1000.0,5.8,1000.0,9.0,1000.0,1.03,1000.0,14.5,1000.0,9.8,1000.0,13.0,1000.0,1.03,1000.0,1.03,1000.0,1.03,1000.0,1.03,1000.0,1.03,1000.0,25.0,1000.0,20.0,1000.0,1.03,1000.0,35959293,505982.0,146050.0,58805.0,1.261314692,1.261314702,1.261314691,1.261314701,1.01,1000.0,1.01,1000.0,10.5,110.0,1.01,1.11,3.3,100.0,1.35,1.43,1.55,1.65,1.44,1.54,1.39,1.44,1.261314683,1.261314695,1.261314696,1.261314706
Japanese J League,2026-08-29,07:00:00,Kawasaki,Jef Utd Chiba,1.57,1.59,5.9,6.6,4.6,5.0,2.4,2.62,1.63,1.71,1.67,1.85,2.18,2.48,18.5,29.0,7.8,95.0,12.5,70.0,3.25,1000.0,9.0,14.0,9.4,13.0,6.6,30.0,20.0,1000.0,9.2,12.5,3.9,12.5,14.0,29.0,19.0,95.0,4.8,50.0,5.1,970.0,20.0,120.0,22.0,1000.0,5.6,8.0,3.15,100.0,3.25,1000.0,35969787,1080507.0,5021203.0,58805.0,1.261392328,1.261392331,1.261392375,1.261392376,1.01,1000.0,1.01,110.0,5.3,110.0,1.02,1.22,5.3,6.0,1.21,1.22,1.18,1.19,2.68,2.76,1.25,1.28,1.261392377,1.261392338,1.261392329,1.261392330
Ukrainian Premier League,2026-08-29,07:00:00,FK Kudrivka,FC Epicentr Dunaivtsi,3.2,3.55,2.32,2.64,1.09,3.9,1.61,1.79,2.28,2.62,1.01,110.0,1.54,1000.0,1.03,1000.0,1.03,13.0,1.03,1000.0,1.03,1000.0,1.03,1000.0,1.03,8.6,1.03,1000.0,1.03,1000.0,1.03,26.0,1.03,1000.0,1.03,1000.0,1.03,1000.0,1.03,1000.0,1.03,80.0,1.03,1000.0,1.03,1000.0,1.01,1000.0,1.01,1000.0,1.03,1000.0,35956170,72925573.0,36230962.0,58805.0,1.261283987,1.261283997,1.261283986,1.261283996,2.3,3.35,1.42,1.77,7.8,11.0,1.1,1.15,3.0,3.55,1.39,1.49,1.61,1.76,1.39,1.46,1.34,1.47,1.261283978,1.261283990,1.261283991,1.261284001
Japanese J League,2026-08-29,07:00:00,Tokyo-V,Kashima,5.4,5.8,1.81,1.84,3.6,3.8,1.78,1.82,2.22,2.3,2.08,2.14,1.88,1.93,10.5,12.0,6.8,7.4,9.0,10.0,16.5,19.0,14.0,16.5,7.6,8.6,9.0,10.5,18.0,22.0,24.0,44.0,19.5,22.0,20.0,24.0,36.0,46.0,13.5,180.0,34.0,100.0,13.0,100.0,14.0,170.0,13.5,150.0,13.0,14.5,14.0,1000.0,35969792,263080.0,441079.0,58805.0,1.261392601,1.261392604,1.261392648,1.261392649,1.01,110.0,1.01,110.0,10.5,12.0,1.09,1.11,3.3,3.5,1.4,1.44,2.2,2.24,1.21,1.23,1.36,1.39,1.261392650,1.261392611,1.261392602,1.261392603
Japanese J League,2026-08-29,07:00:00,Nagoya,Okayama,2.62,2.72,2.9,3.05,3.45,3.6,1.88,1.93,2.08,2.14,1.84,1.88,2.12,2.2,10.5,13.5,10.0,11.5,16.5,20.0,21.0,60.0,9.6,11.0,7.0,7.8,11.5,13.5,8.6,36.0,14.5,17.5,11.0,13.0,15.5,18.0,32.0,48.0,32.0,48.0,24.0,36.0,36.0,55.0,9.4,120.0,21.0,27.0,8.4,38.0,10.0,1000.0,35969782,441084.0,5561025.0,58805.0,1.261392213,1.261392216,1.261392266,1.261392268,1.01,110.0,1.01,110.0,12.0,13.5,1.08,1.09,3.55,3.8,1.36,1.39,1.49,1.53,1.58,1.62,1.38,1.41,1.261392270,1.261392223,1.261392214,1.261392215
Japanese J League,2026-08-29,07:00:00,Urawa,Yokohama FM,2.48,2.54,3.15,3.3,3.45,3.6,1.83,1.93,2.08,2.2,1.83,1.93,2.08,2.22,11.0,15.0,10.0,12.5,18.5,24.0,7.4,70.0,8.6,10.0,6.8,8.0,12.5,15.0,7.0,48.0,13.0,16.5,10.0,12.0,16.0,19.5,25.0,60.0,6.8,36.0,6.6,32.0,7.0,50.0,32.0,130.0,18.0,28.0,7.0,48.0,7.6,1000.0,35973458,441088.0,441087.0,58805.0,1.261434726,1.261434729,1.261434773,1.261434774,1.01,110.0,1.01,110.0,10.5,13.5,1.08,1.1,3.4,3.75,1.37,1.42,1.44,1.47,1.65,1.68,1.38,1.41,1.261434775,1.261434736,1.261434727,1.261434728
Japanese J League 2,2026-08-29,07:00:00,FC Imabari,Yamagata,2.34,2.66,2.66,3.1,3.75,950.0,2.22,110.0,1.53,1.82,1.01,1.75,2.32,1000.0,1.19,1000.0,1.19,1000.0,1.15,29.0,1.19,1000.0,1.19,1000.0,1.08,11.5,1.19,1000.0,1.19,1000.0,1.14,26.0,8.8,1000.0,1.19,1000.0,1.19,1000.0,19.5,1000.0,1.19,1000.0,1.19,1000.0,1.19,1000.0,1.19,1000.0,1.19,1000.0,1.19,1000.0,35969845,6641602.0,3718961.0,58805.0,1.261393338,1.261393341,1.261393385,1.261393386,1.01,1000.0,1.01,1000.0,4.6,36.0,1.03,1.11,4.6,34.0,1.21,1.28,1.5,1.6,1.61,1.74,1.01,1.37,1.261393387,1.261393348,1.261393339,1.261393340
Japanese J League,2026-08-29,07:00:00,Kyoto,Fukuoka,2.88,2.98,2.9,3.05,3.05,3.2,1.55,1.58,2.72,2.82,2.16,2.22,1.81,1.87,7.4,8.4,7.6,8.4,16.0,18.5,27.0,65.0,7.4,8.6,6.4,7.2,12.5,14.5,22.0,55.0,15.5,18.5,12.0,14.5,19.5,24.0,10.0,85.0,25.0,60.0,21.0,90.0,10.0,85.0,10.5,210.0,9.6,65.0,9.6,65.0,11.0,1000.0,35969790,441085.0,1405180.0,58805.0,1.261392781,1.261392784,1.261392828,1.261392829,2.26,2.88,1.53,1.8,7.6,8.4,1.13,1.16,2.64,2.76,1.57,1.61,1.49,1.53,1.5,1.54,1.45,1.49,1.261392830,1.261392791,1.261392782,1.261392783
Polish Ekstraklasa,2026-08-29,07:15:00,Radomiak Radom,Cracovia Krakow,2.88,3.4,2.34,2.5,3.05,3.8,1.98,2.14,1.89,2.02,1.01,1000.0,2.14,970.0,1.01,1000.0,8.8,13.0,12.0,1000.0,1.01,1000.0,1.01,1000.0,1.01,9.4,8.8,13.0,1.01,1000.0,15.0,1000.0,1.01,1000.0,1.01,1000.0,1.01,1000.0,26.0,1000.0,1.01,1000.0,26.0,1000.0,1.01,1000.0,1.01,1000.0,1.01,1000.0,1.01,1000.0,35969745,1306561.0,880537.0,58805.0,1.261391653,1.261391656,1.261391700,1.261391701,2.78,4.2,1.31,1.57,3.75,110.0,1.01,1.13,3.75,4.4,1.29,1.36,1.68,1.75,1.42,1.48,1.36,1.4,1.261391702,1.261391663,1.261391654,1.261391655
Swedish Superettan,2026-08-29,08:00:00,Ljungskile,Varnamo,2.26,2.36,3.1,3.45,3.65,4.1,2.24,2.6,1.62,1.8,1.62,1.69,2.44,2.62,1.01,1000.0,1.01,1000.0,1.01,1000.0,1.01,1000.0,1.01,1000.0,1.01,1000.0,1.01,1000.0,1.01,1000.0,1.01,1000.0,1.01,1000.0,1.01,1000.0,1.01,1000.0,1.01,1000.0,1.01,1000.0,1.01,1000.0,1.01,1000.0,1.01,1000.0,1.01,1000.0,1.01,1000.0,35980413,502383.0,384107.0,58805.0,1.261518897,1.261518900,1.261518944,1.261518945,1.01,1000.0,1.01,1000.0,14.5,21.0,1.05,1.07,4.0,5.3,1.23,1.32,1.41,1.47,1.73,1.8,1.33,1.38,1.261518946,1.261518907,1.261518898,1.261518899
Swedish Superettan,2026-08-29,08:00:00,Landskrona,Ostersunds FK,2.56,2.68,2.84,3.05,3.4,3.65,1.98,2.1,1.92,2.04,1.72,1.8,2.26,2.4,12.0,15.5,11.0,12.5,14.5,21.0,34.0,140.0,10.0,12.0,7.2,8.0,11.5,13.0,20.0,55.0,13.0,18.5,10.5,12.5,13.0,21.0,25.0,120.0,23.0,80.0,18.5,44.0,24.0,100.0,36.0,1000.0,15.5,30.0,18.0,42.0,60.0,1000.0,35978068,130432.0,502427.0,58805.0,1.261485463,1.261485466,1.261485510,1.261485511,2.78,4.3,1.31,1.56,11.0,15.5,1.07,1.08,3.9,4.3,1.31,1.32,1.49,1.54,1.59,1.64,1.37,1.42,1.261485512,1.261485473,1.261485464,1.261485465
Danish 1st Division,2026-08-29,08:00:00,Kolding IF,AB,2.2,2.5,2.76,3.5,3.5,5.5,2.22,3.1,1.48,1.81,1.45,970.0,1.01,970.0,1.03,1000.0,1.03,1000.0,1.03,1000.0,1.03,1000.0,1.03,1000.0,1.03,1000.0,1.03,1000.0,1.03,1000.0,1.03,1000.0,1.03,1000.0,1.03,1000.0,1.03,1000.0,1.03,1000.0,1.03,1000.0,1.03,1000.0,1.03,1000.0,1.01,1000.0,1.01,1000.0,1.03,1000.0,35973524,151010.0,113194.0,58805.0,1.261442093,1.261442103,1.261442092,1.261442102,1.01,1000.0,1.01,1000.0,1.02,110.0,1.01,1.31,2.22,7.2,1.16,1.81,1.4,1.57,1.66,1.83,1.22,1.4,1.261442084,1.261442096,1.261442097,1.261442107
Chinese Super League,2026-08-29,08:00:00,Tianjin Jinmen Tiger FC,Qingdao Youth Island,2.02,2.14,3.95,4.4,3.45,3.7,1.82,1.96,2.04,2.22,1.86,1.98,2.02,2.18,11.0,13.0,12.0,14.5,14.0,32.0,9.4,110.0,8.0,8.8,7.0,8.2,14.5,18.0,26.0,60.0,10.5,13.0,9.4,11.0,16.5,20.0,8.8,70.0,21.0,27.0,19.5,25.0,32.0,48.0,9.4,130.0,14.5,17.5,8.8,70.0,10.0,1000.0,35970011,50443178.0,40285964.0,58805.0,1.261397122,1.261397132,1.261397121,1.261397131,1.01,3.6,1.38,110.0,11.0,13.5,1.08,1.1,3.4,3.95,1.35,1.4,1.29,1.34,1.88,1.99,1.37,1.41,1.261397113,1.261397125,1.261397126,1.261397136
Chinese League 1,2026-08-29,08:00:00,Shaanxi Union FC,Yanbian Longding,1.94,1.99,4.3,5.2,3.45,4.0,1.88,2.1,1.9,2.14,1.01,970.0,1.02,1000.0,1.01,1000.0,1.01,1000.0,1.01,1000.0,1.01,1000.0,1.01,1000.0,1.01,970.0,1.01,1000.0,1.01,1000.0,1.01,1000.0,1.01,1000.0,1.01,1000.0,1.01,1000.0,1.01,1000.0,1.01,1000.0,1.01,1000.0,1.01,1000.0,1.01,1000.0,1.01,1000.0,1.01,1000.0,35992866,68158828.0,39632858.0,58805.0,1.261659349,1.261659359,1.261659348,1.261659358,1.01,1000.0,1.32,1.61,3.35,110.0,1.01,1.42,3.35,4.3,1.3,1.42,1.24,1.31,2.0,2.08,1.33,1.41,1.261659340,1.261659352,1.261659353,1.261659363
German Bundesliga 2,2026-08-29,08:00:00,FC Heidenheim,Dynamo Dresden,2.46,2.52,2.84,2.9,3.9,4.1,2.6,2.76,1.58,1.63,1.53,1.56,2.78,2.86,21.0,25.0,16.0,21.0,20.0,24.0,38.0,44.0,15.0,17.0,8.8,12.0,12.0,13.5,23.0,27.0,18.0,25.0,11.0,12.5,13.0,14.5,27.0,32.0,32.0,36.0,20.0,28.0,25.0,29.0,46.0,55.0,11.5,13.0,14.5,16.0,8.4,420.0,35951834,3237590.0,498543.0,58805.0,1.261240762,1.261240772,1.261240761,1.261240771,1.01,110.0,1.01,110.0,17.0,36.0,1.03,1.05,5.7,6.4,1.19,1.21,1.52,1.55,1.65,1.69,1.32,1.34,1.261240753,1.261240765,1.261240766,1.261240776
German Bundesliga 2,2026-08-29,08:00:00,Cottbus,Greuther Furth,2.66,2.72,2.58,2.66,4.0,4.1,2.6,2.82,1.56,1.62,1.53,1.59,2.7,2.88,21.0,30.0,15.0,19.0,18.0,23.0,32.0,44.0,14.5,19.5,8.8,11.5,11.5,12.5,20.0,25.0,18.0,23.0,11.5,12.5,13.0,17.0,6.8,36.0,32.0,40.0,20.0,26.0,6.6,32.0,6.8,65.0,13.0,15.0,13.0,16.5,7.0,410.0,35947166,204683.0,64375.0,58805.0,1.261182439,1.261182449,1.261182438,1.261182448,3.6,5.0,1.25,1.39,8.6,36.0,1.04,1.06,5.6,6.4,1.18,1.22,1.61,1.63,1.58,1.59,1.32,1.34,1.261182430,1.261182442,1.261182443,1.261182453
German Bundesliga 2,2026-08-29,08:00:00,Karlsruhe,Wolfsburg,3.45,3.55,2.16,2.2,3.85,4.0,2.5,2.68,1.6,1.66,1.56,1.61,2.62,2.8,21.0,24.0,13.0,14.5,15.0,17.0,21.0,34.0,17.0,19.5,8.4,12.0,10.0,11.5,17.5,20.0,8.4,29.0,13.5,15.5,12.5,17.5,19.0,28.0,9.4,70.0,8.6,42.0,8.4,46.0,9.4,65.0,16.5,23.0,9.2,10.5,8.6,440.0,35951847,113191.0,44521.0,58805.0,1.261240652,1.261240662,1.261240651,1.261240661,1.01,110.0,1.01,110.0,1.02,36.0,1.04,1.07,5.5,6.0,1.2,1.23,1.83,1.87,1.39,1.41,1.33,1.36,1.261240643,1.261240655,1.261240656,1.261240666
Swedish Division 1,2026-08-29,08:00:00,AFC Eskilstuna,Sollentuna FF,1.7,1.88,4.4,5.4,3.9,5.1,2.22,2.62,1.61,1.82,1.01,1.86,1.01,1000.0,1.01,1000.0,1.01,1000.0,1.01,1000.0,1.01,1000.0,1.01,1000.0,1.01,1000.0,1.01,1000.0,1.01,1000.0,1.01,1000.0,1.01,1000.0,1.01,1000.0,1.01,1000.0,1.01,1000.0,1.01,1000.0,1.01,1000.0,1.01,1000.0,1.01,1000.0,1.01,1000.0,1.01,1000.0,35989907,12503484.0,8438639.0,58805.0,1.261618527,1.261618537,1.261618526,1.261618536,1.01,1000.0,1.01,1000.0,3.95,110.0,1.01,1.3,3.95,110.0,1.01,1.3,1.22,1.3,2.12,2.44,1.24,1.34,1.261618518,1.261618530,1.261618531,1.261618541
Chinese Super League,2026-08-29,08:00:00,Zhejiang Greentown,Yunnan Yukun,1.92,2.08,3.25,4.1,4.4,5.4,3.75,5.0,1.25,1.36,1.35,1.41,3.4,3.8,11.0,1000.0,9.8,450.0,10.5,500.0,23.0,1000.0,21.0,30.0,11.5,13.5,15.5,18.5,16.5,38.0,19.5,23.0,11.0,13.0,12.0,14.0,11.0,36.0,3.7,110.0,15.5,22.0,18.0,25.0,10.5,42.0,5.3,7.2,10.0,16.5,3.85,180.0,35970012,23257633.0,55896077.0,58805.0,1.261396922,1.261396932,1.261396921,1.261396931,1.01,1000.0,1.01,110.0,9.4,110.0,1.01,1.09,9.4,90.0,1.07,1.12,1.33,1.44,1.92,2.1,1.25,1.3,1.261396913,1.261396925,1.261396926,1.261396936
English Premier League,2026-08-29,08:30:00,Liverpool,Nottm Forest,1.56,1.57,6.6,6.8,4.8,4.9,2.5,2.54,1.65,1.67,1.79,1.82,2.22,2.28,21.0,23.0,23.0,26.0,50.0,60.0,100.0,170.0,10.0,10.5,10.0,11.0,22.0,24.0,65.0,80.0,9.8,10.5,9.4,9.6,18.5,20.0,60.0,70.0,13.5,14.5,13.5,14.5,26.0,29.0,80.0,90.0,6.2,6.4,60.0,75.0,360.0,630.0,35971071,56323.0,39674645.0,58805.0,1.261411394,1.261411333,1.261411393,1.261411404,3.95,4.1,1.33,1.34,19.0,23.0,1.04,1.06,5.3,5.6,1.22,1.24,1.17,1.18,2.76,2.8,1.26,1.27,1.261411396,1.261411398,1.261411399,1.261411337
Estonian Premier League,2026-08-29,08:30:00,Nomme Utd,Harju JK Laagri,2.32,2.6,2.6,3.15,3.35,5.4,2.72,3.35,1.42,1.59,1.01,1000.0,1.01,1000.0,1.01,1000.0,2.08,1000.0,1.97,1000.0,1.01,1000.0,16.0,1000.0,1.01,1000.0,1.01,1000.0,1.01,1000.0,1.01,1000.0,1.01,1000.0,1.01,1000.0,1.01,1000.0,1.01,1000.0,1.01,1000.0,1.97,1000.0,1.01,1000.0,1.01,1000.0,1.01,1000.0,1.01,1000.0,35978650,10443529.0,28525699.0,58805.0,1.261500481,1.261500492,1.261500480,1.261500491,1.01,1000.0,1.01,1000.0,21.0,110.0,1.02,1.05,2.72,11.0,1.1,1.16,1.48,1.63,1.62,1.75,1.23,1.42,1.261500471,1.261500484,1.261500485,1.261500496
Chinese League 1,2026-08-29,08:30:00,Nanjing City,Guangxi Hengchen,3.1,4.9,1.94,2.6,2.96,6.2,1.73,2.12,1.9,2.36,1.67,2.14,1.87,2.5,1.01,1000.0,1.01,29.0,1.01,60.0,1.01,1000.0,1.01,60.0,5.7,970.0,1.01,40.0,1.01,1000.0,12.0,1000.0,1.01,1000.0,10.0,1000.0,1.01,1000.0,1.01,1000.0,1.01,1000.0,1.01,1000.0,1.01,1000.0,1.01,1000.0,1.01,1000.0,1.01,1000.0,35992865,56606961.0,68101080.0,58805.0,1.261659569,1.261659579,1.261659568,1.261659578,1.01,1000.0,1.01,1000.0,2.98,110.0,1.02,1.4,2.98,38.0,1.02,1.51,1.63,2.06,1.26,1.47,1.19,1.51,1.261659560,1.261659572,1.261659573,1.261659583
Chinese League 1,2026-08-29,08:30:00,Foshan Nanshi FC,Shenzhen Juniors FC,4.5,6.2,1.76,1.85,3.3,4.2,1.87,2.5,1.66,2.16,1.63,2.06,1.94,2.6,1.01,1000.0,1.01,23.0,1.01,23.0,1.01,1000.0,10.0,100.0,1.01,970.0,1.01,970.0,10.5,100.0,1.01,1000.0,10.5,1000.0,10.5,1000.0,1.01,1000.0,1.01,1000.0,1.01,1000.0,1.01,1000.0,1.01,1000.0,1.01,1000.0,1.01,1000.0,1.01,1000.0,35992860,84959838.0,67744862.0,58805.0,1.261659679,1.261659689,1.261659678,1.261659688,1.01,1000.0,1.01,1000.0,1.02,110.0,1.01,1.12,3.6,100.0,1.01,1.38,2.16,2.32,1.19,1.29,1.31,1.41,1.261659670,1.261659682,1.261659683,1.261659693
Chinese League 1,2026-08-29,08:30:00,Shijiazhuang Gongfu FC,Wuxi Wugou,2.48,2.94,2.56,3.05,3.4,4.9,1.84,2.0,2.0,2.18,1.01,970.0,1.01,970.0,1.01,1000.0,1.01,1000.0,1.01,1000.0,1.01,1000.0,8.8,1000.0,1.01,1000.0,1.01,26.0,1.01,1000.0,12.0,1000.0,1.01,26.0,1.01,1000.0,1.01,1000.0,1.01,1000.0,17.0,1000.0,24.0,1000.0,1.01,1000.0,1.01,1000.0,1.01,1000.0,1.01,1000.0,35992879,56616763.0,39645470.0,58805.0,1.261659459,1.261659469,1.261659458,1.261659468,1.01,1000.0,1.36,1.67,8.2,110.0,1.04,1.14,3.45,110.0,1.04,1.41,1.49,1.64,1.51,1.68,1.26,1.41,1.261659450,1.261659462,1.261659463,1.261659473
Chinese Super League,2026-08-29,08:35:00,Chengdu Rongcheng,Liaoning Tieren FC,1.37,1.4,8.0,9.0,5.9,6.8,3.25,3.5,1.4,1.44,1.69,1.76,2.32,2.44,6.0,48.0,6.0,55.0,6.4,100.0,8.8,270.0,13.0,18.0,13.0,18.5,5.7,70.0,6.4,870.0,10.5,14.5,10.0,11.5,5.4,26.0,6.4,90.0,11.5,16.0,12.0,14.0,5.7,32.0,6.0,95.0,3.6,3.95,6.4,350.0,6.4,600.0,35973516,50443280.0,84958475.0,58805.0,1.261443790,1.261443800,1.261443789,1.261443799,1.01,1000.0,1.01,110.0,1.02,110.0,1.02,1.06,7.6,8.8,1.13,1.15,1.12,1.14,3.5,3.75,1.17,1.21,1.261443781,1.261443793,1.261443794,1.261443804
Armenian Premier League,2026-08-29,09:00:00,FC Van Yerevan,FC Shirak,2.6,3.2,2.28,2.76,3.55,5.6,1.87,2.14,1.89,2.14,1.01,1000.0,1.01,1000.0,1.01,1000.0,1.01,1000.0,1.01,1000.0,1.01,1000.0,1.01,1000.0,1.01,1000.0,1.01,1000.0,1.01,1000.0,1.01,1000.0,1.01,1000.0,1.01,1000.0,1.01,1000.0,1.01,1000.0,1.01,1000.0,1.01,1000.0,1.01,1000.0,1.01,1000.0,1.01,1000.0,1.01,1000.0,35987480,25541480.0,866231.0,58805.0,1.261586427,1.261586437,1.261586426,1.261586436,1.01,1000.0,1.32,1.62,1.62,110.0,1.01,2.14,1.87,100.0,1.01,2.14,1.57,1.77,1.46,1.63,1.22,1.39,1.261586418,1.261586430,1.261586431,1.261586441
Danish 1st Division,2026-08-29,09:00:00,AaB,HB Koge,1.51,1.73,4.7,7.0,4.4,8.0,2.2,6.8,1.17,1.84,1.01,1000.0,1.01,970.0,1.01,1000.0,1.01,1000.0,1.01,1000.0,1.01,1000.0,1.01,1000.0,1.01,1000.0,1.01,1000.0,1.01,1000.0,1.01,1000.0,1.01,1000.0,1.01,1000.0,1.01,1000.0,1.01,1000.0,1.01,1000.0,1.01,1000.0,1.01,1000.0,1.01,970.0,1.01,150.0,1.01,1000.0,35973523,28212.0,3981030.0,58805.0,1.261442341,1.261442351,1.261442340,1.261442350,1.01,1000.0,1.01,1000.0,1.02,110.0,1.01,1.3,1.02,6.8,1.17,1.3,1.19,1.28,2.36,2.94,1.14,1.29,1.261442332,1.261442344,1.261442345,1.261442355
French Ligue 2,2026-08-29,09:00:00,Annecy,Metz,2.66,2.86,2.8,3.1,3.2,3.5,1.77,1.89,2.12,2.3,1.83,1.97,2.04,2.2,8.8,14.5,9.4,11.0,14.0,24.0,34.0,60.0,9.0,12.5,5.7,7.6,11.5,16.0,25.0,44.0,13.0,22.0,9.2,15.5,13.0,22.0,34.0,60.0,38.0,55.0,24.0,40.0,34.0,60.0,75.0,130.0,22.0,38.0,25.0,42.0,1.01,1000.0,35979462,10572632.0,44795.0,58805.0,1.261501926,1.261501929,1.261501973,1.261501974,2.56,3.8,1.01,1000.0,10.5,13.5,1.08,1.11,3.25,3.65,1.38,1.44,1.48,1.56,1.53,1.61,1.4,1.46,1.261501975,1.261501936,1.261501927,1.261501928
French Ligue 2,2026-08-29,09:00:00,Red Star,Reims,3.0,3.3,2.5,2.62,3.3,3.55,1.8,1.92,2.08,2.24,1.83,1.95,2.04,2.22,9.2,15.5,8.8,12.0,12.0,20.0,1.01,46.0,8.4,14.0,5.8,8.0,8.8,14.5,21.0,36.0,18.0,23.0,10.0,16.5,15.0,22.0,1.01,55.0,1.01,70.0,1.01,48.0,1.01,65.0,1.01,130.0,1.01,46.0,19.0,32.0,1.01,1000.0,35979449,496950.0,298233.0,58805.0,1.261502034,1.261502037,1.261502081,1.261502082,1.01,3.5,1.01,1000.0,10.5,13.0,1.08,1.11,3.3,3.8,1.36,1.44,1.61,1.67,1.46,1.49,1.39,1.43,1.261502083,1.261502044,1.261502035,1.261502036
German 3 Liga,2026-08-29,09:00:00,Duisburg,Wurzburger Kickers,1.5,1.62,5.9,9.2,4.5,5.0,2.04,2.76,1.57,1.95,1.7,970.0,1.01,970.0,16.0,24.0,20.0,32.0,1.01,75.0,1.01,240.0,7.4,11.0,8.4,12.5,20.0,32.0,1.01,120.0,7.6,11.5,7.8,12.0,16.5,26.0,1.01,100.0,10.5,16.0,11.5,18.0,1.01,38.0,1.01,130.0,5.4,7.8,1.01,130.0,1.01,1000.0,35958385,210943.0,6516913.0,58805.0,1.261306193,1.261306203,1.261306192,1.261306202,1.01,1000.0,1.01,1000.0,2.4,110.0,1.01,1.3,2.4,5.9,1.2,1.3,1.15,1.21,2.6,3.05,1.25,1.29,1.261306184,1.261306196,1.261306197,1.261306207
German 3 Liga,2026-08-29,09:00:00,Verl,Fortuna Koln,1.91,1.96,3.9,4.2,4.2,4.5,2.5,2.86,1.54,1.67,1.57,1.69,2.44,2.76,18.5,32.0,15.5,23.0,1.01,38.0,1.01,80.0,10.0,16.5,7.6,12.5,12.5,21.0,1.01,55.0,10.5,18.0,8.2,13.5,11.5,17.0,1.01,44.0,15.5,23.0,12.5,21.0,19.0,28.0,1.01,65.0,7.0,9.8,1.01,32.0,1.01,500.0,35958380,4901988.0,5790034.0,58805.0,1.261306413,1.261306423,1.261306412,1.261306422,1.01,1000.0,1.01,1000.0,5.6,55.0,1.02,1.15,5.6,6.6,1.18,1.22,1.31,1.34,2.04,2.1,1.28,1.32,1.261306404,1.261306416,1.261306417,1.261306427
German 3 Liga,2026-08-29,09:00:00,Alemannia Aachen,SV Meppen,1.48,1.57,1.09,110.0,5.0,950.0,1.75,2.98,1.5,2.32,1.01,970.0,1.01,970.0,1.01,1000.0,1.01,1000.0,1.01,1000.0,1.01,1000.0,1.01,1000.0,1.01,1000.0,1.01,1000.0,1.01,1000.0,1.01,1000.0,1.01,1000.0,1.01,1000.0,1.01,1000.0,1.01,1000.0,1.01,1000.0,1.01,1000.0,1.01,1000.0,1.01,1000.0,1.01,1000.0,1.01,1000.0,35958382,199607.0,5945855.0,58805.0,1.261306303,1.261306313,1.261306302,1.261306312,1.01,1000.0,1.01,1000.0,1.75,110.0,1.01,1.22,1.75,100.0,1.16,2.32,1.16,1.2,1.63,5.6,1.2,1.25,1.261306294,1.261306306,1.261306307,1.261306317
German 3 Liga,2026-08-29,09:00:00,Wehen Wiesbaden,Rot-Weiss Essen,2.54,3.55,2.1,2.36,4.0,8.0,2.32,3.25,1.44,1.76,1.42,1.75,1.01,970.0,19.5,30.0,11.5,18.0,13.5,21.0,1.01,34.0,14.5,22.0,7.8,12.0,9.0,13.5,15.5,24.0,20.0,32.0,11.0,16.5,11.5,17.5,20.0,32.0,1.01,60.0,1.01,36.0,1.01,40.0,1.01,65.0,14.5,22.0,8.4,12.5,1.01,410.0,35958348,6500322.0,886332.0,58805.0,1.261305347,1.261305350,1.261305394,1.261305395,1.01,1000.0,1.01,1000.0,5.1,110.0,1.01,1.18,5.1,7.6,1.15,1.24,1.73,1.9,1.41,1.65,1.16,1.34,1.261305396,1.261305357,1.261305348,1.261305349
German 3 Liga,2026-08-29,09:00:00,SG Sonnenhof,Ingolstadt,3.0,3.35,2.28,2.56,3.65,4.0,2.1,2.3,1.78,1.91,1.01,1000.0,1.01,970.0,1.01,1000.0,1.01,1000.0,1.01,1000.0,1.01,1000.0,1.01,1000.0,1.01,1000.0,1.01,1000.0,1.01,1000.0,1.01,1000.0,1.01,1000.0,1.01,1000.0,1.01,1000.0,1.01,1000.0,1.01,1000.0,1.01,1000.0,1.01,1000.0,1.01,1000.0,1.01,1000.0,1.01,1000.0,35959055,4069229.0,1229688.0,58805.0,1.261312224,1.261312234,1.261312223,1.261312233,1.01,1000.0,1.01,1000.0,2.26,26.0,1.05,1.32,2.26,5.4,1.23,1.8,1.64,1.79,1.43,1.5,1.33,1.38,1.261312215,1.261312227,1.261312228,1.261312238
Chinese League 1,2026-08-29,09:00:00,Jiangxi Dingnan United,Suzhou Dongwu,2.4,3.2,2.72,3.8,2.8,4.7,1.65,2.08,1.92,2.54,1.66,2.1,1.9,2.52,1.01,1000.0,1.01,29.0,1.01,1000.0,1.01,1000.0,1.01,29.0,5.4,1000.0,1.01,40.0,1.01,1000.0,1.01,1000.0,1.01,40.0,1.01,1000.0,1.01,1000.0,1.01,1000.0,1.01,1000.0,1.01,1000.0,1.01,1000.0,1.01,1000.0,1.01,1000.0,1.01,1000.0,35992859,85226388.0,13202951.0,58805.0,1.261659789,1.261659799,1.261659788,1.261659798,1.01,1000.0,1.01,1000.0,1.02,36.0,1.03,1.14,3.2,34.0,1.03,1.46,1.35,1.59,1.46,1.71,1.27,1.55,1.261659780,1.261659792,1.261659793,1.261659803
Chinese Super League,2026-08-29,09:00:00,Henan Songshan Longmen,Chongqing Tonglianglong,1.62,1.74,5.3,7.2,3.75,4.3,1.86,2.08,1.93,2.18,1.93,2.1,1.9,2.08,9.8,60.0,12.0,70.0,9.4,140.0,2.34,1000.0,7.4,9.4,3.35,9.4,2.16,27.0,2.34,1000.0,7.0,36.0,8.8,11.5,6.4,28.0,2.32,1000.0,2.28,85.0,6.0,80.0,15.0,1000.0,2.34,1000.0,2.06,970.0,2.34,1000.0,2.34,1000.0,35974069,50443412.0,55903803.0,58805.0,1.261440375,1.261440378,1.261440422,1.261440423,3.0,110.0,1.01,1.5,3.6,15.5,1.07,1.12,3.6,4.5,1.3,1.38,1.16,1.24,2.34,2.64,1.3,1.37,1.261440424,1.261440385,1.261440376,1.261440377
Ukrainian Premier League,2026-08-29,09:30:00,Livyi Bereg Kyiv,Karpaty,4.2,4.7,2.0,2.08,3.3,3.6,1.53,1.78,2.14,2.88,1.88,2.18,1.84,2.14,1.01,1000.0,1.01,1000.0,1.01,1000.0,1.01,1000.0,1.01,1000.0,1.01,1000.0,1.01,1000.0,1.01,1000.0,1.01,1000.0,1.01,1000.0,1.01,1000.0,1.01,1000.0,1.01,1000.0,1.01,1000.0,1.01,1000.0,1.01,1000.0,1.01,1000.0,1.01,1000.0,1.01,1000.0,35978165,102032399.0,2017824.0,58805.0,1.261490772,1.261490782,1.261490771,1.261490781,1.01,1000.0,1.01,1000.0,2.68,970.0,1.07,1.6,2.68,3.3,1.43,1.6,1.92,2.0,1.27,1.31,1.38,1.44,1.261490763,1.261490775,1.261490776,1.261490786
Hungarian NB I,2026-08-29,09:45:00,Nyiregyhaza,Paks,2.28,2.6,2.62,3.4,3.55,4.4,2.56,3.4,1.42,1.64,1.41,1.71,2.42,3.4,1.01,1000.0,12.5,970.0,1.01,34.0,1.01,1000.0,12.0,24.0,6.6,13.0,9.4,19.5,1.01,1000.0,1.01,29.0,8.6,17.0,1.01,23.0,1.01,1000.0,1.01,1000.0,1.01,100.0,16.0,1000.0,23.0,1000.0,1.01,1000.0,1.01,1000.0,1.01,1000.0,35971654,886335.0,2018015.0,58805.0,1.261419536,1.261419539,1.261419583,1.261419584,1.01,1000.0,1.01,1000.0,1.02,110.0,1.02,1.2,2.56,8.6,1.13,1.2,1.42,1.62,1.62,1.78,1.3,1.4,1.261419585,1.261419546,1.261419537,1.261419538
Polish Ekstraklasa,2026-08-29,09:45:00,LKP Motor Lublin,Piast Gliwice,2.42,2.68,2.86,3.4,1.09,4.0,2.16,2.42,1.7,1.85,1.51,1000.0,1.01,2.94,1.01,1000.0,12.0,1000.0,16.0,1000.0,1.01,1000.0,1.01,1000.0,1.01,9.4,1.01,1000.0,1.01,1000.0,12.0,1000.0,1.01,1000.0,12.0,1000.0,1.01,1000.0,1.01,1000.0,1.01,1000.0,1.01,1000.0,1.01,1000.0,1.01,1000.0,1.01,1000.0,1.01,1000.0,35970094,6635878.0,3157365.0,58805.0,1.261398212,1.261398215,1.261398259,1.261398260,1.01,1000.0,1.01,1000.0,3.9,26.0,1.04,1.1,3.1,26.0,1.21,1.34,1.44,1.54,1.62,1.71,1.36,1.49,1.261398261,1.261398222,1.261398213,1.261398214
Swedish Allsvenskan,2026-08-29,10:00:00,Elfsborg,Degerfors,1.6,1.65,6.2,7.0,4.1,4.4,2.02,2.14,1.87,1.99,1.93,2.04,1.96,2.08,14.0,16.5,18.5,22.0,36.0,65.0,11.5,220.0,7.4,8.4,8.6,9.8,21.0,25.0,11.0,110.0,8.4,9.8,8.8,10.0,19.5,23.0,11.0,110.0,13.5,15.5,15.0,17.5,9.6,42.0,11.0,150.0,8.2,9.4,11.5,140.0,12.0,1000.0,35974589,30684.0,784612.0,58805.0,1.261453128,1.261453131,1.261453175,1.261453176,3.25,3.65,1.38,1.45,14.0,16.5,1.06,1.08,3.9,4.4,1.29,1.34,1.16,1.19,2.52,2.68,1.29,1.33,1.261453177,1.261453138,1.261453129,1.261453130
Romanian Liga I,2026-08-29,10:00:00,Csikszereda,CFR Cluj,3.9,4.7,1.87,2.12,3.55,3.95,1.87,2.22,1.81,2.18,1.69,970.0,1.86,970.0,1.33,1000.0,1.19,970.0,1.33,1000.0,1.29,40.0,1.33,1000.0,1.18,970.0,1.33,1000.0,1.33,1000.0,1.3,50.0,1.33,1000.0,1.3,970.0,1.33,1000.0,1.33,1000.0,1.33,1000.0,1.33,1000.0,1.33,1000.0,1.33,1000.0,1.33,1000.0,1.33,1000.0,35973087,8886239.0,1193695.0,58805.0,1.261433129,1.261433132,1.261433176,1.261433177,1.01,3.7,1.37,110.0,3.55,21.0,1.05,1.39,3.55,4.4,1.29,1.39,1.89,2.16,1.27,1.35,1.33,1.4,1.261433178,1.261433139,1.261433130,1.261433131
Portuguese Segunda Liga,2026-08-29,10:00:00,Academica,Lusitania Futebol Clube,2.18,2.34,4.0,4.6,3.0,3.45,1.65,1.75,2.32,2.54,1.94,2.14,1.88,2.06,7.4,12.5,9.0,15.0,21.0,30.0,65.0,120.0,6.6,9.2,5.5,7.6,12.5,18.5,50.0,80.0,11.0,15.5,8.2,13.5,15.0,26.0,55.0,95.0,21.0,38.0,20.0,34.0,36.0,65.0,120.0,180.0,18.5,32.0,55.0,100.0,1.01,1000.0,35959291,203143.0,20570627.0,58805.0,1.261314802,1.261314812,1.261314801,1.261314811,2.28,3.25,1.44,1.77,7.2,10.5,1.1,1.16,2.92,3.3,1.43,1.52,1.27,1.33,1.74,1.85,1.41,1.5,1.261314793,1.261314805,1.261314806,1.261314816
Swedish Allsvenskan,2026-08-29,10:00:00,Hacken,Vasteras SK,1.52,1.57,6.0,6.6,4.9,5.4,2.8,2.98,1.51,1.56,1.65,1.71,2.42,2.52,21.0,34.0,19.5,32.0,29.0,390.0,11.0,1000.0,12.0,13.5,10.5,12.5,20.0,30.0,32.0,1000.0,10.5,12.0,9.4,11.0,16.5,20.0,29.0,75.0,13.0,15.5,12.5,15.0,18.0,28.0,34.0,90.0,5.1,5.5,29.0,570.0,11.0,590.0,35974058,30681.0,4638399.0,58805.0,1.261439699,1.261439702,1.261439746,1.261439747,1.01,1000.0,1.01,110.0,17.5,110.0,1.03,1.07,6.4,7.4,1.16,1.19,1.17,1.2,2.74,2.94,1.22,1.25,1.261439748,1.261439709,1.261439700,1.261439701
Swedish Superettan,2026-08-29,10:00:00,Falkenbergs,IK Brage,2.04,2.18,3.5,3.85,3.75,4.2,2.24,2.48,1.68,1.8,1.63,1.73,2.36,2.6,14.5,25.0,12.5,17.5,20.0,34.0,1.01,80.0,10.5,12.5,8.2,11.0,13.5,18.5,32.0,46.0,11.0,18.5,9.6,11.5,14.0,16.5,34.0,55.0,21.0,32.0,18.0,21.0,21.0,38.0,48.0,85.0,10.5,14.5,21.0,38.0,1.01,1000.0,35978067,780883.0,502308.0,58805.0,1.261485373,1.261485376,1.261485420,1.261485421,1.01,1000.0,1.01,1000.0,16.0,21.0,1.05,1.07,4.6,5.3,1.23,1.28,1.35,1.4,1.84,1.96,1.32,1.36,1.261485422,1.261485383,1.261485374,1.261485375
Polish I Liga,2026-08-29,10:30:00,Polonia Warszawa,Lechia Gdansk,1.65,1.75,4.5,5.4,4.5,5.1,2.5,2.82,1.55,1.66,1.63,1.8,2.26,2.58,19.5,27.0,19.0,26.0,25.0,48.0,1.01,130.0,9.6,13.0,8.6,12.0,16.0,22.0,1.01,65.0,9.6,13.5,8.2,11.5,14.0,19.5,30.0,60.0,13.0,18.0,12.0,17.0,21.0,29.0,1.01,90.0,5.5,8.0,1.01,55.0,85.0,1000.0,35970809,10490469.0,3143305.0,58805.0,1.261403331,1.261403334,1.261403378,1.261403379,1.01,1000.0,1.01,1000.0,12.0,110.0,1.01,1.09,5.1,8.4,1.16,1.24,1.22,1.29,2.32,2.54,1.25,1.29,1.261403380,1.261403341,1.261403332,1.261403333
Polish I Liga,2026-08-29,10:30:00,Puszcza Niepolomice,Podbeskidzie B-B,2.5,2.82,2.74,3.2,3.35,4.3,1.88,2.1,1.9,2.14,1.01,1000.0,1.01,970.0,1.01,1000.0,1.01,1000.0,1.01,1000.0,1.01,1000.0,1.01,1000.0,1.01,1000.0,1.01,1000.0,1.01,1000.0,1.01,1000.0,1.01,1000.0,1.01,1000.0,1.01,1000.0,1.01,1000.0,1.01,1000.0,1.01,1000.0,1.01,1000.0,1.01,1000.0,1.01,1000.0,1.01,1000.0,35974695,5751503.0,4135278.0,58805.0,1.261456393,1.261456403,1.261456392,1.261456402,2.72,4.1,1.32,1.58,3.4,110.0,1.01,1.4,3.2,6.2,1.3,1.4,1.46,1.57,1.55,1.67,1.35,1.43,1.261456384,1.261456396,1.261456397,1.261456407
German Bundesliga,2026-08-29,10:30:00,Mainz,Paderborn,1.71,1.73,5.2,5.4,4.3,4.4,2.36,2.44,1.7,1.73,1.74,1.79,2.28,2.36,18.0,21.0,19.5,22.0,38.0,44.0,40.0,120.0,10.0,11.0,9.0,10.0,18.0,21.0,50.0,60.0,10.5,11.5,9.2,10.5,16.5,18.5,50.0,60.0,16.0,17.5,14.5,16.0,26.0,29.0,36.0,85.0,7.4,8.0,29.0,55.0,17.5,1000.0,35785201,64374.0,208035.0,58805.0,1.259700938,1.259700948,1.259700937,1.259700947,3.75,4.0,1.33,1.36,18.0,21.0,1.05,1.06,5.0,5.3,1.23,1.25,1.22,1.24,2.36,2.42,1.29,1.31,1.259700929,1.259700941,1.259700942,1.259700952
German Bundesliga,2026-08-29,10:30:00,Elversberg,Leverkusen,5.4,5.6,1.64,1.65,4.7,4.9,2.82,2.92,1.52,1.55,1.62,1.66,2.52,2.62,25.0,28.0,12.0,13.5,11.5,13.0,16.0,17.5,26.0,28.0,10.0,11.5,9.6,10.5,13.5,15.0,42.0,48.0,19.5,21.0,15.5,17.5,22.0,24.0,42.0,120.0,50.0,60.0,46.0,50.0,32.0,65.0,36.0,44.0,5.7,6.0,19.5,520.0,35785197,500893.0,44787.0,58805.0,1.259701048,1.259701058,1.259701047,1.259701057,4.4,4.7,1.27,1.29,23.0,34.0,1.03,1.05,6.4,6.8,1.17,1.19,2.52,2.58,1.22,1.23,1.25,1.28,1.259701039,1.259701051,1.259701052,1.259701062
German Bundesliga,2026-08-29,10:30:00,FC Koln,Hoffenheim,3.15,3.2,2.32,2.34,3.9,3.95,2.62,2.7,1.59,1.62,1.54,1.58,2.74,2.84,22.0,24.0,14.0,15.5,16.5,18.0,28.0,30.0,17.0,18.5,8.8,9.4,10.5,11.5,19.0,21.0,23.0,26.0,13.0,14.5,13.0,14.5,24.0,27.0,44.0,50.0,27.0,30.0,30.0,34.0,46.0,55.0,17.0,18.5,10.5,11.5,20.0,410.0,35785219,44783.0,208026.0,58805.0,1.259701104,1.259701088,1.259701103,1.259701113,4.1,4.4,1.3,1.32,21.0,25.0,1.04,1.05,5.9,6.0,1.2,1.21,1.74,1.76,1.45,1.47,1.33,1.35,1.259701106,1.259701108,1.259701109,1.259701091
German Bundesliga,2026-08-29,10:30:00,Union Berlin,Eintracht Frankfurt,2.72,2.74,2.68,2.72,3.75,3.85,2.42,2.52,1.66,1.7,1.57,1.6,2.66,2.74,19.0,22.0,14.0,15.5,18.5,21.0,34.0,38.0,14.5,15.5,8.2,8.8,11.0,12.5,23.0,26.0,18.5,21.0,11.5,12.5,13.5,14.5,28.0,32.0,36.0,40.0,23.0,26.0,28.0,36.0,50.0,60.0,14.5,16.5,14.5,16.5,18.5,480.0,35785249,50347.0,347774.0,58805.0,1.259701408,1.259701392,1.259701407,1.259701417,3.85,4.1,1.32,1.35,19.0,23.0,1.05,1.06,5.3,5.7,1.21,1.23,1.58,1.6,1.57,1.59,1.35,1.36,1.259701410,1.259701412,1.259701413,1.259701395
Polish I Liga,2026-08-29,10:30:00,Pogon Siedlce,Stal Mielec,2.78,3.85,2.3,2.92,3.1,4.9,1.84,3.2,1.45,2.18,1.01,1000.0,1.01,2.84,1.01,1000.0,1.01,1000.0,1.01,1000.0,1.01,1000.0,1.01,1000.0,1.01,1000.0,1.01,1000.0,1.01,1000.0,1.01,1000.0,1.01,1000.0,1.01,1000.0,1.01,1000.0,1.01,1000.0,1.01,1000.0,1.01,1000.0,1.01,1000.0,1.01,1000.0,1.01,1000.0,1.01,1000.0,35975728,7186877.0,10133739.0,58805.0,1.261460954,1.261460957,1.261461001,1.261461002,1.01,1000.0,1.01,1000.0,1.02,55.0,1.02,55.0,2.26,50.0,1.23,1.8,1.52,1.77,1.35,1.57,1.25,1.47,1.261461003,1.261460964,1.261460955,1.261460956
German Bundesliga,2026-08-29,10:30:00,RB Leipzig,Mgladbach,1.62,1.64,5.5,5.7,4.7,4.8,2.8,2.88,1.53,1.56,1.63,1.68,2.48,2.58,25.0,27.0,25.0,28.0,42.0,50.0,42.0,140.0,12.0,13.0,10.0,11.5,19.5,22.0,50.0,75.0,11.0,12.5,9.4,10.5,16.0,17.5,46.0,55.0,15.0,17.0,13.5,15.0,22.0,25.0,55.0,70.0,5.7,6.2,38.0,46.0,17.0,540.0,35785241,5340398.0,84649.0,58805.0,1.259701532,1.259701516,1.259701531,1.259701541,4.4,4.8,1.27,1.3,24.0,36.0,1.03,1.04,6.4,6.8,1.17,1.19,1.21,1.23,2.56,2.62,1.26,1.28,1.259701534,1.259701536,1.259701537,1.259701519
Bosnian Premier League,2026-08-29,10:45:00,FK BSK Banja Luka,Sloga Doboj,2.46,3.05,2.62,3.3,2.72,4.7,1.83,2.06,1.95,2.22,1.01,2.04,1.01,2.3,1.01,1000.0,1.01,1000.0,1.01,1000.0,1.01,1000.0,1.01,1000.0,1.01,1000.0,1.01,1000.0,1.01,1000.0,1.01,1000.0,1.01,1000.0,1.01,1000.0,1.01,1000.0,1.01,1000.0,1.01,1000.0,1.01,1000.0,1.01,1000.0,1.01,1000.0,1.01,1000.0,1.01,1000.0,35994473,59856642.0,14508297.0,58805.0,1.261666715,1.261666725,1.261666714,1.261666724,2.56,1000.0,1.33,1000.0,3.35,110.0,1.01,1.41,3.35,100.0,1.01,1.41,1.44,1.61,1.49,1.68,1.27,1.58,1.261666706,1.261666718,1.261666719,1.261666729
Scottish Premiership,2026-08-29,11:00:00,Kilmarnock,Dundee Utd,2.56,2.6,2.86,2.94,3.65,3.75,2.1,2.22,1.83,1.91,1.67,1.75,2.34,2.5,15.0,17.5,12.0,14.0,18.0,22.0,38.0,60.0,11.0,12.5,7.6,9.8,11.5,13.5,26.0,34.0,15.5,22.0,10.5,12.0,14.0,16.5,32.0,42.0,30.0,44.0,22.0,32.0,30.0,36.0,60.0,85.0,16.5,23.0,20.0,24.0,8.4,990.0,35979263,56086.0,48818.0,58805.0,1.261501786,1.261501796,1.261501785,1.261501795,3.0,110.0,1.01,1.49,14.5,18.0,1.06,1.08,4.2,4.8,1.27,1.31,1.52,1.54,1.62,1.65,1.36,1.38,1.261501777,1.261501789,1.261501790,1.261501800
Uruguayan Primera Division,2026-08-29,11:00:00,Progreso,Danubio,1.54,110.0,1.51,110.0,1.12,3.45,1.24,970.0,1.01,6.4,1.01,1000.0,1.01,1000.0,1.01,1000.0,1.01,1000.0,1.01,1000.0,1.01,1000.0,1.01,1000.0,1.01,1000.0,1.01,1000.0,1.01,1000.0,1.01,1000.0,1.01,1000.0,1.01,1000.0,1.01,1000.0,1.01,1000.0,1.01,1000.0,1.01,1000.0,1.01,1000.0,1.01,1000.0,1.01,1000.0,1.01,1000.0,35975812,6607289.0,504779.0,58805.0,1.261462909,1.261462919,1.261462908,1.261462918,1.01,1000.0,1.01,1000.0,1.02,1000.0,1.01,110.0,1.24,110.0,1.01,110.0,1.06,2.94,1.05,2.84,1.4,55.0,1.261462900,1.261462912,1.261462913,1.261462923
Swedish Division 1,2026-08-29,11:00:00,IFK Stocksund,FC Arlanda,2.64,3.1,2.26,2.6,3.9,4.5,2.7,3.15,1.47,1.59,1.46,1.64,2.56,3.4,1.01,1000.0,1.01,1000.0,1.01,1000.0,1.01,1000.0,1.01,1000.0,1.01,1000.0,1.01,1000.0,1.01,1000.0,1.01,1000.0,1.01,1000.0,1.01,1000.0,1.01,1000.0,1.01,1000.0,1.01,1000.0,1.01,1000.0,1.01,1000.0,1.01,1000.0,1.01,1000.0,1.01,1000.0,35989906,18054394.0,13220606.0,58805.0,1.261619169,1.261619179,1.261619168,1.261619178,1.01,1000.0,1.01,1000.0,6.0,55.0,1.02,1.11,6.0,7.4,1.15,1.2,1.63,1.79,1.48,1.61,1.29,1.35,1.261619160,1.261619172,1.261619173,1.261619183
Swedish Division 1,2026-08-29,11:00:00,Gefle,IF Karlstad,3.3,6.0,1.74,2.14,2.74,8.2,1.86,2.26,1.8,2.16,1.01,1000.0,1.01,1000.0,1.01,1000.0,1.01,1000.0,1.01,1000.0,1.01,1000.0,1.01,1000.0,1.01,1000.0,1.01,1000.0,1.01,1000.0,1.01,1000.0,1.01,1000.0,1.01,1000.0,1.01,1000.0,1.01,1000.0,1.01,1000.0,1.01,1000.0,1.01,1000.0,1.01,1000.0,1.01,1000.0,1.01,1000.0,35989923,151470.0,36938262.0,58805.0,1.261619038,1.261619048,1.261619037,1.261619047,1.01,1000.0,1.01,1000.0,1.02,1000.0,1.01,1.38,1.02,110.0,1.01,1.38,1.87,2.36,1.21,1.43,1.14,1.55,1.261619029,1.261619041,1.261619042,1.261619052
Scottish League One,2026-08-29,11:00:00,Airdrieonians,East Fife,1.82,2.26,3.5,5.3,3.35,3.95,1.74,2.3,1.78,2.34,1.01,1000.0,1.01,1000.0,10.5,18.0,11.5,19.0,24.0,40.0,65.0,120.0,6.8,11.0,6.2,10.5,13.0,22.0,40.0,70.0,9.0,15.0,7.6,12.5,13.5,23.0,44.0,75.0,16.5,28.0,15.0,26.0,26.0,46.0,70.0,130.0,10.0,17.0,44.0,80.0,1.01,1000.0,35970913,7394884.0,674743.0,58805.0,1.261412163,1.261412173,1.261412162,1.261412172,2.6,4.1,1.01,1000.0,10.5,18.0,1.06,1.11,3.7,18.0,1.08,1.38,1.23,1.4,1.8,2.22,1.33,1.43,1.261412154,1.261412166,1.261412167,1.261412177
Scottish Premiership,2026-08-29,11:00:00,Hearts,St Johnstone,1.75,1.78,4.9,5.2,4.0,4.3,2.16,2.2,1.83,1.86,1.76,1.91,2.1,2.3,14.0,22.0,15.0,23.0,30.0,46.0,5.1,130.0,8.4,11.5,8.0,11.0,16.0,23.0,4.9,75.0,9.0,13.5,9.0,12.0,4.7,22.0,4.9,75.0,16.0,22.0,15.0,21.0,5.1,38.0,5.1,110.0,7.6,11.5,4.9,75.0,5.0,990.0,35979298,47993.0,57425.0,58805.0,1.261501652,1.261501662,1.261501651,1.261501661,3.0,110.0,1.01,1.49,14.0,21.0,1.05,1.08,4.2,5.5,1.28,1.31,1.23,1.26,2.28,2.34,1.3,1.33,1.261501643,1.261501655,1.261501656,1.261501666
Scottish Championship,2026-08-29,11:00:00,Stenhousemuir,Inverness CT,3.75,4.2,2.06,2.24,3.35,3.6,1.83,1.92,2.08,2.24,1.01,2.24,1.01,2.4,1.01,990.0,1.01,990.0,1.01,990.0,1.01,990.0,1.01,990.0,1.01,990.0,1.01,990.0,1.01,990.0,1.01,990.0,1.01,990.0,1.01,990.0,1.01,990.0,1.01,990.0,1.01,990.0,1.01,990.0,1.01,990.0,1.01,990.0,1.01,990.0,1.01,990.0,35970607,729806.0,56285.0,58805.0,1.261402309,1.261402319,1.261402308,1.261402318,2.58,3.85,1.35,1.64,9.4,15.0,1.07,1.12,3.35,4.1,1.34,1.43,1.81,1.93,1.31,1.37,1.38,1.43,1.261402300,1.261402312,1.261402313,1.261402323
Scottish Championship,2026-08-29,11:00:00,Arbroath,Livingston,3.25,4.5,1.94,2.5,3.2,5.8,1.25,2.18,1.85,5.4,1.64,1.99,2.18,2.56,1.01,990.0,1.01,990.0,1.01,990.0,1.01,990.0,1.01,990.0,1.01,990.0,1.01,990.0,1.01,990.0,1.01,990.0,1.01,990.0,1.01,990.0,1.01,990.0,1.01,990.0,1.01,990.0,1.01,990.0,1.01,990.0,1.01,990.0,1.01,990.0,1.01,990.0,35970540,306045.0,57423.0,58805.0,1.261402749,1.261402759,1.261402748,1.261402758,1.01,1000.0,1.31,1.56,1.02,110.0,1.05,1.37,3.7,21.0,1.29,1.37,1.67,2.06,1.3,1.45,1.21,1.46,1.261402740,1.261402752,1.261402753,1.261402763
English Premier League,2026-08-29,11:00:00,Coventry,Hull,1.88,1.89,4.8,5.0,3.75,3.8,1.99,2.0,2.0,2.02,1.86,1.9,2.12,2.16,13.5,14.0,16.0,16.5,32.0,36.0,40.0,120.0,8.8,9.2,7.8,8.2,18.0,18.5,50.0,60.0,10.0,11.0,9.8,10.5,17.5,19.0,55.0,70.0,18.5,19.5,18.0,19.0,32.0,36.0,85.0,110.0,11.0,12.0,60.0,80.0,60.0,1000.0,35971119,48043.0,70385.0,58805.0,1.261411532,1.261411471,1.261411531,1.261411542,3.2,3.4,1.42,1.45,13.0,14.0,1.07,1.09,4.0,4.2,1.31,1.34,1.25,1.27,2.12,2.14,1.35,1.37,1.261411534,1.261411536,1.261411537,1.261411475
Scottish Championship,2026-08-29,11:00:00,Partick,Queens Park,1.31,1.4,7.0,15.5,4.5,7.0,2.16,3.1,1.6,1.87,2.1,2.38,1.72,1.91,14.5,25.0,1.01,42.0,1.01,130.0,1.01,570.0,7.0,970.0,10.5,970.0,1.01,55.0,1.01,240.0,6.8,970.0,9.0,970.0,18.5,34.0,1.01,180.0,9.0,970.0,9.2,18.5,1.01,50.0,1.01,210.0,4.9,970.0,1.01,350.0,1.01,990.0,35970559,191567.0,729809.0,58805.0,1.261402529,1.261402539,1.261402528,1.261402538,1.01,1000.0,1.01,1000.0,4.0,36.0,1.04,1.29,3.95,36.0,1.23,1.29,1.06,1.13,3.5,4.3,1.16,1.24,1.261402520,1.261402532,1.261402533,1.261402543
Scottish League Two,2026-08-29,11:00:00,Stranraer,Kelty Hearts,2.08,2.42,3.05,3.95,3.45,5.3,1.98,2.3,1.78,2.02,1.01,1000.0,1.01,1000.0,1.01,1000.0,1.01,1000.0,1.01,1000.0,1.01,1000.0,1.01,1000.0,1.01,1000.0,1.01,1000.0,1.01,1000.0,1.01,1000.0,1.01,1000.0,1.01,1000.0,1.01,1000.0,1.01,1000.0,1.01,1000.0,1.01,1000.0,1.01,1000.0,1.01,1000.0,1.01,1000.0,1.01,1000.0,35971139,122903.0,10317903.0,58805.0,1.261413299,1.261413309,1.261413298,1.261413308,2.78,4.5,1.29,1.56,12.0,19.0,1.05,1.08,3.9,5.1,1.24,1.35,1.34,1.49,1.7,1.93,1.23,1.41,1.261413290,1.261413302,1.261413303,1.261413313
Estonian Premier League,2026-08-29,11:00:00,Kuressaare,Parnu JK Vaprus,2.18,2.46,3.05,3.7,3.5,3.85,2.12,2.5,1.67,1.88,1.54,2.86,1.01,1000.0,1.01,1000.0,12.0,1000.0,1.98,1000.0,1.01,1000.0,1.01,1000.0,7.4,1000.0,1.01,1000.0,1.01,1000.0,1.01,1000.0,1.01,1000.0,12.0,26.0,25.0,1000.0,1.01,1000.0,1.01,1000.0,16.0,1000.0,1.01,1000.0,1.01,1000.0,1.01,1000.0,1.01,1000.0,35978676,5407305.0,12395256.0,58805.0,1.261493468,1.261493471,1.261493515,1.261493516,1.01,3.8,1.01,1000.0,1.02,110.0,1.04,1.33,3.85,110.0,1.22,1.35,1.37,1.49,1.68,1.85,1.35,1.4,1.261493517,1.261493478,1.261493469,1.261493470
Scottish Premiership,2026-08-29,11:00:00,Celtic,Falkirk,1.23,1.26,14.0,16.0,7.2,8.0,3.25,3.5,1.4,1.44,1.9,1.99,2.02,2.1,32.0,38.0,14.5,65.0,16.0,160.0,15.0,610.0,12.0,14.0,15.5,18.0,44.0,60.0,15.0,230.0,9.0,10.5,10.5,12.0,26.0,30.0,15.5,140.0,9.4,10.5,12.0,13.0,27.0,32.0,15.5,190.0,3.1,3.35,16.0,180.0,18.5,990.0,35979297,52495022.0,328049.0,58805.0,1.261501452,1.261501436,1.261501451,1.261501461,1.01,110.0,1.01,110.0,21.0,55.0,1.02,1.05,7.4,8.8,1.13,1.16,1.06,1.08,4.8,5.2,1.14,1.16,1.261501454,1.261501456,1.261501457,1.261501439
Scottish League One,2026-08-29,11:00:00,Hamilton,Cove Rangers,1.56,1.77,2.76,110.0,1.09,950.0,2.08,2.44,1.69,1.93,1.01,1000.0,1.01,1000.0,1.01,1000.0,1.01,1000.0,1.01,1000.0,1.01,1000.0,1.01,1000.0,1.01,1000.0,1.01,1000.0,1.01,1000.0,1.01,1000.0,1.01,1000.0,1.01,1000.0,1.01,1000.0,1.01,1000.0,1.01,1000.0,1.01,1000.0,1.01,1000.0,1.01,1000.0,1.01,1000.0,1.01,1000.0,35971132,203716.0,284608.0,58805.0,1.261413409,1.261413419,1.261413408,1.261413418,1.01,1000.0,1.01,1000.0,3.6,110.0,1.01,1.39,3.6,110.0,1.01,1.39,1.16,1.34,2.28,2.8,1.2,1.42,1.261413400,1.261413412,1.261413413,1.261413423
Scottish League One,2026-08-29,11:00:00,Montrose,Queen of South,2.08,2.36,2.2,3.85,3.4,950.0,2.06,2.42,1.7,1.95,1.01,1000.0,1.01,1000.0,13.5,23.0,11.5,19.5,19.0,32.0,1.01,75.0,8.6,14.0,6.6,11.0,11.0,18.0,1.01,46.0,11.0,18.5,9.0,13.5,12.0,20.0,30.0,55.0,19.5,34.0,15.5,27.0,1.01,40.0,1.01,90.0,11.0,16.5,1.01,38.0,1.01,1000.0,35971125,674746.0,674744.0,58805.0,1.261411915,1.261411925,1.261411914,1.261411924,1.01,1000.0,1.01,1000.0,3.6,36.0,1.03,1.22,3.6,34.0,1.21,1.39,1.35,1.55,1.74,1.93,1.2,1.41,1.261411906,1.261411918,1.261411919,1.261411929
Scottish League One,2026-08-29,11:00:00,Alloa,Peterhead,2.06,2.3,3.5,4.1,3.35,3.9,1.09,2.22,1.82,13.5,1.67,2.14,1.88,2.5,10.0,15.5,9.8,15.0,19.5,34.0,1.01,95.0,7.0,11.0,6.0,8.4,11.0,17.0,1.01,60.0,10.0,15.5,8.2,13.0,13.5,21.0,1.01,60.0,19.0,32.0,17.0,28.0,1.01,48.0,1.01,120.0,12.5,19.0,1.01,55.0,1.01,1000.0,35971127,203715.0,729810.0,58805.0,1.261411685,1.261411704,1.261411683,1.261411701,1.01,1000.0,1.32,1.63,9.2,18.0,1.07,1.12,1.02,4.7,1.27,1.39,1.32,1.38,1.8,1.94,1.34,1.43,1.261411669,1.261411691,1.261411693,1.261411713
English Premier League,2026-08-29,11:00:00,Bournemouth,Everton,2.14,2.16,3.8,3.85,3.65,3.7,2.0,2.06,1.94,1.99,1.79,1.82,2.2,2.26,13.5,14.5,14.0,14.5,24.0,27.0,65.0,75.0,9.4,9.8,7.8,8.0,14.0,15.0,38.0,42.0,12.5,13.5,10.0,10.5,16.0,17.0,46.0,50.0,24.0,26.0,20.0,22.0,32.0,36.0,75.0,90.0,14.5,16.0,38.0,42.0,30.0,1000.0,35966021,1141.0,56343.0,58805.0,1.261373864,1.261373803,1.261373863,1.261373874,3.3,3.45,1.41,1.43,13.5,15.0,1.07,1.08,4.0,4.2,1.31,1.33,1.35,1.36,1.86,1.88,1.37,1.38,1.261373866,1.261373868,1.261373869,1.261373807
Azerbaijan Premier League,2026-08-29,11:00:00,FK Qabala,Shamakhi FK,1.98,2.28,3.65,4.9,3.15,3.6,1.58,1.79,2.26,2.74,1.01,1000.0,1.17,8.6,1.01,1000.0,1.01,1000.0,1.01,1000.0,1.01,1000.0,1.01,1000.0,1.01,1000.0,1.01,1000.0,1.01,1000.0,1.01,1000.0,1.01,1000.0,1.01,1000.0,1.01,1000.0,1.01,1000.0,1.01,1000.0,1.01,1000.0,1.12,1000.0,1.01,1000.0,1.01,1000.0,1.01,1000.0,35991021,6586894.0,52957291.0,58805.0,1.261626764,1.261626767,1.261626811,1.261626812,2.32,3.4,1.01,1000.0,2.66,110.0,1.1,1.61,2.66,110.0,1.1,1.61,1.25,1.38,1.78,2.02,1.38,1.47,1.261626813,1.261626774,1.261626765,1.261626766
Scottish League Two,2026-08-29,11:00:00,Annan,Dumbarton,1.78,2.26,3.5,4.8,3.7,6.6,2.0,2.82,1.55,1.99,1.01,1000.0,1.01,1000.0,1.01,1000.0,1.01,1000.0,1.01,1000.0,1.01,1000.0,1.01,1000.0,1.01,1000.0,1.01,1000.0,1.01,1000.0,1.01,1000.0,1.01,1000.0,1.01,1000.0,1.01,1000.0,1.01,1000.0,1.01,1000.0,1.01,1000.0,1.01,1000.0,1.01,1000.0,1.01,1000.0,1.01,1000.0,35971178,11386623.0,2152.0,58805.0,1.261412723,1.261412733,1.261412722,1.261412732,1.01,1000.0,1.01,1000.0,3.25,1000.0,1.01,1.44,3.25,110.0,1.01,1.44,1.26,1.4,1.81,2.3,1.18,1.38,1.261412714,1.261412726,1.261412727,1.261412737
Scottish League Two,2026-08-29,11:00:00,Elgin City FC,Stirling,1.72,2.1,3.7,6.0,1.01,6.8,2.04,2.8,1.55,1.96,1.01,1000.0,1.01,1000.0,1.01,1000.0,1.01,1000.0,1.01,1000.0,1.01,1000.0,1.01,1000.0,1.01,1000.0,1.01,1000.0,1.01,1000.0,1.01,1000.0,1.01,1000.0,1.01,1000.0,1.01,1000.0,1.01,1000.0,1.01,1000.0,1.01,1000.0,1.01,1000.0,1.01,25.0,1.01,1000.0,1.01,1000.0,35971175,46277118.0,729811.0,58805.0,1.261412833,1.261412843,1.261412832,1.261412842,1.01,1000.0,1.01,1000.0,3.15,110.0,1.01,1.46,3.15,110.0,1.01,1.46,1.22,1.38,1.92,2.4,1.17,1.59,1.261412824,1.261412836,1.261412837,1.261412847
Scottish League Two,2026-08-29,11:00:00,Spartans,Clyde,1.95,2.36,3.0,4.2,3.6,6.4,2.08,2.48,1.67,1.93,1.01,1000.0,1.01,1000.0,1.01,1000.0,1.01,1000.0,1.01,1000.0,1.01,1000.0,1.01,1000.0,1.01,1000.0,1.01,1000.0,1.01,1000.0,1.01,1000.0,1.01,1000.0,1.01,1000.0,1.01,1000.0,1.01,1000.0,1.01,1000.0,1.01,1000.0,1.01,1000.0,1.01,1000.0,1.01,1000.0,1.01,1000.0,35971168,66266.0,328050.0,58805.0,1.261412943,1.261412953,1.261412942,1.261412952,1.01,1000.0,1.01,1000.0,3.6,1000.0,1.01,1.39,3.6,110.0,1.01,1.39,1.32,1.49,1.74,2.06,1.19,1.39,1.261412934,1.261412946,1.261412947,1.261412957
Scottish Championship,2026-08-29,11:00:00,Ayr,Morton,1.7,1.81,5.4,6.2,3.65,4.1,1.79,1.97,2.02,2.28,1.96,2.16,1.87,2.06,9.6,16.0,12.5,21.0,4.1,55.0,4.3,200.0,5.7,9.2,6.4,10.5,16.0,27.0,4.2,95.0,7.4,12.5,7.6,12.5,16.0,27.0,4.2,110.0,13.5,23.0,14.5,25.0,4.1,50.0,4.2,180.0,9.6,16.0,4.2,150.0,4.3,990.0,35970663,48005.0,46283.0,58805.0,1.261402089,1.261402099,1.261402088,1.261402098,1.01,1000.0,1.01,1000.0,11.0,13.5,1.08,1.1,3.3,5.0,1.35,1.43,1.19,1.23,2.22,2.42,1.33,1.38,1.261402080,1.261402092,1.261402093,1.261402103
Dutch Eerste Divisie,2026-08-29,11:30:00,De Graafschap,Almere City,2.26,2.68,2.58,3.05,3.9,5.9,2.86,4.4,1.29,1.54,1.01,1000.0,1.01,3.95,1.01,1000.0,14.0,40.0,15.5,40.0,21.0,1000.0,13.0,34.0,8.6,17.0,9.4,1000.0,14.5,1000.0,13.5,32.0,9.4,19.5,1.01,1000.0,14.5,1000.0,1.01,1000.0,12.5,1000.0,13.0,1000.0,1.01,1000.0,1.01,1000.0,1.01,1000.0,1.01,1000.0,35974712,48453.0,4835124.0,58805.0,1.261454788,1.261454791,1.261454835,1.261454836,1.01,1000.0,1.01,1000.0,17.5,110.0,1.01,1.07,2.86,970.0,1.08,1.14,1.48,1.64,1.59,1.8,1.2,1.35,1.261454837,1.261454798,1.261454789,1.261454790
German 3 Liga,2026-08-29,11:30:00,Hoffenheim II,Jahn Regensburg,2.74,110.0,1.1,2.64,2.84,6.8,2.16,2.78,1.56,1.87,1.43,1.77,1.01,110.0,18.5,28.0,12.0,18.0,15.0,23.0,26.0,40.0,12.5,19.5,7.6,11.5,9.6,14.5,18.0,27.0,17.0,26.0,10.0,15.5,11.0,17.0,22.0,34.0,30.0,48.0,20.0,32.0,24.0,38.0,40.0,65.0,12.5,19.0,10.5,15.5,280.0,430.0,35959081,5730521.0,4855758.0,58805.0,1.261312334,1.261312344,1.261312333,1.261312343,1.01,1000.0,1.01,1000.0,2.18,110.0,1.01,1.84,2.18,7.6,1.15,1.85,1.6,1.83,1.4,1.58,1.29,1.44,1.261312325,1.261312337,1.261312338,1.261312348
Dutch Eredivisie,2026-08-29,11:30:00,Excelsior,Sparta Rotterdam,2.44,2.5,2.88,2.96,3.85,4.0,2.56,2.72,1.58,1.64,1.52,1.59,2.7,2.98,21.0,30.0,15.0,21.0,20.0,29.0,4.4,55.0,14.0,19.0,8.6,9.8,11.5,16.5,4.2,34.0,17.0,24.0,10.5,15.0,12.5,18.0,4.3,38.0,4.3,42.0,20.0,28.0,4.2,36.0,4.5,65.0,11.5,16.0,14.5,21.0,4.8,420.0,35965460,67164.0,111703.0,58805.0,1.261364488,1.261364491,1.261364537,1.261364538,3.05,110.0,1.26,1.48,15.5,36.0,1.04,1.07,5.3,6.2,1.19,1.22,1.51,1.54,1.66,1.7,1.33,1.36,1.261364539,1.261364499,1.261364489,1.261364490
Portuguese Primeira Liga,2026-08-29,11:30:00,Alverca,Santa Clara,2.82,2.92,2.92,3.05,3.1,3.2,1.57,1.61,2.66,2.76,2.12,2.22,1.82,1.89,8.2,9.0,7.8,8.6,16.0,21.0,27.0,60.0,7.6,8.4,6.4,7.0,12.5,14.0,25.0,55.0,15.0,17.5,12.5,14.0,20.0,24.0,11.5,70.0,26.0,65.0,28.0,50.0,11.5,80.0,13.0,1000.0,25.0,60.0,27.0,65.0,13.5,1000.0,35975718,48789.0,48793.0,58805.0,1.261460735,1.261460738,1.261460782,1.261460783,1.01,2.94,1.52,110.0,8.0,8.8,1.13,1.14,2.74,2.82,1.54,1.57,1.5,1.53,1.52,1.55,1.45,1.47,1.261460784,1.261460745,1.261460736,1.261460737
Portuguese Primeira Liga,2026-08-29,11:30:00,Arouca,Maritimo,2.2,2.24,3.85,4.0,3.35,3.45,1.81,1.86,2.16,2.24,1.88,1.95,2.04,2.14,10.5,13.0,11.5,13.0,18.0,29.0,9.6,90.0,7.8,8.8,6.8,7.6,14.5,17.0,9.2,55.0,11.5,14.5,9.8,11.5,16.0,19.5,9.4,70.0,24.0,30.0,20.0,27.0,9.0,44.0,9.8,130.0,17.5,22.0,9.2,60.0,10.5,1000.0,35979497,3413603.0,46964.0,58805.0,1.261503216,1.261503219,1.261503263,1.261503264,1.01,110.0,1.01,110.0,10.0,13.5,1.09,1.11,3.3,3.6,1.39,1.43,1.33,1.36,1.81,1.84,1.4,1.43,1.261503265,1.261503226,1.261503217,1.261503218
Brazilian Serie B,2026-08-29,12:00:00,Londrina,Juventude,2.7,1000.0,1.68,3.1,1.08,6.8,1.18,1.67,2.48,7.8,1.01,1000.0,1.01,1000.0,1.01,1000.0,1.01,1000.0,1.01,1000.0,1.01,1000.0,1.01,1000.0,1.01,1000.0,1.01,1000.0,1.01,1000.0,1.01,1000.0,1.01,1000.0,1.01,1000.0,1.01,1000.0,1.01,1000.0,1.01,1000.0,1.01,1000.0,1.01,1000.0,1.01,1000.0,1.01,1000.0,1.01,1000.0,35986406,4525642.0,198144.0,58805.0,1.261569551,1.261569554,1.261569598,1.261569599,1.01,110.0,1.01,110.0,1.02,970.0,1.01,1.72,1.45,2.9,1.55,3.25,1.49,2.48,1.35,1.54,1.21,110.0,1.261569600,1.261569561,1.261569552,1.261569553
Czech 1 Liga,2026-08-29,12:00:00,Pardubice,SK Artis Brno,1.41,1.57,6.8,12.0,4.0,7.2,2.06,2.36,1.74,1.93,1.01,970.0,1.86,970.0,1.01,1000.0,1.01,34.0,1.01,95.0,1.01,1000.0,1.01,9.4,1.01,1000.0,1.01,40.0,1.01,1000.0,7.0,970.0,1.01,1000.0,18.5,1000.0,1.01,1000.0,10.0,1000.0,1.01,18.5,1.01,44.0,1.01,1000.0,1.01,8.2,1.01,1000.0,1.01,1000.0,35970331,4940265.0,85908106.0,58805.0,1.261401297,1.261401307,1.261401296,1.261401306,1.01,1000.0,1.01,1000.0,1.02,110.0,1.01,1.33,2.7,100.0,1.23,1.59,1.13,1.18,2.78,3.5,1.16,1.28,1.261401288,1.261401300,1.261401301,1.261401311
Czech 1 Liga,2026-08-29,12:00:00,FC Zbrojovka Brno,Zlin,1.62,1.79,5.4,7.0,3.3,5.1,1.86,2.06,1.95,2.18,1.89,970.0,1.82,110.0,11.0,16.5,14.5,22.0,1.01,60.0,1.01,200.0,6.2,9.2,7.0,10.5,17.5,27.0,1.01,110.0,7.6,11.5,7.8,11.5,16.5,26.0,1.01,110.0,13.0,20.0,14.0,22.0,1.01,46.0,1.01,160.0,8.6,13.0,1.01,140.0,1.01,1000.0,35970325,9833553.0,367580.0,58805.0,1.261400795,1.261400798,1.261400842,1.261400843,1.01,1000.0,1.01,1000.0,1.02,970.0,1.06,1.43,3.2,4.4,1.3,1.43,1.16,1.23,2.28,2.6,1.3,1.35,1.261400844,1.261400805,1.261400796,1.261400797
Hungarian NB I,2026-08-29,12:00:00,Honved,Zalaegerszeg,2.06,2.52,3.1,4.7,3.2,5.3,2.02,2.72,1.58,1.99,1.47,1.82,2.22,3.1,1.01,1000.0,1.01,29.0,1.01,42.0,25.0,1000.0,1.01,23.0,1.01,11.5,9.4,23.0,1.01,1000.0,1.01,23.0,7.8,14.5,9.4,23.0,1.01,1000.0,1.01,1000.0,1.01,1000.0,1.01,1000.0,1.01,1000.0,1.01,1000.0,1.01,1000.0,1.01,1000.0,35986327,865345.0,189803.0,58805.0,1.261571767,1.261571777,1.261571766,1.261571776,1.01,1000.0,1.01,1000.0,2.36,110.0,1.04,1.73,2.38,24.0,1.22,1.73,1.27,1.48,1.66,1.95,1.23,1.45,1.261571758,1.261571770,1.261571771,1.261571781
Swedish Superettan,2026-08-29,12:00:00,United IK Nordic,Norrkoping,3.45,4.4,1.94,2.16,3.35,5.2,2.24,2.76,1.56,1.8,1.01,1000.0,2.16,2.98,1.01,1000.0,9.4,19.5,1.01,23.0,1.01,1000.0,12.5,1000.0,6.6,11.5,8.6,17.0,1.01,50.0,17.5,42.0,1.01,23.0,1.01,1000.0,1.01,1000.0,1.01,1000.0,1.01,1000.0,1.01,1000.0,28.0,1000.0,1.01,1000.0,1.01,1000.0,1.01,1000.0,35970895,55493292.0,30683.0,58805.0,1.261406964,1.261406974,1.261406963,1.261406973,1.01,1000.0,1.01,2.0,2.44,36.0,1.04,1.09,2.44,6.2,1.19,1.69,1.86,2.08,1.3,1.41,1.26,1.43,1.261406955,1.261406967,1.261406968,1.261406978
Spanish La Liga,2026-08-29,12:00:00,Levante,Betis,3.55,3.6,2.28,2.3,3.5,3.6,1.9,1.92,2.08,2.12,1.83,1.85,2.16,2.22,12.0,14.0,9.2,9.6,12.5,14.0,27.0,30.0,12.0,13.0,7.2,7.6,10.0,11.0,22.0,25.0,22.0,24.0,13.5,15.0,16.5,17.5,34.0,40.0,60.0,65.0,38.0,44.0,46.0,55.0,38.0,100.0,38.0,44.0,17.5,19.5,20.0,1000.0,35965452,214865.0,44507.0,58805.0,1.261366505,1.261366444,1.261366504,1.261366515,3.15,3.3,1.43,1.46,12.0,14.0,1.08,1.09,3.7,3.8,1.35,1.37,1.77,1.79,1.38,1.4,1.38,1.4,1.261366507,1.261366509,1.261366510,1.261366448
Austrian Bundesliga,2026-08-29,12:00:00,Grazer AK,RZ Pellets WAC,2.78,3.3,2.34,2.6,3.65,4.7,2.02,2.5,1.66,1.98,1.01,1.92,1.01,1000.0,13.5,18.5,10.5,14.0,13.0,20.0,25.0,38.0,10.5,16.5,7.4,9.0,9.0,13.5,18.5,29.0,17.0,26.0,10.5,14.5,12.0,18.5,26.0,40.0,36.0,60.0,24.0,38.0,30.0,46.0,55.0,85.0,19.5,29.0,13.0,19.5,1.01,1000.0,35970845,14074.0,6491604.0,58805.0,1.261403749,1.261403752,1.261403796,1.261403797,1.01,1000.0,1.01,1000.0,1.02,26.0,1.04,1.39,2.28,5.3,1.23,1.39,1.63,1.75,1.43,1.54,1.29,1.38,1.261403798,1.261403759,1.261403750,1.261403751
Ukrainian Premier League,2026-08-29,12:00:00,Shakhtar,Polissya Zhytomyr,1.65,2.06,4.4,7.4,3.1,6.0,1.68,2.38,1.72,2.46,1.01,2.5,1.01,1000.0,1.01,1000.0,8.6,1000.0,1.01,1000.0,60.0,1000.0,1.83,11.5,5.7,17.0,12.5,60.0,28.0,1000.0,6.6,19.5,7.2,23.0,15.0,1000.0,29.0,1000.0,11.0,40.0,1.01,1000.0,1.01,1000.0,1.01,1000.0,1.01,1000.0,1.01,1000.0,1.01,1000.0,35956169,52495027.0,11265718.0,58805.0,1.261284099,1.261284109,1.261284098,1.261284108,1.01,1000.0,1.01,1000.0,6.6,13.5,1.08,1.18,3.1,13.0,1.08,1.48,1.16,1.3,1.94,2.54,1.2,1.48,1.261284090,1.261284102,1.261284103,1.261284113
Czech 1 Liga,2026-08-29,12:00:00,Bohemians 1905,Mlada Boleslav,2.18,2.9,2.58,3.65,3.25,4.8,1.94,2.38,1.73,2.08,1.01,1000.0,1.01,970.0,1.01,1000.0,9.4,29.0,12.5,1000.0,21.0,1000.0,1.01,1000.0,5.7,970.0,1.01,1000.0,1.01,1000.0,1.01,1000.0,1.01,1000.0,1.01,60.0,24.0,1000.0,1.01,1000.0,1.01,1000.0,21.0,1000.0,1.01,1000.0,1.01,1000.0,1.01,1000.0,1.01,1000.0,35970322,2467701.0,886284.0,58805.0,1.261400683,1.261400686,1.261400730,1.261400731,2.78,4.3,1.31,1.56,4.8,970.0,1.06,1.26,3.75,970.0,1.28,1.36,1.37,1.64,1.52,1.85,1.27,1.44,1.261400732,1.261400693,1.261400684,1.261400685
Spanish Segunda Division,2026-08-29,12:00:00,Sabadell,Almeria,2.74,2.78,2.92,2.96,3.3,3.4,1.72,1.8,2.26,2.4,1.93,2.02,1.98,2.08,9.8,11.0,9.2,10.5,16.0,22.0,42.0,50.0,8.8,9.8,6.8,7.4,12.0,13.5,32.0,38.0,15.5,17.0,11.5,13.0,17.5,19.5,46.0,60.0,38.0,44.0,30.0,36.0,46.0,55.0,13.5,130.0,28.0,36.0,28.0,40.0,15.0,1000.0,35980159,565026.0,248020.0,58805.0,1.261516965,1.261516968,1.261517012,1.261517013,1.01,110.0,1.01,110.0,9.6,12.5,1.1,1.12,3.15,3.35,1.43,1.47,1.51,1.53,1.56,1.58,1.41,1.44,1.261517014,1.261516975,1.261516966,1.261516967
French Ligue 1,2026-08-29,12:15:00,Strasbourg,Lens,3.7,3.75,2.1,2.14,3.75,3.85,2.34,2.46,1.69,1.74,1.6,1.64,2.58,2.66,17.5,20.0,11.5,12.5,14.0,15.5,24.0,27.0,16.0,18.0,8.0,8.8,9.8,11.0,18.0,20.0,26.0,29.0,13.5,15.5,13.5,15.0,25.0,29.0,55.0,70.0,34.0,38.0,34.0,42.0,50.0,65.0,24.0,29.0,10.5,12.0,17.5,520.0,35974840,51404.0,44793.0,58805.0,1.261457198,1.261457208,1.261457197,1.261457207,3.0,110.0,1.31,1.48,17.5,21.0,1.05,1.06,5.1,5.4,1.23,1.25,1.87,1.9,1.36,1.38,1.35,1.37,1.261457189,1.261457201,1.261457202,1.261457212
Slovenian Premier League,2026-08-29,12:30:00,NK Radomlje,Olimpija,3.75,6.2,1.74,2.2,3.15,6.4,1.82,2.34,1.74,2.22,1.75,1.94,2.06,2.34,11.5,17.5,8.0,11.0,9.6,14.5,17.0,27.0,13.5,18.5,6.6,9.8,8.8,12.0,15.5,24.0,24.0,38.0,13.0,21.0,14.0,21.0,26.0,42.0,65.0,110.0,40.0,65.0,44.0,70.0,70.0,120.0,42.0,70.0,10.5,16.0,1.01,1000.0,35970868,7862107.0,489147.0,58805.0,1.261408330,1.261408351,1.261408328,1.261408347,1.01,1000.0,1.29,1.54,3.75,26.0,1.04,1.36,3.75,26.0,1.28,1.36,1.83,2.34,1.19,1.37,1.19,1.46,1.261408320,1.261408335,1.261408337,1.261408381
Polish Ekstraklasa,2026-08-29,12:30:00,Wisla Krakow,Wieczysta Krakow,1.81,1.92,4.0,4.8,4.2,5.1,2.74,3.4,1.41,1.57,1.56,1.6,2.66,2.8,19.0,34.0,16.5,28.0,1.01,44.0,1.01,95.0,10.5,17.0,9.4,13.0,12.5,21.0,1.01,50.0,11.0,18.0,8.0,13.0,13.5,19.0,1.01,50.0,15.5,26.0,12.5,21.0,18.5,32.0,1.01,75.0,6.0,7.8,21.0,38.0,1.01,480.0,35970375,10782.0,12778552.0,58805.0,1.261401439,1.261401442,1.261401486,1.261401487,1.01,1000.0,1.01,1000.0,5.8,110.0,1.01,1.21,5.8,7.0,1.17,1.21,1.27,1.34,2.08,2.24,1.27,1.32,1.261401488,1.261401449,1.261401440,1.261401441
Romanian Liga I,2026-08-29,12:30:00,Arges Pitesti,ACS Sepsi OSK,2.14,2.4,3.8,4.7,3.0,3.9,1.49,1.6,2.68,3.05,1.01,1000.0,1.64,1.83,1.35,9.4,1.58,1000.0,1.58,1000.0,1.58,1000.0,1.33,8.6,1.35,9.4,1.58,1000.0,1.58,1000.0,1.58,1000.0,1.49,26.0,1.58,1000.0,1.58,1000.0,1.58,1000.0,1.58,1000.0,1.58,1000.0,1.58,1000.0,1.33,1000.0,1.33,1000.0,1.33,1000.0,35967840,1557297.0,8916863.0,58805.0,1.261379667,1.261379677,1.261379666,1.261379676,1.01,110.0,1.01,110.0,1.02,110.0,1.01,1.64,2.4,95.0,1.02,1.72,1.27,1.36,1.71,1.88,1.43,1.5,1.261379658,1.261379670,1.261379671,1.261379681
Swedish Allsvenskan,2026-08-29,12:30:00,Halmstads,Kalmar FF,3.55,4.0,2.12,2.24,3.6,3.8,1.97,2.18,1.85,2.04,1.69,1.86,2.16,2.46,2.12,1000.0,7.2,13.0,1.88,17.0,2.12,1000.0,11.0,19.5,6.0,10.5,1.82,13.0,1.98,29.0,2.02,42.0,11.0,19.5,1.94,23.0,2.12,1000.0,2.12,1000.0,2.12,1000.0,2.12,1000.0,2.12,1000.0,2.12,1000.0,2.12,1000.0,2.12,1000.0,35974061,10765.0,130433.0,58805.0,1.261440942,1.261440948,1.261441008,1.261441016,3.0,110.0,1.01,1.49,3.9,110.0,1.06,1.1,3.9,4.9,1.27,1.35,1.8,1.9,1.33,1.4,1.37,1.39,1.261441037,1.261440961,1.261440944,1.261440946
Swiss Super League,2026-08-29,13:00:00,Lausanne,FC Zurich,1.83,1.91,4.4,4.8,4.0,4.5,2.4,2.6,1.62,1.72,1.01,1000.0,2.38,2.84,19.5,26.0,16.5,25.0,32.0,44.0,65.0,100.0,9.6,14.5,8.4,11.0,14.0,18.5,40.0,55.0,10.5,16.0,9.4,11.0,12.0,18.0,36.0,55.0,16.0,24.0,15.5,21.0,19.5,32.0,48.0,70.0,6.8,9.8,29.0,44.0,1.01,530.0,35971529,2093796.0,65783.0,58805.0,1.261418558,1.261418561,1.261418605,1.261418606,1.01,1000.0,1.01,1000.0,5.0,110.0,1.01,1.25,5.0,7.0,1.16,1.25,1.26,1.3,2.1,2.22,1.31,1.34,1.261418607,1.261418568,1.261418559,1.261418560
Italian Serie C,2026-08-29,13:00:00,Ostia Mare Lido,Grosseto,2.42,3.05,2.74,3.4,2.96,4.5,1.55,1.8,2.26,2.8,1.01,1000.0,1.01,1000.0,1.01,1000.0,1.01,1000.0,1.01,1000.0,1.01,1000.0,1.01,1000.0,1.01,1000.0,1.01,1000.0,1.01,1000.0,1.01,1000.0,1.01,1000.0,1.01,1000.0,1.01,1000.0,1.01,1000.0,1.01,1000.0,1.01,1000.0,1.01,1000.0,1.01,1000.0,1.01,1000.0,1.01,1000.0,35990355.0,38160100.0,924270.0,58805.0,1.261622511,1.261622514,1.261622558,1.261622559,1.01,1000.0,1.01,1000.0,1.01,110.0,1.01,970.0,2.6,110.0,1.01,1.63,1.41,1.57,1.49,1.7,1.29,1.51,1.26162256,1.261622521,1.261622512,1.261622513
Italian Serie C,2026-08-29,13:00:00,US Savoia 1908,Casertana,2.74,4.1,2.22,3.1,2.68,5.5,1.53,1.81,2.24,2.86,1.01,1000.0,1.01,1000.0,1.01,1000.0,1.01,1000.0,1.01,1000.0,1.01,1000.0,1.01,1000.0,1.01,1000.0,1.01,1000.0,1.01,1000.0,1.01,1000.0,1.01,1000.0,1.01,1000.0,1.01,1000.0,1.01,1000.0,1.01,1000.0,1.01,1000.0,1.01,1000.0,1.01,1000.0,1.01,1000.0,1.01,1000.0,35990353.0,38158675.0,5727546.0,58805.0,1.261622292,1.261622295,1.261622339,1.26162234,1.01,1000.0,1.01,1000.0,1.01,110.0,1.01,970.0,2.48,100.0,1.01,1.67,1.47,1.82,1.32,1.58,1.22,1.6,1.261622341,1.261622302,1.261622293,1.261622294
Turkish 1 Lig,2026-08-29,13:00:00,Kayserispor,Bursaspor,2.5,3.35,2.84,3.85,1.08,3.5,1.55,1.82,2.22,2.8,1.01,1000.0,1.79,2.38,1.01,1000.0,6.8,14.5,13.0,29.0,36.0,75.0,6.2,13.0,4.9,10.0,8.8,19.0,25.0,55.0,10.5,23.0,8.0,17.5,12.0,26.0,36.0,75.0,25.0,55.0,21.0,48.0,32.0,70.0,75.0,1000.0,20.0,46.0,27.0,60.0,85.0,1000.0,35981863,508789.0,113183.0,58805.0,1.261532836,1.261532839,1.261532883,1.261532884,2.7,3.25,1.44,1.59,7.2,15.0,1.07,1.17,2.78,3.5,1.4,1.56,1.35,1.55,1.42,1.66,1.4,110.0,1.261532885,1.261532846,1.261532837,1.261532838
Slovakian Super League,2026-08-29,13:00:00,Podbrezova,FC Kosice,1.85,2.0,3.7,4.8,4.0,4.8,2.84,3.25,1.44,1.54,1.01,1000.0,2.8,3.3,1.01,1000.0,17.5,1000.0,1.01,1000.0,1.01,1000.0,12.0,1000.0,8.8,13.0,12.0,1000.0,1.01,1000.0,12.0,1000.0,8.8,13.0,1.01,1000.0,1.01,1000.0,17.0,1000.0,12.0,1000.0,1.01,1000.0,25.0,1000.0,1.01,1000.0,1.01,1000.0,1.01,1000.0,35971525,8672708.0,1539445.0,58805.0,1.261418767,1.261418777,1.261418766,1.261418776,1.01,1000.0,1.01,1000.0,1.02,110.0,1.01,1.17,2.84,100.0,1.13,1.17,1.3,1.38,2.0,2.18,1.26,1.33,1.261418758,1.261418770,1.261418771,1.261418781
Turkish Super League,2026-08-29,13:00:00,Konyaspor,Kocaelispor,2.04,2.12,4.2,4.5,3.4,3.55,1.77,1.88,2.14,2.3,1.91,2.0,2.0,2.1,1.76,1000.0,10.0,19.5,1.68,40.0,1.76,1000.0,7.4,16.0,1.51,11.0,1.63,23.0,1.76,1000.0,1.57,14.5,1.64,25.0,1.65,28.0,1.76,1000.0,1.76,1000.0,1.76,1000.0,1.76,1000.0,1.76,1000.0,1.76,1000.0,1.76,1000.0,1.76,1000.0,35978589,482032.0,113126.0,58805.0,1.261492827,1.261492830,1.261492874,1.261492875,1.01,110.0,1.01,110.0,1.02,12.5,1.09,1.15,3.2,3.6,1.39,1.43,1.28,1.32,1.89,1.97,1.39,1.42,1.261492876,1.261492837,1.261492828,1.261492829
Swiss Super League,2026-08-29,13:00:00,Servette,Luzern,1.9,1.98,3.8,4.2,4.3,4.6,2.82,3.15,1.47,1.55,1.51,1.58,2.74,2.96,22.0,38.0,19.5,25.0,28.0,36.0,55.0,70.0,13.0,16.5,9.4,11.5,14.0,17.5,30.0,38.0,13.5,17.0,9.6,12.0,13.0,16.0,30.0,38.0,19.5,25.0,14.5,18.5,20.0,26.0,42.0,55.0,6.6,8.2,19.5,25.0,85.0,390.0,35971191,51405.0,65784.0,58805.0,1.261413059,1.261413065,1.261413151,1.261413152,1.01,1000.0,1.01,1000.0,6.4,110.0,1.02,1.19,6.4,7.4,1.15,1.19,1.32,1.36,2.02,2.12,1.27,1.31,1.261413156,1.261413077,1.261413061,1.261413063
Slovakian Super League,2026-08-29,13:00:00,Trencin,Ruzomberok,2.28,2.62,2.76,3.3,3.6,5.1,2.3,2.7,1.58,1.77,1.52,1.69,1.01,1000.0,1.01,1000.0,12.0,1000.0,16.0,27.0,1.01,1000.0,1.01,1000.0,7.4,11.5,1.01,1000.0,1.01,1000.0,12.0,26.0,1.01,1000.0,12.0,1000.0,1.01,1000.0,1.01,1000.0,16.0,1000.0,1.01,1000.0,30.0,1000.0,1.01,1000.0,1.01,1000.0,1.01,1000.0,35974682,501167.0,52764.0,58805.0,1.261455632,1.261455642,1.261455631,1.261455641,1.01,1000.0,1.01,1000.0,4.7,36.0,1.03,1.27,4.7,34.0,1.19,1.27,1.43,1.57,1.62,1.79,1.32,1.38,1.261455623,1.261455635,1.261455636,1.261455646
Cypriot 1st Division,2026-08-29,13:00:00,AEK Larnaca,APOEL,1.88,2.1,3.95,5.4,3.25,4.7,1.73,1.98,2.02,2.38,1.87,2.08,1.93,2.16,9.6,14.5,11.0,17.0,1.01,40.0,1.01,130.0,6.4,9.4,6.2,9.2,14.0,22.0,1.01,75.0,9.0,13.5,8.2,12.0,15.0,24.0,1.01,85.0,17.5,27.0,17.0,26.0,1.01,48.0,1.01,150.0,12.5,19.0,1.01,95.0,1.01,1000.0,35967889,908335.0,1209582.0,58805.0,1.261380380,1.261380390,1.261380379,1.261380389,1.01,1000.0,1.35,1.66,3.0,110.0,1.01,1.5,3.0,4.1,1.32,1.5,1.22,1.34,1.9,2.14,1.27,1.44,1.261380371,1.261380383,1.261380384,1.261380394
Turkish 1 Lig,2026-08-29,13:00:00,Istanbulspor,Fatih Karagumruk Istanbul,2.86,3.45,2.28,2.54,3.65,4.8,1.98,2.22,1.83,2.02,1.7,1.89,1.01,1000.0,11.0,19.0,8.0,13.5,11.5,19.5,23.0,40.0,9.6,16.0,6.2,10.0,8.4,14.0,18.5,32.0,16.5,28.0,10.0,17.0,12.0,21.0,26.0,46.0,38.0,65.0,26.0,44.0,32.0,55.0,60.0,110.0,23.0,40.0,14.0,24.0,1.01,1000.0,35981861,113186.0,10472882.0,58805.0,1.261533662,1.261533672,1.261533661,1.261533671,1.01,1000.0,1.01,1000.0,3.5,21.0,1.05,1.4,3.5,21.0,1.27,1.4,1.65,1.79,1.41,1.54,1.26,1.38,1.261533653,1.261533665,1.261533666,1.261533676
Algerian Ligue 1,2026-08-29,13:00:00,USM Khenchela,USM Alger,1.13,110.0,1.13,110.0,1.1,110.0,1.12,1000.0,1.02,11.0,1.01,1000.0,1.01,1000.0,1.01,1000.0,1.01,1000.0,1.01,1000.0,1.01,1000.0,1.01,1000.0,1.01,1000.0,1.01,1000.0,1.01,1000.0,1.01,1000.0,1.01,1000.0,1.01,1000.0,1.01,1000.0,1.01,1000.0,1.01,1000.0,1.01,1000.0,1.01,1000.0,1.01,1000.0,1.01,1000.0,1.01,1000.0,35990983,12249065.0,6505229.0,58805.0,1.261625536,1.261625539,1.261625583,1.261625584,1.01,1000.0,1.01,1000.0,1.12,1000.0,1.01,11.0,1.12,1000.0,1.01,11.0,1.12,36.0,1.02,26.0,1.01,110.0,1.261625585,1.261625546,1.261625537,1.261625538
Italian Serie C,2026-08-29,13:00:00,Foggia,Salernitana,3.0,4.3,2.2,3.1,2.66,4.8,1.47,1.87,2.16,3.15,1.01,1000.0,1.01,1000.0,1.01,1000.0,1.01,1000.0,1.01,1000.0,1.01,1000.0,1.01,1000.0,1.01,1000.0,1.01,1000.0,1.01,1000.0,1.01,1000.0,1.01,1000.0,1.01,1000.0,1.01,1000.0,1.01,1000.0,1.01,1000.0,1.01,1000.0,1.01,1000.0,1.01,1000.0,1.01,1000.0,1.01,1000.0,35990380.0,522053.0,60303.0,58805.0,1.261623105,1.261623108,1.261623152,1.261623153,2.28,3.3,1.01,1000.0,3.15,110.0,1.01,1.47,2.48,3.75,1.36,1.68,1.47,1.84,1.31,1.5,1.27,1.6,1.261623154,1.261623115,1.261623106,1.261623107
Italian Serie C,2026-08-29,13:00:00,Sorrento,Crotone,0.0,0.0,0.0,0.0,0.0,0.0,1.01,1000.0,1.01,1000.0,0.0,0.0,0.0,0.0,0.0,0.0,0.0,0.0,0.0,0.0,0.0,0.0,0.0,0.0,0.0,0.0,0.0,0.0,0.0,0.0,0.0,0.0,0.0,0.0,0.0,0.0,0.0,0.0,0.0,0.0,0.0,0.0,0.0,0.0,0.0,0.0,0.0,0.0,0.0,0.0,0.0,0.0,35987188.0,0.0,0.0,0.0,0.0,1.261577997,0.0,0.0,0.0,0.0,0.0,0.0,0.0,0.0,0.0,0.0,0.0,0.0,0.0,0.0,0.0,0.0,0.0,0.0,0.0,0.0,0.0,0.0,0.0,0.0
Bosnian Premier League,2026-08-29,13:00:00,Zeljeznicar,Siroki Brijeg,1.87,2.14,4.0,5.5,3.25,3.7,1.62,1.84,2.18,2.6,1.01,2.34,1.01,2.02,1.01,1000.0,1.01,1000.0,1.01,1000.0,1.01,1000.0,1.01,1000.0,1.01,1000.0,1.01,1000.0,1.01,1000.0,1.01,1000.0,1.01,1000.0,1.01,1000.0,1.01,1000.0,1.01,1000.0,1.01,1000.0,1.01,1000.0,1.01,1000.0,1.01,1000.0,1.01,1000.0,1.01,1000.0,35994414,180585.0,198684.0,58805.0,1.261666935,1.261666945,1.261666934,1.261666944,2.36,1000.0,1.39,1000.0,2.92,110.0,1.01,1.52,2.92,100.0,1.01,1.52,1.22,1.34,1.89,2.14,1.37,1.45,1.261666926,1.261666938,1.261666939,1.261666949
Saudi Professional League,2026-08-29,13:05:00,Al-Kholood Club,Al Ahli,9.0,12.5,1.37,1.45,5.0,5.6,2.18,2.52,1.65,1.85,1.94,2.24,1.8,2.08,18.0,24.0,7.8,10.5,7.6,8.8,10.0,13.5,5.0,36.0,9.2,14.0,9.0,12.0,13.0,17.5,5.5,100.0,5.1,42.0,4.9,32.0,5.1,42.0,5.7,390.0,5.6,180.0,5.6,140.0,5.6,170.0,5.7,230.0,4.7,6.8,5.8,1000.0,35988282,40846946.0,1252792.0,58805.0,1.261593216,1.261593226,1.261593215,1.261593225,3.25,1000.0,1.01,1.44,1.02,26.0,1.04,1.3,2.74,5.8,1.21,1.3,3.2,3.75,1.1,1.13,1.21,1.25,1.261593207,1.261593219,1.261593220,1.261593230
Azerbaijan Premier League,2026-08-29,13:15:00,Shafa Baku FC,Imisli FK,1.9,2.38,3.15,5.2,2.78,6.4,1.51,1.91,2.08,2.98,1.01,1000.0,1.01,2.2,1.01,1000.0,1.05,1000.0,1.05,1000.0,1.05,1000.0,1.05,1000.0,1.05,1000.0,1.05,1000.0,1.05,1000.0,1.05,1000.0,1.05,1000.0,1.05,1000.0,1.05,1000.0,1.11,1000.0,1.05,1000.0,1.05,1000.0,1.07,1000.0,1.01,1000.0,1.01,1000.0,1.01,1000.0,35991242,88651207.0,79843326.0,58805.0,1.261630063,1.261630073,1.261630062,1.261630072,1.01,1000.0,1.41,1.75,1.02,110.0,1.01,110.0,2.34,100.0,1.02,1.75,1.24,1.46,1.72,2.1,1.19,1.56,1.261630054,1.261630066,1.261630067,1.261630077
Greek Super League,2026-08-29,13:30:00,NFC Volos,Iraklis,1.9,2.06,4.1,5.2,3.5,3.8,1.68,2.0,2.0,2.48,1.83,2.38,1.73,2.2,1.01,1000.0,1.01,1000.0,1.01,1000.0,1.01,1000.0,1.01,1000.0,1.01,1000.0,1.01,1000.0,1.01,1000.0,1.01,1000.0,1.01,1000.0,1.01,1000.0,1.01,1000.0,1.01,1000.0,1.01,1000.0,1.01,1000.0,1.01,1000.0,1.01,1000.0,1.01,1000.0,1.01,1000.0,35967862,16417407.0,14076.0,58805.0,1.261664946,1.261664949,1.261664993,1.261664994,1.01,110.0,1.01,110.0,3.15,110.0,1.01,1.46,3.15,100.0,1.38,1.46,1.24,1.32,1.95,2.12,1.35,1.4,1.261664995,1.261664956,1.261664947,1.261664948
Scottish League One,2026-08-29,13:30:00,Ross Co,East Kilbride,1.56,1.71,5.2,7.0,4.3,5.6,2.32,2.7,1.58,1.76,1.01,1000.0,1.01,1000.0,17.5,27.0,18.0,28.0,36.0,55.0,100.0,160.0,8.4,13.0,8.4,12.5,16.5,24.0,50.0,80.0,8.8,13.0,8.0,12.0,14.5,22.0,46.0,70.0,12.0,18.5,12.0,18.0,22.0,34.0,60.0,100.0,5.6,7.8,48.0,75.0,1.01,1000.0,35971199,674742.0,8831169.0,58805.0,1.261414169,1.261414179,1.261414168,1.261414178,1.01,1000.0,1.01,1000.0,2.44,110.0,1.04,1.7,2.44,26.0,1.04,1.7,1.2,1.24,2.4,2.8,1.21,1.31,1.261414160,1.261414172,1.261414173,1.261414183
Italian Serie A,2026-08-29,13:30:00,Fiorentina,Frosinone,1.68,1.69,5.6,5.9,4.3,4.4,2.12,2.18,1.85,1.88,1.88,1.92,2.08,2.14,15.5,16.5,18.0,20.0,40.0,75.0,42.0,150.0,8.6,9.0,8.6,9.4,19.5,22.0,65.0,75.0,9.6,10.5,9.2,10.0,18.5,22.0,60.0,75.0,15.0,16.5,15.5,17.0,30.0,34.0,40.0,110.0,8.4,9.0,36.0,85.0,17.0,1000.0,35974458,676467.0,924268.0,58805.0,1.261450448,1.261450430,1.261450447,1.261450458,3.5,3.65,1.38,1.4,15.5,17.5,1.06,1.07,4.4,4.5,1.29,1.3,1.2,1.22,2.44,2.48,1.29,1.31,1.261450450,1.261450452,1.261450453,1.261450434
German Bundesliga,2026-08-29,13:30:00,Dortmund,Hamburger SV,1.34,1.35,10.0,11.0,6.0,6.4,2.8,2.88,1.53,1.56,1.91,1.97,2.04,2.1,24.0,27.0,36.0,40.0,38.0,100.0,24.0,380.0,10.5,11.5,13.0,14.0,32.0,36.0,42.0,140.0,8.8,9.4,9.8,10.5,23.0,26.0,38.0,110.0,10.0,11.0,12.0,13.5,28.0,30.0,100.0,120.0,4.1,4.4,44.0,140.0,21.0,1000.0,35785188,44785.0,44784.0,58805.0,1.259700649,1.259700633,1.259700648,1.259700658,4.4,4.7,1.27,1.3,25.0,30.0,1.04,1.05,6.4,6.6,1.18,1.19,1.1,1.11,3.85,3.95,1.19,1.2,1.259700651,1.259700653,1.259700654,1.259700636
English Premier League,2026-08-29,13:30:00,Tottenham,Newcastle,2.34,2.36,3.15,3.2,3.85,3.9,2.46,2.5,1.67,1.69,1.59,1.62,2.62,2.68,20.0,21.0,15.5,16.5,23.0,25.0,48.0,50.0,12.5,13.5,8.6,9.0,12.5,13.5,28.0,30.0,16.5,17.5,10.5,11.0,13.5,14.5,32.0,34.0,28.0,29.0,20.0,21.0,27.0,28.0,46.0,60.0,12.5,13.5,19.5,21.0,32.0,410.0,35965408,48224.0,25422.0,58805.0,1.261365698,1.261365701,1.261365746,1.261365753,3.85,4.2,1.32,1.35,19.0,21.0,1.05,1.06,5.2,5.4,1.22,1.23,1.45,1.47,1.73,1.75,1.34,1.35,1.261365756,1.261365708,1.261365699,1.261365700
Italian Serie A,2026-08-29,13:30:00,Sassuolo,Torino,2.34,2.38,3.5,3.55,3.4,3.45,1.86,1.9,2.1,2.18,1.84,1.89,2.12,2.2,11.5,13.0,11.5,12.5,21.0,24.0,55.0,65.0,9.0,9.6,7.0,7.6,13.5,14.5,38.0,44.0,13.0,14.5,10.5,11.5,16.5,18.0,46.0,55.0,29.0,32.0,23.0,27.0,36.0,42.0,38.0,110.0,19.0,22.0,38.0,48.0,20.0,1000.0,35974485,2013140.0,44503.0,58805.0,1.261450042,1.261450026,1.261450041,1.261450051,3.1,3.25,1.45,1.48,11.5,13.0,1.08,1.1,3.6,3.75,1.37,1.39,1.39,1.4,1.73,1.75,1.4,1.42,1.261450044,1.261450046,1.261450047,1.261450029
Italian Serie A,2026-08-29,13:30:00,AC Monza,Udinese,3.35,3.4,2.52,2.54,3.2,3.3,1.7,1.73,2.36,2.42,1.98,2.02,1.98,2.04,9.6,10.5,8.0,8.8,13.5,15.0,32.0,36.0,9.8,11.0,6.8,7.2,11.0,12.0,28.0,32.0,19.5,22.0,13.5,15.0,18.5,20.0,46.0,50.0,30.0,65.0,40.0,46.0,55.0,65.0,42.0,140.0,44.0,55.0,27.0,30.0,18.0,1000.0,35974445,13659467.0,215821.0,58805.0,1.261450688,1.261450672,1.261450687,1.261450697,2.82,2.94,1.52,1.55,9.6,10.5,1.1,1.12,3.15,3.25,1.45,1.47,1.64,1.66,1.41,1.43,1.44,1.46,1.261450690,1.261450692,1.261450693,1.261450675
Chilean Primera B,2026-08-29,13:30:00,Union San Felipe,Club Deportes Santa Cruz,2.36,3.3,2.48,3.5,3.2,6.2,1.6,2.08,1.93,2.66,1.74,2.14,1.01,1000.0,1.01,1000.0,1.01,1000.0,1.01,1000.0,1.01,1000.0,1.01,1000.0,1.01,1000.0,1.01,1000.0,1.83,1000.0,1.01,1000.0,1.01,1000.0,1.01,1000.0,1.83,1000.0,1.01,1000.0,1.83,1000.0,1.01,1000.0,1.83,1000.0,1.01,1000.0,1.01,1000.0,1.01,1000.0,35987161,4966011.0,11023627.0,58805.0,1.261578613,1.261578623,1.261578612,1.261578622,2.44,3.8,1.01,1000.0,1.02,110.0,1.01,1.14,3.1,90.0,1.01,1.45,1.4,1.68,1.44,1.74,1.2,1.46,1.261578604,1.261578616,1.261578617,1.261578627
Dutch Eredivisie,2026-08-29,13:45:00,AZ Alkmaar,Go Ahead Eagles,1.43,1.46,7.8,8.0,5.4,5.6,3.2,3.85,1.39,1.45,1.63,1.68,2.46,2.6,6.0,44.0,32.0,46.0,6.2,85.0,6.4,210.0,13.0,17.5,12.0,16.0,6.0,34.0,6.2,95.0,11.0,13.0,9.8,13.0,17.0,23.0,6.2,75.0,12.5,16.5,12.0,16.0,21.0,29.0,6.2,80.0,3.85,4.3,6.2,70.0,6.4,470.0,35965450,9220660.0,419123.0,58805.0,1.261364265,1.261364268,1.261364312,1.261364313,1.01,110.0,1.2,110.0,7.6,55.0,1.02,1.04,3.5,10.5,1.13,1.16,1.14,1.15,3.15,3.3,1.21,1.23,1.261364314,1.261364275,1.261364266,1.261364267
Uruguayan Primera Division,2026-08-29,14:00:00,Boston River,Cerro,1.88,2.04,4.5,5.7,3.3,3.6,1.57,1.72,2.38,2.76,1.01,2.5,1.01,1000.0,7.6,11.5,10.5,16.0,29.0,44.0,110.0,170.0,5.4,7.8,6.0,9.0,16.0,25.0,65.0,110.0,8.2,12.5,9.6,12.5,21.0,28.0,75.0,120.0,17.5,27.0,19.5,30.0,40.0,65.0,140.0,220.0,16.0,25.0,100.0,160.0,1.01,1000.0,35971803,9484111.0,2329297.0,58805.0,1.261423747,1.261423757,1.261423746,1.261423756,2.32,3.35,1.01,1000.0,2.64,12.5,1.09,1.57,2.64,12.0,1.09,1.61,1.21,1.29,1.96,2.14,1.38,1.44,1.261423738,1.261423750,1.261423751,1.261423761
Icelandic Urvalsdeild,2026-08-29,14:00:00,IBV,Thor,1.6,1.95,3.85,6.2,3.75,8.6,2.44,3.6,1.39,1.69,1.42,1.74,1.01,1000.0,1.01,1000.0,1.01,1000.0,1.01,1000.0,1.01,1000.0,1.01,1000.0,1.01,1000.0,1.01,1000.0,1.01,1000.0,9.4,1000.0,1.01,1000.0,1.01,1000.0,1.01,1000.0,1.01,1000.0,1.01,1000.0,1.01,1000.0,1.01,1000.0,1.01,1000.0,1.01,1000.0,1.01,1000.0,35978018,198705.0,3965658.0,58805.0,1.261484500,1.261484510,1.261484499,1.261484509,1.01,1000.0,1.01,1000.0,1.02,110.0,1.01,1.18,2.44,9.6,1.12,1.18,1.19,1.35,2.04,2.66,1.13,1.36,1.261484491,1.261484503,1.261484504,1.261484514
Uruguayan Primera Division,2026-08-29,14:00:00,Juventud De Las Piedras,Deportivo Maldonado,2.7,3.8,2.38,3.15,2.84,3.45,1.55,1.85,2.16,2.8,1.01,2.28,1.01,1000.0,1.01,1000.0,7.2,14.5,1.01,23.0,1.01,1000.0,7.8,1000.0,5.4,9.0,1.01,19.5,1.01,1000.0,1.01,29.0,1.01,1000.0,12.5,1000.0,24.0,1000.0,1.01,1000.0,1.01,1000.0,25.0,1000.0,1.01,1000.0,1.01,1000.0,1.01,1000.0,1.01,1000.0,35971879,8947595.0,10932747.0,58805.0,1.261423637,1.261423647,1.261423636,1.261423646,2.42,3.55,1.01,1000.0,2.56,14.5,1.07,1.65,2.56,3.6,1.39,1.65,1.46,1.72,1.35,1.59,1.41,1.55,1.261423628,1.261423640,1.261423641,1.261423651
Spanish Segunda Division,2026-08-29,14:00:00,Leganes,Eldense,1.95,2.02,4.3,4.6,3.5,3.75,1.81,1.94,2.04,2.24,1.9,2.04,1.98,2.12,11.0,13.5,12.0,15.0,7.6,48.0,9.2,130.0,7.4,8.4,7.2,8.2,15.0,18.5,36.0,85.0,10.0,12.5,9.4,11.0,17.0,21.0,8.6,100.0,20.0,25.0,19.0,24.0,34.0,60.0,9.2,150.0,14.0,18.0,8.8,100.0,9.8,1000.0,35980174,309109.0,2250350.0,58805.0,1.261517245,1.261517248,1.261517292,1.261517293,1.01,110.0,1.01,110.0,1.02,110.0,1.08,1.14,3.0,3.65,1.38,1.43,1.27,1.31,1.98,2.06,1.36,1.4,1.261517294,1.261517255,1.261517246,1.261517247
Spanish Segunda Division,2026-08-29,14:00:00,Albacete,Oviedo,2.52,2.72,3.1,3.35,3.0,3.3,1.6,1.67,2.48,2.68,2.02,2.24,1.75,2.06,1.37,9.6,1.46,16.5,1.6,1000.0,1.6,1000.0,7.4,9.4,5.4,9.8,1.6,1000.0,1.6,1000.0,1.6,1000.0,1.6,1000.0,1.6,1000.0,1.6,1000.0,1.6,1000.0,1.6,1000.0,1.6,1000.0,1.6,1000.0,1.6,1000.0,1.6,1000.0,1.6,1000.0,35980158,309089.0,21678.0,58805.0,1.261516810,1.261516814,1.261516859,1.261516860,1.01,110.0,1.01,110.0,2.78,15.5,1.08,1.17,2.78,3.05,1.5,1.57,1.43,1.48,1.58,1.65,1.43,1.48,1.261516861,1.261516821,1.261516811,1.261516813
Spanish La Liga,2026-08-29,14:00:00,Real Sociedad,Espanyol,1.93,1.95,4.4,4.5,3.85,3.9,2.04,2.1,1.91,1.95,1.8,1.83,2.2,2.24,14.0,15.5,15.5,16.5,29.0,32.0,36.0,95.0,9.0,9.6,7.8,8.4,15.5,17.5,46.0,55.0,11.0,12.0,9.4,10.5,16.5,18.0,50.0,60.0,20.0,22.0,18.5,20.0,30.0,34.0,38.0,95.0,11.5,13.0,44.0,55.0,19.5,1000.0,35974056,18573.0,59044.0,58805.0,1.261442923,1.261442862,1.261442922,1.261442933,3.35,3.55,1.4,1.42,14.0,15.5,1.07,1.08,4.1,4.3,1.31,1.32,1.29,1.3,2.04,2.08,1.34,1.36,1.261442925,1.261442927,1.261442928,1.261442866
Portuguese Primeira Liga,2026-08-29,14:00:00,Academico de Viseu,Porto,10.5,12.5,1.34,1.36,5.7,5.9,2.16,2.34,1.76,1.87,2.18,2.3,1.76,1.84,18.0,24.0,7.6,8.8,6.8,8.8,9.4,12.0,8.4,38.0,11.5,13.5,9.6,11.5,13.0,16.0,7.6,130.0,9.4,46.0,8.8,38.0,9.4,50.0,8.0,560.0,7.8,240.0,7.8,190.0,7.4,230.0,7.8,360.0,5.2,6.0,8.0,1000.0,35979521,7611327.0,48785.0,58805.0,1.261504183,1.261504186,1.261504230,1.261504231,3.0,110.0,1.01,1.5,17.5,21.0,1.05,1.06,4.5,5.0,1.25,1.28,3.75,3.95,1.08,1.1,1.2,1.22,1.261504232,1.261504193,1.261504184,1.261504185
Israeli Premier League,2026-08-29,14:00:00,Hapoel Ramat Gan,Hapoel Be'er Sheva,6.2,22.0,1.39,1.6,4.1,8.4,1.96,2.64,1.6,2.06,1.01,1000.0,1.01,2.3,1.01,1000.0,6.6,17.0,5.7,970.0,8.6,29.0,1.01,1000.0,7.8,23.0,7.2,19.5,1.01,40.0,1.01,1000.0,1.01,1000.0,1.01,1000.0,1.01,1000.0,1.83,1000.0,1.01,1000.0,1.01,1000.0,42.0,1000.0,1.01,1000.0,1.01,25.0,1.01,1000.0,35992580,542944.0,102137986.0,58805.0,1.261651042,1.261651052,1.261651041,1.261651051,1.01,1000.0,1.01,1000.0,4.2,60.0,1.01,1.09,4.2,60.0,1.24,1.31,2.66,3.6,1.04,1.19,1.13,1.32,1.261651033,1.261651045,1.261651046,1.261651056
Israeli Premier League,2026-08-29,14:00:00,Hapoel Kiryat Shmona,Ironi Tiberias,1.99,2.04,3.7,4.5,3.55,4.5,1.84,2.08,1.94,2.18,1.01,2.06,1.96,970.0,10.0,17.0,10.5,17.5,21.0,36.0,1.01,110.0,7.4,11.0,6.0,9.8,14.0,20.0,1.01,65.0,9.6,16.0,8.8,13.0,13.0,23.0,1.01,75.0,18.0,32.0,16.5,28.0,1.01,48.0,1.01,130.0,11.5,20.0,1.01,70.0,1.01,1000.0,35971384,5538497.0,6064987.0,58805.0,1.261418216,1.261418226,1.261418215,1.261418225,2.68,4.2,1.32,1.59,3.1,970.0,1.07,1.4,3.1,110.0,1.07,1.4,1.28,1.38,1.96,2.02,1.29,1.4,1.261418207,1.261418219,1.261418220,1.261418230
Italian Serie B,2026-08-29,14:00:00,Entella,Cesena,2.28,2.32,3.7,3.85,3.2,3.3,1.75,1.86,2.16,2.34,1.84,1.99,2.0,2.18,10.0,13.5,11.0,13.0,21.0,27.0,8.6,85.0,7.6,9.0,6.4,7.6,13.0,16.5,8.0,55.0,11.0,15.0,9.6,12.0,15.5,19.5,8.4,70.0,7.4,32.0,20.0,28.0,32.0,46.0,8.6,130.0,17.0,24.0,8.2,60.0,9.2,1000.0,35987232,4893589.0,501219.0,58805.0,1.261580553,1.261580556,1.261580600,1.261580601,1.01,3.45,1.4,110.0,10.0,12.0,1.09,1.11,3.2,3.55,1.39,1.43,1.35,1.37,1.75,1.78,1.43,1.45,1.261580602,1.261580563,1.261580554,1.261580555
Serbian Super League,2026-08-29,14:00:00,Zeleznicar Pancevo,Radnik Surdulica,2.08,2.3,3.65,4.4,3.2,3.75,1.71,1.9,2.1,2.42,1.78,2.2,1.92,2.18,9.2,14.0,10.0,15.0,21.0,32.0,60.0,95.0,6.4,8.8,6.0,8.2,12.5,19.0,40.0,65.0,10.0,15.0,9.0,12.5,16.5,23.0,48.0,80.0,24.0,34.0,19.5,27.0,32.0,50.0,90.0,150.0,16.0,25.0,46.0,75.0,95.0,1000.0,35979577,17203915.0,8860947.0,58805.0,1.261506265,1.261506268,1.261506312,1.261506313,1.01,1000.0,1.01,1000.0,9.2,13.5,1.11,1.13,3.05,3.65,1.38,1.48,1.29,1.38,1.76,1.93,1.36,1.46,1.261506314,1.261506275,1.261506266,1.261506267
Italian Serie B,2026-08-29,14:00:00,Sampdoria,Juve Stabia,1.94,2.02,4.8,5.2,3.3,3.45,1.63,1.69,2.46,2.58,2.12,2.2,1.83,1.89,8.8,10.0,11.5,13.5,9.4,40.0,11.0,170.0,6.2,7.0,7.0,7.8,17.5,22.0,11.0,90.0,9.4,11.0,9.8,11.5,19.5,25.0,10.5,120.0,20.0,25.0,21.0,27.0,9.8,55.0,11.0,220.0,18.0,21.0,10.5,160.0,12.0,1000.0,35987231,60311.0,1270340.0,58805.0,1.261580445,1.261580448,1.261580492,1.261580493,1.01,110.0,1.01,110.0,8.6,10.0,1.11,1.13,2.92,3.05,1.49,1.53,1.24,1.26,1.99,2.08,1.4,1.44,1.261580494,1.261580455,1.261580446,1.261580447
Israeli Premier League,2026-08-29,14:00:00,Hapoel Petach Tikva,Hapoel Jerusalem,2.66,3.15,2.78,3.35,2.6,3.8,1.68,1.93,2.06,2.48,1.01,1000.0,1.01,1000.0,1.01,1000.0,1.01,1000.0,1.01,1000.0,1.01,1000.0,1.01,1000.0,1.01,1000.0,1.01,1000.0,1.01,1000.0,1.01,1000.0,1.01,1000.0,1.01,1000.0,1.01,1000.0,1.01,1000.0,1.01,1000.0,1.01,1000.0,1.01,1000.0,1.01,1000.0,1.01,1000.0,1.01,1000.0,35975805,6094761.0,5810348.0,58805.0,1.261462462,1.261462465,1.261462509,1.261462510,1.01,1000.0,1.01,1000.0,8.0,13.5,1.09,1.14,1.02,3.65,1.38,110.0,1.43,1.57,1.48,1.61,1.35,1.52,1.261462511,1.261462472,1.261462463,1.261462464
Israeli Premier League,2026-08-29,14:00:00,Bnei Sakhnin,Maccabi Petach Tikva,2.86,3.3,2.44,2.72,3.25,3.7,1.84,2.18,1.85,2.26,1.01,970.0,1.01,1000.0,10.5,14.5,9.0,12.5,13.0,19.5,1.01,44.0,10.0,13.5,6.6,8.2,10.0,14.0,1.01,34.0,16.0,24.0,11.0,15.5,14.5,20.0,1.01,48.0,1.01,60.0,1.01,42.0,1.01,55.0,1.01,110.0,1.01,38.0,18.5,28.0,1.01,1000.0,35992581,3157354.0,939576.0,58805.0,1.261649478,1.261649481,1.261649525,1.261649526,1.01,1000.0,1.33,1.6,1.02,970.0,1.07,55.0,1.02,110.0,1.07,1.45,1.58,1.7,1.43,1.54,1.37,1.45,1.261649527,1.261649488,1.261649479,1.261649480
Cypriot 1st Division,2026-08-29,14:00:00,Aris FC Limassol,Apollon Limassol,2.5,2.8,2.7,2.98,3.45,3.95,2.06,2.32,1.76,1.95,1.57,1.79,2.14,2.76,13.0,20.0,10.0,15.5,15.5,24.0,1.01,50.0,9.8,15.0,6.6,9.8,9.8,15.0,1.01,34.0,14.0,22.0,9.4,14.5,12.0,18.5,1.01,44.0,1.01,44.0,20.0,32.0,1.01,42.0,1.01,85.0,15.0,23.0,17.0,26.0,1.01,1000.0,35967906,9028289.0,46976.0,58805.0,1.261380600,1.261380610,1.261380599,1.261380609,1.01,1000.0,1.01,1000.0,12.0,20.0,1.05,1.08,4.1,4.9,1.26,1.33,1.5,1.59,1.55,1.67,1.33,1.41,1.261380591,1.261380603,1.261380604,1.261380614
Hungarian NB I,2026-08-29,14:30:00,Ujpest,Vasas,2.18,2.46,2.86,3.35,3.75,4.5,2.44,2.7,1.59,1.7,1.53,1.67,2.48,2.86,17.0,25.0,14.5,18.5,20.0,26.0,36.0,50.0,12.0,15.5,8.2,10.5,11.5,14.5,23.0,32.0,15.0,19.0,10.0,12.5,13.0,16.0,25.0,36.0,21.0,32.0,18.5,23.0,22.0,32.0,1.01,85.0,10.0,13.0,16.5,24.0,1.01,480.0,35973512,521199.0,886340.0,58805.0,1.261444701,1.261444720,1.261444699,1.261444717,1.01,1000.0,1.01,1000.0,9.0,55.0,1.02,1.07,5.2,6.4,1.19,1.24,1.42,1.54,1.68,1.85,1.28,1.37,1.261444682,1.261444707,1.261444708,1.261444728
Austrian Bundesliga,2026-08-29,14:30:00,LASK Linz,SCR Altach,1.4,1.47,8.2,10.5,5.0,5.5,2.42,2.68,1.59,1.7,1.8,2.04,1.01,1000.0,1.01,1000.0,1.01,1000.0,1.01,1000.0,1.01,1000.0,1.01,1000.0,1.01,1000.0,1.01,1000.0,1.01,1000.0,1.01,1000.0,1.01,1000.0,1.01,1000.0,1.01,1000.0,1.01,1000.0,1.01,1000.0,1.01,1000.0,1.01,1000.0,1.01,1000.0,1.01,1000.0,1.01,1000.0,35965469,8587663.0,872710.0,58805.0,1.261364610,1.261364613,1.261364657,1.261364658,1.01,1000.0,1.01,1000.0,12.0,26.0,1.04,1.08,4.8,5.6,1.22,1.27,1.11,1.14,3.1,3.5,1.22,1.25,1.261364659,1.261364620,1.261364611,1.261364612
Israeli Premier League,2026-08-29,14:30:00,Beitar Jerusalem,Maccabi Netanya,1.47,1.57,5.3,8.2,4.6,950.0,2.56,3.85,1.35,1.65,1.39,2.14,1.87,3.55,1.01,1000.0,1.01,1000.0,1.01,1000.0,1.01,1000.0,1.01,1000.0,1.01,1000.0,1.01,1000.0,1.01,1000.0,1.01,1000.0,1.01,1000.0,1.27,1000.0,1.01,1000.0,1.01,1000.0,1.01,1000.0,1.01,1000.0,1.01,1000.0,1.01,1000.0,1.01,1000.0,1.01,1000.0,35980424,1169738.0,427639.0,58805.0,1.261519122,1.261519125,1.261519169,1.261519170,1.01,1000.0,1.01,1000.0,1.02,110.0,1.01,1.17,2.56,9.4,1.12,1.17,1.14,1.19,2.72,3.3,1.16,1.28,1.261519171,1.261519132,1.261519123,1.261519124
Argentinian Primera Division,2026-08-29,14:45:00,Deportivo Riestra,Velez Sarsfield,2.94,3.1,3.05,3.2,2.82,2.94,1.33,1.41,3.4,4.1,2.62,2.94,1.53,1.62,5.6,6.2,6.4,7.2,16.0,23.0,29.0,490.0,6.4,7.2,6.8,7.4,15.0,17.0,30.0,680.0,15.5,18.0,15.0,17.0,22.0,34.0,12.0,1000.0,28.0,290.0,29.0,65.0,12.0,1000.0,12.5,400.0,12.0,1000.0,36.0,110.0,12.5,1000.0,35949494,5994579.0,192085.0,58805.0,1.261204351,1.261204361,1.261204350,1.261204360,1.01,2.36,1.73,110.0,5.4,7.0,1.17,1.23,2.1,2.24,1.81,1.91,1.45,1.49,1.48,1.52,1.51,1.54,1.261204342,1.261204354,1.261204355,1.261204365
Algerian Ligue 1,2026-08-29,15:00:00,ASO Chlef,Belouizdad,1.04,1000.0,1.04,1000.0,1.04,1000.0,1.06,1000.0,1.01,110.0,0.0,0.0,0.0,0.0,0.0,0.0,0.0,0.0,0.0,0.0,0.0,0.0,0.0,0.0,0.0,0.0,0.0,0.0,0.0,0.0,0.0,0.0,0.0,0.0,0.0,0.0,0.0,0.0,0.0,0.0,0.0,0.0,0.0,0.0,0.0,0.0,0.0,0.0,0.0,0.0,0.0,0.0,35991012.0,6488669.0,9221275.0,58805.0,1.261626288,1.261626291,0.0,0.0,0.0,0.0,0.0,0.0,0.0,0.0,0.0,0.0,0.0,0.0,0.0,0.0,0.0,0.0,0.0,0.0,0.0,0.0,0.0,0.0,0.0,0.0
French Ligue 2,2026-08-29,15:00:00,Guingamp,Nantes,2.9,3.1,2.52,2.76,3.4,3.8,1.93,2.08,1.92,2.08,1.74,1.88,2.14,2.36,10.5,18.0,8.4,14.0,12.5,22.0,27.0,46.0,8.8,12.5,6.0,9.8,9.0,15.0,20.0,36.0,14.5,25.0,9.6,13.5,15.0,21.0,29.0,50.0,34.0,60.0,23.0,40.0,30.0,55.0,60.0,110.0,20.0,36.0,16.5,28.0,1.01,1000.0,35979463,44801.0,10774.0,58805.0,1.261501818,1.261501821,1.261501865,1.261501866,1.01,1000.0,1.01,1000.0,10.5,15.5,1.07,1.11,3.65,4.2,1.31,1.38,1.57,1.66,1.48,1.53,1.37,1.42,1.261501867,1.261501828,1.261501819,1.261501820
Ecuadorian Serie A,2026-08-29,15:00:00,Independiente (Ecu),Univ Catolica (Ecu),1.64,1.81,4.6,6.6,3.95,5.6,2.14,2.4,1.71,1.88,1.7,970.0,1.01,970.0,1.01,1000.0,1.01,1000.0,1.01,1000.0,1.02,1000.0,1.01,1000.0,1.01,1000.0,13.0,1000.0,1.01,1000.0,1.01,1000.0,1.01,1000.0,12.5,1000.0,1.01,1000.0,1.01,1000.0,1.01,1000.0,1.01,1000.0,1.01,1000.0,1.01,1000.0,1.01,1000.0,1.01,1000.0,35971572,6432339.0,7005170.0,58805.0,1.261423857,1.261423867,1.261423856,1.261423866,3.05,4.5,1.28,1.49,1.01,110.0,1.05,970.0,4.1,110.0,1.24,1.32,1.18,1.28,2.22,2.58,1.22,1.34,1.261423848,1.261423860,1.261423861,1.261423871
Saudi Professional League,2026-08-29,15:00:00,Al-Ettifaq,Al Draih,3.2,3.6,2.3,2.32,3.45,3.85,1.98,2.22,1.83,2.04,1.01,1.9,1.01,1000.0,14.0,19.5,9.8,13.0,14.5,18.5,5.5,36.0,11.5,15.5,7.0,8.8,9.8,13.5,19.5,27.0,19.5,26.0,11.5,15.5,13.0,18.0,5.5,38.0,5.9,60.0,5.5,38.0,5.7,44.0,6.0,90.0,18.5,32.0,11.5,21.0,6.4,1000.0,35989890,6160611.0,7857465.0,58805.0,1.261617356,1.261617366,1.261617355,1.261617365,1.01,110.0,1.01,110.0,3.9,110.0,1.01,1.34,3.9,100.0,1.26,1.34,1.75,1.77,1.39,1.45,1.35,1.41,1.261617347,1.261617359,1.261617360,1.261617370
Saudi Professional League,2026-08-29,15:00:00,Al-Fateh (KSA),Al-Ittihad,3.55,4.3,1.93,2.08,4.0,1000.0,2.3,3.3,1.45,1.76,1.42,1.73,1.01,1000.0,19.5,32.0,12.0,17.5,13.0,19.0,20.0,29.0,18.0,26.0,9.0,12.5,9.6,11.5,15.5,22.0,4.2,38.0,14.0,19.5,13.0,18.5,4.1,32.0,4.5,80.0,4.3,44.0,4.3,46.0,4.5,70.0,18.5,29.0,6.6,10.5,4.7,440.0,35987619,7196232.0,3727829.0,58805.0,1.261588388,1.261588398,1.261588387,1.261588397,1.01,1000.0,1.01,110.0,5.6,55.0,1.03,1.07,5.6,6.6,1.18,1.22,1.92,2.08,1.31,1.38,1.27,1.34,1.261588379,1.261588391,1.261588392,1.261588402
Peruvian Primera Division,2026-08-29,15:00:00,CD Los Chankas,Juan Pablo II College,1.68,1.76,5.2,6.4,4.0,4.8,2.1,2.32,1.75,1.9,1.68,2.06,1.95,2.46,14.0,21.0,15.5,24.0,32.0,50.0,95.0,150.0,7.4,11.0,7.4,11.0,16.0,24.0,50.0,80.0,8.4,13.0,7.8,11.5,15.0,22.0,50.0,75.0,13.0,20.0,13.0,20.0,24.0,38.0,70.0,110.0,7.2,10.5,55.0,80.0,1.01,1000.0,35976950,65437610.0,62960875.0,58805.0,1.261473090,1.261473093,1.261473137,1.261473138,1.01,1000.0,1.01,1000.0,4.2,110.0,1.01,1.32,4.2,5.4,1.23,1.32,1.18,1.24,2.28,2.48,1.26,1.34,1.261473139,1.261473100,1.261473091,1.261473092
Argentinian Primera B Metropolitana,2026-08-29,15:00:00,Deportivo Laferrere,Real Pilar FC,1.12,110.0,1.1,110.0,1.13,950.0,1.24,110.0,1.02,6.4,1.01,1000.0,1.01,1000.0,1.01,1000.0,1.01,1000.0,1.01,1000.0,1.01,1000.0,1.01,1000.0,1.01,1000.0,1.01,1000.0,1.01,1000.0,1.01,1000.0,1.01,1000.0,1.01,1000.0,1.01,1000.0,1.01,1000.0,1.01,1000.0,1.01,1000.0,1.01,1000.0,1.01,1000.0,1.01,1000.0,1.01,1000.0,35987049,9479851.0,14615681.0,58805.0,1.261578833,1.261578843,1.261578832,1.261578842,1.01,1000.0,1.01,1000.0,1.24,1000.0,1.01,110.0,1.24,1000.0,1.01,6.4,1.11,36.0,1.02,26.0,1.01,110.0,1.261578824,1.261578836,1.261578837,1.261578847
Czech 1 Liga,2026-08-29,15:00:00,Banik Ostrava,Sigma Olomouc,2.38,2.7,2.8,3.2,3.4,3.95,2.02,2.22,1.83,1.98,1.67,1.82,2.08,2.68,1.01,1000.0,1.01,1000.0,1.01,1000.0,1.01,1000.0,1.01,1000.0,1.01,1000.0,1.01,1000.0,1.01,1000.0,1.01,1000.0,1.01,1000.0,1.01,1000.0,1.01,1000.0,1.01,1000.0,1.01,1000.0,1.01,1000.0,1.01,1000.0,1.01,1000.0,1.01,1000.0,1.01,1000.0,35971393,367581.0,50337.0,58805.0,1.261416974,1.261416977,1.261417021,1.261417022,2.84,4.4,1.3,1.54,12.5,18.0,1.06,1.08,3.9,4.6,1.28,1.35,1.45,1.54,1.6,1.71,1.34,1.41,1.261417023,1.261416984,1.261416975,1.261416976
Slovenian Premier League,2026-08-29,15:15:00,NK Bravo,Mura,2.06,2.52,2.82,4.2,3.1,6.4,1.87,2.44,1.69,2.16,1.01,110.0,1.01,110.0,12.0,20.0,10.0,17.0,17.5,30.0,40.0,70.0,8.2,13.5,6.2,10.5,10.5,17.5,26.0,46.0,11.5,19.0,8.4,14.0,12.0,20.0,30.0,55.0,22.0,38.0,17.5,29.0,25.0,44.0,55.0,100.0,12.0,21.0,23.0,40.0,1.01,1000.0,35976831,15740271.0,503236.0,58805.0,1.261471893,1.261471896,1.261471940,1.261471941,1.01,1000.0,1.29,1.53,3.1,110.0,1.06,1.47,3.6,110.0,1.26,1.38,1.32,1.52,1.65,1.92,1.34,1.47,1.261471942,1.261471903,1.261471894,1.261471895
Polish Ekstraklasa,2026-08-29,15:15:00,Zaglebie Lubin,Pogon Szczecin,2.68,3.05,2.6,3.1,3.25,950.0,1.91,2.14,1.88,2.1,1.6,2.02,1.01,1000.0,12.5,18.0,8.6,14.5,14.0,24.0,30.0,55.0,8.6,14.0,6.0,9.6,9.2,15.5,22.0,38.0,13.5,23.0,9.2,15.0,12.0,21.0,29.0,50.0,30.0,55.0,22.0,38.0,29.0,50.0,60.0,110.0,18.0,32.0,18.5,32.0,1.01,1000.0,35971491,166904.0,46953.0,58805.0,1.261417589,1.261417593,1.261417646,1.261417647,2.76,4.2,1.31,1.57,3.7,18.0,1.07,1.37,3.7,4.3,1.31,1.37,1.48,1.62,1.5,1.6,1.37,1.45,1.261417649,1.261417604,1.261417591,1.261417592
Turkish 1 Lig,2026-08-29,15:30:00,Batman Petrolspor,Sivasspor,2.2,2.5,3.1,3.75,3.35,4.5,1.84,2.06,1.94,2.18,1.01,2.0,1.01,1000.0,1.01,1000.0,1.01,1000.0,1.01,1000.0,1.01,1000.0,1.01,1000.0,1.01,1000.0,1.01,1000.0,1.01,1000.0,1.01,1000.0,1.01,1000.0,1.01,1000.0,1.01,1000.0,1.01,1000.0,1.01,1000.0,1.01,1000.0,1.01,1000.0,1.01,1000.0,1.01,1000.0,1.01,1000.0,35986321,5291013.0,508773.0,58805.0,1.261569040,1.261569043,1.261569087,1.261569088,2.7,4.1,1.01,1000.0,3.15,110.0,1.01,1.46,3.15,100.0,1.31,1.46,1.36,1.48,1.67,1.84,1.28,1.42,1.261569089,1.261569050,1.261569041,1.261569042
Turkish 1 Lig,2026-08-29,15:30:00,Mardin Buyuksehir Beled,Van Buyuksehir Belediye,1.52,1.77,5.5,18.0,3.9,6.4,1.81,2.1,1.92,2.22,1.01,2.26,1.01,1000.0,1.01,1000.0,1.01,1000.0,1.01,1000.0,1.01,1000.0,1.01,1000.0,1.01,1000.0,1.01,1000.0,1.01,1000.0,1.01,1000.0,1.01,1000.0,1.01,1000.0,1.01,1000.0,1.01,1000.0,1.01,1000.0,1.01,1000.0,1.01,1000.0,1.01,1000.0,1.01,1000.0,1.01,1000.0,35981879,102066761.0,82357083.0,58805.0,1.261533772,1.261533782,1.261533771,1.261533781,1.01,1000.0,1.01,1000.0,9.0,110.0,1.06,1.13,2.06,15.5,1.31,1.93,1.09,1.23,2.28,2.94,1.19,1.35,1.261533763,1.261533775,1.261533776,1.261533786
Greek Super League,2026-08-29,15:30:00,Panaitolikos,Kalamata,2.4,2.64,3.2,4.1,2.6,3.65,1.48,1.8,2.24,3.1,2.0,2.18,1.85,2.0,1.01,1000.0,1.01,1000.0,1.01,1000.0,1.01,1000.0,1.01,1000.0,1.01,1000.0,1.01,1000.0,1.01,1000.0,1.01,1000.0,1.01,1000.0,1.01,1000.0,1.01,1000.0,1.01,1000.0,1.01,1000.0,1.01,1000.0,1.01,1000.0,1.01,1000.0,1.01,1000.0,1.01,1000.0,35967857,2126382.0,650859.0,58805.0,1.261379924,1.261379934,1.261379923,1.261379933,1.01,110.0,1.01,110.0,6.2,9.8,1.11,1.2,2.32,7.8,1.49,1.76,1.33,1.45,1.61,1.72,1.45,1.63,1.261379915,1.261379927,1.261379928,1.261379938
German Bundesliga 2,2026-08-29,15:30:00,Nurnberg,Arminia Bielefeld,2.24,2.28,3.2,3.35,3.85,4.0,2.28,2.56,1.64,1.77,1.55,1.74,2.34,2.86,18.0,24.0,14.0,18.5,19.0,29.0,5.1,65.0,11.5,15.0,8.0,10.5,12.5,16.5,5.4,38.0,14.5,19.5,10.0,13.5,13.5,18.0,5.2,44.0,5.3,34.0,16.5,26.0,5.3,36.0,5.2,80.0,12.0,15.5,18.5,29.0,5.2,590.0,35951832,121724.0,347829.0,58805.0,1.261240872,1.261240882,1.261240871,1.261240881,1.01,110.0,1.01,110.0,4.7,26.0,1.04,1.26,4.7,6.6,1.21,1.26,1.42,1.46,1.78,1.81,1.33,1.36,1.261240863,1.261240875,1.261240876,1.261240886
Romanian Liga I,2026-08-29,15:30:00,FC Hunedoara,Dinamo Bucharest,3.45,3.7,2.28,2.38,3.35,3.6,1.77,1.9,2.1,2.3,1.71,1.99,2.0,2.42,1.01,1000.0,1.01,1000.0,1.01,1000.0,1.01,1000.0,1.01,1000.0,1.01,1000.0,1.01,1000.0,1.01,1000.0,1.01,1000.0,1.01,1000.0,1.01,1000.0,1.01,1000.0,1.01,1000.0,1.01,1000.0,1.01,1000.0,1.01,1000.0,1.01,1000.0,1.01,1000.0,1.01,1000.0,35971531,7223889.0,46937.0,58805.0,1.261418877,1.261418887,1.261418876,1.261418886,1.01,110.0,1.01,110.0,9.0,15.0,1.08,1.13,3.25,3.65,1.38,1.45,1.72,1.79,1.37,1.41,1.39,1.43,1.261418868,1.261418880,1.261418881,1.261418891
Swiss Super League,2026-08-29,15:30:00,Young Boys,FC Basel,1.63,1.69,4.5,5.6,4.1,6.2,3.55,10.5,1.1,1.39,1.3,1.76,1.01,1000.0,32.0,60.0,26.0,44.0,36.0,60.0,65.0,120.0,14.0,24.0,10.0,17.0,15.5,26.0,32.0,55.0,12.5,21.0,8.6,14.5,11.5,19.0,27.0,46.0,14.5,25.0,11.0,18.5,15.0,26.0,30.0,55.0,3.8,5.7,17.0,29.0,150.0,260.0,35974081,65778.0,2939090.0,58805.0,1.261441377,1.261441380,1.261441424,1.261441425,1.01,1000.0,1.01,1000.0,8.6,55.0,1.02,1.04,8.6,10.5,1.1,1.14,1.25,1.29,2.44,2.6,1.21,1.27,1.261441426,1.261441387,1.261441378,1.261441379
Slovakian Super League,2026-08-29,15:30:00,Dukla Banska Bystrica,KFC Komarno,2.76,3.85,2.08,2.74,3.2,6.4,1.72,2.18,1.86,2.4,1.01,1000.0,1.9,2.58,1.01,1000.0,1.01,1000.0,1.01,1000.0,1.01,1000.0,1.01,1000.0,1.01,1000.0,1.01,1000.0,1.01,1000.0,1.01,1000.0,1.01,1000.0,1.01,1000.0,1.01,1000.0,1.01,1000.0,1.01,1000.0,1.01,1000.0,1.01,1000.0,1.01,1000.0,1.01,1000.0,1.01,1000.0,35975719,8517600.0,11450136.0,58805.0,1.261461122,1.261461132,1.261461121,1.261461131,1.01,1000.0,1.31,1.57,1.01,110.0,1.01,1.43,3.6,90.0,1.01,1.38,1.57,1.93,1.35,1.57,1.21,1.46,1.261461113,1.261461125,1.261461126,1.261461136
Turkish Super League,2026-08-29,15:30:00,Gaziantep FK,Rizespor,2.62,2.72,2.78,2.94,3.55,3.75,2.1,2.2,1.83,1.91,1.69,1.75,2.34,2.46,14.0,17.0,11.5,14.0,17.0,23.0,7.6,46.0,11.0,13.0,7.6,8.4,11.5,13.5,7.2,36.0,15.5,19.0,5.4,13.0,14.0,17.0,7.6,46.0,7.4,40.0,7.0,29.0,7.4,38.0,7.8,80.0,17.0,24.0,19.5,25.0,8.6,1000.0,35974950,13848831.0,113643.0,58805.0,1.261458610,1.261458620,1.261458609,1.261458619,3.0,110.0,1.01,1.49,13.5,18.0,1.06,1.08,4.2,4.6,1.28,1.31,1.52,1.57,1.58,1.62,1.37,1.4,1.261458601,1.261458613,1.261458614,1.261458624
Turkish Super League,2026-08-29,15:30:00,Galatasaray,Goztepe,1.44,1.45,8.2,9.2,5.1,5.3,2.24,2.48,1.67,1.81,1.93,2.04,1.96,2.08,18.5,22.0,25.0,32.0,12.5,75.0,13.0,340.0,8.4,9.4,10.0,12.0,27.0,32.0,13.5,130.0,8.2,9.2,9.0,10.5,21.0,25.0,13.5,110.0,11.0,12.5,13.0,15.0,28.0,34.0,13.0,130.0,5.6,6.2,13.5,170.0,14.0,1000.0,35976838,2436.0,113239.0,58805.0,1.261472004,1.261472007,1.261472052,1.261472053,1.01,110.0,1.01,110.0,16.0,25.0,1.04,1.06,4.7,5.4,1.23,1.26,1.12,1.14,3.2,3.3,1.23,1.24,1.261472054,1.261472014,1.261472005,1.261472006
Bosnian Premier League,2026-08-29,15:45:00,Sarajevo,Zrinjski,2.38,3.55,2.52,3.85,2.58,5.4,1.46,1.87,2.16,3.15,1.01,1000.0,1.01,1000.0,1.01,1000.0,1.01,1000.0,1.01,1000.0,1.01,1000.0,1.01,1000.0,1.01,1000.0,1.01,1000.0,1.01,1000.0,1.01,1000.0,1.01,1000.0,1.01,1000.0,1.01,1000.0,1.01,1000.0,1.01,1000.0,1.01,1000.0,1.01,1000.0,1.01,1000.0,1.01,1000.0,1.01,1000.0,35994436,205267.0,4807138.0,58805.0,1.261666825,1.261666835,1.261666824,1.261666834,2.26,3.35,1.01,1000.0,3.15,110.0,1.01,1.47,2.32,5.4,1.45,1.76,1.35,1.65,1.39,1.72,1.23,1.63,1.261666816,1.261666828,1.261666829,1.261666839
French Ligue 1,2026-08-29,15:45:00,Lyon,Le Havre,1.49,1.51,7.4,8.0,4.8,5.0,2.16,2.34,1.75,1.87,1.97,2.04,1.96,2.04,16.5,18.5,22.0,25.0,55.0,80.0,16.0,260.0,8.0,8.6,9.8,11.0,25.0,28.0,17.0,120.0,8.2,9.0,9.2,10.0,21.0,24.0,16.5,110.0,12.0,13.5,14.0,16.0,30.0,36.0,15.5,140.0,6.6,7.4,17.5,140.0,17.0,1000.0,35974967,55271.0,70446.0,58805.0,1.261458285,1.261458269,1.261458284,1.261458294,3.0,110.0,1.01,1.49,16.5,21.0,1.05,1.06,4.3,4.8,1.27,1.3,1.14,1.16,2.96,3.05,1.25,1.27,1.261458287,1.261458289,1.261458290,1.261458272
French Ligue 1,2026-08-29,15:45:00,Brest,Toulouse,2.76,2.84,2.76,2.82,3.45,3.55,1.92,1.99,2.02,2.1,1.79,1.84,2.18,2.28,12.0,14.0,10.5,11.5,16.5,18.5,38.0,44.0,10.5,11.5,7.2,7.8,11.5,12.5,27.0,32.0,16.5,19.0,11.5,13.0,16.0,17.0,38.0,44.0,38.0,44.0,28.0,32.0,38.0,44.0,36.0,1000.0,24.0,28.0,24.0,27.0,16.0,1000.0,35975250,669348.0,305969.0,58805.0,1.261458666,1.261458650,1.261458665,1.261458675,1.01,110.0,1.01,110.0,12.0,14.0,1.08,1.09,3.7,3.9,1.34,1.38,1.54,1.57,1.54,1.57,1.39,1.41,1.261458668,1.261458670,1.261458671,1.261458653
French Ligue 1,2026-08-29,15:45:00,Auxerre,Angers,2.02,2.06,4.1,4.3,3.65,3.7,1.85,1.9,2.12,2.18,1.91,1.95,2.04,2.1,12.0,13.0,12.5,14.0,19.0,36.0,13.5,110.0,8.0,8.6,7.4,8.2,15.5,17.5,28.0,70.0,10.5,12.0,9.8,10.5,18.0,20.0,32.0,75.0,21.0,24.0,19.5,23.0,25.0,48.0,14.0,140.0,14.0,16.0,32.0,80.0,14.5,1000.0,35974841,44800.0,473963.0,58805.0,1.261457088,1.261457098,1.261457087,1.261457097,1.01,110.0,1.01,110.0,11.5,13.0,1.08,1.1,3.55,3.7,1.37,1.4,1.31,1.32,1.94,1.98,1.37,1.38,1.261457079,1.261457091,1.261457092,1.261457102
French Ligue 1,2026-08-29,15:45:00,Lorient,ESTAC Troyes,1.89,1.93,4.5,4.9,3.7,3.8,1.85,1.91,2.1,2.18,1.95,2.02,1.99,2.06,11.5,13.0,13.0,15.0,24.0,36.0,38.0,120.0,7.4,8.2,7.4,8.4,16.5,19.5,30.0,70.0,9.8,11.0,9.4,10.5,18.5,22.0,34.0,75.0,18.5,22.0,18.0,21.0,25.0,42.0,42.0,1000.0,13.5,15.0,13.0,85.0,15.0,1000.0,35974971,44794.0,4864974.0,58805.0,1.261458161,1.261458145,1.261458160,1.261458170,1.01,110.0,1.01,110.0,11.5,13.5,1.08,1.1,3.5,3.7,1.37,1.4,1.25,1.28,2.06,2.14,1.35,1.38,1.261458163,1.261458165,1.261458166,1.261458148
Italian Serie A,2026-08-29,15:45:00,Juventus,Parma,1.28,1.29,14.0,14.5,6.6,6.8,2.32,2.36,1.74,1.76,2.46,2.54,1.65,1.69,18.5,21.0,32.0,42.0,40.0,150.0,20.0,770.0,7.6,8.4,13.0,15.0,44.0,55.0,21.0,300.0,6.6,7.2,10.5,12.0,34.0,40.0,48.0,250.0,8.2,9.0,14.0,15.5,40.0,50.0,21.0,280.0,4.5,4.9,19.5,400.0,20.0,1000.0,35965555,52475015.0,191607.0,58805.0,1.261367810,1.261367794,1.261367809,1.261367819,3.75,4.0,1.33,1.36,19.0,23.0,1.04,1.06,4.8,5.2,1.24,1.26,1.07,1.08,4.4,4.6,1.17,1.18,1.261367812,1.261367814,1.261367815,1.261367797
Serbian Super League,2026-08-29,16:00:00,FK Novi Pazar,Macva Sabac,1.53,1.78,4.8,11.5,3.7,8.0,1.88,2.1,1.9,2.14,1.01,1000.0,1.01,1000.0,13.5,21.0,16.5,25.0,38.0,60.0,120.0,190.0,7.0,10.5,7.6,11.5,18.0,27.0,60.0,100.0,7.8,12.0,7.8,11.5,16.0,24.0,55.0,90.0,12.0,18.5,13.0,19.5,25.0,40.0,80.0,130.0,6.8,10.5,70.0,120.0,1.01,1000.0,35979576,9899252.0,13082371.0,58805.0,1.261507967,1.261507977,1.261507966,1.261507976,1.01,1000.0,1.01,1000.0,3.6,110.0,1.05,1.38,3.6,110.0,1.26,1.38,1.1,1.26,2.28,3.0,1.14,1.38,1.261507958,1.261507970,1.261507971,1.261507981
Italian Serie C,2026-08-29,16:00:00,Inter Milan (Res),Team Altamura,1.08,110.0,1.08,110.0,1.1,1000.0,1.18,110.0,1.02,7.0,1.01,1000.0,1.01,1000.0,1.01,1000.0,1.01,1000.0,1.01,1000.0,1.01,1000.0,1.01,1000.0,1.01,1000.0,1.01,1000.0,1.01,1000.0,1.01,1000.0,1.01,1000.0,1.01,1000.0,1.01,1000.0,1.01,1000.0,1.01,1000.0,1.01,1000.0,1.01,1000.0,1.01,1000.0,1.01,1000.0,1.01,1000.0,35990373.0,42776519.0,12151861.0,58805.0,1.26162614,1.26162615,1.261626139,1.261626149,1.01,1000.0,1.01,1000.0,1.18,1000.0,1.01,7.0,1.18,1000.0,1.01,7.0,1.02,36.0,1.02,36.0,1.01,110.0,1.261626131,1.261626143,1.261626144,1.261626154
Serbian Super League,2026-08-29,16:00:00,Radnicki Nis,FK Radnicki 1923,2.32,2.82,2.84,4.1,2.82,4.7,1.62,2.26,1.8,2.6,1.01,1000.0,1.01,1000.0,1.01,1000.0,1.01,1000.0,1.01,1000.0,1.01,1000.0,1.01,1000.0,1.01,1000.0,1.01,1000.0,1.01,1000.0,1.01,1000.0,1.01,1000.0,1.01,1000.0,1.01,1000.0,1.01,1000.0,1.01,1000.0,1.01,1000.0,1.01,1000.0,1.01,1000.0,1.01,1000.0,1.01,1000.0,35979596,6555084.0,10465511.0,58805.0,1.261506691,1.261506694,1.261506738,1.261506739,1.01,1000.0,1.35,1.66,2.64,110.0,1.01,1.61,2.64,100.0,1.3,1.61,1.32,1.55,1.54,1.76,1.27,1.55,1.261506740,1.261506701,1.261506692,1.261506693
Italian Serie C,2026-08-29,16:00:00,Cosenza,Potenza,0.0,0.0,0.0,0.0,0.0,0.0,1.24,1000.0,1.01,6.4,0.0,0.0,0.0,0.0,0.0,0.0,0.0,0.0,0.0,0.0,0.0,0.0,0.0,0.0,0.0,0.0,0.0,0.0,0.0,0.0,0.0,0.0,0.0,0.0,0.0,0.0,0.0,0.0,0.0,0.0,0.0,0.0,0.0,0.0,0.0,0.0,0.0,0.0,0.0,0.0,0.0,0.0,35989786.0,0.0,0.0,0.0,0.0,1.261614623,0.0,0.0,0.0,0.0,0.0,0.0,0.0,0.0,0.0,0.0,0.0,0.0,0.0,0.0,0.0,0.0,0.0,0.0,0.0,0.0,0.0,0.0,0.0,0.0
Italian Serie B,2026-08-29,16:00:00,Calcio Avellino SSD,LR Vicenza Virtus,2.32,2.48,3.55,3.9,3.1,3.2,1.66,1.75,2.34,2.52,1.93,2.06,1.94,2.08,9.2,11.0,10.0,12.0,20.0,27.0,7.4,85.0,7.6,8.8,6.2,7.4,13.5,18.0,7.8,60.0,12.5,16.5,10.0,12.0,17.0,23.0,8.0,75.0,7.0,34.0,7.0,34.0,7.8,60.0,7.6,150.0,21.0,28.0,7.8,70.0,8.0,1000.0,35987241,20530702.0,19857199.0,58805.0,1.261582036,1.261582046,1.261582035,1.261582045,1.01,3.25,1.44,110.0,3.15,11.0,1.1,1.14,3.0,3.2,1.45,1.5,1.34,1.4,1.67,1.76,1.45,1.48,1.261582027,1.261582039,1.261582040,1.261582050
Italian Serie C,2026-08-29,16:00:00,ASD Pineto Calcio,Livorno,2.72,3.25,2.7,3.25,2.88,3.85,1.57,1.75,2.32,2.76,1.01,1000.0,1.01,1000.0,1.01,1000.0,1.01,1000.0,1.01,1000.0,1.01,1000.0,1.01,1000.0,1.01,1000.0,1.01,1000.0,1.01,1000.0,1.01,1000.0,1.01,1000.0,1.01,1000.0,1.01,1000.0,1.01,1000.0,1.01,1000.0,1.01,1000.0,1.01,1000.0,1.01,1000.0,1.01,1000.0,1.01,1000.0,35990354.0,11515398.0,201326.0,58805.0,1.261622184,1.261622187,1.261622231,1.261622232,1.01,1000.0,1.01,1000.0,1.01,110.0,1.01,970.0,2.68,100.0,1.01,1.6,1.45,1.59,1.44,1.59,1.35,1.53,1.261622233,1.261622194,1.261622185,1.261622186
Italian Serie B,2026-08-29,16:00:00,Ascoli,Carrarese,1.96,2.06,4.5,5.3,3.2,3.45,1.58,1.7,2.42,2.74,2.1,2.26,1.79,1.9,8.4,11.5,11.5,15.0,5.7,44.0,6.4,160.0,6.2,7.2,6.0,7.8,17.0,24.0,5.8,100.0,9.8,13.0,9.6,13.0,20.0,28.0,5.8,120.0,21.0,29.0,20.0,28.0,6.0,65.0,6.0,210.0,19.0,26.0,6.4,150.0,6.2,1000.0,35987238,201261.0,5727549.0,58805.0,1.261580667,1.261580670,1.261580714,1.261580715,1.01,110.0,1.01,110.0,7.6,10.5,1.11,1.14,2.84,3.2,1.47,1.54,1.24,1.28,1.94,2.06,1.41,1.45,1.261580716,1.261580677,1.261580668,1.261580669
Colombian Primera B,2026-08-29,16:00:00,Real Soacha Cundinamarca FC,Boyaca Patriotas,2.4,2.8,2.96,3.65,3.0,4.1,1.48,1.67,2.48,3.1,2.02,2.26,1.8,1.99,1.01,1000.0,1.01,1000.0,1.01,1000.0,1.01,1000.0,1.01,1000.0,1.01,1000.0,1.01,1000.0,1.01,1000.0,1.01,1000.0,1.01,1000.0,1.01,1000.0,1.01,1000.0,1.01,1000.0,1.01,1000.0,1.01,1000.0,1.01,1000.0,1.01,1000.0,1.01,1000.0,1.01,1000.0,35988926,58543152.0,9195442.0,58805.0,1.261605110,1.261605113,1.261605157,1.261605158,1.01,1000.0,1.01,1000.0,6.8,10.0,1.11,1.18,2.58,2.98,1.51,1.64,1.38,1.51,1.55,1.72,1.32,1.5,1.261605159,1.261605120,1.261605111,1.261605112
Dutch Eredivisie,2026-08-29,16:00:00,PEC Zwolle,NEC Nijmegen,4.7,4.8,1.74,1.76,4.5,4.7,3.0,3.25,1.45,1.5,1.53,1.57,2.78,2.9,8.0,38.0,13.0,17.0,13.5,15.5,17.5,20.0,7.6,32.0,10.0,14.0,9.6,11.0,14.0,16.5,8.0,44.0,16.5,20.0,14.0,16.5,19.5,23.0,9.0,100.0,8.2,55.0,34.0,42.0,8.6,65.0,7.6,30.0,5.5,6.4,9.6,360.0,35965470,8750569.0,48456.0,58805.0,1.261364824,1.261364828,1.261364873,1.261364874,1.01,110.0,1.01,110.0,18.5,55.0,1.02,1.06,6.8,8.8,1.15,1.17,2.32,2.38,1.26,1.28,1.27,1.28,1.261364876,1.261364836,1.261364826,1.261364827
Italian Serie C,2026-08-29,16:00:00,Monopoli,Catania,3.25,4.5,2.1,2.84,2.64,4.7,1.39,1.76,2.32,3.55,1.01,1000.0,1.01,1000.0,1.01,1000.0,1.01,1000.0,1.01,1000.0,1.01,1000.0,1.01,1000.0,1.01,1000.0,1.01,1000.0,1.01,1000.0,1.01,1000.0,1.01,1000.0,1.01,1000.0,1.01,1000.0,1.01,1000.0,1.01,1000.0,1.01,1000.0,1.01,1000.0,1.01,1000.0,1.01,1000.0,1.01,1000.0,35990352.0,10284167.0,201262.0,58805.0,1.26162625,1.26162626,1.261626249,1.261626259,2.18,3.1,1.01,1000.0,2.9,110.0,1.01,1.53,2.3,3.4,1.42,1.77,1.54,1.91,1.28,1.45,1.27,1.61,1.261626241,1.261626253,1.261626254,1.261626264
Italian Serie B,2026-08-29,16:00:00,Padova,Verona,3.05,3.2,2.7,2.86,3.1,3.15,1.61,1.69,2.44,2.64,2.0,2.14,1.87,2.0,4.6,9.8,7.8,9.0,15.0,19.5,7.6,55.0,8.2,9.8,6.4,7.6,11.5,13.0,7.4,44.0,16.5,23.0,11.5,14.0,16.0,25.0,7.8,70.0,7.8,65.0,7.6,50.0,8.0,75.0,7.6,180.0,7.8,60.0,7.4,48.0,8.0,1000.0,35987253,522042.0,676465.0,58805.0,1.261581925,1.261581935,1.261581924,1.261581934,1.01,3.05,1.48,110.0,7.0,15.5,1.07,1.16,2.8,3.1,1.48,1.56,1.54,1.59,1.45,1.49,1.46,1.48,1.261581916,1.261581928,1.261581929,1.261581939
Chilean Primera B,2026-08-29,16:00:00,Santiago Wanderers,Magallanes,2.14,2.5,3.05,3.9,3.3,4.9,1.96,2.24,1.8,2.06,1.01,1000.0,1.01,1000.0,1.01,1000.0,1.01,1000.0,1.01,1000.0,1.01,1000.0,1.01,1000.0,1.01,1000.0,1.01,1000.0,1.01,1000.0,1.01,1000.0,1.01,1000.0,1.01,1000.0,1.01,1000.0,1.01,1000.0,1.01,1000.0,1.01,1000.0,1.01,1000.0,1.01,1000.0,1.01,1000.0,1.01,1000.0,35987164,913363.0,5678438.0,58805.0,1.261578393,1.261578403,1.261578392,1.261578402,1.01,1000.0,1.29,1.58,3.6,110.0,1.01,1.36,3.6,110.0,1.01,1.36,1.34,1.49,1.66,1.88,1.25,1.43,1.261578384,1.261578396,1.261578397,1.261578407
Serbian Super League,2026-08-29,16:00:00,Cukaricki,Vojvodina,3.6,5.6,1.76,2.12,3.5,6.6,2.14,2.68,1.59,1.88,1.01,1000.0,1.01,1000.0,1.01,1000.0,1.01,1000.0,1.01,1000.0,1.01,1000.0,1.01,1000.0,1.01,1000.0,1.01,1000.0,1.01,1000.0,1.01,1000.0,1.01,1000.0,1.01,1000.0,1.01,1000.0,1.01,1000.0,1.01,1000.0,1.01,1000.0,1.01,1000.0,1.01,1000.0,1.01,1000.0,1.01,1000.0,35979573,2503611.0,2020542.0,58805.0,1.261506063,1.261506066,1.261506110,1.261506111,1.01,1000.0,1.01,1000.0,3.9,110.0,1.01,1.31,3.9,90.0,1.22,1.33,1.89,2.32,1.22,1.39,1.2,1.4,1.261506112,1.261506073,1.261506064,1.261506065
Spanish La Liga,2026-08-29,16:30:00,Sevilla,Atletico Madrid,3.85,3.95,2.14,2.16,3.55,3.6,1.96,1.98,2.02,2.04,1.81,1.84,2.18,2.24,13.0,14.0,8.8,9.6,12.0,13.5,24.0,27.0,13.5,14.0,7.4,8.0,10.0,11.0,20.0,23.0,25.0,28.0,14.5,16.0,16.0,17.5,34.0,38.0,65.0,75.0,42.0,46.0,48.0,55.0,80.0,95.0,42.0,46.0,15.0,16.5,19.5,1000.0,35965459,52480974.0,52480965.0,58805.0,1.261366754,1.261366690,1.261366753,1.261366765,3.2,3.35,1.43,1.45,13.0,14.0,1.07,1.08,3.9,4.0,1.33,1.35,1.86,1.88,1.33,1.35,1.38,1.4,1.261366756,1.261366759,1.261366760,1.261366694
Portuguese Segunda Liga,2026-08-29,16:30:00,Torreense,Vizela,1.98,2.18,3.85,4.8,3.3,4.3,1.73,1.93,2.06,2.36,1.01,1000.0,1.01,1000.0,1.01,1000.0,1.01,1000.0,1.01,1000.0,1.01,1000.0,1.01,1000.0,1.01,1000.0,1.01,1000.0,1.01,1000.0,1.01,1000.0,1.01,1000.0,1.01,1000.0,1.01,1000.0,1.01,1000.0,1.01,1000.0,1.01,1000.0,1.01,1000.0,1.01,1000.0,1.01,1000.0,1.01,1000.0,35971652,2694162.0,1358404.0,58805.0,1.261423968,1.261423978,1.261423967,1.261423977,1.01,1000.0,1.35,1.64,3.1,110.0,1.01,1.45,3.1,100.0,1.36,1.45,1.26,1.36,1.84,2.04,1.3,1.43,1.261423959,1.261423971,1.261423972,1.261423982
Spanish Segunda Division,2026-08-29,16:30:00,Girona,Las Palmas,1.78,1.83,5.0,5.5,3.8,4.1,2.08,2.18,1.86,1.93,1.8,1.89,2.12,2.26,14.5,21.0,16.0,23.0,5.2,48.0,5.3,150.0,8.4,11.5,8.0,11.0,17.0,21.0,5.4,80.0,9.8,12.0,9.0,12.5,16.5,23.0,5.4,80.0,16.0,23.0,15.5,23.0,5.0,36.0,5.5,120.0,9.2,13.0,5.4,85.0,4.7,1000.0,35980175,968185.0,9163.0,58805.0,1.261517137,1.261517140,1.261517184,1.261517185,3.0,3.85,1.35,1.5,12.5,17.0,1.06,1.08,4.1,4.6,1.28,1.32,1.22,1.25,2.18,2.3,1.32,1.36,1.261517186,1.261517147,1.261517138,1.261517139
Brazilian Serie C,2026-08-29,17:00:00,Paysandu,Maringa,1.9,2.36,3.15,4.6,2.78,6.6,1.81,2.36,1.74,2.22,1.61,1.88,2.14,2.64,11.0,18.5,10.5,17.5,19.0,34.0,1.01,85.0,7.6,12.5,6.2,10.0,11.0,18.5,1.01,55.0,10.5,17.5,8.2,13.5,12.5,21.0,1.01,65.0,20.0,34.0,16.5,28.0,1.01,44.0,1.01,110.0,12.0,20.0,1.01,50.0,1.01,1000.0,35987072,189951.0,16918367.0,58805.0,1.261578195,1.261578205,1.261578194,1.261578204,1.01,1000.0,1.31,1.6,3.1,36.0,1.03,1.34,3.1,4.5,1.29,1.35,1.27,1.47,1.73,2.12,1.18,1.56,1.261578186,1.261578198,1.261578199,1.261578209
Algerian Ligue 1,2026-08-29,17:00:00,Kabylie,MB Rouissat,1.04,1000.0,1.04,1000.0,1.01,1000.0,1.24,1000.0,1.01,6.4,0.0,0.0,0.0,0.0,0.0,0.0,0.0,0.0,0.0,0.0,0.0,0.0,0.0,0.0,0.0,0.0,0.0,0.0,0.0,0.0,0.0,0.0,0.0,0.0,0.0,0.0,0.0,0.0,0.0,0.0,0.0,0.0,0.0,0.0,0.0,0.0,0.0,0.0,0.0,0.0,0.0,0.0,35990986.0,9529062.0,22268616.0,58805.0,1.261625644,1.261625647,0.0,0.0,0.0,0.0,0.0,0.0,0.0,0.0,0.0,0.0,0.0,0.0,0.0,0.0,0.0,0.0,0.0,0.0,0.0,0.0,0.0,0.0,0.0,0.0
Brazilian Serie C,2026-08-29,17:00:00,Figueirense,Maranhao,1.65,1.92,4.0,8.2,2.8,7.0,1.65,1.92,2.08,2.54,1.01,1000.0,1.01,1000.0,8.6,14.0,12.0,21.0,1.01,60.0,1.01,220.0,5.3,8.4,6.2,10.5,17.0,29.0,1.01,130.0,7.2,12.0,7.6,12.5,17.0,29.0,1.01,130.0,13.5,23.0,15.5,26.0,1.01,60.0,1.01,210.0,10.5,18.0,1.01,190.0,1.01,1000.0,35987090,198125.0,7176805.0,58805.0,1.261577172,1.261577182,1.261577171,1.261577181,1.01,1000.0,1.01,1000.0,2.7,21.0,1.05,1.59,2.7,3.65,1.37,1.59,1.16,1.33,2.08,2.54,1.17,1.52,1.261577163,1.261577175,1.261577176,1.261577186
Brazilian Serie C,2026-08-29,17:00:00,Floresta EC,Ituano,1.85,2.06,5.4,6.8,2.94,3.25,1.37,1.48,3.05,3.7,2.34,3.3,1.43,1.74,5.1,8.2,9.2,15.0,1.01,60.0,1.01,290.0,4.1,6.4,6.0,9.6,20.0,36.0,1.01,190.0,7.0,11.5,9.2,15.0,1.01,44.0,1.01,250.0,17.5,30.0,1.01,42.0,1.01,110.0,1.01,500.0,1.01,40.0,1.01,430.0,1.01,1000.0,35987139,14754815.0,1040280.0,58805.0,1.261576732,1.261576742,1.261576731,1.261576741,1.96,2.76,1.01,1000.0,5.8,7.2,1.16,1.21,1.98,2.46,1.68,2.02,1.17,1.23,1.94,2.18,1.44,1.52,1.261576723,1.261576735,1.261576736,1.261576746
Brazilian Serie C,2026-08-29,17:00:00,Itabaiana,Botafogo PB,2.28,3.2,2.56,3.85,2.76,5.9,1.42,1.75,2.32,3.4,1.01,1000.0,1.01,1000.0,1.01,1000.0,1.01,1000.0,1.01,1000.0,1.01,1000.0,1.01,1000.0,1.01,1000.0,1.01,1000.0,1.01,1000.0,1.01,1000.0,1.01,1000.0,1.01,1000.0,1.01,1000.0,1.01,1000.0,1.01,1000.0,1.01,1000.0,1.01,1000.0,1.01,1000.0,1.01,1000.0,1.01,1000.0,35987075,7160954.0,5310328.0,58805.0,1.261577743,1.261577753,1.261577742,1.261577752,1.01,3.15,1.01,1.85,2.92,110.0,1.01,1.52,2.16,3.05,1.48,1.86,1.35,1.64,1.45,1.79,1.2,1.57,1.261577734,1.261577746,1.261577747,1.261577757
Brazilian Serie C,2026-08-29,17:00:00,Barra FC,Volta Redonda,1.59,2.08,4.6,9.6,2.92,3.95,1.5,1.84,2.2,3.0,1.01,1000.0,1.01,1000.0,1.01,1000.0,1.01,1000.0,1.01,1000.0,1.01,1000.0,1.01,1000.0,1.01,1000.0,1.01,1000.0,1.01,1000.0,1.01,1000.0,1.01,1000.0,1.01,1000.0,1.01,1000.0,1.01,1000.0,1.01,1000.0,1.01,1000.0,1.01,1000.0,1.01,1000.0,1.01,1000.0,1.01,1000.0,35987137,14090130.0,1040271.0,58805.0,1.261576842,1.261576852,1.261576841,1.261576851,1.01,1000.0,1.41,1.76,2.36,110.0,1.01,1.74,2.36,90.0,1.02,1.74,1.12,1.28,1.92,2.68,1.33,1.53,1.261576833,1.261576845,1.261576846,1.261576856
Brazilian Serie C,2026-08-29,17:00:00,Amazonas FC,Ypiranga RS,2.08,2.64,3.6,5.6,2.54,4.2,1.54,1.99,2.02,2.82,1.01,1000.0,1.01,1000.0,1.01,1000.0,1.01,1000.0,1.01,1000.0,1.01,1000.0,1.01,1000.0,1.01,1000.0,1.01,1000.0,1.01,1000.0,1.01,1000.0,1.01,1000.0,1.01,1000.0,1.01,1000.0,1.01,1000.0,1.01,1000.0,1.01,1000.0,1.01,1000.0,1.01,1000.0,1.01,1000.0,1.01,1000.0,35987078,27728928.0,14164973.0,58805.0,1.261577282,1.261577292,1.261577281,1.261577291,1.01,1000.0,1.38,1.73,2.48,110.0,1.01,1.68,2.48,90.0,1.02,1.68,1.21,1.39,1.6,1.93,1.31,1.65,1.261577273,1.261577285,1.261577286,1.261577296
Brazilian Serie C,2026-08-29,17:00:00,SER Caxias do Sul,Inter Limeira,2.0,2.06,4.4,5.0,3.15,3.45,1.46,2.24,1.8,3.2,1.93,2.58,1.63,2.08,1.01,11.0,1.01,14.5,1.01,40.0,1.01,150.0,5.2,8.2,5.6,9.0,1.01,24.0,1.01,85.0,8.6,14.0,8.4,13.5,17.5,29.0,1.01,120.0,1.01,34.0,1.01,36.0,1.01,70.0,1.01,230.0,1.01,32.0,1.01,150.0,1.01,1000.0,35987110,5278233.0,1053183.0,58805.0,1.261577062,1.261577072,1.261577061,1.261577071,1.01,1000.0,1.43,1.85,7.8,110.0,1.01,1.15,2.76,100.0,1.02,1.57,1.25,1.29,1.94,2.0,1.4,1.46,1.261577053,1.261577065,1.261577066,1.261577076
Brazilian Serie C,2026-08-29,17:00:00,Anapolis GO,Santa Cruz PE,2.26,3.25,2.72,3.95,2.6,5.3,1.47,1.88,2.12,3.15,1.01,1000.0,1.01,1000.0,1.01,1000.0,1.01,1000.0,1.01,1000.0,1.01,1000.0,1.01,1000.0,1.01,1000.0,1.01,1000.0,1.01,1000.0,1.01,1000.0,1.01,1000.0,1.01,1000.0,1.01,1000.0,1.01,1000.0,1.01,1000.0,1.01,1000.0,1.01,1000.0,1.01,1000.0,1.01,1000.0,1.01,1000.0,35987077,16829788.0,6132724.0,58805.0,1.261577612,1.261577622,1.261577611,1.261577621,1.01,1000.0,1.43,1.78,3.1,110.0,1.01,1.47,2.3,3.3,1.43,1.76,1.33,1.59,1.44,1.8,1.24,1.63,1.261577603,1.261577615,1.261577616,1.261577626
Uruguayan Primera Division,2026-08-29,17:00:00,Defensor Sporting,Torque,2.82,4.1,2.16,2.88,3.1,950.0,1.6,1.89,2.12,2.68,1.79,2.36,1.01,1000.0,8.6,13.0,7.0,10.5,11.5,17.5,27.0,42.0,8.6,13.0,5.8,8.6,9.2,14.0,23.0,36.0,17.0,27.0,11.0,17.0,14.5,23.0,36.0,60.0,48.0,75.0,34.0,55.0,44.0,70.0,90.0,150.0,38.0,60.0,21.0,34.0,1.01,1000.0,35975810,1222679.0,9459683.0,58805.0,1.261463032,1.261463043,1.261463031,1.261463041,1.01,1000.0,1.38,1.68,1.01,110.0,1.01,110.0,2.6,3.75,1.37,1.63,1.53,1.87,1.33,1.55,1.05,1.48,1.261463022,1.261463035,1.261463036,1.261463047
Argentinian Primera Division,2026-08-29,17:00:00,Rosario Central,Gimnasia La Plata,1.76,1.82,5.8,6.4,3.5,3.8,1.6,1.71,2.42,2.68,2.24,2.5,1.67,1.81,9.0,12.5,13.0,19.0,25.0,55.0,6.2,1000.0,5.7,7.8,7.4,10.0,21.0,30.0,6.0,1000.0,8.0,11.5,9.6,13.0,22.0,28.0,6.0,1000.0,16.5,24.0,19.5,28.0,30.0,65.0,6.2,1000.0,15.0,21.0,6.2,1000.0,5.7,1000.0,35949500,220949.0,1213581.0,58805.0,1.261204241,1.261204251,1.261204240,1.261204250,1.01,110.0,1.01,110.0,8.2,12.5,1.09,1.14,2.84,3.05,1.49,1.55,1.18,1.21,2.2,2.32,1.35,1.4,1.261204232,1.261204244,1.261204245,1.261204255
Brazilian Serie C,2026-08-29,17:00:00,Guarani,Brusque FC,1.53,1.8,5.5,14.5,3.75,6.2,1.78,2.3,1.76,2.28,1.01,1000.0,1.01,1000.0,1.01,1000.0,1.01,1000.0,1.01,1000.0,1.01,1000.0,1.01,1000.0,1.01,1000.0,1.01,1000.0,1.01,1000.0,1.01,1000.0,1.01,1000.0,1.01,1000.0,1.01,1000.0,1.01,1000.0,1.01,1000.0,1.01,1000.0,1.01,1000.0,1.01,1000.0,1.01,1000.0,1.01,1000.0,35987133,200603.0,6168045.0,58805.0,1.261576952,1.261576962,1.261576951,1.261576961,2.6,4.2,1.01,1000.0,2.88,110.0,1.01,1.42,2.88,90.0,1.3,1.42,1.08,1.23,2.24,2.9,1.2,1.37,1.261576943,1.261576955,1.261576956,1.261576966
Colombian Primera B,2026-08-29,17:30:00,Atletico FC Cali,Bogota,2.98,3.7,2.22,2.56,3.3,4.7,1.66,1.88,2.14,2.5,1.01,1000.0,1.01,1000.0,1.01,1000.0,1.01,1000.0,1.01,1000.0,1.01,1000.0,1.01,1000.0,1.01,1000.0,1.01,1000.0,1.01,1000.0,1.01,1000.0,1.01,1000.0,1.01,1000.0,1.01,1000.0,1.01,1000.0,1.01,1000.0,1.01,1000.0,1.01,1000.0,1.01,1000.0,1.01,1000.0,1.01,1000.0,35988904,18225671.0,5340538.0,58805.0,1.261601977,1.261601980,1.261602024,1.261602025,1.01,1000.0,1.01,1000.0,4.9,970.0,1.07,1.15,3.05,110.0,1.38,1.48,1.64,1.82,1.37,1.51,1.27,1.43,1.261602026,1.261601987,1.261601978,1.261601979
Peruvian Primera Division,2026-08-29,17:30:00,UTC Cajamarca,Universitario de Deportes,3.5,4.6,2.02,2.4,3.15,5.1,1.7,2.0,2.0,2.42,1.01,1000.0,1.01,1000.0,1.01,1000.0,1.01,1000.0,1.01,1000.0,1.01,1000.0,1.01,1000.0,1.01,1000.0,1.01,1000.0,1.01,1000.0,1.01,1000.0,1.01,1000.0,1.01,1000.0,1.01,1000.0,1.01,1000.0,1.01,1000.0,1.01,1000.0,1.01,1000.0,1.01,1000.0,1.01,1000.0,1.01,1000.0,35982110,7028659.0,3636903.0,58805.0,1.261534805,1.261534808,1.261534852,1.261534853,1.01,1000.0,1.01,1000.0,2.9,110.0,1.01,1.53,2.9,100.0,1.35,1.53,1.71,1.99,1.28,1.4,1.28,1.46,1.261534854,1.261534815,1.261534806,1.261534807
US MLS,2026-08-29,17:30:00,Seattle Sounders,Chicago Fire,2.94,3.0,2.36,2.42,4.0,4.2,2.54,2.62,1.61,1.65,1.55,1.6,2.68,2.8,17.5,23.0,13.5,15.0,17.0,19.5,29.0,38.0,15.0,17.0,8.6,9.6,10.5,11.5,20.0,23.0,21.0,28.0,12.0,13.0,13.5,15.5,25.0,34.0,44.0,55.0,26.0,34.0,28.0,32.0,48.0,60.0,17.0,19.0,11.5,14.5,11.5,430.0,35971988,4019787.0,226469.0,58805.0,1.261424501,1.261424511,1.261424500,1.261424510,4.1,4.4,1.29,1.32,21.0,36.0,1.04,1.05,5.5,5.9,1.2,1.22,1.7,1.74,1.5,1.52,1.31,1.34,1.261424492,1.261424504,1.261424505,1.261424515
Colombian Primera B,2026-08-29,17:30:00,Real Santander,Internacional de Palmira,3.45,5.1,2.0,2.12,3.0,4.8,1.64,2.12,1.89,2.58,1.81,2.0,2.0,2.24,9.4,15.5,6.8,11.0,10.0,16.5,20.0,36.0,9.6,16.0,5.9,9.4,8.0,13.5,18.0,30.0,19.5,34.0,11.5,19.5,13.5,23.0,1.01,50.0,1.01,95.0,1.01,60.0,1.01,75.0,1.01,140.0,1.01,65.0,14.0,24.0,1.01,1000.0,35988907,5690632.0,65615688.0,58805.0,1.261602733,1.261602736,1.261602780,1.261602781,1.01,1000.0,1.01,1000.0,3.3,36.0,1.03,1.43,3.3,34.0,1.33,1.43,1.89,2.0,1.27,1.41,1.27,1.42,1.261602782,1.261602743,1.261602734,1.261602735
Ecuadorian Serie A,2026-08-29,18:00:00,Guayaquil City,LDU,3.65,4.1,2.14,2.32,3.25,3.6,1.79,1.94,2.06,2.28,1.01,2.06,1.01,1000.0,1.01,1000.0,1.01,1000.0,1.01,1000.0,1.01,1000.0,1.01,1000.0,1.01,1000.0,1.01,1000.0,1.01,1000.0,1.01,1000.0,1.01,1000.0,1.01,1000.0,1.01,1000.0,1.01,1000.0,1.01,1000.0,1.01,1000.0,1.01,1000.0,1.01,1000.0,1.01,1000.0,1.01,1000.0,35977346,15116449.0,474678.0,58805.0,1.261480025,1.261480036,1.261480024,1.261480035,1.01,1000.0,1.35,1.64,3.15,110.0,1.09,1.46,3.15,110.0,1.36,1.46,1.76,1.88,1.32,1.38,1.38,1.45,1.261480015,1.261480028,1.261480029,1.261480040
Colombian Primera A,2026-08-29,18:25:00,Jaguares de Cordoba,America de Cali S.A,5.0,5.8,1.83,1.97,3.1,3.95,1.68,2.02,1.98,2.48,1.96,2.38,1.73,2.06,2.34,1000.0,1.91,10.5,2.04,16.0,2.18,32.0,10.0,21.0,1.94,11.5,2.0,14.5,2.18,32.0,23.0,55.0,2.16,29.0,2.18,32.0,2.26,65.0,2.34,1000.0,2.28,100.0,2.34,1000.0,2.34,1000.0,2.34,1000.0,10.5,25.0,2.34,1000.0,35984351,7055314.0,26076470.0,58805.0,1.261553220,1.261553223,1.261553267,1.261553268,1.01,110.0,1.01,110.0,3.05,970.0,1.07,1.47,3.1,3.5,1.4,1.48,2.02,2.22,1.21,1.25,1.33,1.47,1.261553269,1.261553230,1.261553221,1.261553222
Paraguayan Primera Division,2026-08-29,18:30:00,Deportivo Recoleta,Olimpia,0.0,0.0,0.0,0.0,0.0,0.0,1.25,970.0,1.26,6.0,1.01,1000.0,1.01,1000.0,1.01,1000.0,1.01,1000.0,1.01,1000.0,1.01,1000.0,1.01,1000.0,1.01,1000.0,1.01,1000.0,1.01,1000.0,1.01,1000.0,1.01,1000.0,1.01,1000.0,1.01,1000.0,1.01,1000.0,1.01,1000.0,1.01,1000.0,1.01,1000.0,1.01,1000.0,1.01,1000.0,1.01,1000.0,35980967,0.0,0.0,0.0,0.0,1.261526061,1.261526050,1.261526060,1.01,1000.0,1.01,1000.0,1.01,1000.0,1.01,970.0,1.26,110.0,1.26,5.0,1.01,1000.0,1.01,1000.0,1.01,1000.0,1.261526042,1.261526054,1.261526055,1.261526065
Chilean Primera B,2026-08-29,18:30:00,Union Espanola,CSD Rangers,2.02,2.34,2.9,3.95,3.6,6.4,1.98,2.26,1.79,2.04,1.01,1000.0,1.01,1000.0,1.01,1000.0,1.01,1000.0,1.01,1000.0,1.01,1000.0,1.01,1000.0,1.01,1000.0,1.01,1000.0,1.01,1000.0,1.01,1000.0,1.01,1000.0,1.01,1000.0,1.01,1000.0,1.01,1000.0,1.01,1000.0,1.01,1000.0,1.01,1000.0,1.01,1000.0,1.01,1000.0,1.01,1000.0,35987174,1388376.0,12678261.0,58805.0,1.261578503,1.261578513,1.261578502,1.261578512,1.01,1000.0,1.29,1.58,3.55,26.0,1.04,1.35,3.55,26.0,1.04,1.35,1.34,1.53,1.74,1.99,1.19,1.39,1.261578494,1.261578506,1.261578507,1.261578517
Brazilian Serie B,2026-08-29,18:30:00,Botafogo SP,Cuiaba,2.12,2.34,4.0,4.9,1.1,3.25,1.53,1.62,2.6,5.0,2.14,2.48,1.67,1.87,7.6,9.8,9.8,13.0,4.5,34.0,5.0,130.0,6.2,8.0,6.4,8.4,16.0,22.0,4.9,85.0,9.6,14.5,10.0,13.5,4.4,28.0,5.0,120.0,4.5,38.0,4.5,38.0,4.8,75.0,5.1,230.0,4.5,38.0,5.0,130.0,5.2,1000.0,35982383,4435648.0,5327095.0,58805.0,1.261540535,1.261540538,1.261540582,1.261540583,2.32,2.82,1.54,1.75,2.58,110.0,1.01,1.2,2.5,100.0,1.01,1.63,1.27,1.34,1.75,1.89,1.44,1.56,1.261540584,1.261540545,1.261540536,1.261540537
Chilean Primera Division,2026-08-29,18:30:00,Deportes Limache,Everton De Vina,2.28,2.5,2.92,3.35,3.7,4.2,2.16,2.46,1.69,1.85,1.01,1.77,1.01,2.66,1.01,1000.0,1.01,1000.0,1.01,1000.0,1.01,1000.0,1.01,1000.0,1.01,1000.0,1.01,1000.0,1.01,1000.0,1.01,1000.0,1.01,1000.0,1.01,1000.0,1.01,1000.0,1.01,1000.0,1.01,1000.0,1.01,1000.0,1.01,1000.0,1.01,1000.0,1.01,1000.0,1.01,1000.0,35981115,7391333.0,3677851.0,58805.0,1.261529005,1.261529015,1.261529004,1.261529014,1.01,1000.0,1.01,1000.0,4.2,110.0,1.01,1.3,4.2,5.9,1.2,1.3,1.43,1.52,1.67,1.78,1.31,1.37,1.261528996,1.261529008,1.261529009,1.261529019
Brazilian Serie A,2026-08-29,18:30:00,Atletico MG,EC Vitoria Salvador,1.78,1.84,5.3,5.8,3.65,3.9,1.82,1.91,2.1,2.24,1.99,2.08,1.93,2.02,11.5,15.0,14.0,17.5,7.0,46.0,7.6,180.0,7.0,7.8,7.6,8.6,18.5,23.0,7.4,100.0,8.8,10.5,9.2,10.5,18.5,23.0,7.4,100.0,16.5,23.0,17.0,24.0,7.0,44.0,7.6,160.0,11.5,16.0,7.6,130.0,8.0,1000.0,35953384,361329.0,5336581.0,58805.0,1.261252504,1.261252514,1.261252503,1.261252513,1.01,110.0,1.01,110.0,10.5,13.0,1.08,1.1,3.4,3.7,1.37,1.41,1.2,1.23,2.18,2.28,1.36,1.38,1.261252495,1.261252507,1.261252508,1.261252518
Argentinian Primera Division,2026-08-29,19:00:00,CA Huracan,Estudiantes Rio Cuarto,1.6,1.67,7.8,10.5,3.6,4.1,1.45,1.6,2.68,3.2,1.01,1000.0,1.01,110.0,1.01,970.0,1.11,1000.0,1.11,1000.0,1.11,1000.0,1.11,1000.0,1.11,1000.0,1.11,1000.0,1.11,1000.0,1.11,1000.0,1.11,1000.0,1.11,1000.0,1.11,1000.0,1.11,1000.0,1.11,1000.0,1.11,1000.0,1.11,1000.0,1.11,1000.0,1.11,1000.0,1.11,1000.0,35950859,12545982.0,10891028.0,58805.0,1.261237491,1.261237501,1.261237490,1.261237500,1.01,110.0,1.01,110.0,1.01,110.0,1.01,1.38,2.44,3.0,1.56,1.69,1.12,1.15,2.48,2.68,1.34,1.39,1.261237482,1.261237494,1.261237495,1.261237505
Colombian Primera B,2026-08-29,19:30:00,Real Cartagena,Tigres FC Zipaquira,1.19,1.41,11.0,1000.0,5.0,14.5,1.86,2.52,1.66,2.16,1.01,1000.0,1.01,1000.0,1.01,1000.0,1.01,1000.0,1.01,1000.0,1.01,1000.0,1.01,1000.0,1.01,1000.0,1.01,1000.0,1.01,1000.0,1.01,1000.0,1.01,1000.0,1.01,1000.0,1.01,1000.0,1.01,1000.0,1.01,1000.0,1.01,1000.0,1.01,1000.0,1.01,1000.0,1.01,1000.0,1.01,1000.0,35988913,5284704.0,10823054.0,58805.0,1.261665117,1.261665121,1.261665166,1.261665167,1.01,1000.0,1.01,1000.0,2.76,110.0,1.01,1.57,2.76,100.0,1.23,1.57,1.01,1.1,3.45,6.2,1.07,1.25,1.261665168,1.261665128,1.261665118,1.261665119
Brazilian Serie A,2026-08-29,20:00:00,Sao Paulo,Red Bull Bragantino,2.26,2.34,3.65,3.85,3.25,3.45,1.71,1.78,2.28,2.42,1.93,2.1,1.9,2.08,9.6,13.5,10.0,14.0,17.0,32.0,4.3,95.0,7.4,10.0,6.8,9.2,14.0,19.5,4.3,65.0,12.0,17.0,10.0,14.0,17.5,24.0,4.3,80.0,4.1,40.0,4.1,36.0,4.3,60.0,4.5,160.0,17.5,30.0,4.3,75.0,4.3,1000.0,35953447,198126.0,71387076.0,58805.0,1.261252614,1.261252624,1.261252613,1.261252623,2.68,110.0,1.01,1.59,9.2,12.5,1.1,1.12,3.05,3.3,1.44,1.48,1.35,1.38,1.74,1.79,1.4,1.45,1.261252605,1.261252617,1.261252618,1.261252628
Mexican Liga MX,2026-08-29,20:00:00,Pachuca,Guadalajara,3.45,3.7,2.16,2.24,3.6,3.85,2.1,2.18,1.86,1.9,1.71,1.79,2.28,2.42,2.98,1000.0,9.2,14.5,11.0,19.0,20.0,40.0,11.0,22.0,7.2,10.0,9.0,14.0,2.72,32.0,2.76,36.0,11.0,22.0,12.0,25.0,2.8,48.0,2.88,90.0,2.82,55.0,2.84,65.0,2.9,100.0,18.0,48.0,11.5,18.5,2.98,1000.0,35970033,328954.0,230909.0,58805.0,1.261399894,1.261399904,1.261399893,1.261399903,3.0,4.1,1.32,1.49,13.5,18.0,1.06,1.08,4.2,4.6,1.29,1.32,1.8,1.87,1.37,1.41,1.35,1.39,1.261399885,1.261399897,1.261399898,1.261399908
Mexican Liga MX,2026-08-29,20:00:00,Atlas,Queretaro,2.2,2.3,3.65,3.8,3.4,3.6,1.98,2.06,1.96,2.02,1.76,1.84,2.2,2.32,12.0,17.0,12.0,16.0,19.5,30.0,5.5,80.0,8.8,11.5,7.0,8.6,12.5,17.5,5.7,50.0,11.0,15.5,9.8,13.0,14.5,20.0,5.5,60.0,21.0,34.0,18.0,28.0,5.6,44.0,5.5,110.0,15.0,18.5,5.6,48.0,5.7,1000.0,35970030,328950.0,328926.0,58805.0,1.261396951,1.261396957,1.261397001,1.261397002,3.0,110.0,1.01,1.5,12.0,15.5,1.07,1.09,3.9,4.2,1.31,1.35,1.35,1.38,1.78,1.84,1.38,1.42,1.261397003,1.261396964,1.261396955,1.261396956
US MLS,2026-08-29,20:30:00,Toronto FC,New York City,2.54,2.64,2.78,2.9,3.7,3.95,2.3,2.38,1.73,1.77,1.62,1.66,2.52,2.62,17.5,21.0,13.0,15.5,17.5,22.0,25.0,44.0,12.0,14.0,8.0,8.8,11.5,13.5,18.5,29.0,16.0,19.5,10.5,12.5,13.5,16.0,22.0,36.0,23.0,42.0,21.0,26.0,21.0,34.0,32.0,1000.0,15.0,18.0,17.0,20.0,10.5,580.0,35973470,2362969.0,9280784.0,58805.0,1.261437156,1.261437166,1.261437155,1.261437165,3.75,4.0,1.33,1.36,17.5,21.0,1.05,1.06,4.8,5.2,1.24,1.26,1.52,1.56,1.61,1.65,1.33,1.37,1.261437147,1.261437159,1.261437160,1.261437170
Colombian Primera A,2026-08-29,20:30:00,Junior FC Barranquilla,Santa Fe,2.0,2.06,4.3,4.4,3.45,3.65,1.66,1.95,2.06,2.5,1.8,970.0,1.01,1000.0,1.01,1000.0,1.01,1000.0,1.01,1000.0,1.01,1000.0,1.01,1000.0,1.01,1000.0,1.01,1000.0,1.01,1000.0,1.01,1000.0,1.01,1000.0,1.01,1000.0,1.01,1000.0,1.01,1000.0,1.01,1000.0,1.01,1000.0,1.01,1000.0,1.01,1000.0,1.01,1000.0,1.01,1000.0,35984357,22018255.0,4908158.0,58805.0,1.261553328,1.261553331,1.261553375,1.261553376,1.01,110.0,1.01,110.0,2.94,18.0,1.06,1.52,2.94,17.5,1.39,1.52,1.29,1.31,1.94,2.0,1.37,1.41,1.261553377,1.261553338,1.261553329,1.261553330
US MLS,2026-08-29,20:30:00,Atlanta Utd,Charlotte FC,2.48,2.56,2.86,2.96,3.75,3.95,2.48,2.56,1.64,1.68,1.55,1.61,2.64,2.8,20.0,28.0,14.5,19.5,15.5,28.0,25.0,55.0,13.5,17.5,8.4,9.2,11.5,15.0,18.5,34.0,17.0,24.0,10.5,12.5,13.0,18.0,21.0,34.0,22.0,44.0,20.0,29.0,19.5,36.0,28.0,70.0,13.0,17.5,15.5,21.0,6.0,490.0,35973472,12592557.0,42741188.0,58805.0,1.261437044,1.261437054,1.261437043,1.261437053,4.0,4.3,1.3,1.33,18.0,26.0,1.04,1.06,5.4,5.8,1.21,1.23,1.51,1.54,1.64,1.68,1.34,1.37,1.261437035,1.261437047,1.261437048,1.261437058
US MLS,2026-08-29,20:30:00,Inter Miami CF,CF Montreal,1.39,1.41,7.6,8.4,5.9,6.4,4.3,4.5,1.29,1.31,1.5,1.54,2.88,3.0,30.0,70.0,28.0,65.0,9.8,110.0,10.0,1000.0,18.0,22.0,14.5,17.5,21.0,34.0,9.6,95.0,13.5,16.0,10.5,13.0,16.5,20.0,28.0,65.0,14.0,16.5,11.5,13.5,18.5,22.0,27.0,60.0,3.15,3.4,26.0,55.0,10.0,1000.0,35971987,27785243.0,42741189.0,58805.0,1.261424391,1.261424401,1.261424390,1.261424400,6.0,6.8,1.17,1.2,34.0,110.0,1.01,1.02,11.0,12.5,1.09,1.1,1.13,1.15,3.4,3.6,1.18,1.21,1.261424382,1.261424394,1.261424395,1.261424405
US MLS,2026-08-29,20:30:00,New York Red Bulls,Philadelphia,3.1,3.25,2.2,2.28,4.1,4.4,3.3,3.45,1.41,1.43,1.4,1.44,3.3,3.5,23.0,38.0,18.0,21.0,19.0,22.0,21.0,34.0,20.0,25.0,10.0,11.5,10.5,12.0,16.0,18.5,21.0,32.0,13.0,14.5,12.0,13.5,19.5,22.0,30.0,60.0,18.5,28.0,18.0,26.0,23.0,40.0,13.5,14.5,7.8,8.4,15.5,1000.0,35972063,2362970.0,4589333.0,58805.0,1.261426484,1.261426494,1.261426483,1.261426493,5.0,5.4,1.23,1.25,26.0,55.0,1.02,1.04,7.8,8.6,1.13,1.15,1.79,1.84,1.45,1.48,1.29,1.33,1.261426475,1.261426487,1.261426488,1.261426498
US MLS,2026-08-29,20:30:00,DC Utd,Los Angeles FC,3.75,3.95,2.02,2.04,4.0,4.2,2.36,2.44,1.69,1.73,1.63,1.68,2.48,2.58,19.0,21.0,11.0,12.0,13.0,14.5,23.0,25.0,16.5,18.5,8.4,9.4,9.4,10.5,17.0,19.0,27.0,32.0,14.0,16.0,14.5,15.5,25.0,28.0,60.0,70.0,36.0,40.0,38.0,42.0,55.0,70.0,27.0,32.0,10.0,11.0,17.5,590.0,35972282,436099.0,17268707.0,58805.0,1.261428605,1.261428615,1.261428604,1.261428614,3.85,4.1,1.32,1.35,18.0,21.0,1.05,1.06,5.0,5.3,1.23,1.25,1.96,1.99,1.34,1.37,1.31,1.34,1.261428596,1.261428608,1.261428609,1.261428619
Chilean Primera B,2026-08-29,21:00:00,Deportes Iquique,San Luis,1.79,2.32,3.2,5.3,3.45,8.8,1.86,2.3,1.78,2.16,1.01,1000.0,1.01,1000.0,1.01,1000.0,1.01,1000.0,1.01,1000.0,1.01,1000.0,1.01,1000.0,1.01,1000.0,1.01,1000.0,1.01,1000.0,1.01,1000.0,1.01,1000.0,1.01,1000.0,1.01,1000.0,1.01,1000.0,1.01,1000.0,1.01,1000.0,1.01,1000.0,1.01,1000.0,1.01,1000.0,1.01,1000.0,35993157,5271441.0,328915.0,58805.0,1.261659043,1.261659053,1.261659042,1.261659052,1.01,1000.0,1.01,1000.0,3.25,110.0,1.01,1.35,3.25,100.0,1.01,1.35,1.23,1.45,1.76,2.26,1.15,1.41,1.261659034,1.261659046,1.261659047,1.261659057
Ecuadorian Serie A,2026-08-29,21:00:00,Manta FC,Barcelona (Ecu),3.85,5.7,1.93,2.2,2.92,4.2,1.47,1.78,2.28,3.15,1.01,2.6,1.01,1000.0,1.01,1000.0,1.01,1000.0,1.01,1000.0,1.01,1000.0,1.01,1000.0,1.01,1000.0,1.01,1000.0,1.01,1000.0,1.01,1000.0,1.01,1000.0,1.01,1000.0,1.01,1000.0,1.01,1000.0,1.01,1000.0,1.01,1000.0,1.01,1000.0,1.01,1000.0,1.01,1000.0,1.01,1000.0,35972061,5366102.0,13749040.0,58805.0,1.261426374,1.261426384,1.261426373,1.261426383,1.01,1000.0,1.01,1.74,2.3,110.0,1.1,1.77,2.3,3.2,1.45,1.77,1.83,2.08,1.21,1.36,1.4,1.52,1.261426365,1.261426377,1.261426378,1.261426388
Chilean Primera Division,2026-08-29,21:00:00,Nublense,Deportes Concepcion,2.08,2.28,3.65,4.4,3.2,3.75,1.79,1.99,2.0,2.28,1.71,970.0,1.01,1000.0,1.01,1000.0,1.01,1000.0,1.01,1000.0,1.01,1000.0,1.01,1000.0,1.01,1000.0,1.01,1000.0,1.01,1000.0,1.01,1000.0,1.01,1000.0,1.01,1000.0,1.01,1000.0,1.01,1000.0,1.01,1000.0,1.01,1000.0,1.01,1000.0,1.01,1000.0,1.01,1000.0,1.01,1000.0,35970329,3303740.0,5704675.0,58805.0,1.261400987,1.261400997,1.261400986,1.261400996,2.62,4.0,1.33,1.62,9.6,13.5,1.08,1.12,3.35,4.2,1.34,1.42,1.3,1.38,1.78,1.93,1.36,1.46,1.261400978,1.261400990,1.261400991,1.261401001
Brazilian Serie A,2026-08-29,21:20:00,Vasco Da Gama,Cruzeiro MG,2.3,2.34,3.45,3.65,3.35,3.55,1.82,1.9,2.12,2.22,1.86,1.93,2.08,2.16,11.0,13.0,11.0,14.5,21.0,28.0,6.6,80.0,8.4,9.6,6.8,7.6,13.0,17.5,6.4,55.0,12.5,16.5,10.0,13.5,16.0,19.5,6.2,65.0,6.0,38.0,19.5,32.0,6.2,50.0,6.4,130.0,19.0,25.0,6.4,55.0,6.8,1000.0,35953445,198124.0,10901767.0,58805.0,1.261252724,1.261252734,1.261252723,1.261252733,1.01,110.0,1.01,110.0,9.2,110.0,1.08,1.11,3.4,3.95,1.35,1.4,1.37,1.41,1.74,1.77,1.39,1.43,1.261252715,1.261252727,1.261252728,1.261252738
US MLS,2026-08-29,21:30:00,Nashville SC,FC Cincinnati,1.84,1.9,4.1,4.3,4.2,4.6,2.7,2.8,1.56,1.59,1.58,1.61,2.64,2.74,18.5,28.0,20.0,24.0,22.0,38.0,11.0,1000.0,12.5,14.5,9.4,11.0,15.5,17.5,24.0,44.0,12.5,14.5,9.6,11.0,14.0,16.0,24.0,44.0,19.0,22.0,14.5,17.5,21.0,27.0,29.0,65.0,7.2,8.0,20.0,32.0,12.0,490.0,35972040,17790476.0,10962520.0,58805.0,1.261426088,1.261426098,1.261426087,1.261426097,4.3,4.6,1.28,1.31,22.0,55.0,1.03,1.05,6.0,6.4,1.18,1.2,1.3,1.33,2.1,2.2,1.28,1.32,1.261426079,1.261426091,1.261426092,1.261426102
Peruvian Primera Division,2026-08-29,21:30:00,Alianza Lima,Deportivo Garcilaso,1.34,1.48,3.15,140.0,4.1,110.0,1.84,2.08,1.92,2.18,1.01,1000.0,1.01,1000.0,1.01,1000.0,1.01,1000.0,1.01,1000.0,1.01,1000.0,1.01,1000.0,1.01,1000.0,1.01,1000.0,1.01,1000.0,1.01,1000.0,1.01,1000.0,1.01,1000.0,1.01,1000.0,1.01,1000.0,1.01,1000.0,1.01,1000.0,1.01,1000.0,1.01,1000.0,1.01,1000.0,1.01,1000.0,35976951,219457.0,12104874.0,58805.0,1.261473204,1.261473207,1.261473251,1.261473252,1.01,1000.0,1.01,1000.0,3.5,110.0,1.01,1.4,3.5,100.0,1.31,1.4,1.01,1.46,3.1,3.9,1.01,1.32,1.261473253,1.261473214,1.261473205,1.261473206
US MLS,2026-08-29,21:30:00,Kansas City,Vancouver Whitecaps,7.0,7.4,1.46,1.47,5.5,5.8,3.0,3.1,1.47,1.5,1.67,1.71,2.42,2.5,29.0,36.0,12.0,13.5,10.5,12.0,13.0,14.5,32.0,38.0,11.5,13.0,9.4,10.5,12.5,14.0,55.0,75.0,24.0,32.0,18.0,24.0,22.0,25.0,46.0,240.0,34.0,85.0,55.0,80.0,34.0,1000.0,32.0,80.0,4.6,4.9,55.0,600.0,35973474,171912.0,5383053.0,58805.0,1.261437637,1.261437647,1.261437636,1.261437646,4.6,5.0,1.25,1.28,26.0,55.0,1.02,1.04,6.8,7.4,1.16,1.18,3.1,3.2,1.15,1.17,1.21,1.23,1.261437628,1.261437640,1.261437641,1.261437651
Argentinian Primera Division,2026-08-29,21:30:00,Atl Tucuman,Belgrano,2.82,3.05,2.92,3.15,2.86,3.1,1.25,970.0,1.01,5.8,2.0,2.66,1.01,1.92,7.0,8.0,7.4,10.5,16.5,23.0,4.5,75.0,7.2,9.8,6.2,8.4,12.5,17.5,4.4,60.0,13.0,22.0,10.5,17.0,21.0,29.0,4.5,95.0,4.5,70.0,4.4,60.0,4.5,95.0,4.7,250.0,4.5,75.0,4.5,80.0,4.8,1000.0,35949497,5181445.0,1496989.0,58805.0,1.261204901,1.261205021,1.261205010,1.261205020,2.14,3.0,1.01,1000.0,1.01,1000.0,1.01,1000.0,2.46,2.78,1.56,1.68,1.01,1000.0,1.01,1000.0,1.01,1000.0,1.261205002,1.261205014,1.261204905,1.261205025
Argentinian Primera Division,2026-08-29,21:30:00,Talleres,Central Cordoba (SdE),1.37,1.82,5.8,7.6,3.1,100.0,1.6,970.0,1.01,2.66,1.01,1000.0,1.63,1.79,8.6,11.5,12.5,19.0,4.7,65.0,5.0,300.0,5.5,7.0,7.2,9.8,21.0,34.0,5.0,170.0,7.6,10.5,9.2,12.5,4.4,34.0,5.0,170.0,13.5,21.0,17.5,27.0,4.8,70.0,5.0,280.0,12.5,19.5,5.0,310.0,5.1,1000.0,35949498,194518.0,19641049.0,58805.0,1.261204791,1.261204691,1.261204790,1.261204690,1.01,110.0,1.01,110.0,1.01,110.0,1.09,1000.0,1.01,110.0,1.01,110.0,1.01,1000.0,1.01,1000.0,1.01,1000.0,1.261204782,1.261204684,1.261204795,1.261204805
US MLS,2026-08-29,21:30:00,Houston Dynamo,San Jose Earthquakes,1.72,1.75,5.1,5.4,4.1,4.4,2.56,2.64,1.61,1.64,1.63,1.69,2.46,2.6,21.0,25.0,21.0,26.0,24.0,48.0,12.0,1000.0,11.0,12.5,9.0,10.5,18.0,21.0,29.0,60.0,11.0,12.5,9.2,10.5,14.5,17.5,28.0,50.0,16.5,19.5,14.0,15.5,17.5,26.0,30.0,65.0,6.8,7.6,25.0,50.0,13.0,470.0,35972285,1432923.0,408102.0,58805.0,1.261428825,1.261428835,1.261428824,1.261428834,4.1,4.5,1.29,1.32,18.0,55.0,1.04,1.05,5.7,6.2,1.19,1.21,1.22,1.25,2.32,2.4,1.29,1.33,1.261428816,1.261428828,1.261428829,1.261428839
US MLS,2026-08-29,21:30:00,Minnesota Utd,Orlando City,1.83,1.88,4.1,4.4,4.3,4.6,2.92,3.05,1.49,1.52,1.51,1.55,2.82,2.96,21.0,36.0,21.0,27.0,23.0,85.0,10.5,1000.0,13.5,16.0,9.8,11.5,15.0,18.0,24.0,95.0,13.5,16.5,9.8,11.5,13.0,15.5,23.0,90.0,18.0,23.0,14.0,17.0,20.0,25.0,27.0,220.0,6.4,7.0,18.5,27.0,12.0,370.0,35972281,7533070.0,5640226.0,58805.0,1.261428935,1.261428945,1.261428934,1.261428944,4.6,5.0,1.25,1.28,22.0,55.0,1.03,1.04,6.6,7.4,1.15,1.18,1.29,1.33,2.12,2.22,1.27,1.31,1.261428926,1.261428938,1.261428939,1.261428949
Mexican Liga MX,2026-08-29,22:05:00,CF America,Puebla,1.44,1.45,7.4,8.2,5.3,5.6,2.3,2.54,1.65,1.76,1.94,2.04,1.97,2.06,19.0,23.0,18.0,29.0,32.0,75.0,11.0,310.0,8.6,12.0,10.5,12.5,26.0,32.0,40.0,120.0,8.2,10.0,9.2,13.0,21.0,26.0,38.0,110.0,11.0,14.5,13.0,15.5,27.0,34.0,42.0,1000.0,5.4,9.2,12.5,150.0,4.0,1000.0,35970238,328952.0,328956.0,58805.0,1.261399784,1.261399794,1.261399783,1.261399793,2.0,1000.0,1.01,2.0,14.5,36.0,1.04,1.07,4.5,5.6,1.23,1.28,1.13,1.15,3.2,3.3,1.21,1.24,1.261399775,1.261399787,1.261399788,1.261399798
Honduras Liga Nacional,2026-08-29,22:30:00,CD Motagua,Olancho,1.09,970.0,1.09,970.0,1.1,950.0,1.27,970.0,1.15,5.0,1.01,1000.0,1.01,1000.0,1.01,1000.0,1.01,1000.0,1.01,1000.0,1.01,1000.0,1.01,1000.0,1.01,1000.0,1.01,1000.0,1.01,1000.0,1.01,1000.0,1.01,1000.0,1.01,1000.0,1.01,1000.0,1.01,1000.0,1.01,1000.0,1.01,1000.0,1.01,1000.0,1.01,1000.0,1.01,1000.0,1.01,1000.0,35988668,2888928.0,38722450.0,58805.0,1.261595822,1.261595867,1.261595906,1.261595831,1.01,1000.0,1.01,1000.0,1.31,110.0,1.01,4.2,1.27,970.0,1.15,4.3,1.01,36.0,1.01,36.0,1.01,110.0,1.261595823,1.261595825,1.261595826,1.261595870
Colombian Primera A,2026-08-29,22:30:00,Alianza FC Valledupar,Atletico Nacional Medellin,4.1,5.0,2.0,2.18,2.92,3.65,1.72,1.94,2.06,2.52,1.01,970.0,1.01,970.0,1.01,1000.0,1.01,1000.0,1.01,1000.0,1.01,1000.0,1.01,1000.0,1.01,1000.0,1.01,1000.0,1.01,1000.0,1.01,1000.0,1.01,1000.0,1.01,1000.0,1.01,1000.0,1.01,1000.0,1.01,1000.0,1.01,1000.0,1.01,1000.0,1.01,1000.0,1.01,1000.0,1.01,1000.0,35989129,79102706.0,10632891.0,58805.0,1.261609986,1.261609996,1.261609985,1.261609995,1.01,110.0,1.01,110.0,1.01,110.0,1.01,1.68,1.01,3.6,1.38,1.64,1.85,2.0,1.25,1.32,1.37,1.52,1.261609977,1.261609989,1.261609990,1.261610000
US MLS,2026-08-29,22:30:00,Colorado,Real Salt Lake,1.98,2.0,3.85,4.0,4.0,4.2,2.42,2.48,1.67,1.71,1.61,1.65,2.54,2.64,19.0,22.0,17.0,19.5,28.0,32.0,32.0,80.0,11.0,12.5,8.4,9.4,14.5,16.5,36.0,90.0,12.5,14.5,9.6,10.5,14.5,16.0,36.0,44.0,22.0,25.0,16.5,18.5,25.0,29.0,55.0,70.0,9.6,11.0,27.0,32.0,17.5,550.0,35972287,171911.0,1101610.0,58805.0,1.261429155,1.261429165,1.261429154,1.261429164,3.95,4.2,1.31,1.34,18.5,25.0,1.04,1.06,5.1,5.5,1.22,1.24,1.33,1.36,2.0,2.04,1.31,1.34,1.261429146,1.261429158,1.261429159,1.261429169
US MLS,2026-08-29,23:30:00,Portland Timbers,Austin FC,1.64,1.68,5.1,5.5,4.6,5.0,2.78,2.9,1.53,1.56,1.62,1.65,2.54,2.62,20.0,34.0,18.0,27.0,26.0,60.0,9.4,140.0,12.0,16.0,10.0,14.0,18.5,22.0,28.0,70.0,11.5,16.0,9.2,10.5,15.0,17.5,26.0,65.0,15.5,17.5,13.5,18.5,16.5,26.0,32.0,80.0,5.8,6.2,25.0,55.0,9.8,520.0,35972288,4004854.0,39013198.0,58805.0,1.261429045,1.261429055,1.261429044,1.261429054,4.4,4.7,1.27,1.3,22.0,36.0,1.03,1.04,6.2,6.8,1.17,1.19,1.22,1.25,2.46,2.58,1.25,1.28,1.261429036,1.261429048,1.261429049,1.261429059
US MLS,2026-08-29,23:30:00,San Diego FC,LA Galaxy,1.86,1.89,4.0,4.3,4.3,4.6,2.96,3.1,1.48,1.51,1.51,1.54,2.86,2.96,21.0,32.0,21.0,27.0,32.0,80.0,10.5,1000.0,13.5,17.0,9.8,11.5,15.0,19.0,23.0,85.0,14.0,16.0,9.6,11.0,13.0,15.5,22.0,75.0,20.0,25.0,14.5,17.0,20.0,24.0,27.0,60.0,6.6,7.0,17.5,29.0,12.0,340.0,35972286,79351400.0,2658589.0,58805.0,1.261428715,1.261428725,1.261428714,1.261428724,4.6,5.0,1.25,1.28,22.0,55.0,1.03,1.04,6.8,7.4,1.16,1.17,1.31,1.34,2.12,2.18,1.27,1.3,1.261428706,1.261428718,1.261428719,1.261428729
