League,Date,Time,Home,Away,Odd_H_Back,Odd_H_Lay,Odd_A_Back,Odd_A_Lay,Odd_D_Back,Odd_D_Lay,Odd_Under25_FT_Back,Odd_Under25_FT_Lay,Odd_Over25_FT_Back,Odd_Over25_FT_Lay,Odd_BTTS_Yes_Back,Odd_BTTS_Yes_Lay,Odd_BTTS_No_Back,Odd_BTTS_No_Lay,Odd_CS_0x0_Back,Odd_CS_0x0_Lay,Odd_CS_0x1_Back,Odd_CS_0x1_Lay,Odd_CS_0x2_Back,Odd_CS_0x2_Lay,Odd_CS_0x3_Back,Odd_CS_0x3_Lay,Odd_CS_1x0_Back,Odd_CS_1x0_Lay,Odd_CS_1x1_Back,Odd_CS_1x1_Lay,Odd_CS_1x2_Back,Odd_CS_1x2_Lay,Odd_CS_1x3_Back,Odd_CS_1x3_Lay,Odd_CS_2x0_Back,Odd_CS_2x0_Lay,Odd_CS_2x1_Back,Odd_CS_2x1_Lay,Odd_CS_2x2_Back,Odd_CS_2x2_Lay,Odd_CS_2x3_Back,Odd_CS_2x3_Lay,Odd_CS_3x0_Back,Odd_CS_3x0_Lay,Odd_CS_3x1_Back,Odd_CS_3x1_Lay,Odd_CS_3x2_Back,Odd_CS_3x2_Lay,Odd_CS_3x3_Back,Odd_CS_3x3_Lay,Odd_CS_Goleada_H_Back,Odd_CS_Goleada_H_Lay,Odd_CS_Goleada_A_Back,Odd_CS_Goleada_A_Lay,Odd_CS_Goleada_D_Back,Odd_CS_Goleada_D_Lay,ID_Evento,ID_Home,ID_Away,ID_Draw,IDMercado_Match_Odds,IDMercado_Over/Under_25_Goals,IDMercado_Both_teams_to_Score,IDMercado_Correct_Score,Odd_Under05_HT_Back,Odd_Under05_HT_Lay,Odd_Over05_HT_Back,Odd_Over05_HT_Lay,Odd_Under05_FT_Back,Odd_Under05_FT_Lay,Odd_Over05_FT_Back,Odd_Over05_FT_Lay,Odd_Under15_FT_Back,Odd_Under15_FT_Lay,Odd_Over15_FT_Back,Odd_Over15_FT_Lay,Double_Chance_Home_or_Draw_Back,Double_Chance_Home_or_Draw_Lay,Double_Chance_Draw_or_Away_Back,Double_Chance_Draw_or_Away_Lay,Double_Chance_Home_or_Away_Back,Double_Chance_Home_or_Away_Lay,IDMercado_Double_Chance,IDMercado_First_Half_Goals_05,IDMercado_Over/Under_05_Goals,IDMercado_Over/Under_15_Goals
Mexican Liga MX,2026-09-20,00:15:00,CF America,Guadalajara,2.66,2.76,2.5,2.62,3.85,4.2,2.12,2.22,1.82,1.88,1.72,1.78,2.28,2.38,16.5,19.5,10.5,12.5,15.0,18.0,8.4,36.0,11.0,13.0,8.2,9.6,10.5,12.0,21.0,26.0,16.5,19.0,11.0,12.0,16.0,20.0,8.4,36.0,9.0,48.0,8.2,32.0,8.8,44.0,10.0,95.0,17.5,24.0,17.0,20.0,11.0,1000.0,36070130,328952.0,230909.0,58805.0,1.262410950,1.262410960,1.262410949,1.262410959,3.0,4.1,1.33,1.48,16.0,21.0,1.05,1.07,4.3,4.6,1.28,1.3,1.61,1.67,1.56,1.6,1.31,1.35,1.262410941,1.262410953,1.262410954,1.262410964
Japanese J League 3,2026-09-20,01:00:00,Kanazawa,Renofa Yamaguchi,1.1,110.0,1.1,110.0,1.1,900.0,1.26,110.0,1.31,4.9,1.01,1000.0,1.01,1000.0,1.01,1000.0,1.01,1000.0,1.01,1000.0,1.01,1000.0,1.01,1000.0,1.01,1000.0,1.01,1000.0,1.01,1000.0,1.01,1000.0,1.01,1000.0,1.01,1000.0,1.01,1000.0,1.01,1000.0,1.01,1000.0,1.01,1000.0,1.01,1000.0,1.01,1000.0,1.01,1000.0,1.01,1000.0,36083354,9280258.0,4233875.0,58805.0,1.262573644,1.262573654,1.262573643,1.262573653,1.01,1000.0,1.01,1000.0,1.27,110.0,1.01,110.0,1.26,100.0,1.01,4.9,1.04,970.0,1.04,970.0,1.01,110.0,1.262573635,1.262573647,1.262573648,1.262573658
Japanese J League,2026-09-20,05:00:00,G-Osaka,Kobe,3.25,4.0,2.22,2.4,3.1,3.75,1.82,2.02,1.98,2.22,1.73,2.0,2.0,2.36,9.0,970.0,7.0,16.5,9.0,970.0,1.44,1000.0,8.6,32.0,5.7,11.0,7.8,22.0,1.44,1000.0,1.44,1000.0,9.6,970.0,11.0,1000.0,1.44,1000.0,1.44,1000.0,1.44,1000.0,1.44,1000.0,1.44,1000.0,1.44,1000.0,10.5,1000.0,1.44,1000.0,36067433,441083.0,441082.0,58805.0,1.262370844,1.262370847,1.262370891,1.262370892,2.78,3.6,1.39,1.57,9.0,18.0,1.07,1.13,3.3,4.2,1.31,1.44,1.71,1.81,1.33,1.44,1.36,1.48,1.262370893,1.262370854,1.262370845,1.262370846
Japanese J League,2026-09-20,05:00:00,FC Machida,Kashiwa,2.58,2.92,2.7,3.05,3.1,3.85,1.86,2.0,2.0,2.18,1.74,1.89,2.12,2.36,9.6,46.0,8.0,23.0,11.0,1000.0,1.39,1000.0,7.8,21.0,5.6,10.5,8.4,27.0,1.39,1000.0,10.5,1000.0,8.2,25.0,11.0,1000.0,1.39,1000.0,1.39,1000.0,1.39,1000.0,1.39,1000.0,1.39,1000.0,1.39,1000.0,1.39,1000.0,1.39,1000.0,36067431,6207339.0,441080.0,58805.0,1.262370736,1.262370739,1.262370783,1.262370784,2.8,3.65,1.38,1.54,8.6,21.0,1.06,1.12,3.4,4.7,1.32,1.42,1.48,1.59,1.52,1.63,1.35,1.48,1.262370785,1.262370746,1.262370737,1.262370738
Japanese J League 2,2026-09-20,05:00:00,Tochigi Uva FC,Sendai,3.15,4.8,1.85,2.4,3.25,7.2,2.06,2.32,1.75,1.95,1.57,1.97,2.24,2.76,12.5,21.0,8.0,13.5,10.5,17.5,18.5,32.0,11.5,19.5,6.4,10.5,8.0,13.0,15.5,26.0,20.0,36.0,11.5,19.0,12.0,21.0,23.0,40.0,48.0,85.0,30.0,55.0,32.0,60.0,55.0,100.0,27.0,46.0,9.8,16.5,1.01,1000.0,36067544,9937190.0,442179.0,58805.0,1.262371501,1.262371504,1.262371548,1.262371549,2.86,4.5,1.28,1.54,12.0,21.0,1.05,1.09,4.1,4.9,1.25,1.33,1.71,2.18,1.26,1.47,1.17,1.45,1.262371550,1.262371511,1.262371502,1.262371503
Japanese J League 3,2026-09-20,05:00:00,Mio Biwako Shiga,FC Ryukyu,1.1,110.0,1.1,950.0,1.1,1000.0,1.25,4.5,1.29,5.0,1.01,1000.0,1.01,1000.0,1.01,1000.0,1.01,1000.0,1.01,1000.0,1.01,1000.0,1.01,1000.0,1.01,1000.0,1.01,1000.0,1.01,1000.0,1.01,1000.0,1.01,1000.0,1.01,1000.0,1.01,1000.0,1.01,1000.0,1.01,1000.0,1.01,1000.0,1.01,1000.0,1.01,1000.0,1.01,1000.0,1.01,1000.0,36078477,10244329.0,7379405.0,58805.0,1.262612262,1.262612265,1.262612309,1.262612310,1.01,1000.0,1.01,1000.0,1.01,110.0,1.01,110.0,1.25,110.0,1.01,4.9,1.02,110.0,1.02,110.0,1.01,110.0,1.262612311,1.262612272,1.262612263,1.262612264
Japanese J League 3,2026-09-20,05:00:00,Nagano Parceiro,FC Gifu,1.1,110.0,1.1,950.0,1.1,1000.0,1.25,100.0,1.3,5.0,1.01,1000.0,1.01,1000.0,1.01,1000.0,1.01,1000.0,1.01,1000.0,1.01,1000.0,1.01,1000.0,1.01,1000.0,1.01,1000.0,1.01,1000.0,1.01,1000.0,1.01,1000.0,1.01,1000.0,1.01,1000.0,1.01,1000.0,1.01,1000.0,1.01,1000.0,1.01,1000.0,1.01,1000.0,1.01,1000.0,1.01,1000.0,36078475,6641607.0,4270387.0,58805.0,1.262612372,1.262612375,1.262612419,1.262612420,1.01,1000.0,1.01,1000.0,1.25,110.0,1.01,4.9,1.25,100.0,1.01,4.9,1.02,110.0,1.02,970.0,1.01,110.0,1.262612421,1.262612382,1.262612373,1.262612374
Japanese J League 3,2026-09-20,05:00:00,Sagamihara,Kitakyushu,1.1,110.0,1.1,950.0,1.1,1000.0,1.25,100.0,1.02,5.0,1.01,1000.0,1.01,1000.0,1.01,1000.0,1.01,1000.0,1.01,1000.0,1.01,1000.0,1.01,1000.0,1.01,1000.0,1.01,1000.0,1.01,1000.0,1.01,1000.0,1.01,1000.0,1.01,1000.0,1.01,1000.0,1.01,1000.0,1.01,1000.0,1.01,1000.0,1.01,1000.0,1.01,1000.0,1.01,1000.0,1.01,1000.0,36078472,9339232.0,5026013.0,58805.0,1.262612147,1.262612150,1.262612194,1.262612195,1.01,1000.0,1.01,1000.0,1.01,110.0,1.01,970.0,1.25,100.0,1.01,4.9,1.02,110.0,1.02,970.0,1.01,110.0,1.262612196,1.262612157,1.262612148,1.262612149
Czech 2 Liga,2026-09-20,05:15:00,Zizkov,Trinec,1.64,1.91,3.2,5.6,4.0,110.0,2.16,2.68,1.59,1.87,1.01,1000.0,1.01,1000.0,1.01,1000.0,1.01,1000.0,1.01,1000.0,1.01,1000.0,1.01,1000.0,1.01,1000.0,1.01,1000.0,1.01,1000.0,1.01,1000.0,1.01,1000.0,1.01,1000.0,1.01,1000.0,1.01,1000.0,1.01,1000.0,1.01,1000.0,1.01,1000.0,1.01,1000.0,1.01,1000.0,1.01,1000.0,36075980,50333.0,2951815.0,58805.0,1.262609963,1.262609966,1.262610010,1.262610011,1.01,1000.0,1.01,1000.0,2.52,110.0,1.01,1.29,2.52,100.0,1.2,1.29,1.21,1.45,2.08,2.58,1.08,1.33,1.262610012,1.262609973,1.262609964,1.262609965
Slovakian 2 Liga,2026-09-20,05:30:00,MSK Zilina II,MSK Povazska Bystrica,2.46,3.0,2.46,3.0,3.45,5.3,2.3,2.84,1.54,1.77,1.01,1000.0,1.01,1000.0,1.01,1000.0,1.01,1000.0,1.01,1000.0,1.01,1000.0,1.01,1000.0,1.01,1000.0,1.01,1000.0,1.01,1000.0,1.01,1000.0,1.01,1000.0,1.01,1000.0,1.01,1000.0,1.01,1000.0,1.01,1000.0,1.01,1000.0,1.01,1000.0,1.01,1000.0,1.01,1000.0,1.01,1000.0,36082624,8795881.0,24136696.0,58805.0,1.262575636,1.262575646,1.262575635,1.262575645,1.01,1000.0,1.01,1000.0,4.7,110.0,1.01,1.28,4.7,100.0,1.01,1.28,1.5,1.68,1.5,1.69,1.23,1.41,1.262575627,1.262575639,1.262575640,1.262575650
Ukrainian Premier League,2026-09-20,07:00:00,FK Kudrivka,Kolos Kovalyovka,1.12,110.0,1.12,110.0,1.13,950.0,1.24,110.0,1.03,6.4,1.01,1000.0,1.01,1000.0,1.03,1000.0,1.03,1000.0,1.03,1000.0,1.03,1000.0,1.03,1000.0,1.03,1000.0,1.03,1000.0,1.03,1000.0,1.03,1000.0,1.03,1000.0,1.03,1000.0,1.03,1000.0,1.03,1000.0,1.03,1000.0,1.03,1000.0,1.03,1000.0,1.01,1000.0,1.01,1000.0,1.03,1000.0,36075746,72925573.0,10403841.0,58805.0,1.262475942,1.262475945,1.262475989,1.262475990,1.01,1000.0,1.01,1000.0,1.12,1000.0,1.02,970.0,1.25,110.0,1.03,6.0,1.04,26.0,1.04,26.0,1.01,110.0,1.262475991,1.262475952,1.262475943,1.262475944
Dutch Eredivisie,2026-09-20,07:15:00,Feyenoord,FC Utrecht,1.3,1.32,10.0,11.5,6.6,7.0,3.7,4.0,1.33,1.38,1.65,1.72,2.4,2.54,40.0,50.0,50.0,70.0,15.0,120.0,15.0,360.0,15.0,18.5,14.5,16.0,34.0,40.0,15.0,120.0,11.0,12.5,10.0,11.5,21.0,25.0,13.5,100.0,11.5,13.0,11.5,13.0,21.0,24.0,14.0,90.0,3.1,3.3,13.5,85.0,15.5,540.0,36041233,55264.0,50349.0,58805.0,1.262099107,1.262099110,1.262099154,1.262099155,1.01,110.0,1.16,1.25,34.0,55.0,1.02,1.03,9.4,10.0,1.11,1.12,1.09,1.11,4.0,4.4,1.16,1.18,1.262099156,1.262099117,1.262099108,1.262099109
Polish Ekstraklasa,2026-09-20,07:15:00,Piast Gliwice,Pogon Szczecin,2.32,2.68,2.96,3.45,3.25,4.4,2.22,2.5,1.66,1.82,1.54,1.69,2.46,2.84,11.5,1000.0,10.0,1000.0,1.01,1000.0,1.01,1000.0,9.0,38.0,6.2,12.5,9.0,1000.0,1.01,1000.0,10.5,1000.0,8.0,23.0,9.8,1000.0,1.01,1000.0,1.01,1000.0,1.01,1000.0,1.01,1000.0,1.01,1000.0,9.8,44.0,1.01,1000.0,1.01,1000.0,36067707,3157365.0,46953.0,58805.0,1.262374270,1.262374273,1.262374317,1.262374318,1.01,110.0,1.29,1.46,4.5,110.0,1.05,1.1,4.4,5.6,1.23,1.28,1.4,1.51,1.64,1.74,1.36,1.44,1.262374319,1.262374280,1.262374271,1.262374272
Italian Serie A,2026-09-20,07:30:00,Fiorentina,Napoli,3.4,3.45,2.34,2.38,3.45,3.55,2.02,2.08,1.93,1.98,1.74,1.77,2.28,2.36,13.5,14.5,10.0,11.0,14.5,16.0,28.0,32.0,12.5,14.0,7.4,7.8,10.5,11.5,22.0,24.0,22.0,24.0,13.0,14.5,14.5,16.5,32.0,36.0,50.0,60.0,32.0,38.0,40.0,55.0,36.0,85.0,30.0,40.0,16.0,18.5,95.0,1000.0,36041242,676467.0,676464.0,58805.0,1.262103120,1.262103104,1.262103119,1.262103129,3.3,3.5,1.4,1.43,13.5,15.0,1.07,1.08,4.1,4.3,1.31,1.32,1.72,1.75,1.4,1.42,1.39,1.41,1.262103122,1.262103124,1.262103125,1.262103107
Thai League 1,2026-09-20,08:00:00,Chonburi,Buriram Utd,5.6,7.2,1.51,1.84,3.1,6.4,2.14,3.05,1.49,1.87,1.01,1000.0,1.01,1000.0,1.01,1000.0,1.01,1000.0,1.01,1000.0,1.01,1000.0,1.01,1000.0,1.01,1000.0,1.01,1000.0,1.01,1000.0,1.01,1000.0,1.01,1000.0,1.01,1000.0,1.01,1000.0,1.01,1000.0,1.01,1000.0,1.01,1000.0,1.01,1000.0,1.01,1000.0,1.01,1000.0,1.01,1000.0,36078817,2899298.0,7039295.0,58805.0,1.262537335,1.262537338,1.262537382,1.262537383,1.01,1000.0,1.01,1000.0,4.3,110.0,1.01,1.3,4.3,100.0,1.18,1.3,2.18,2.98,1.16,1.22,1.2,1.47,1.262537384,1.262537345,1.262537336,1.262537337
Thai League 1,2026-09-20,08:00:00,Rayong FC,Ratchaburi,3.7,5.6,1.77,2.1,3.15,6.2,1.98,2.26,1.8,2.02,1.01,1000.0,1.01,1000.0,1.01,1000.0,1.01,1000.0,1.01,1000.0,1.01,1000.0,1.01,1000.0,1.01,1000.0,1.01,1000.0,1.01,1000.0,1.01,1000.0,1.01,1000.0,1.01,1000.0,1.01,1000.0,1.01,1000.0,1.01,1000.0,1.01,1000.0,1.01,1000.0,1.01,1000.0,1.01,1000.0,1.01,1000.0,36078870,7906034.0,7583019.0,58805.0,1.262539436,1.262539439,1.262539483,1.262539484,1.01,1000.0,1.29,1.57,1.02,110.0,1.01,1.36,1.01,100.0,1.25,1.36,1.9,2.3,1.22,1.38,1.2,1.47,1.262539485,1.262539446,1.262539437,1.262539438
Czech 1 Liga,2026-09-20,08:00:00,Hradec Kralove,Teplice,1.7,1.89,4.5,6.4,3.5,4.9,1.81,2.06,1.94,2.24,1.83,2.14,1.88,2.22,1.01,1000.0,1.01,1000.0,1.01,1000.0,1.01,1000.0,6.0,970.0,1.01,970.0,1.01,1000.0,1.01,1000.0,1.01,970.0,1.01,970.0,1.01,1000.0,1.01,1000.0,1.01,1000.0,1.01,1000.0,1.01,1000.0,1.01,1000.0,1.01,24.0,1.01,1000.0,1.01,1000.0,36068124,367579.0,174264.0,58805.0,1.262392394,1.262392404,1.262392393,1.262392403,2.66,110.0,1.36,1.6,3.45,55.0,1.03,1.12,3.5,4.5,1.3,1.4,1.19,1.28,2.12,2.42,1.26,1.4,1.262392385,1.262392397,1.262392398,1.262392408
Scottish Premiership,2026-09-20,08:00:00,Celtic,Rangers,2.34,2.36,3.1,3.2,3.9,4.0,2.6,2.72,1.58,1.62,1.53,1.57,2.76,2.9,21.0,24.0,17.5,19.5,23.0,26.0,44.0,50.0,14.0,16.0,8.8,9.4,12.5,14.5,26.0,34.0,17.0,18.5,10.5,11.5,13.0,14.0,29.0,34.0,29.0,32.0,19.0,21.0,24.0,28.0,42.0,55.0,10.5,11.5,17.0,19.0,17.0,900.0,36071061,52495022.0,52458346.0,58805.0,1.262428046,1.262428049,1.262428094,1.262428098,1.01,110.0,1.29,1.39,15.5,36.0,1.04,1.07,5.7,6.4,1.19,1.21,1.46,1.48,1.73,1.75,1.33,1.35,1.262428099,1.262428056,1.262428047,1.262428048
Romanian Liga I,2026-09-20,08:00:00,FC Voluntari,Universitatea Cluj,3.35,4.2,2.1,2.4,3.55,3.95,2.06,2.42,1.72,1.93,1.59,1.81,2.2,2.76,1.19,1000.0,1.14,28.0,1.19,1000.0,1.19,1000.0,1.19,1000.0,1.08,12.0,1.13,23.0,1.19,1000.0,1.19,1000.0,1.19,1000.0,1.19,1000.0,1.19,1000.0,1.19,1000.0,1.19,1000.0,1.19,1000.0,1.19,1000.0,1.19,1000.0,1.19,1000.0,1.19,1000.0,36040036,8838645.0,2487034.0,58805.0,1.262091967,1.262091977,1.262091966,1.262091976,3.0,110.0,1.01,1.49,4.3,110.0,1.02,1.1,4.0,5.5,1.25,1.31,1.72,1.91,1.32,1.43,1.33,1.4,1.262091958,1.262091970,1.262091971,1.262091981
Swedish Superettan,2026-09-20,08:00:00,Sundsvall,Ljungskile,3.75,4.6,1.89,2.1,3.85,4.5,2.18,2.48,1.68,1.84,1.62,1.83,2.2,2.7,11.5,1000.0,7.8,22.0,8.8,36.0,1.01,1000.0,10.5,1000.0,6.6,14.5,7.4,18.5,11.0,1000.0,1.01,1000.0,10.0,1000.0,9.0,1000.0,1.01,1000.0,1.01,1000.0,1.01,1000.0,1.01,1000.0,1.01,1000.0,1.01,1000.0,7.6,20.0,1.01,1000.0,36075074,30680.0,502383.0,58805.0,1.262469982,1.262469985,1.262470029,1.262470030,1.01,110.0,1.01,1.46,10.0,110.0,1.02,1.1,4.3,5.4,1.24,1.3,1.92,2.12,1.28,1.37,1.28,1.36,1.262470031,1.262469992,1.262469983,1.262469984
Czech 2 Liga,2026-09-20,08:15:00,SK Kladno,FK Pribram,2.12,2.5,2.92,3.7,3.5,5.4,2.22,2.72,1.58,1.81,1.01,1000.0,1.01,1000.0,1.01,1000.0,1.01,1000.0,1.01,1000.0,1.01,1000.0,1.01,1000.0,1.01,1000.0,1.01,1000.0,1.01,1000.0,1.01,1000.0,1.01,1000.0,1.01,1000.0,1.01,1000.0,1.01,1000.0,1.01,1000.0,1.01,1000.0,1.01,1000.0,1.01,1000.0,1.01,1000.0,1.01,1000.0,36075984,6415404.0,4142630.0,58805.0,1.262610075,1.262610078,1.262610122,1.262610123,1.01,1000.0,1.01,1000.0,2.68,110.0,1.01,1.32,2.68,100.0,1.22,1.32,1.37,1.52,1.67,1.89,1.23,1.4,1.262610124,1.262610085,1.262610076,1.262610077
Lithuanian A Lyga,2026-09-20,08:15:00,Hegelmann Litauen,FK Suduva,4.7,8.2,1.55,1.93,3.3,7.0,1.74,2.26,1.79,2.36,1.01,1000.0,1.01,1000.0,1.01,1000.0,1.01,1000.0,1.01,1000.0,1.01,1000.0,1.01,1000.0,1.01,1000.0,1.01,1000.0,1.01,1000.0,1.01,1000.0,1.01,1000.0,1.01,1000.0,1.01,1000.0,1.01,1000.0,1.01,1000.0,1.01,1000.0,1.01,1000.0,1.01,1000.0,1.01,1000.0,1.01,1000.0,36075869,19046910.0,198707.0,58805.0,1.262478466,1.262478469,1.262478513,1.262478514,1.01,1000.0,1.32,1.63,3.55,110.0,1.01,1.39,3.55,100.0,1.17,1.39,2.08,2.8,1.14,1.28,1.17,1.44,1.262478515,1.262478476,1.262478467,1.262478468
German 3 Liga,2026-09-20,08:30:00,Rot-Weiss Essen,Hansa Rostock,2.12,2.34,3.2,3.5,3.5,4.2,2.44,3.05,1.49,1.69,1.45,1.62,2.6,3.25,1.01,1000.0,1.01,1000.0,1.01,1000.0,1.01,1000.0,1.01,1000.0,1.01,970.0,1.01,1000.0,1.01,1000.0,1.01,1000.0,1.01,28.0,1.01,1000.0,1.01,1000.0,1.01,1000.0,1.01,1000.0,1.01,1000.0,1.01,1000.0,1.01,970.0,1.01,1000.0,1.01,1000.0,36075878,886332.0,44524.0,58805.0,1.262478597,1.262478600,1.262478644,1.262478645,1.01,1000.0,1.01,1.38,4.8,110.0,1.02,1.21,4.8,55.0,1.16,1.21,1.4,1.46,1.74,1.9,1.31,1.38,1.262478646,1.262478607,1.262478598,1.262478599
Estonian Premier League,2026-09-20,08:30:00,Tammeka Tartu,Nomme Kalju,3.75,4.0,1.92,2.02,3.9,4.5,1.24,110.0,1.18,6.0,1.01,1000.0,1.01,1000.0,1.01,1000.0,1.01,1000.0,1.01,1000.0,1.01,1000.0,1.01,1000.0,1.01,1000.0,1.01,1000.0,1.01,1000.0,1.01,1000.0,1.01,1000.0,1.01,1000.0,1.01,1000.0,1.01,1000.0,1.01,1000.0,1.01,1000.0,1.01,1000.0,1.01,1000.0,1.01,1000.0,1.01,1000.0,36071193,5407303.0,4007449.0,58805.0,1.262430297,1.262430307,1.262430296,1.262430306,1.01,1000.0,1.01,1000.0,4.5,110.0,1.01,1.28,4.5,110.0,1.18,1.28,1.98,2.1,1.33,1.37,1.28,1.34,1.262430288,1.262430300,1.262430301,1.262430311
German Bundesliga 2,2026-09-20,08:30:00,Hannover,Bochum,1.81,1.92,4.1,5.2,4.1,4.4,2.6,2.9,1.52,1.62,1.46,1.65,2.56,3.25,1.5,1000.0,1.5,1000.0,1.5,1000.0,1.5,1000.0,9.6,970.0,7.2,970.0,10.5,1000.0,1.5,1000.0,9.8,970.0,7.4,970.0,12.5,1000.0,1.5,1000.0,1.5,1000.0,1.48,80.0,1.5,1000.0,1.5,1000.0,5.8,970.0,1.5,1000.0,1.5,1000.0,36068258,197307.0,67143.0,58805.0,1.262389256,1.262389266,1.262389255,1.262389265,3.6,110.0,1.26,1.35,5.3,36.0,1.03,1.05,5.3,6.8,1.18,1.2,1.26,1.33,2.08,2.26,1.3,1.33,1.262389247,1.262389259,1.262389260,1.262389270
German Bundesliga 2,2026-09-20,08:30:00,Arminia Bielefeld,FC Heidenheim,2.22,2.34,3.15,3.5,3.85,4.1,2.38,2.68,1.6,1.72,1.5,1.69,2.46,3.0,6.2,26.0,15.0,19.5,19.5,30.0,7.4,60.0,12.5,16.5,8.2,9.4,12.5,16.5,6.8,40.0,15.0,19.5,10.0,13.5,13.0,15.0,6.8,40.0,6.8,34.0,18.0,22.0,6.6,34.0,7.4,65.0,10.0,13.0,20.0,23.0,8.2,430.0,36068339,347829.0,3237590.0,58805.0,1.262389012,1.262389022,1.262389011,1.262389021,3.5,110.0,1.28,1.37,4.7,26.0,1.04,1.06,4.7,6.6,1.17,1.28,1.4,1.47,1.74,1.82,1.33,1.36,1.262389003,1.262389015,1.262389016,1.262389026
German Bundesliga 2,2026-09-20,08:30:00,Cottbus,St Pauli,3.15,3.3,2.2,2.26,4.0,4.3,3.1,3.3,1.44,1.48,1.43,1.48,3.1,3.35,25.0,30.0,16.5,21.0,17.0,20.0,26.0,32.0,20.0,24.0,9.8,11.0,10.5,12.0,16.5,19.5,23.0,34.0,13.0,14.5,12.5,14.0,20.0,24.0,50.0,65.0,26.0,30.0,24.0,28.0,38.0,42.0,14.5,16.5,8.0,8.8,14.5,240.0,36068272,204683.0,44526.0,58805.0,1.262389146,1.262389156,1.262389145,1.262389155,3.85,5.8,1.21,1.34,7.6,55.0,1.02,1.04,7.2,7.8,1.14,1.16,1.79,1.84,1.43,1.46,1.3,1.33,1.262389137,1.262389149,1.262389150,1.262389160
Thai League 1,2026-09-20,08:30:00,Sukhothai,Port FC,4.9,7.8,1.58,1.77,4.0,4.7,2.1,2.46,1.69,1.9,1.01,1000.0,1.01,1000.0,1.01,1000.0,1.01,1000.0,1.01,1000.0,1.01,1000.0,1.01,1000.0,1.01,1000.0,1.01,1000.0,1.01,1000.0,1.01,1000.0,1.01,1000.0,1.01,1000.0,1.01,1000.0,1.01,1000.0,1.01,1000.0,1.01,1000.0,1.01,1000.0,1.01,1000.0,1.01,1000.0,1.01,1000.0,36078882,10915417.0,9255164.0,58805.0,1.262540080,1.262540090,1.262540079,1.262540089,1.01,1000.0,1.01,1000.0,4.2,110.0,1.01,1.31,4.2,100.0,1.23,1.31,2.3,2.7,1.15,1.26,1.27,1.33,1.262540071,1.262540083,1.262540084,1.262540094
Spanish La Liga,2026-09-20,09:00:00,Getafe,Malaga,2.14,2.16,4.6,4.7,3.1,3.15,1.5,1.52,2.92,2.98,2.34,2.42,1.7,1.75,7.4,8.0,10.5,11.0,27.0,32.0,40.0,130.0,6.0,6.4,6.8,7.4,18.5,22.0,36.0,90.0,10.0,11.0,11.0,12.0,24.0,28.0,42.0,120.0,25.0,28.0,28.0,32.0,60.0,70.0,18.5,1000.0,27.0,32.0,42.0,150.0,18.0,1000.0,36071863,248010.0,13360.0,58805.0,1.262438784,1.262438721,1.262438783,1.262438795,2.42,2.52,1.65,1.7,7.2,8.0,1.14,1.16,2.56,2.62,1.62,1.64,1.27,1.28,1.86,1.88,1.46,1.48,1.262438786,1.262438789,1.262438790,1.262438725
Danish 1st Division,2026-09-20,09:00:00,AaB,Vendsyssel FF,1.94,2.14,3.65,4.5,3.7,4.8,2.08,2.38,1.73,1.91,1.67,1.87,2.16,2.48,1.01,1000.0,1.01,1000.0,1.01,1000.0,1.01,1000.0,1.01,21.0,1.01,970.0,1.01,1000.0,1.01,1000.0,8.8,34.0,1.01,970.0,1.01,1000.0,1.01,1000.0,1.01,1000.0,1.01,1000.0,1.01,1000.0,1.01,1000.0,1.01,22.0,1.01,1000.0,1.01,1000.0,36068387,28212.0,7431787.0,58805.0,1.262392613,1.262392623,1.262392612,1.262392622,1.01,110.0,1.01,110.0,3.95,110.0,1.02,1.1,3.85,5.2,1.25,1.34,1.29,1.38,1.88,2.08,1.26,1.38,1.262392604,1.262392616,1.262392617,1.262392627
Swiss Super League,2026-09-20,09:00:00,FC Vaduz,Thun,2.38,2.48,2.62,2.8,4.3,4.8,3.35,3.65,1.38,1.42,1.4,1.44,3.3,3.45,30.0,48.0,21.0,27.0,23.0,32.0,30.0,46.0,20.0,26.0,11.0,14.5,12.5,16.5,20.0,28.0,22.0,28.0,12.0,15.5,12.5,16.5,22.0,30.0,27.0,40.0,19.0,25.0,18.0,28.0,29.0,44.0,8.2,11.0,9.4,10.5,140.0,200.0,36071838,46945.0,176184.0,58805.0,1.262435291,1.262435294,1.262435338,1.262435339,1.01,1000.0,1.17,1.3,21.0,110.0,1.02,1.05,8.0,10.5,1.11,1.14,1.55,1.62,1.67,1.73,1.26,1.31,1.262435340,1.262435301,1.262435292,1.262435293
Swedish Allsvenskan,2026-09-20,09:00:00,Kalmar FF,Hacken,2.86,3.1,2.42,2.6,3.6,3.95,2.06,2.32,1.76,1.93,1.6,1.76,2.3,2.68,11.0,1000.0,8.6,30.0,10.5,1000.0,1.32,1000.0,9.2,38.0,6.2,12.5,8.0,23.0,1.32,1000.0,12.5,1000.0,8.8,30.0,10.0,70.0,1.32,1000.0,1.32,1000.0,1.32,1000.0,1.32,1000.0,1.32,1000.0,1.32,1000.0,10.5,85.0,1.32,1000.0,36068376,130433.0,30681.0,58805.0,1.262380813,1.262380816,1.262380860,1.262380861,3.15,4.1,1.33,1.47,11.0,26.0,1.05,1.1,4.1,5.4,1.23,1.33,1.62,1.71,1.47,1.54,1.34,1.39,1.262380862,1.262380823,1.262380814,1.262380815
Swedish Allsvenskan,2026-09-20,09:00:00,Djurgardens,Elfsborg,1.58,1.69,5.1,7.2,4.3,5.7,2.32,2.46,1.68,1.76,1.67,1.94,2.06,2.5,1.51,1000.0,1.51,1000.0,1.51,1000.0,1.51,1000.0,7.4,19.0,7.2,17.5,1.51,1000.0,1.51,1000.0,7.2,22.0,7.0,17.0,11.5,1000.0,1.51,1000.0,10.0,90.0,9.8,55.0,1.51,1000.0,1.51,1000.0,5.6,10.5,1.51,1000.0,1.51,1000.0,36071880,232104.0,30684.0,58805.0,1.262436587,1.262436590,1.262436634,1.262436635,3.3,110.0,1.27,1.4,4.3,110.0,1.02,1.26,4.3,5.8,1.21,1.31,1.16,1.22,2.42,2.78,1.27,1.3,1.262436636,1.262436597,1.262436588,1.262436589
Swedish Allsvenskan,2026-09-20,09:00:00,Halmstads,AIK,3.3,3.5,2.12,2.22,3.9,4.2,2.38,2.78,1.56,1.73,1.6,1.66,2.5,2.64,18.0,23.0,11.5,14.0,14.0,16.5,7.6,29.0,15.5,18.0,8.4,9.4,10.0,11.5,17.5,22.0,20.0,28.0,13.0,15.5,13.5,16.5,7.6,30.0,40.0,65.0,8.0,36.0,29.0,40.0,9.2,75.0,20.0,26.0,10.0,12.0,10.0,520.0,36071921,10765.0,168731.0,58805.0,1.262438085,1.262438088,1.262438132,1.262438133,3.3,110.0,1.28,1.4,5.1,26.0,1.04,1.24,5.1,5.6,1.22,1.24,1.81,1.87,1.4,1.44,1.31,1.35,1.262438134,1.262438095,1.262438086,1.262438087
Danish Superliga,2026-09-20,09:00:00,Sonderjyske,Randers,2.64,3.05,2.34,2.8,3.35,4.6,2.08,2.38,1.73,1.91,1.61,1.77,2.28,2.66,11.0,1000.0,8.6,28.0,10.5,1000.0,1.34,1000.0,9.4,38.0,6.4,970.0,8.2,29.0,1.34,1000.0,12.0,1000.0,8.8,36.0,10.5,95.0,1.34,1000.0,1.34,1000.0,1.34,1000.0,1.34,1000.0,1.34,1000.0,1.34,1000.0,1.32,90.0,1.34,1000.0,36068279,2364082.0,342868.0,58805.0,1.262379659,1.262379662,1.262379706,1.262379707,3.1,110.0,1.31,1.45,10.0,110.0,1.02,1.1,4.2,5.2,1.24,1.31,1.56,1.72,1.49,1.59,1.31,1.38,1.262379708,1.262379669,1.262379660,1.262379661
Danish Superliga,2026-09-20,09:00:00,Brondby,FC Copenhagen,3.25,3.55,2.14,2.22,3.85,4.1,2.22,2.52,1.66,1.81,1.53,1.71,2.42,2.88,15.5,21.0,11.0,14.0,13.5,16.5,23.0,30.0,14.5,18.5,8.0,970.0,10.0,11.5,17.0,22.0,20.0,29.0,13.0,15.5,14.0,16.5,22.0,34.0,7.8,70.0,26.0,40.0,29.0,48.0,7.8,80.0,18.0,30.0,10.5,14.5,6.4,1000.0,36068271,28223.0,52533356.0,58805.0,1.262379551,1.262379554,1.262379598,1.262379599,3.25,110.0,1.28,1.44,11.0,36.0,1.04,1.1,4.7,5.8,1.21,1.27,1.81,1.88,1.39,1.43,1.32,1.36,1.262379600,1.262379561,1.262379552,1.262379553
Armenian Premier League,2026-09-20,09:00:00,FC Ararat Yerevan,FC Syunik,1.9,2.36,3.55,5.5,3.4,5.2,1.44,2.76,1.57,3.3,1.01,1000.0,1.01,1000.0,1.01,1000.0,1.01,1000.0,1.01,1000.0,1.01,1000.0,1.01,1000.0,1.01,1000.0,1.01,1000.0,1.01,1000.0,1.01,1000.0,1.01,1000.0,1.01,1000.0,1.01,1000.0,1.01,1000.0,1.01,1000.0,1.01,1000.0,1.01,1000.0,1.01,1000.0,1.01,1000.0,1.01,1000.0,36083898,7180004.0,96996921.0,58805.0,1.262580242,1.262580252,1.262580241,1.262580251,1.01,1000.0,1.01,1000.0,1.44,110.0,1.01,3.3,1.44,110.0,1.26,3.3,1.22,1.39,1.74,2.1,1.24,1.42,1.262580233,1.262580245,1.262580246,1.262580257
Swiss Challenge League,2026-09-20,09:00:00,Yverdon Sport,Stade Lausanne-Ouchy,2.22,2.6,2.9,3.3,3.45,4.6,2.46,2.82,1.55,1.69,1.44,1.64,2.58,3.45,1.01,1000.0,12.0,1000.0,1.01,1000.0,1.01,1000.0,10.5,1000.0,6.6,14.5,9.4,1000.0,1.01,1000.0,11.5,1000.0,8.2,1000.0,9.2,1000.0,1.01,1000.0,1.01,1000.0,12.0,1000.0,1.01,1000.0,1.01,1000.0,7.4,19.0,10.5,1000.0,1.01,1000.0,36068309,15979003.0,5805890.0,58805.0,1.262380247,1.262380250,1.262380294,1.262380295,1.01,1000.0,1.01,1.4,5.0,110.0,1.02,1.21,5.0,9.0,1.17,1.21,1.43,1.53,1.63,1.82,1.28,1.41,1.262380296,1.262380257,1.262380248,1.262380249
Thai League 1,2026-09-20,09:00:00,Bangkok Utd,BG Pathumthani United,1.95,2.12,3.95,5.3,3.15,4.3,1.98,2.28,1.78,2.04,1.01,1000.0,1.01,1000.0,1.01,1000.0,1.01,1000.0,1.01,1000.0,1.01,1000.0,1.01,1000.0,1.01,1000.0,1.01,1000.0,1.01,1000.0,1.01,1000.0,1.01,1000.0,1.01,1000.0,1.01,1000.0,1.01,1000.0,1.01,1000.0,1.01,1000.0,1.01,1000.0,1.01,1000.0,1.01,1000.0,1.01,1000.0,36078854,9282747.0,23353035.0,58805.0,1.262540190,1.262540200,1.262540189,1.262540199,2.78,4.5,1.01,1000.0,3.5,110.0,1.01,1.4,3.5,100.0,1.01,1.4,1.23,1.34,1.89,2.06,1.3,1.47,1.262540181,1.262540193,1.262540194,1.262540204
Spanish Segunda Division,2026-09-20,09:00:00,Sabadell,Oviedo,2.52,2.6,3.55,3.65,2.98,3.05,1.4,1.58,2.72,3.5,2.2,2.7,1.59,1.84,6.6,7.2,8.0,9.0,21.0,24.0,14.0,85.0,6.2,6.8,6.6,7.2,15.5,18.0,13.5,70.0,12.0,13.5,12.0,14.0,24.0,29.0,14.5,120.0,11.5,50.0,34.0,42.0,14.0,90.0,15.5,270.0,12.5,55.0,14.5,120.0,15.5,1000.0,36071163,565026.0,21678.0,58805.0,1.262426542,1.262426545,1.262426589,1.262426590,2.2,2.68,1.6,1.82,5.8,9.4,1.11,1.21,2.22,2.7,1.59,1.82,1.37,1.4,1.62,1.66,1.48,1.5,1.262426591,1.262426552,1.262426543,1.262426544
Bulgarian A League,2026-09-20,09:15:00,Spartak Varna,Lokomotiv Sofia,2.64,3.1,2.5,2.86,3.35,4.1,1.93,2.16,1.86,2.08,1.66,1.9,2.1,2.56,9.6,1000.0,8.2,1000.0,11.0,1000.0,1.01,1000.0,8.4,1000.0,6.0,12.0,8.6,1000.0,1.01,1000.0,11.5,1000.0,8.8,1000.0,10.5,1000.0,1.01,1000.0,1.01,1000.0,1.01,1000.0,1.01,1000.0,1.01,1000.0,1.01,1000.0,1.01,1000.0,1.01,1000.0,36071129,1557407.0,1255223.0,58805.0,1.262426098,1.262426101,1.262426145,1.262426146,2.78,4.4,1.3,1.56,9.2,55.0,1.03,1.11,3.75,4.6,1.29,1.35,1.53,1.65,1.48,1.61,1.32,1.42,1.262426147,1.262426108,1.262426099,1.262426100
Austrian Bundesliga,2026-09-20,09:30:00,SV Ried,RZ Pellets WAC,1.95,2.1,3.75,4.9,3.2,4.2,2.16,2.4,1.72,1.85,1.58,1.82,2.2,2.74,11.0,55.0,11.0,1000.0,1.01,1000.0,1.01,1000.0,7.8,20.0,6.0,12.5,10.0,1000.0,1.01,1000.0,9.4,50.0,7.2,17.5,9.0,65.0,1.01,1000.0,12.0,1000.0,12.0,1000.0,1.01,1000.0,1.01,1000.0,8.6,32.0,1.01,1000.0,1.01,1000.0,36038857,872714.0,6491604.0,58805.0,1.262072332,1.262072342,1.262072331,1.262072341,2.96,110.0,1.32,1.5,4.5,110.0,1.02,1.1,4.0,5.6,1.23,1.34,1.25,1.37,1.9,2.08,1.31,1.46,1.262072323,1.262072335,1.262072336,1.262072346
Dutch Eredivisie,2026-09-20,09:30:00,FC Twente,PSV,3.05,3.15,2.22,2.28,4.2,4.5,3.55,4.3,1.3,1.35,1.32,1.36,3.8,4.1,40.0,50.0,24.0,27.0,21.0,27.0,10.5,42.0,29.0,36.0,11.5,13.5,12.0,13.5,17.5,19.0,27.0,38.0,15.0,16.0,12.0,13.0,18.5,21.0,50.0,60.0,9.6,28.0,22.0,30.0,29.0,32.0,9.6,11.0,6.2,6.8,12.5,130.0,36041250,7928242.0,48451.0,58805.0,1.262099279,1.262099282,1.262099326,1.262099327,4.5,110.0,1.16,1.23,34.0,110.0,1.02,1.03,8.6,12.5,1.09,1.11,1.78,1.82,1.46,1.49,1.29,1.32,1.262099328,1.262099289,1.262099280,1.262099281
Ukrainian Premier League,2026-09-20,09:30:00,Karpaty,Veres Rivne,1.12,1000.0,1.12,110.0,1.13,950.0,1.24,110.0,1.33,6.4,1.01,1000.0,1.01,1000.0,1.03,1000.0,1.03,1000.0,1.03,1000.0,1.03,1000.0,1.03,1000.0,1.03,1000.0,1.03,1000.0,1.03,1000.0,1.03,1000.0,1.03,1000.0,1.03,1000.0,1.03,1000.0,1.03,1000.0,1.03,1000.0,1.03,1000.0,1.03,1000.0,1.01,1000.0,1.01,1000.0,1.03,1000.0,36075827,2017824.0,10053070.0,58805.0,1.262477784,1.262477794,1.262477783,1.262477793,1.01,1000.0,1.01,1000.0,1.1,1000.0,1.01,970.0,1.25,110.0,1.33,110.0,1.03,26.0,1.02,26.0,1.01,110.0,1.262477775,1.262477787,1.262477788,1.262477798
Norwegian Eliteserien,2026-09-20,09:30:00,Valerenga,Fredrikstad,1.99,2.08,3.55,3.85,4.0,4.4,2.48,2.9,1.53,1.67,1.5,1.61,2.64,3.0,1.34,1000.0,12.0,1000.0,1.34,1000.0,1.34,1000.0,9.4,46.0,7.0,16.0,9.8,60.0,1.34,1000.0,9.6,55.0,7.6,19.5,9.8,60.0,1.34,1000.0,1.34,1000.0,10.5,1000.0,1.34,1000.0,1.34,1000.0,6.4,14.0,1.34,1000.0,1.34,1000.0,36069561,132563.0,168742.0,58805.0,1.262400406,1.262400409,1.262400453,1.262400454,3.6,5.3,1.24,1.38,1.01,110.0,1.01,1.22,2.48,7.2,1.16,1.66,1.01,1000.0,1.01,1000.0,1.24,1.39,1.262400455,1.262400416,1.262400407,1.262400408
Dutch Eredivisie,2026-09-20,09:30:00,Az Alkmaar,SC Telstar,1.27,1.3,10.5,12.5,7.0,7.8,3.85,4.2,1.31,1.35,1.67,1.74,2.34,2.5,40.0,55.0,50.0,75.0,12.0,140.0,12.5,370.0,15.5,18.5,16.5,20.0,36.0,48.0,12.0,140.0,11.0,12.5,11.0,12.0,22.0,27.0,11.5,110.0,10.5,12.5,11.0,13.0,21.0,26.0,11.5,90.0,2.96,3.15,11.5,100.0,12.5,510.0,36041260,9220660.0,11534958.0,58805.0,1.262104477,1.262104487,1.262104476,1.262104486,1.01,110.0,1.16,1.28,18.0,110.0,1.02,1.05,9.6,11.0,1.1,1.12,1.08,1.1,4.3,4.8,1.14,1.17,1.262104468,1.262104480,1.262104481,1.262104491
Czech 2 Liga,2026-09-20,09:30:00,Banik Ostrava B,Usti Nad Labem,2.12,2.5,2.92,3.7,3.5,5.4,2.26,2.8,1.56,1.79,1.01,1000.0,1.01,1000.0,1.01,1000.0,1.01,1000.0,1.01,1000.0,1.01,1000.0,1.01,1000.0,1.01,1000.0,1.01,1000.0,1.01,1000.0,1.01,1000.0,1.01,1000.0,1.01,1000.0,1.01,1000.0,1.01,1000.0,1.01,1000.0,1.01,1000.0,1.01,1000.0,1.01,1000.0,1.01,1000.0,1.01,1000.0,36075986,25130637.0,6081319.0,58805.0,1.262610313,1.262610316,1.262610360,1.262610361,1.01,1000.0,1.01,1000.0,2.74,110.0,1.01,1.57,2.74,9.0,1.18,1.57,1.37,1.52,1.67,1.9,1.22,1.4,1.262610362,1.262610323,1.262610314,1.262610315
Austrian Bundesliga,2026-09-20,09:30:00,Hartberg,LASK Linz,10.5,12.0,1.31,1.34,6.0,6.6,2.74,2.96,1.51,1.58,1.87,2.24,1.81,2.16,22.0,34.0,10.0,12.0,8.4,9.4,9.4,12.5,29.0,42.0,12.5,17.0,10.0,13.5,12.5,14.5,75.0,120.0,28.0,40.0,21.0,32.0,26.0,36.0,270.0,420.0,110.0,180.0,80.0,130.0,95.0,150.0,120.0,200.0,3.85,4.1,1.01,1000.0,36038865,345648.0,8587663.0,58805.0,1.262072222,1.262072232,1.262072221,1.262072231,1.01,110.0,1.22,1.36,10.5,110.0,1.02,1.09,6.0,6.8,1.17,1.2,3.9,4.2,1.09,1.1,1.18,1.2,1.262072213,1.262072225,1.262072226,1.262072236
Polish I Liga,2026-09-20,09:30:00,Pogon Siedlce,Arka Gdynia,3.45,4.3,2.04,2.28,3.45,4.5,1.84,2.06,1.95,2.18,1.72,2.04,1.99,2.4,9.2,1000.0,6.6,17.0,8.6,1000.0,1.01,1000.0,9.0,1000.0,5.9,11.5,7.6,22.0,1.01,1000.0,1.01,1000.0,9.8,1000.0,11.0,1000.0,1.01,1000.0,1.01,1000.0,1.01,1000.0,1.01,1000.0,1.01,1000.0,1.01,1000.0,9.0,1000.0,1.01,1000.0,36070598,7186877.0,1209553.0,58805.0,1.262413297,1.262413300,1.262413344,1.262413345,2.66,4.1,1.32,1.61,3.8,55.0,1.03,1.12,3.3,4.4,1.3,1.37,1.78,1.97,1.31,1.4,1.3,1.4,1.262413346,1.262413307,1.262413298,1.262413299
Polish Ekstraklasa,2026-09-20,09:45:00,Zaglebie Lubin,Wisla Plock,2.42,2.78,2.82,3.4,3.1,4.2,1.89,2.14,1.88,2.12,1.65,1.91,2.1,2.54,9.4,1000.0,8.6,30.0,12.0,1000.0,1.01,1000.0,8.0,24.0,6.0,11.5,9.0,34.0,1.01,1000.0,10.5,1000.0,8.4,27.0,10.5,1000.0,1.01,1000.0,1.01,1000.0,1.01,1000.0,1.01,1000.0,1.01,1000.0,12.0,1000.0,1.01,1000.0,1.01,1000.0,36068394,166904.0,487520.0,58805.0,1.262381521,1.262381524,1.262381568,1.262381569,2.78,110.0,1.34,1.56,3.8,55.0,1.03,1.12,3.55,4.4,1.3,1.4,1.44,1.55,1.56,1.71,1.32,1.48,1.262381570,1.262381531,1.262381522,1.262381523
Hungarian NB I,2026-09-20,09:45:00,MTK Budapest,Gyori,2.28,2.62,2.76,3.3,3.65,4.4,2.5,3.15,1.47,1.67,1.43,1.59,2.66,3.35,1.01,1000.0,10.0,1000.0,1.01,1000.0,1.01,1000.0,8.0,1000.0,1.01,970.0,1.01,1000.0,1.01,1000.0,1.01,1000.0,8.2,30.0,1.01,1000.0,1.01,1000.0,1.01,1000.0,1.01,1000.0,1.01,1000.0,1.01,1000.0,1.01,24.0,1.01,1000.0,1.01,1000.0,36068486,473659.0,2017883.0,58805.0,1.262383408,1.262383411,1.262383455,1.262383456,1.01,110.0,1.18,110.0,5.0,110.0,1.02,1.24,5.0,8.4,1.13,1.24,1.44,1.57,1.61,1.79,1.29,1.38,1.262383457,1.262383418,1.262383409,1.262383410
English Premier League,2026-09-20,10:00:00,Bournemouth,Liverpool,3.25,3.3,2.24,2.28,3.95,4.0,2.78,2.84,1.54,1.56,1.49,1.52,2.96,3.05,24.0,26.0,15.5,16.5,17.0,18.0,28.0,30.0,19.5,21.0,9.2,9.4,10.5,11.0,18.0,19.0,26.0,28.0,13.0,14.0,12.5,13.0,23.0,25.0,50.0,55.0,28.0,30.0,30.0,32.0,42.0,46.0,17.5,18.5,9.8,10.5,48.0,330.0,36036320,1141.0,56323.0,58805.0,1.262039124,1.262039063,1.262039123,1.262039134,4.4,4.6,1.28,1.3,23.0,26.0,1.04,1.05,6.4,6.8,1.17,1.19,1.78,1.81,1.43,1.45,1.33,1.34,1.262039126,1.262039128,1.262039129,1.262039067
Italian Serie B,2026-09-20,10:00:00,Arezzo,Sudtirol,2.26,2.48,3.55,4.1,3.1,3.5,1.57,1.72,2.4,2.74,2.02,2.24,1.8,1.99,6.8,15.5,7.8,21.0,1.63,1000.0,1.63,1000.0,6.0,12.0,5.4,9.4,10.5,90.0,1.63,1000.0,8.6,29.0,8.4,25.0,1.63,1000.0,1.63,1000.0,1.63,1000.0,1.63,1000.0,1.63,1000.0,1.63,1000.0,1.63,1000.0,1.63,1000.0,1.63,1000.0,36072488,522048.0,4893599.0,58805.0,1.262450186,1.262450189,1.262450233,1.262450234,2.46,3.05,1.49,1.69,6.8,12.5,1.09,1.18,2.8,3.25,1.44,1.55,1.32,1.4,1.68,1.8,1.4,1.48,1.262450235,1.262450196,1.262450187,1.262450188
Italian Serie B,2026-09-20,10:00:00,Verona,LR Vicenza Virtus,1.93,1.98,4.2,4.5,3.7,3.95,2.08,2.2,1.83,1.93,1.74,1.82,2.22,2.36,15.0,17.0,15.0,17.5,8.6,36.0,10.5,110.0,9.2,10.5,7.6,8.4,15.0,17.5,10.0,65.0,11.0,12.5,9.2,10.5,15.5,17.5,10.0,70.0,19.5,23.0,17.5,20.0,8.8,34.0,10.5,110.0,11.0,12.5,10.0,65.0,12.0,1000.0,36072479,676465.0,19857199.0,58805.0,1.262452637,1.262452647,1.262452636,1.262452646,3.05,4.1,1.33,1.48,12.0,17.5,1.06,1.08,4.1,4.7,1.27,1.32,1.28,1.32,2.02,2.08,1.33,1.37,1.262452628,1.262452640,1.262452641,1.262452651
Danish 1st Division,2026-09-20,10:00:00,Fredericia,Vejle,2.1,2.34,3.05,3.7,3.45,5.0,2.46,3.05,1.49,1.67,1.45,1.65,1.01,3.25,1.01,1000.0,9.2,1000.0,1.01,1000.0,1.01,1000.0,9.8,1000.0,6.8,16.0,7.8,1000.0,1.01,1000.0,8.8,1000.0,7.8,28.0,8.0,1000.0,1.01,1000.0,1.01,1000.0,9.6,1000.0,1.01,1000.0,1.01,1000.0,7.4,23.0,9.6,1000.0,1.01,1000.0,36068564,151003.0,44103.0,58805.0,1.262392944,1.262392954,1.262392943,1.262392953,1.01,1000.0,1.01,1.38,2.48,110.0,1.02,1.21,2.48,100.0,1.16,1.21,1.36,1.49,1.74,1.91,1.25,1.41,1.262392935,1.262392947,1.262392948,1.262392958
Swedish Superettan,2026-09-20,10:00:00,Helsingborgs,Norrby IF,2.08,2.46,3.0,4.1,3.25,5.4,2.08,2.82,1.54,1.93,1.01,1000.0,1.01,1000.0,1.01,1000.0,1.01,1000.0,1.01,1000.0,1.01,1000.0,1.01,1000.0,1.01,1000.0,1.01,1000.0,1.01,1000.0,1.01,1000.0,1.01,1000.0,1.01,1000.0,1.01,1000.0,1.01,1000.0,1.01,1000.0,1.01,1000.0,1.01,1000.0,1.01,1000.0,1.01,1000.0,1.01,1000.0,36070673,764222.0,778921.0,58805.0,1.262416881,1.262416884,1.262416928,1.262416929,1.01,1000.0,1.01,1000.0,1.01,110.0,1.01,1.3,2.46,6.4,1.19,1.3,1.32,1.5,1.69,1.93,1.23,1.45,1.262416930,1.262416891,1.262416882,1.262416883
Italian Serie A,2026-09-20,10:00:00,Frosinone,Como,7.0,7.2,1.52,1.54,4.8,4.9,2.92,3.05,1.49,1.52,1.62,1.65,2.56,2.62,27.0,29.0,12.5,13.5,11.0,12.0,14.5,15.5,32.0,36.0,11.0,12.0,9.4,10.5,12.5,14.0,55.0,70.0,23.0,26.0,15.5,17.5,21.0,24.0,46.0,190.0,32.0,75.0,50.0,60.0,55.0,65.0,48.0,60.0,4.9,5.2,55.0,510.0,36041255,924268.0,60298.0,58805.0,1.262102748,1.262102732,1.262102747,1.262102757,4.5,4.8,1.27,1.29,26.0,34.0,1.03,1.04,6.8,7.4,1.15,1.17,2.84,2.92,1.16,1.17,1.25,1.27,1.262102750,1.262102752,1.262102753,1.262102735
French Ligue 1,2026-09-20,10:00:00,Auxerre,Brest,3.0,3.05,2.5,2.54,3.65,3.7,2.14,2.24,1.81,1.88,1.68,1.73,2.36,2.46,15.0,17.0,11.0,12.5,15.5,17.5,32.0,34.0,12.5,14.0,7.8,8.4,10.5,12.0,22.0,25.0,19.0,21.0,12.0,13.5,14.5,16.0,30.0,36.0,40.0,46.0,28.0,32.0,34.0,40.0,34.0,75.0,21.0,25.0,16.0,18.0,16.5,1000.0,36039897,44800.0,669348.0,58805.0,1.262088257,1.262088236,1.262088256,1.262088269,3.2,4.1,1.33,1.45,13.5,18.0,1.06,1.07,4.2,4.9,1.28,1.3,1.64,1.67,1.48,1.5,1.37,1.38,1.262088260,1.262088264,1.262088265,1.262088241
English Premier League,2026-09-20,10:00:00,Leeds,Crystal Palace,1.79,1.8,5.1,5.2,4.0,4.1,2.26,2.3,1.78,1.8,1.75,1.8,2.26,2.34,16.5,18.0,19.0,20.0,36.0,38.0,95.0,120.0,10.0,10.5,8.4,8.8,18.5,19.0,50.0,60.0,10.5,11.5,9.4,9.8,16.0,17.5,50.0,60.0,17.0,18.0,15.5,17.0,29.0,32.0,70.0,100.0,8.4,8.8,50.0,60.0,60.0,950.0,36036333,48317.0,62523.0,58805.0,1.262039840,1.262039779,1.262039839,1.262039850,3.55,3.7,1.37,1.39,16.5,19.5,1.05,1.07,4.7,5.0,1.25,1.27,1.23,1.25,2.24,2.28,1.32,1.34,1.262039842,1.262039844,1.262039845,1.262039783
Czech 1 Liga,2026-09-20,10:00:00,Sigma Olomouc,Sparta Prague,3.35,3.65,2.14,2.28,3.7,4.0,2.14,2.32,1.76,1.87,1.68,1.78,2.28,2.48,15.5,22.0,10.0,12.0,13.0,15.0,20.0,34.0,13.5,18.5,7.8,8.8,9.6,11.5,16.0,24.0,18.5,32.0,13.0,18.0,14.5,21.0,1.01,36.0,1.01,75.0,1.01,46.0,1.01,55.0,1.01,95.0,1.01,40.0,12.0,14.5,1.01,1000.0,36068467,50337.0,110475.0,58805.0,1.262383187,1.262383190,1.262383234,1.262383235,2.84,110.0,1.01,1.54,9.8,970.0,1.05,1.1,4.2,5.0,1.26,1.31,1.78,1.88,1.37,1.43,1.33,1.38,1.262383236,1.262383197,1.262383188,1.262383189
English Premier League,2026-09-20,10:00:00,Man City,Sunderland,1.32,1.33,11.0,11.5,6.2,6.4,2.54,2.62,1.61,1.65,2.06,2.1,1.9,1.94,23.0,26.0,34.0,38.0,44.0,100.0,120.0,380.0,9.0,9.6,12.5,13.5,36.0,40.0,48.0,180.0,7.8,8.2,10.0,11.0,27.0,30.0,110.0,140.0,9.8,10.5,12.5,13.5,32.0,36.0,44.0,150.0,4.5,4.7,150.0,240.0,130.0,1000.0,36036467,47999.0,62783.0,58805.0,1.262041960,1.262041899,1.262041959,1.262041970,4.0,4.3,1.3,1.33,22.0,26.0,1.04,1.05,5.6,5.8,1.2,1.22,1.09,1.1,4.0,4.2,1.18,1.2,1.262041962,1.262041964,1.262041965,1.262041903
Czech 1 Liga,2026-09-20,10:00:00,FK Jablonec,Zlin,1.37,1.51,7.2,19.0,4.6,6.4,1.91,2.2,1.83,2.1,2.06,2.38,1.73,1.94,14.0,17.0,7.6,30.0,8.8,100.0,9.4,440.0,6.6,8.0,9.6,11.5,8.2,40.0,9.2,200.0,6.8,8.2,9.2,11.0,7.8,34.0,9.0,170.0,10.0,12.0,14.0,17.0,8.4,48.0,9.2,220.0,6.4,7.6,9.4,310.0,9.6,1000.0,36068475,367578.0,367580.0,58805.0,1.262383295,1.262383298,1.262383342,1.262383343,3.0,110.0,1.01,1.5,3.9,970.0,1.06,1.11,3.85,4.6,1.29,1.34,1.07,1.15,2.96,3.75,1.19,1.28,1.262383344,1.262383305,1.262383296,1.262383297
Uruguayan Primera Division,2026-09-20,10:00:00,Albion FC,Juventud De Las Piedras,2.44,3.1,2.7,3.3,2.66,4.6,1.66,2.04,1.96,2.52,1.01,1000.0,1.01,1000.0,1.01,1000.0,1.01,1000.0,1.01,1000.0,1.01,1000.0,1.01,1000.0,1.01,1000.0,1.01,1000.0,1.01,1000.0,1.01,1000.0,1.01,1000.0,1.01,1000.0,1.01,1000.0,1.01,1000.0,1.01,1000.0,1.01,1000.0,1.01,1000.0,1.01,1000.0,1.01,1000.0,1.01,1000.0,36078755,18466913.0,8947595.0,58805.0,1.262536332,1.262536335,1.262536379,1.262536380,2.54,3.85,1.01,1000.0,2.7,110.0,1.01,1.54,2.7,100.0,1.35,1.59,1.43,1.59,1.47,1.69,1.29,1.6,1.262536381,1.262536342,1.262536333,1.262536334
Slovenian Premier League,2026-09-20,10:00:00,NK Bravo,Olimpija,3.3,4.6,1.96,2.22,3.5,4.7,1.9,2.16,1.86,2.12,1.74,2.04,1.98,2.38,9.8,36.0,7.0,21.0,8.4,1000.0,1.01,1000.0,9.4,1000.0,6.2,16.0,7.8,25.0,1.01,1000.0,1.01,1000.0,10.0,1000.0,11.5,1000.0,1.01,1000.0,1.01,1000.0,1.01,1000.0,1.01,1000.0,1.01,1000.0,1.01,1000.0,7.8,1000.0,1.01,1000.0,36068570,15740271.0,489147.0,58805.0,1.262392834,1.262392844,1.262392833,1.262392843,2.92,4.4,1.3,1.52,3.9,55.0,1.03,1.11,3.85,4.4,1.3,1.35,1.83,2.04,1.28,1.43,1.28,1.4,1.262392825,1.262392837,1.262392838,1.262392848
Lithuanian A Lyga,2026-09-20,10:00:00,Fk Siauliai,FK Kauno Zalgiris,8.0,110.0,1.24,1.4,4.5,930.0,2.08,4.3,1.31,1.92,1.01,1000.0,1.01,110.0,1.01,1000.0,1.01,1000.0,1.01,1000.0,1.01,1000.0,1.01,1000.0,1.01,1000.0,1.01,1000.0,1.01,1000.0,1.01,1000.0,1.01,1000.0,1.01,1000.0,1.01,1000.0,1.01,1000.0,1.01,1000.0,1.01,1000.0,1.01,1000.0,1.01,1000.0,3.4,1000.0,1.01,1000.0,36083391,23642514.0,43403902.0,58805.0,1.262571411,1.262571414,1.262571458,1.262571459,1.01,110.0,1.01,110.0,1.01,110.0,1.01,1.25,1.01,100.0,1.18,1.25,3.5,26.0,1.02,1.14,1.1,1.28,1.262571460,1.262571421,1.262571412,1.262571413
Italian Serie A,2026-09-20,10:00:00,Parma,Genoa,3.35,3.4,2.62,2.64,3.05,3.15,1.61,1.64,2.58,2.64,2.08,2.14,1.87,1.93,8.6,9.2,7.6,8.2,13.5,15.0,36.0,42.0,9.0,9.8,6.6,7.0,11.5,13.0,32.0,36.0,18.5,21.0,13.5,15.0,19.5,22.0,50.0,60.0,55.0,65.0,42.0,48.0,60.0,70.0,44.0,160.0,50.0,60.0,32.0,38.0,60.0,1000.0,36041251,191607.0,60310.0,58805.0,1.262102996,1.262102980,1.262102995,1.262103005,2.68,2.78,1.56,1.6,8.6,9.2,1.12,1.13,2.88,2.96,1.51,1.53,1.61,1.62,1.41,1.43,1.47,1.48,1.262102998,1.262103000,1.262103001,1.262102983
German Bundesliga,2026-09-20,10:30:00,Leverkusen,RB Leipzig,2.02,2.06,3.6,3.7,4.3,4.4,3.55,3.7,1.37,1.39,1.39,1.42,3.4,3.55,34.0,42.0,27.0,32.0,32.0,38.0,55.0,70.0,18.5,21.0,11.0,12.0,15.0,16.5,28.0,32.0,18.5,22.0,10.5,12.5,12.5,13.5,25.0,30.0,24.0,28.0,15.5,17.5,19.0,21.0,34.0,38.0,6.2,6.6,14.0,15.5,44.0,1000.0,36041068,44787.0,5340398.0,58805.0,1.262095835,1.262095845,1.262095834,1.262095844,5.3,5.7,1.22,1.24,34.0,55.0,1.02,1.03,8.6,9.4,1.12,1.13,1.37,1.39,1.95,1.98,1.29,1.31,1.262095826,1.262095838,1.262095839,1.262095849
Turkish Super League,2026-09-20,11:00:00,Fenerbahce,Eyupspor,1.2,1.23,16.5,21.0,8.2,9.2,2.82,3.2,1.46,1.55,2.2,2.4,1.72,1.82,9.4,44.0,10.0,70.0,11.0,210.0,11.5,1000.0,9.8,11.5,16.5,20.0,10.0,65.0,11.5,330.0,7.6,8.6,10.5,12.5,9.2,42.0,11.0,230.0,7.8,8.8,12.5,14.5,9.6,50.0,11.0,240.0,3.15,3.5,11.5,420.0,11.5,1000.0,36068636,46726.0,4202656.0,58805.0,1.262391831,1.262391841,1.262391830,1.262391840,1.01,110.0,1.22,1.35,26.0,55.0,1.02,1.04,6.4,7.6,1.15,1.18,1.05,1.07,5.4,6.4,1.12,1.15,1.262391822,1.262391834,1.262391835,1.262391845
Turkish Super League,2026-09-20,11:00:00,Erzurum BB,Samsunspor,2.64,2.84,2.9,3.1,3.25,3.65,1.74,1.93,2.06,2.36,1.78,1.97,2.02,2.28,8.2,24.0,8.0,22.0,11.0,1000.0,1.42,1000.0,7.8,21.0,5.5,10.0,9.0,34.0,1.42,1000.0,10.5,1000.0,8.8,30.0,11.5,1000.0,1.42,1000.0,1.42,1000.0,1.42,1000.0,1.42,1000.0,1.42,1000.0,1.42,1000.0,1.42,1000.0,1.42,1000.0,36068621,7692068.0,113124.0,58805.0,1.262391942,1.262391952,1.262391941,1.262391951,2.98,3.4,1.43,1.51,8.2,18.0,1.07,1.14,3.3,4.3,1.35,1.44,1.48,1.53,1.54,1.61,1.38,1.45,1.262391933,1.262391945,1.262391946,1.262391956
Danish Superliga,2026-09-20,11:00:00,AC Horsens,AGF,4.2,4.6,1.92,1.97,3.85,4.0,2.1,2.42,1.71,1.9,1.64,1.83,2.2,2.58,10.5,1000.0,7.4,970.0,8.4,28.0,1.36,1000.0,10.5,1000.0,6.4,970.0,7.4,970.0,11.0,1000.0,1.36,1000.0,10.5,1000.0,10.5,1000.0,1.36,1000.0,1.36,1000.0,1.36,1000.0,1.36,1000.0,1.36,1000.0,1.34,140.0,7.6,24.0,1.36,1000.0,36065232,195583.0,28214.0,58805.0,1.262344804,1.262344807,1.262344853,1.262344854,3.05,110.0,1.32,1.45,10.0,110.0,1.02,1.11,4.2,4.9,1.26,1.31,2.02,2.1,1.29,1.32,1.33,1.36,1.262344855,1.262344815,1.262344805,1.262344806
Brazilian Serie B,2026-09-20,11:00:00,Ponte Preta,CRB,9.2,21.0,1.29,1.37,5.8,8.6,2.44,3.05,1.5,1.7,1.87,2.22,1.83,2.16,1.73,1000.0,1.57,18.0,1.53,13.0,1.58,18.0,1.73,1000.0,1.73,1000.0,1.59,19.0,1.73,1000.0,1.73,1000.0,1.73,1000.0,1.73,1000.0,1.73,1000.0,1.73,1000.0,1.73,1000.0,1.73,1000.0,1.73,1000.0,1.73,1000.0,3.85,5.6,1.73,1000.0,36077779,204603.0,6368159.0,58805.0,1.262531106,1.262531109,1.262531153,1.262531154,1.01,110.0,1.27,110.0,4.9,110.0,1.02,1.25,4.9,7.0,1.18,1.25,3.7,4.5,1.06,1.12,1.14,1.21,1.262531155,1.262531116,1.262531107,1.262531108
Brazilian Serie A,2026-09-20,11:00:00,Gremio,SE Palmeiras,4.3,4.7,1.88,1.97,3.75,4.0,1.96,2.04,1.97,2.04,1.86,1.93,2.06,2.18,12.5,15.0,6.6,9.0,10.5,12.0,18.0,22.0,14.0,16.0,7.8,8.6,9.4,11.0,17.5,22.0,8.4,40.0,16.0,19.0,17.0,20.0,8.4,42.0,9.8,120.0,9.4,70.0,9.4,75.0,10.0,130.0,9.4,75.0,11.5,13.5,10.5,1000.0,36045388,198134.0,22498185.0,58805.0,1.262175006,1.262175009,1.262175053,1.262175054,2.88,3.75,1.37,1.54,10.0,15.5,1.07,1.09,3.75,4.0,1.33,1.36,2.04,2.14,1.27,1.3,1.33,1.37,1.262175055,1.262175016,1.262175007,1.262175008
Estonian Premier League,2026-09-20,11:00:00,Trans Narva,FCI Tallinn,8.0,1000.0,1.17,1.38,6.2,880.0,2.78,13.0,1.08,1.55,1.01,1000.0,1.01,1000.0,1.01,1000.0,1.01,1000.0,1.01,1000.0,1.01,1000.0,1.01,1000.0,1.01,1000.0,1.01,1000.0,1.01,1000.0,1.01,1000.0,1.01,1000.0,1.01,1000.0,1.01,1000.0,1.01,1000.0,1.01,1000.0,1.01,1000.0,1.01,1000.0,1.01,1000.0,1.01,970.0,1.01,1000.0,36071943,46983.0,12562519.0,58805.0,1.262440042,1.262440054,1.262440041,1.262440053,1.01,1000.0,1.01,1.3,1.01,110.0,1.01,1.14,1.01,13.5,1.08,1.14,3.6,6.6,1.01,1.14,1.05,1.2,1.262440033,1.262440046,1.262440047,1.262440058
Armenian Premier League,2026-09-20,11:00:00,FC Shirak,Ararat Armenia,1.12,1000.0,1.33,1.46,1.12,930.0,2.06,2.5,1.67,1.93,1.01,1000.0,1.01,1000.0,1.01,1000.0,1.01,1000.0,1.01,1000.0,1.01,1000.0,1.01,1000.0,1.01,1000.0,1.01,1000.0,1.01,1000.0,1.01,1000.0,1.01,1000.0,1.01,1000.0,1.01,1000.0,1.01,1000.0,1.01,1000.0,1.01,1000.0,1.01,1000.0,1.01,1000.0,1.01,1000.0,1.01,1000.0,36081368,866231.0,20740727.0,58805.0,1.262580275,1.262580278,1.262580322,1.262580323,2.8,4.6,1.01,1000.0,1.01,110.0,1.01,1.4,3.4,110.0,1.24,1.4,3.0,4.1,1.01,1.44,1.01,1.44,1.262580324,1.262580285,1.262580276,1.262580277
Greek Super League,2026-09-20,11:00:00,Levadiakos,Olympiakos,10.0,12.5,1.36,1.38,5.3,5.7,1.97,2.06,1.95,2.04,2.34,2.52,1.66,1.75,14.5,17.0,6.2,6.8,6.4,7.2,9.6,11.0,25.0,30.0,11.0,12.5,9.6,10.5,14.5,16.5,13.5,110.0,11.5,50.0,30.0,38.0,11.5,55.0,14.0,680.0,15.0,260.0,14.5,260.0,15.0,310.0,15.0,410.0,6.6,7.4,13.5,1000.0,36067672,531200.0,55243.0,58805.0,1.262377397,1.262377407,1.262377396,1.262377406,1.01,3.8,1.36,1.53,14.5,17.0,1.06,1.08,3.75,4.2,1.32,1.36,3.6,3.8,1.09,1.11,1.21,1.24,1.262377388,1.262377400,1.262377401,1.262377411
Turkish 1 Lig,2026-09-20,11:00:00,Manisa FK,Istanbulspor,1.94,2.18,3.35,4.3,3.85,5.4,2.28,2.74,1.58,1.77,1.01,1000.0,1.01,1000.0,1.01,1000.0,1.01,1000.0,1.01,1000.0,1.01,1000.0,1.01,1000.0,1.01,1000.0,1.01,1000.0,1.01,1000.0,1.01,1000.0,1.01,1000.0,1.01,1000.0,1.01,1000.0,1.01,1000.0,1.01,1000.0,1.01,1000.0,1.01,1000.0,1.01,1000.0,1.01,1000.0,1.01,1000.0,36073251,27282595.0,113186.0,58805.0,1.262459462,1.262459472,1.262459461,1.262459471,1.01,1000.0,1.01,1000.0,2.28,110.0,1.01,1.77,2.28,100.0,1.18,1.77,1.31,1.43,1.84,2.08,1.22,1.36,1.262459453,1.262459465,1.262459466,1.262459476
Spanish La Liga,2026-09-20,11:15:00,Atletico Madrid,Real Madrid,3.75,3.85,2.02,2.04,4.0,4.1,2.92,3.0,1.5,1.52,1.5,1.52,2.96,3.05,26.0,30.0,15.0,16.0,15.0,16.5,23.0,26.0,23.0,25.0,9.6,10.5,10.0,11.0,16.0,17.0,30.0,34.0,14.5,15.5,13.0,14.0,21.0,24.0,60.0,70.0,30.0,34.0,30.0,34.0,44.0,48.0,19.0,21.0,7.6,8.2,24.0,1000.0,36071848,52480965.0,2426.0,58805.0,1.262437259,1.262437181,1.262437257,1.262437273,4.5,4.8,1.27,1.29,26.0,34.0,1.03,1.04,6.8,7.4,1.15,1.18,1.96,1.99,1.35,1.37,1.32,1.34,1.262437262,1.262437265,1.262437267,1.262437188
Spanish Segunda Division,2026-09-20,11:15:00,AD Ceuta FC,Valladolid,2.7,2.82,2.78,2.9,3.45,3.55,1.76,2.0,2.0,2.32,1.74,2.0,2.0,2.36,11.0,12.5,9.6,11.5,15.5,19.0,34.0,50.0,10.0,11.0,5.9,7.8,11.5,13.5,26.0,36.0,15.5,19.0,8.8,13.5,16.0,19.0,34.0,50.0,34.0,50.0,24.0,36.0,34.0,50.0,9.8,110.0,21.0,30.0,21.0,32.0,11.0,1000.0,36068695,8179917.0,13362.0,58805.0,1.262387964,1.262387967,1.262388011,1.262388012,2.74,3.55,1.4,1.58,8.4,20.0,1.05,1.14,3.25,4.2,1.33,1.44,1.52,1.57,1.54,1.59,1.39,1.41,1.262388013,1.262387974,1.262387965,1.262387966
German 3 Liga,2026-09-20,11:30:00,Waldhof Mannheim,Preussen Munster,1.98,2.38,3.15,3.85,3.85,5.7,2.12,3.0,1.5,1.88,1.01,1000.0,1.01,1000.0,1.01,1000.0,1.01,1000.0,1.01,1000.0,1.01,1000.0,1.01,1000.0,1.01,1000.0,1.01,1000.0,1.01,1000.0,1.01,1000.0,1.01,1000.0,1.01,1000.0,1.01,1000.0,1.01,1000.0,1.01,1000.0,1.01,1000.0,1.01,1000.0,1.01,1000.0,1.01,1000.0,1.01,1000.0,36080604,346909.0,3235019.0,58805.0,1.262550734,1.262550737,1.262550781,1.262550782,1.01,1000.0,1.01,1000.0,2.12,110.0,1.01,1.28,2.12,7.8,1.17,1.28,1.35,1.47,1.73,2.04,1.21,1.36,1.262550783,1.262550744,1.262550735,1.262550736
Swiss Super League,2026-09-20,11:30:00,FC Basel,St Gallen,2.5,2.78,2.56,2.78,4.0,4.8,2.92,3.45,1.4,1.53,1.35,1.53,2.92,3.85,1.01,1000.0,1.01,1000.0,1.01,1000.0,1.01,1000.0,1.01,1000.0,7.6,20.0,9.2,36.0,1.01,1000.0,1.01,1000.0,9.0,36.0,9.2,40.0,1.01,1000.0,1.01,1000.0,1.01,1000.0,1.01,1000.0,1.01,1000.0,7.4,19.0,7.4,19.5,1.01,1000.0,36071819,2939090.0,6392.0,58805.0,1.262434149,1.262434155,1.262434211,1.262434213,1.01,110.0,1.2,1.33,5.9,110.0,1.02,1.16,5.9,9.8,1.11,1.16,1.56,1.64,1.56,1.67,1.27,1.34,1.262434217,1.262434167,1.262434151,1.262434153
Portuguese Primeira Liga,2026-09-20,11:30:00,Guimaraes,Moreirense,1.54,1.58,7.2,8.0,4.4,4.7,1.81,2.1,1.92,2.24,2.06,2.38,1.73,1.94,9.6,970.0,1.78,1000.0,1.65,1000.0,1.65,1000.0,5.5,970.0,7.2,970.0,1.65,1000.0,1.65,1000.0,6.2,13.0,7.2,20.0,1.65,1000.0,1.65,1000.0,9.0,970.0,10.5,1000.0,1.65,1000.0,1.65,1000.0,6.8,17.5,1.65,1000.0,1.65,1000.0,36071781,50085.0,191604.0,58805.0,1.262442379,1.262442390,1.262442378,1.262442388,2.78,3.65,1.42,1.49,11.5,26.0,1.06,1.09,3.25,3.95,1.34,1.43,1.14,1.17,2.72,2.86,1.28,1.3,1.262442369,1.262442382,1.262442383,1.262442394
Portuguese Primeira Liga,2026-09-20,11:30:00,Club Football Estrela,Academico de Viseu,2.22,2.4,3.65,3.95,3.25,3.55,1.75,1.92,2.08,2.34,1.77,2.08,1.93,2.3,10.5,14.0,11.0,14.5,18.0,29.0,5.8,80.0,8.4,10.5,6.8,8.6,13.5,17.5,5.6,55.0,12.5,16.5,10.0,13.0,16.5,21.0,5.8,70.0,5.3,36.0,18.5,32.0,5.6,50.0,6.0,130.0,19.0,25.0,5.7,60.0,6.2,1000.0,36071784,36362918.0,7611327.0,58805.0,1.262433612,1.262433615,1.262433659,1.262433660,2.66,3.45,1.41,1.6,8.2,12.5,1.09,1.12,3.15,3.7,1.37,1.46,1.34,1.38,1.73,1.82,1.4,1.44,1.262433661,1.262433622,1.262433613,1.262433614
Swedish Allsvenskan,2026-09-20,11:30:00,Degerfors,Hammarby,9.8,11.0,1.34,1.38,5.6,6.2,2.42,2.64,1.61,1.7,2.0,2.16,1.87,1.99,20.0,26.0,8.8,10.5,7.8,8.8,9.6,11.0,8.2,36.0,11.5,14.0,9.6,11.5,12.5,15.0,9.8,120.0,8.4,40.0,7.8,30.0,8.4,42.0,10.0,430.0,10.0,180.0,9.8,140.0,10.0,170.0,10.0,230.0,4.5,5.0,10.5,1000.0,36071914,784612.0,30679.0,58805.0,1.262437706,1.262437709,1.262437753,1.262437754,3.4,4.9,1.27,1.4,12.0,26.0,1.04,1.1,4.6,6.4,1.19,1.28,3.6,3.9,1.1,1.12,1.2,1.22,1.262437755,1.262437716,1.262437707,1.262437708
Swedish Allsvenskan,2026-09-20,11:30:00,Mjallby,GAIS,2.72,2.9,2.5,2.74,3.45,4.6,2.12,2.48,1.68,1.9,1.58,1.8,2.26,2.74,11.5,1000.0,8.8,34.0,11.0,1000.0,1.28,1000.0,9.2,40.0,6.2,13.0,8.2,26.0,1.28,1000.0,11.5,1000.0,8.4,28.0,10.0,75.0,1.28,1000.0,1.28,1000.0,1.28,1000.0,1.28,1000.0,1.28,1000.0,1.28,1000.0,11.0,1000.0,1.28,1000.0,36071924,60143.0,384083.0,58805.0,1.262438303,1.262438306,1.262438350,1.262438351,3.15,4.3,1.33,1.47,10.0,110.0,1.02,1.1,4.0,6.0,1.23,1.33,1.59,1.67,1.52,1.57,1.34,1.38,1.262438352,1.262438313,1.262438304,1.262438305
Czech 2 Liga,2026-09-20,11:30:00,FC Sellier & Bellot Vlasim,MAS Taborsko,2.28,2.7,2.8,3.55,3.25,4.9,1.98,2.26,1.79,2.04,1.01,1000.0,1.01,1000.0,1.01,1000.0,1.01,1000.0,1.01,1000.0,1.01,1000.0,1.01,1000.0,1.01,1000.0,1.01,1000.0,1.01,1000.0,1.01,1000.0,1.01,1000.0,1.01,1000.0,1.01,1000.0,1.01,1000.0,1.01,1000.0,1.01,1000.0,1.01,1000.0,1.01,1000.0,1.01,1000.0,1.01,1000.0,36076129,21285670.0,6998410.0,58805.0,1.262610512,1.262610515,1.262610559,1.262610560,1.01,1000.0,1.29,1.57,3.65,110.0,1.01,1.35,3.65,100.0,1.25,1.35,1.39,1.56,1.59,1.79,1.25,1.44,1.262610561,1.262610522,1.262610513,1.262610514
Swiss Super League,2026-09-20,11:30:00,Lausanne,Lugano,3.8,4.3,1.88,2.02,4.0,4.4,2.28,2.5,1.67,1.79,1.63,1.72,2.38,2.6,12.0,1000.0,8.2,25.0,8.6,34.0,1.01,1000.0,11.0,1000.0,6.8,18.0,7.6,22.0,11.0,1000.0,1.01,1000.0,10.0,1000.0,11.0,1000.0,1.01,1000.0,1.01,1000.0,1.01,1000.0,1.01,1000.0,1.01,1000.0,1.01,1000.0,6.8,15.0,1.01,1000.0,36071827,2093796.0,65780.0,58805.0,1.262434418,1.262434421,1.262434465,1.262434466,2.8,110.0,1.28,1.45,14.0,36.0,1.04,1.08,4.7,5.8,1.22,1.28,1.98,2.14,1.31,1.36,1.29,1.34,1.262434467,1.262434428,1.262434419,1.262434420
Dutch Eredivisie,2026-09-20,11:45:00,NEC Nijmegen,Go Ahead Eagles,1.95,1.99,3.6,3.75,4.5,4.8,3.4,3.9,1.35,1.42,1.37,1.45,3.25,3.75,13.0,40.0,26.0,32.0,32.0,40.0,55.0,75.0,18.5,21.0,11.0,13.0,15.0,17.0,29.0,34.0,18.0,21.0,11.0,12.0,13.0,14.5,26.0,30.0,23.0,26.0,15.0,17.0,19.0,21.0,34.0,40.0,5.9,6.2,14.0,16.0,15.5,220.0,36041228,48456.0,419123.0,58805.0,1.262104587,1.262104597,1.262104586,1.262104596,4.2,110.0,1.2,1.3,21.0,55.0,1.02,1.05,7.8,12.5,1.1,1.14,1.37,1.4,2.0,2.06,1.26,1.29,1.262104578,1.262104590,1.262104591,1.262104601
Bulgarian A League,2026-09-20,11:45:00,Lokomotiv Plovdiv,CSKA Sofia,6.2,9.6,1.55,1.68,3.75,5.0,1.75,1.98,2.02,2.34,1.01,2.46,1.72,1.94,8.4,1000.0,5.5,10.0,6.2,12.5,9.2,1000.0,1.01,1000.0,6.4,12.5,7.4,21.0,11.5,1000.0,1.01,1000.0,1.01,1000.0,1.01,1000.0,1.01,1000.0,1.01,1000.0,1.01,1000.0,1.01,1000.0,1.01,1000.0,1.01,1000.0,7.6,1000.0,1.01,1000.0,36071133,878125.0,46982.0,58805.0,1.262426206,1.262426209,1.262426253,1.262426254,1.01,1000.0,1.01,1.6,7.6,26.0,1.05,1.14,3.15,4.2,1.35,1.41,2.46,2.9,1.12,1.19,1.27,1.37,1.262426255,1.262426216,1.262426207,1.262426208
Dutch Eerste Divisie,2026-09-20,11:45:00,De Graafschap,NAC Breda,3.15,4.0,1.84,2.04,4.0,7.2,3.2,4.6,1.3,1.43,1.33,1.49,3.0,970.0,1.01,1000.0,1.01,1000.0,1.01,1000.0,1.01,1000.0,1.01,1000.0,1.01,1000.0,7.0,1000.0,1.01,1000.0,1.01,1000.0,1.01,1000.0,1.01,1000.0,1.01,1000.0,1.01,1000.0,1.01,1000.0,1.01,1000.0,1.01,1000.0,1.01,1000.0,1.01,970.0,1.01,1000.0,36069082,48453.0,1328613.0,58805.0,1.262391315,1.262391318,1.262391362,1.262391363,1.01,1000.0,1.01,110.0,1.01,110.0,1.01,1.14,3.3,13.5,1.09,1.14,1.96,2.2,1.33,1.45,1.23,1.33,1.262391364,1.262391325,1.262391316,1.262391317
Serbian Super League,2026-09-20,12:00:00,Macva Sabac,Mladost Lucani,2.54,3.15,2.66,3.3,2.98,3.6,1.5,1.69,2.32,3.0,1.01,1000.0,1.01,1000.0,1.01,1000.0,1.01,1000.0,1.01,1000.0,1.01,1000.0,1.01,1000.0,1.01,1000.0,1.01,1000.0,1.01,1000.0,1.01,1000.0,1.01,1000.0,1.01,1000.0,1.01,1000.0,1.01,1000.0,1.01,1000.0,1.01,1000.0,1.01,1000.0,1.01,1000.0,1.01,1000.0,1.01,1000.0,36071720,13082371.0,2503610.0,58805.0,1.262445061,1.262445080,1.262444962,1.262445077,2.22,3.2,1.01,1000.0,3.4,110.0,1.01,1.42,2.56,4.7,1.27,1.64,1.43,1.61,1.47,1.65,1.38,1.51,1.262445045,1.262445067,1.262445068,1.262445087
Slovakian Super League,2026-09-20,12:00:00,MFK Skalica,Podbrezova,2.96,4.0,2.06,2.34,3.45,4.6,2.2,2.52,1.66,1.84,1.63,1.88,2.14,2.6,10.5,1000.0,8.6,1000.0,9.8,1000.0,1.01,1000.0,10.0,1000.0,6.4,13.5,8.2,1000.0,1.01,1000.0,1.01,1000.0,9.8,1000.0,10.5,1000.0,1.01,1000.0,1.01,1000.0,1.01,1000.0,1.01,1000.0,1.01,1000.0,1.01,1000.0,8.2,1000.0,1.01,1000.0,36069074,12690369.0,8672708.0,58805.0,1.262393280,1.262393290,1.262393279,1.262393289,1.01,1000.0,1.01,1.45,3.9,110.0,1.01,1.31,3.9,5.9,1.25,1.31,1.74,1.95,1.34,1.5,1.27,1.41,1.262393271,1.262393283,1.262393284,1.262393294
Norwegian 1st Division,2026-09-20,12:00:00,Sandnes Ulf,Moss,2.0,2.4,2.92,3.5,3.55,6.4,2.48,3.35,1.43,1.67,1.01,1000.0,1.01,1000.0,1.01,1000.0,1.01,1000.0,1.01,1000.0,1.01,1000.0,1.01,1000.0,1.01,1000.0,1.01,1000.0,1.01,1000.0,1.01,1000.0,1.01,1000.0,1.01,1000.0,1.01,1000.0,1.01,1000.0,1.01,1000.0,1.01,1000.0,1.01,1000.0,1.01,1000.0,1.01,1000.0,1.01,1000.0,36069053,778909.0,401947.0,58805.0,1.262390307,1.262390310,1.262390354,1.262390355,1.01,1000.0,1.01,1000.0,1.01,110.0,1.01,1.2,2.48,8.6,1.13,1.2,1.4,1.53,1.71,2.0,1.19,1.39,1.262390356,1.262390317,1.262390308,1.262390309
Norwegian 1st Division,2026-09-20,12:00:00,Lyn,Ranheim IL,1.62,1.86,3.65,5.3,4.4,6.8,4.0,6.8,1.18,1.31,1.25,1.39,3.55,5.3,1.01,1000.0,1.01,1000.0,1.01,1000.0,1.01,1000.0,1.01,1000.0,10.5,1000.0,1.01,1000.0,1.01,1000.0,1.01,1000.0,8.8,40.0,9.6,1000.0,1.01,1000.0,1.01,1000.0,10.0,1000.0,8.2,1000.0,1.01,1000.0,3.3,4.8,7.4,1000.0,1.01,1000.0,36069084,31318.0,22623366.0,58805.0,1.262393165,1.262393175,1.262393164,1.262393174,1.01,110.0,1.11,110.0,4.2,1000.0,1.01,1.09,4.2,36.0,1.04,1.09,1.23,1.37,2.16,2.62,1.18,1.3,1.262393156,1.262393168,1.262393169,1.262393179
Norwegian 1st Division,2026-09-20,12:00:00,Raufoss,Stromsgodset,7.2,22.0,1.27,1.4,5.5,13.5,3.7,4.9,1.26,1.36,1.52,1.74,2.38,2.92,1.01,1000.0,1.01,1000.0,7.6,34.0,7.8,40.0,1.01,1000.0,1.01,1000.0,1.01,30.0,7.6,34.0,1.01,1000.0,1.01,1000.0,1.01,1000.0,1.01,1000.0,1.01,1000.0,1.01,1000.0,1.01,1000.0,1.01,1000.0,1.01,1000.0,2.82,3.65,1.01,1000.0,36069068,152564.0,31319.0,58805.0,1.262393390,1.262393400,1.262393389,1.262393399,1.01,1000.0,1.01,1.27,3.75,110.0,1.01,1.12,3.75,18.0,1.07,1.12,3.5,4.7,1.07,1.16,1.11,1.23,1.262393381,1.262393393,1.262393394,1.262393404
Norwegian 1st Division,2026-09-20,12:00:00,Stabaek,Sogndal,1.39,1.53,5.7,8.8,4.9,8.2,4.0,5.5,1.22,1.32,1.37,1.54,2.86,3.75,1.01,1000.0,1.01,1000.0,1.01,1000.0,1.01,1000.0,1.01,1000.0,1.01,1000.0,1.01,1000.0,1.01,1000.0,1.01,1000.0,1.01,1000.0,1.01,1000.0,1.01,1000.0,1.01,1000.0,1.01,36.0,1.01,1000.0,1.01,1000.0,3.0,4.0,1.01,1000.0,1.01,1000.0,36069118,50045.0,31322.0,58805.0,1.262395795,1.262395805,1.262395794,1.262395804,1.01,110.0,1.11,2.0,4.1,110.0,1.01,1.11,4.1,21.0,1.06,1.11,1.13,1.21,2.9,3.55,1.14,1.26,1.262395786,1.262395798,1.262395799,1.262395809
Norwegian 1st Division,2026-09-20,12:00:00,Haugesund,Strommen,1.34,1.42,7.4,9.0,6.2,7.0,3.9,4.7,1.27,1.34,1.5,1.72,2.4,3.0,1.01,65.0,1.01,60.0,1.01,100.0,1.01,230.0,16.5,20.0,15.0,18.5,1.01,38.0,1.01,95.0,12.5,15.0,10.5,12.5,17.5,24.0,1.01,70.0,12.5,15.0,11.5,14.5,17.0,26.0,1.01,70.0,2.98,3.35,1.01,60.0,1.01,340.0,36069095,152566.0,1146634.0,58805.0,1.262393055,1.262393065,1.262393054,1.262393064,1.01,1000.0,1.01,1.27,3.95,110.0,1.01,1.12,3.9,21.0,1.06,1.12,1.12,1.16,3.35,3.9,1.16,1.2,1.262393046,1.262393058,1.262393059,1.262393069
Ukrainian Premier League,2026-09-20,12:00:00,Shakhtar,LNZ-Lebedyn,1.12,1.88,2.18,110.0,3.45,950.0,1.24,110.0,1.28,6.4,1.01,1000.0,1.01,1000.0,1.03,1000.0,1.03,1000.0,1.03,1000.0,1.03,1000.0,1.03,1000.0,1.03,1000.0,1.03,1000.0,1.03,1000.0,1.03,1000.0,1.03,1000.0,1.03,1000.0,1.03,1000.0,1.03,1000.0,1.03,1000.0,1.03,1000.0,1.03,1000.0,1.01,1000.0,1.01,1000.0,1.03,1000.0,36075808,52495027.0,19748479.0,58805.0,1.262477894,1.262477904,1.262477893,1.262477903,1.01,1000.0,1.01,1000.0,1.25,1000.0,1.01,110.0,1.24,110.0,1.28,970.0,1.03,1.85,2.14,26.0,1.01,1.41,1.262477885,1.262477897,1.262477898,1.262477908
Norwegian Eliteserien,2026-09-20,12:00:00,Viking,Lillestrom,1.4,1.48,5.8,10.0,5.6,8.0,3.25,4.5,1.29,1.45,1.46,1.66,2.52,3.2,1.55,1000.0,1.55,1000.0,1.55,1000.0,1.55,1000.0,1.55,1000.0,9.4,44.0,1.55,1000.0,1.55,1000.0,8.8,32.0,7.6,20.0,1.55,1000.0,1.55,1000.0,10.0,1000.0,8.4,28.0,1.55,1000.0,1.55,1000.0,3.35,4.6,1.55,1000.0,1.55,1000.0,36069057,168747.0,10770.0,58805.0,1.262392088,1.262392098,1.262392087,1.262392097,1.01,110.0,1.16,1.29,6.8,110.0,1.01,1.13,6.8,13.0,1.08,1.13,1.14,1.18,3.05,3.6,1.18,1.22,1.262392079,1.262392091,1.262392092,1.262392102
Norwegian Eliteserien,2026-09-20,12:00:00,Sandefjord,Start,2.06,2.16,3.5,3.85,3.65,4.3,2.14,5.8,1.21,1.87,1.52,1.74,2.36,2.94,1.4,1000.0,11.0,1000.0,1.4,1000.0,1.4,1000.0,8.8,32.0,6.4,16.0,9.6,55.0,1.4,1000.0,9.8,55.0,7.6,20.0,10.0,60.0,1.4,1000.0,1.4,1000.0,11.5,1000.0,1.4,1000.0,1.4,1000.0,7.6,20.0,1.4,1000.0,1.4,1000.0,36073240,199646.0,774893.0,58805.0,1.262454100,1.262454103,1.262454147,1.262454148,3.3,4.8,1.27,1.42,1.02,1000.0,1.02,1000.0,2.3,110.0,1.19,1.72,1.01,1000.0,1.01,1000.0,1.27,1.43,1.262454149,1.262454110,1.262454101,1.262454102
Austrian Bundesliga,2026-09-20,12:00:00,Red Bull Salzburg,Sturm Graz,1.66,1.72,4.5,6.4,4.1,5.7,3.0,3.8,1.36,1.49,1.48,1.61,2.66,3.05,27.0,42.0,22.0,32.0,34.0,55.0,70.0,110.0,14.0,17.5,11.0,14.5,17.0,24.0,40.0,55.0,13.0,15.5,10.0,11.5,14.0,17.5,30.0,48.0,16.5,22.0,13.5,18.0,20.0,27.0,40.0,60.0,5.0,5.6,22.0,29.0,95.0,320.0,36038844,52495026.0,71085.0,58805.0,1.262072552,1.262072562,1.262072551,1.262072561,3.7,7.0,1.18,1.33,5.7,55.0,1.02,1.17,5.7,9.8,1.11,1.17,1.19,1.27,2.36,2.52,1.23,1.33,1.262072543,1.262072555,1.262072556,1.262072566
Norwegian Eliteserien,2026-09-20,12:00:00,Tromso,Ham-Kam,1.48,1.6,5.7,7.8,4.1,5.4,2.3,2.54,1.65,1.77,1.72,2.0,2.0,2.4,1.61,1000.0,1.61,1000.0,1.61,1000.0,1.61,1000.0,7.4,18.5,7.4,19.5,1.61,1000.0,1.61,1000.0,7.0,16.5,7.2,17.5,1.61,1000.0,1.61,1000.0,9.4,44.0,9.6,50.0,1.61,1000.0,1.61,1000.0,5.1,8.6,1.61,1000.0,1.61,1000.0,36069055,50046.0,163203.0,58805.0,1.262392198,1.262392208,1.262392197,1.262392207,3.35,4.6,1.28,1.43,4.4,110.0,1.02,1.3,4.4,6.0,1.2,1.3,1.16,1.19,2.64,3.05,1.22,1.29,1.262392189,1.262392201,1.262392202,1.262392212
Bosnian Premier League,2026-09-20,12:00:00,Siroki Brijeg,Borac Banja Luka,5.1,11.0,1.57,1.76,3.55,6.0,1.74,2.02,1.99,2.34,1.01,1000.0,1.01,1000.0,1.01,1000.0,1.01,1000.0,1.01,1000.0,1.01,1000.0,1.01,1000.0,1.01,1000.0,1.01,1000.0,1.01,1000.0,1.01,1000.0,1.01,1000.0,1.01,1000.0,1.01,1000.0,1.01,1000.0,1.01,1000.0,1.01,1000.0,1.01,1000.0,1.01,1000.0,1.01,1000.0,1.01,1000.0,36076433,198684.0,4837337.0,58805.0,1.262487945,1.262487955,1.262487944,1.262487954,1.01,1000.0,1.01,1000.0,3.3,110.0,1.01,1.43,3.3,100.0,1.33,1.43,2.3,2.76,1.1,1.25,1.2,1.4,1.262487936,1.262487948,1.262487949,1.262487959
Greek Super League,2026-09-20,12:00:00,NFC Volos,AEK Athens,9.2,12.0,1.32,1.4,4.7,6.6,2.14,2.36,1.73,1.88,2.12,2.44,1.7,1.88,1.79,1000.0,6.0,970.0,5.8,970.0,7.4,970.0,1.79,1000.0,1.68,29.0,7.8,22.0,1.79,1000.0,1.79,1000.0,1.79,1000.0,1.79,1000.0,1.79,1000.0,1.79,1000.0,1.79,1000.0,1.79,1000.0,1.79,1000.0,1.79,1000.0,4.6,970.0,1.79,1000.0,36067669,16417407.0,10758.0,58805.0,1.262377507,1.262377517,1.262377506,1.262377516,3.0,110.0,1.31,1.49,10.0,110.0,1.02,1.11,3.85,5.2,1.24,1.36,3.35,4.2,1.09,1.13,1.18,1.25,1.262377498,1.262377510,1.262377511,1.262377521
Hungarian NB I,2026-09-20,12:00:00,Ujpest,Zalaegerszeg,1.8,1.96,4.0,5.3,3.75,4.5,2.26,2.68,1.59,1.79,1.56,1.77,2.28,2.8,1.01,1000.0,1.01,1000.0,1.01,1000.0,1.01,1000.0,1.01,1000.0,1.01,970.0,1.01,1000.0,1.01,1000.0,1.01,1000.0,1.01,20.0,1.01,1000.0,1.01,1000.0,1.01,1000.0,1.01,1000.0,1.01,1000.0,1.01,1000.0,1.01,1000.0,1.01,1000.0,1.01,1000.0,36069209,521199.0,189803.0,58805.0,1.262395638,1.262395648,1.262395637,1.262395647,1.01,1000.0,1.01,1.43,4.5,110.0,1.02,1.25,4.5,7.0,1.2,1.25,1.23,1.33,2.04,2.26,1.29,1.36,1.262395629,1.262395641,1.262395642,1.262395652
Norwegian 1st Division,2026-09-20,12:00:00,Kongsvinger,Hodd,1.27,1.38,9.0,29.0,5.6,9.6,3.85,5.4,1.24,1.34,1.47,1.67,2.52,3.1,1.01,1000.0,1.01,1000.0,1.01,1000.0,1.01,1000.0,1.01,1000.0,1.01,1000.0,1.01,1000.0,1.01,1000.0,1.01,1000.0,1.01,1000.0,12.0,1000.0,1.01,1000.0,1.01,1000.0,1.01,1000.0,1.01,1000.0,1.01,1000.0,2.56,3.25,1.01,1000.0,1.01,1000.0,36069067,774892.0,44824.0,58805.0,1.262393502,1.262393512,1.262393501,1.262393511,1.01,1000.0,1.01,1.26,1.01,110.0,1.01,1.1,3.85,26.0,1.05,1.1,1.05,1.13,3.6,4.7,1.12,1.22,1.262393493,1.262393505,1.262393506,1.262393516
Norwegian 1st Division,2026-09-20,12:00:00,Odds BK,Egersund,1.74,1.94,3.8,5.2,3.95,5.9,2.96,3.95,1.34,1.5,1.39,1.58,1.01,3.6,1.01,1000.0,1.01,1000.0,1.01,1000.0,1.01,1000.0,1.01,1000.0,1.01,1000.0,1.01,1000.0,1.01,1000.0,1.01,1000.0,1.01,21.0,1.01,1000.0,1.01,1000.0,1.01,1000.0,1.01,1000.0,1.01,1000.0,1.01,1000.0,1.01,7.6,1.01,1000.0,1.01,1000.0,36069107,10833201.0,3876624.0,58805.0,1.262395917,1.262395927,1.262395916,1.262395926,1.01,1000.0,1.01,1.31,3.0,110.0,1.01,1.14,3.0,13.5,1.09,1.14,1.24,1.36,2.06,2.34,1.21,1.34,1.262395908,1.262395920,1.262395921,1.262395931
Italian Serie B,2026-09-20,12:15:00,Mantova,Pisa,2.72,3.15,2.52,3.0,3.2,3.65,1.84,2.0,2.0,2.2,1.7,1.93,2.06,2.42,9.0,34.0,9.2,13.5,12.5,21.0,3.0,55.0,8.6,14.5,5.5,9.0,8.2,15.5,3.0,44.0,14.0,25.0,10.0,16.5,10.5,21.0,3.05,65.0,3.1,70.0,3.0,48.0,3.1,70.0,3.2,1000.0,19.0,46.0,16.5,1000.0,3.2,1000.0,36072486,924269.0,501200.0,58805.0,1.262450402,1.262450405,1.262450449,1.262450450,2.8,3.65,1.39,1.5,11.0,15.0,1.07,1.1,3.55,4.2,1.32,1.39,1.5,1.65,1.46,1.58,1.37,1.46,1.262450451,1.262450412,1.262450403,1.262450404
French Ligue 1,2026-09-20,12:15:00,Nice,Lille,3.85,3.95,2.1,2.14,3.55,3.7,1.96,1.99,2.0,2.04,1.8,1.87,2.14,2.26,12.5,14.5,8.8,9.6,12.0,13.5,20.0,26.0,13.0,14.5,7.2,8.0,9.6,11.0,19.5,23.0,20.0,29.0,14.0,16.5,15.5,18.0,10.0,38.0,11.5,95.0,40.0,60.0,11.0,70.0,12.0,120.0,10.5,60.0,14.0,16.0,13.5,1000.0,36039976,189829.0,44790.0,58805.0,1.262087950,1.262087934,1.262087949,1.262087959,3.05,3.75,1.37,1.48,12.5,14.5,1.07,1.09,3.75,4.1,1.33,1.37,1.87,1.91,1.33,1.36,1.37,1.39,1.262087952,1.262087954,1.262087955,1.262087937
Polish I Liga,2026-09-20,12:30:00,Podbeskidzie B-B,Unia Skierniewice,2.06,2.34,3.15,3.9,3.75,5.1,2.2,2.6,1.63,1.82,1.01,1000.0,1.01,1000.0,1.01,1000.0,1.01,1000.0,1.01,1000.0,1.01,1000.0,1.01,1000.0,1.01,1000.0,1.01,1000.0,1.01,1000.0,1.01,1000.0,1.01,1000.0,1.01,1000.0,1.01,1000.0,1.01,1000.0,1.01,1000.0,1.01,1000.0,1.01,1000.0,1.01,1000.0,1.01,1000.0,1.01,1000.0,36070600,4135278.0,11450784.0,58805.0,1.262612844,1.262612847,1.262612891,1.262612892,1.01,1000.0,1.01,1000.0,2.82,110.0,1.01,1.55,2.82,100.0,1.19,1.55,1.34,1.46,1.75,1.95,1.24,1.36,1.262612893,1.262612854,1.262612845,1.262612846
German Bundesliga,2026-09-20,12:30:00,Schalke 04,Elversberg,2.1,2.12,3.8,3.85,3.8,3.85,2.7,2.76,1.56,1.58,1.49,1.54,2.88,3.05,22.0,26.0,20.0,22.0,21.0,32.0,60.0,70.0,14.0,18.5,8.6,9.2,14.5,16.5,22.0,36.0,15.5,17.5,10.0,13.0,12.0,13.5,32.0,36.0,24.0,27.0,17.0,18.5,23.0,25.0,42.0,48.0,8.8,9.6,21.0,24.0,16.5,1000.0,36041091,44517.0,500893.0,58805.0,1.262095704,1.262095714,1.262095703,1.262095713,4.3,4.6,1.28,1.31,21.0,26.0,1.04,1.05,6.2,6.6,1.18,1.2,1.35,1.36,1.9,1.91,1.35,1.36,1.262095695,1.262095707,1.262095708,1.262095718
Slovenian Premier League,2026-09-20,12:30:00,Mura,NK Celje,4.1,5.5,1.77,2.0,3.65,4.2,1.94,2.22,1.83,2.06,1.01,110.0,1.01,110.0,1.01,1000.0,1.01,1000.0,1.01,1000.0,1.01,1000.0,1.01,1000.0,1.01,1000.0,1.01,1000.0,1.01,1000.0,1.01,1000.0,1.01,1000.0,1.01,1000.0,1.01,1000.0,1.01,1000.0,1.01,1000.0,1.01,1000.0,1.01,1000.0,1.01,1000.0,1.01,1000.0,1.01,1000.0,36069360,503236.0,3188553.0,58805.0,1.262398198,1.262398208,1.262398197,1.262398207,1.01,1000.0,1.29,1.54,3.7,110.0,1.01,1.37,3.7,100.0,1.26,1.37,2.0,2.3,1.22,1.32,1.31,1.38,1.262398189,1.262398201,1.262398202,1.262398212
Polish Ekstraklasa,2026-09-20,12:30:00,Jagiellonia Bialystock,Legia Warsaw,2.68,3.35,2.44,2.94,3.15,4.3,2.02,2.42,1.71,1.97,1.56,1.79,2.28,2.78,1.01,1000.0,1.01,38.0,1.01,1000.0,1.01,1000.0,1.01,1000.0,1.01,11.5,1.01,29.0,1.01,1000.0,1.01,1000.0,1.01,38.0,1.01,1000.0,1.01,1000.0,1.01,1000.0,1.01,1000.0,1.01,1000.0,1.01,1000.0,1.01,1000.0,1.01,1000.0,1.01,1000.0,36069204,7391394.0,241091.0,58805.0,1.262394386,1.262394392,1.262394446,1.262394447,2.92,110.0,1.01,1.52,4.2,110.0,1.02,1.11,4.2,4.9,1.26,1.31,1.54,1.69,1.44,1.59,1.31,1.47,1.262394462,1.262394405,1.262394390,1.262394391
English Premier League,2026-09-20,12:30:00,Fulham,Man Utd,3.6,3.65,2.12,2.14,3.9,3.95,2.58,2.62,1.61,1.63,1.55,1.59,2.72,2.8,21.0,23.0,13.0,14.0,14.5,15.5,25.0,26.0,19.0,19.5,9.0,9.2,10.0,10.5,17.5,18.5,28.0,29.0,14.0,14.5,13.0,13.5,24.0,27.0,55.0,65.0,32.0,34.0,34.0,36.0,48.0,55.0,22.0,24.0,9.8,10.5,55.0,550.0,36036319,56764.0,48351.0,58805.0,1.262039262,1.262039201,1.262039261,1.262039272,4.1,4.3,1.3,1.33,21.0,26.0,1.04,1.05,5.7,6.0,1.2,1.21,1.87,1.89,1.37,1.39,1.33,1.35,1.262039264,1.262039266,1.262039267,1.262039205
Saudi 1st Division,2026-09-20,12:55:00,Al-Jndal,Al-Wahda (KSA),3.65,6.0,1.7,2.04,3.25,7.4,1.94,2.64,1.61,2.06,1.01,1000.0,1.01,1000.0,1.01,1000.0,1.01,1000.0,1.01,1000.0,1.01,1000.0,1.01,1000.0,1.01,1000.0,1.01,1000.0,1.01,1000.0,1.01,1000.0,1.01,1000.0,1.01,1000.0,1.01,1000.0,1.01,1000.0,1.01,1000.0,1.01,1000.0,1.01,1000.0,1.01,1000.0,1.01,1000.0,1.01,1000.0,36087221,21772357.0,6617059.0,58805.0,1.262607352,1.262607362,1.262607351,1.262607361,1.01,1000.0,1.01,1000.0,2.96,110.0,1.01,1.51,2.96,100.0,1.24,1.51,1.96,2.44,1.2,1.38,1.16,1.44,1.262607343,1.262607355,1.262607356,1.262607366
Italian Serie A,2026-09-20,13:00:00,Juventus,Atalanta,1.74,1.75,5.6,5.7,4.0,4.1,2.04,2.1,1.91,1.96,1.89,1.94,2.06,2.14,14.0,15.5,17.0,19.5,38.0,44.0,42.0,140.0,8.2,8.8,8.0,8.8,19.5,22.0,32.0,75.0,9.6,10.5,9.4,10.0,18.5,20.0,65.0,75.0,16.0,17.5,16.5,18.0,30.0,36.0,38.0,120.0,9.6,10.5,65.0,90.0,19.0,1000.0,36041259,52475015.0,215817.0,58805.0,1.262102252,1.262102236,1.262102251,1.262102261,3.35,3.5,1.4,1.42,14.0,16.0,1.06,1.08,4.1,4.3,1.3,1.32,1.21,1.22,2.32,2.36,1.32,1.34,1.262102254,1.262102256,1.262102257,1.262102239
Cypriot 1st Division,2026-09-20,13:00:00,Aris FC Limassol,Karmiotissa Polemidion,1.28,1.44,7.8,110.0,5.2,11.5,2.28,2.8,1.55,1.77,1.01,1000.0,1.01,1000.0,1.01,1000.0,1.01,1000.0,1.01,1000.0,1.01,1000.0,1.01,1000.0,1.01,1000.0,1.01,1000.0,1.01,1000.0,1.01,1000.0,1.01,1000.0,1.01,1000.0,1.01,1000.0,1.01,1000.0,1.01,1000.0,1.01,1000.0,1.01,1000.0,1.01,1000.0,1.01,1000.0,1.01,1000.0,36071144,9028289.0,12403733.0,58805.0,1.262430000,1.262430010,1.262429999,1.262430009,1.01,1000.0,1.01,1000.0,2.74,110.0,1.01,1.29,2.74,100.0,1.17,1.29,1.03,1.15,3.25,4.7,1.13,1.24,1.262429991,1.262430003,1.262430004,1.262430014
Czech 1 Liga,2026-09-20,13:00:00,Slavia Prague,Plzen,1.44,1.49,5.9,11.0,4.6,7.4,2.28,2.64,1.61,1.78,1.71,2.02,1.99,2.4,1.01,1000.0,1.01,1000.0,1.01,1000.0,1.01,1000.0,1.01,970.0,7.8,22.0,1.01,1000.0,1.01,1000.0,1.01,970.0,1.01,970.0,1.01,1000.0,1.01,1000.0,1.01,38.0,1.01,44.0,1.01,1000.0,1.01,1000.0,1.01,970.0,1.01,1000.0,1.01,1000.0,36069370,10777.0,52613879.0,58805.0,1.262398418,1.262398428,1.262398417,1.262398427,1.01,110.0,1.23,110.0,4.7,55.0,1.03,1.26,4.7,7.2,1.21,1.26,1.11,1.21,3.0,3.3,1.17,1.28,1.262398409,1.262398421,1.262398422,1.262398432
Danish Superliga,2026-09-20,13:00:00,Viborg,FC Nordsjaelland,2.98,3.05,2.36,2.44,3.9,4.1,2.44,2.9,1.53,1.7,1.46,1.64,2.58,3.15,1.25,1000.0,10.0,1000.0,11.5,1000.0,1.25,1000.0,11.0,1000.0,6.8,970.0,8.2,24.0,1.25,1000.0,1.25,1000.0,9.0,34.0,9.4,42.0,1.25,1000.0,1.25,1000.0,1.25,1000.0,1.25,1000.0,1.25,1000.0,1.25,1000.0,8.2,23.0,1.25,1000.0,36069348,10780.0,466299.0,58805.0,1.262397732,1.262397738,1.262397783,1.262397784,3.6,5.1,1.25,1.38,4.9,110.0,1.02,1.26,4.9,7.6,1.15,1.26,1.69,1.74,1.48,1.51,1.33,1.35,1.262397786,1.262397745,1.262397733,1.262397735
Icelandic Urvalsdeild,2026-09-20,13:00:00,IBV,Valur,0.0,0.0,0.0,0.0,0.0,0.0,3.0,12.5,1.34,1.5,1.33,1.5,1.01,970.0,1.01,1000.0,1.01,1000.0,1.01,1000.0,1.01,1000.0,1.01,1000.0,1.01,1000.0,1.01,1000.0,1.01,1000.0,1.01,1000.0,1.01,1000.0,1.01,1000.0,1.01,1000.0,1.01,1000.0,1.01,1000.0,1.01,1000.0,1.01,1000.0,1.01,1000.0,1.01,1000.0,1.01,1000.0,36069375,0.0,0.0,0.0,0.0,1.262398318,1.262398307,1.262398317,1.01,1000.0,1.01,1.31,3.0,1000.0,1.02,1.14,3.0,970.0,1.1,1.14,1.43,1.62,1.63,1.9,1.17,1.46,1.262398299,1.262398311,1.262398312,1.262398322
Icelandic Urvalsdeild,2026-09-20,13:00:00,Keflavik,Fram,0.0,0.0,0.0,0.0,0.0,0.0,1.24,970.0,1.09,6.4,1.35,1.51,1.01,970.0,1.01,1000.0,1.01,1000.0,1.01,1000.0,1.01,1000.0,1.01,1000.0,1.01,1000.0,1.01,1000.0,1.01,1000.0,1.01,1000.0,1.01,1000.0,1.01,1000.0,1.01,1000.0,1.01,1000.0,1.01,1000.0,1.01,1000.0,1.01,1000.0,1.01,1000.0,1.01,970.0,1.01,1000.0,36077430,0.0,0.0,0.0,0.0,1.262508334,1.262508378,1.262508379,1.01,1000.0,1.01,1.3,1.01,1000.0,1.01,1000.0,1.24,970.0,1.09,1.14,1.01,1000.0,1.01,1000.0,1.01,1.36,1.262508380,1.262508341,1.262508332,1.262508333
Icelandic Urvalsdeild,2026-09-20,13:00:00,Hafnarfjordur,Stjarnan,0.0,0.0,0.0,0.0,0.0,0.0,1.9,13.5,1.33,1.5,1.32,1.49,1.01,970.0,1.01,1000.0,1.01,1000.0,1.01,1000.0,1.01,1000.0,1.01,1000.0,1.01,1000.0,1.01,1000.0,1.01,1000.0,1.01,1000.0,1.01,1000.0,1.01,1000.0,1.01,1000.0,1.01,1000.0,1.01,1000.0,1.01,1000.0,1.01,1000.0,1.01,1000.0,1.01,1000.0,1.01,1000.0,36069376,0.0,0.0,0.0,0.0,1.262398559,1.262398548,1.262398558,1.01,1000.0,1.01,1.31,1.01,1000.0,1.02,1.14,3.0,110.0,1.09,1.14,1.5,1.73,1.52,1.79,1.17,1.46,1.262398540,1.262398552,1.262398553,1.262398563
Estonian Premier League,2026-09-20,13:00:00,Tallinna FC Flora,Parnu JK Vaprus,1.46,1.68,5.4,10.5,4.6,7.8,2.42,3.65,1.38,1.7,1.01,1000.0,1.01,1000.0,1.01,1000.0,1.01,1000.0,1.01,1000.0,1.01,1000.0,1.01,1000.0,1.01,1000.0,1.01,1000.0,1.01,1000.0,1.01,1000.0,1.01,1000.0,1.01,1000.0,1.01,1000.0,1.01,1000.0,1.01,1000.0,1.01,1000.0,1.01,1000.0,1.01,1000.0,1.01,1000.0,1.01,1000.0,36071188,10748720.0,12395256.0,58805.0,1.262426897,1.262426900,1.262426944,1.262426945,1.01,1000.0,1.01,1000.0,2.42,110.0,1.01,1.18,2.42,100.0,1.12,1.18,1.12,1.23,2.48,3.2,1.15,1.28,1.262426946,1.262426907,1.262426898,1.262426899
Cypriot 1st Division,2026-09-20,13:00:00,Omonia,Digenis Ypsona,1.08,1.27,12.0,1000.0,6.4,470.0,2.48,3.95,1.38,1.67,1.01,1000.0,1.01,1000.0,1.01,1000.0,1.01,1000.0,1.01,1000.0,1.01,1000.0,1.01,1000.0,1.01,1000.0,1.01,1000.0,1.01,1000.0,1.01,1000.0,1.01,1000.0,1.01,1000.0,1.01,1000.0,1.01,1000.0,1.01,1000.0,1.01,1000.0,1.01,1000.0,1.01,1000.0,1.01,1000.0,1.01,1000.0,36071131,1209587.0,12095765.0,58805.0,1.262430181,1.262430191,1.262430180,1.262430190,1.01,1000.0,1.01,1.38,2.98,110.0,1.01,1.26,2.98,100.0,1.15,1.26,1.01,1.1,4.7,36.0,1.01,1.19,1.262430172,1.262430184,1.262430185,1.262430195
Greek Super League,2026-09-20,13:00:00,OFI,Asteras Tripolis,2.34,2.72,3.3,4.1,2.84,3.4,1.57,1.77,2.3,2.76,1.9,2.24,1.81,2.12,7.0,970.0,7.8,22.0,1.55,1000.0,1.55,1000.0,6.4,970.0,5.3,970.0,1.55,1000.0,1.55,1000.0,1.48,32.0,1.47,28.0,1.55,1000.0,1.55,1000.0,1.55,1000.0,1.55,1000.0,1.55,1000.0,1.55,1000.0,1.55,1000.0,1.55,1000.0,1.55,1000.0,36067756,728087.0,1300930.0,58805.0,1.262377617,1.262377627,1.262377616,1.262377626,2.5,110.0,1.46,1.59,6.4,13.5,1.08,1.17,2.82,3.35,1.43,1.55,1.32,1.44,1.58,1.75,1.41,1.55,1.262377608,1.262377620,1.262377621,1.262377631
Uruguayan Primera Division,2026-09-20,13:00:00,Danubio,Wanderers (Uru),2.04,2.5,2.9,4.4,2.68,110.0,1.51,1.81,2.22,2.94,1.01,1000.0,1.01,1000.0,1.01,1000.0,1.01,1000.0,1.01,1000.0,1.01,1000.0,1.01,1000.0,1.01,1000.0,1.01,1000.0,1.01,1000.0,1.01,1000.0,1.01,1000.0,1.01,1000.0,1.01,1000.0,1.01,1000.0,1.01,1000.0,1.01,1000.0,1.01,1000.0,1.01,1000.0,1.01,1000.0,1.01,1000.0,36077322,504779.0,2794560.0,58805.0,1.262499721,1.262499724,1.262499770,1.262499771,2.32,1000.0,1.01,1000.0,2.5,110.0,1.01,1.66,2.5,100.0,1.02,1.66,1.29,1.53,1.66,1.97,1.19,1.59,1.262499772,1.262499732,1.262499722,1.262499723
Icelandic Urvalsdeild,2026-09-20,13:00:00,IA Akranes,Breidablik,0.0,0.0,0.0,0.0,0.0,0.0,1.24,970.0,1.06,6.4,1.3,1.46,1.01,970.0,1.01,1000.0,1.01,1000.0,1.01,1000.0,1.01,1000.0,1.01,1000.0,1.01,1000.0,1.01,1000.0,1.01,1000.0,1.01,1000.0,1.01,1000.0,1.01,1000.0,1.01,1000.0,1.01,1000.0,1.01,1000.0,1.01,1000.0,1.01,1000.0,1.01,970.0,1.01,1000.0,1.01,1000.0,36077428,0.0,0.0,0.0,0.0,1.262507821,1.262507865,1.262507866,1.01,1000.0,1.01,1.27,1.01,1000.0,1.01,1000.0,1.24,970.0,1.06,1.12,1.01,1000.0,1.01,1000.0,1.01,1.36,1.262507867,1.262507828,1.262507819,1.262507820
Spanish Segunda Division,2026-09-20,13:30:00,Las Palmas,Burgos,2.04,2.16,4.4,4.9,3.15,3.5,1.66,1.84,2.18,2.52,1.9,2.1,1.9,2.1,7.8,13.0,11.5,17.0,19.0,38.0,4.5,1000.0,7.0,8.8,6.4,10.0,14.0,22.0,4.3,90.0,10.0,14.0,9.4,12.5,16.5,25.0,4.3,100.0,3.9,30.0,3.9,30.0,4.1,55.0,4.5,1000.0,14.5,25.0,4.3,100.0,4.5,1000.0,36069516,9163.0,968180.0,58805.0,1.262399796,1.262399799,1.262399843,1.262399844,2.56,3.2,1.45,1.65,9.2,12.5,1.09,1.12,3.15,3.85,1.35,1.47,1.26,1.3,1.87,1.97,1.4,1.44,1.262399845,1.262399806,1.262399797,1.262399798
Spanish La Liga,2026-09-20,13:30:00,Villarreal,Levante,1.54,1.56,6.4,6.6,5.0,5.1,2.88,2.94,1.51,1.53,1.66,1.68,2.48,2.52,26.0,30.0,27.0,32.0,50.0,60.0,19.5,150.0,11.5,13.0,11.0,12.0,21.0,24.0,60.0,70.0,11.0,12.0,9.4,10.5,17.0,18.5,50.0,60.0,14.0,15.5,12.5,14.0,22.0,24.0,32.0,70.0,5.2,5.5,29.0,55.0,18.0,560.0,36071865,28191.0,214865.0,58805.0,1.262438493,1.262438431,1.262438492,1.262438504,4.4,4.7,1.27,1.29,26.0,34.0,1.03,1.04,6.6,7.0,1.17,1.18,1.18,1.2,2.78,2.84,1.24,1.25,1.262438495,1.262438497,1.262438498,1.262438435
Spanish La Liga,2026-09-20,13:30:00,Deportivo,Betis,3.75,3.8,2.1,2.12,3.8,3.85,2.12,2.14,1.88,1.89,1.74,1.79,2.26,2.36,15.0,16.5,9.8,10.5,12.5,14.0,23.0,26.0,13.5,16.0,7.8,8.6,9.8,10.5,19.0,22.0,25.0,27.0,14.0,15.0,15.5,17.5,30.0,34.0,60.0,70.0,38.0,42.0,42.0,48.0,36.0,85.0,34.0,38.0,12.5,14.0,18.5,1000.0,36071862,51266.0,44507.0,58805.0,1.262439367,1.262439304,1.262439366,1.262439378,3.35,3.5,1.4,1.42,15.0,16.5,1.06,1.07,4.3,4.5,1.29,1.31,1.89,1.91,1.35,1.37,1.35,1.36,1.262439369,1.262439371,1.262439372,1.262439308
Greek Super League,2026-09-20,13:30:00,Kalamata,Panathinaikos,9.4,16.5,1.35,1.43,5.2,5.9,2.04,2.34,1.74,1.97,2.12,2.38,1.72,1.9,2.7,1000.0,5.7,8.4,5.7,8.4,9.0,970.0,2.52,38.0,10.0,1000.0,8.8,11.5,2.36,19.0,2.7,1000.0,2.7,1000.0,2.52,38.0,2.7,1000.0,2.7,1000.0,2.7,1000.0,2.7,1000.0,2.7,1000.0,2.7,1000.0,5.7,7.4,2.7,1000.0,36067718,650859.0,50334.0,58805.0,1.262377817,1.262377827,1.262377816,1.262377826,2.92,4.2,1.31,1.51,4.1,36.0,1.04,1.1,4.0,4.9,1.26,1.32,3.3,3.9,1.09,1.13,1.2,1.24,1.262377808,1.262377820,1.262377821,1.262377831
Spanish Segunda Division,2026-09-20,13:30:00,Almeria,Celta Vigo B,1.38,1.5,6.8,12.0,4.4,7.0,2.2,2.56,1.64,1.84,1.86,2.06,1.94,2.16,1.71,1000.0,1.71,1000.0,1.71,1000.0,1.71,1000.0,6.8,18.0,8.2,24.0,1.71,1000.0,1.71,1000.0,6.4,13.5,7.4,17.5,1.71,1000.0,1.71,1000.0,8.4,30.0,9.6,55.0,1.71,1000.0,1.71,1000.0,4.7,7.6,1.71,1000.0,1.71,1000.0,36072038,248020.0,7583222.0,58805.0,1.262441796,1.262441799,1.262441843,1.262441844,3.3,4.7,1.28,1.43,4.5,110.0,1.02,1.28,4.5,6.0,1.2,1.28,1.09,1.15,3.0,3.65,1.17,1.3,1.262441845,1.262441806,1.262441797,1.262441798
Turkish 1 Lig,2026-09-20,14:00:00,Mardin BB,Kayserispor,1.1,110.0,1.1,950.0,1.1,1000.0,1.1,110.0,1.31,26.0,1.01,1000.0,1.01,1000.0,1.01,1000.0,1.01,1000.0,1.01,1000.0,1.01,1000.0,1.01,1000.0,1.01,1000.0,1.01,1000.0,1.01,1000.0,1.01,1000.0,1.01,1000.0,1.01,1000.0,1.01,1000.0,1.01,1000.0,1.01,1000.0,1.01,1000.0,1.01,1000.0,1.01,1000.0,1.01,1000.0,1.01,1000.0,36073252,25983403.0,508789.0,58805.0,1.262454424,1.262454427,1.262454471,1.262454472,1.01,1000.0,1.01,1000.0,1.01,1000.0,1.01,110.0,1.1,110.0,1.31,110.0,1.03,36.0,1.03,36.0,1.01,110.0,1.262454473,1.262454434,1.262454425,1.262454426
Saudi 1st Division,2026-09-20,14:00:00,Al Jeel,Hajer Club,2.46,3.15,2.34,3.25,2.78,6.0,1.54,1.97,2.04,2.86,1.01,1000.0,1.01,1000.0,1.01,1000.0,1.01,1000.0,1.01,1000.0,1.01,1000.0,1.01,1000.0,1.01,1000.0,1.01,1000.0,1.01,1000.0,1.01,1000.0,1.01,1000.0,1.01,1000.0,1.01,1000.0,1.01,1000.0,1.01,1000.0,1.01,1000.0,1.01,1000.0,1.01,1000.0,1.01,1000.0,1.01,1000.0,36087197,7899418.0,6130793.0,58805.0,1.262607463,1.262607473,1.262607462,1.262607472,1.01,1000.0,1.39,1.75,2.48,110.0,1.01,1.68,2.48,3.4,1.41,1.68,1.44,1.74,1.46,1.69,1.2,1.56,1.262607454,1.262607466,1.262607467,1.262607477
Turkish 1 Lig,2026-09-20,14:00:00,Antalyaspor,Van Buyuksehir Belediyespor,1.56,1.73,5.2,7.8,3.85,6.0,2.08,2.46,1.69,1.91,1.01,1000.0,1.01,1000.0,1.01,1000.0,1.01,1000.0,1.01,1000.0,1.01,1000.0,1.01,1000.0,1.01,1000.0,1.01,1000.0,1.01,1000.0,1.01,1000.0,1.01,1000.0,1.01,1000.0,1.01,1000.0,1.01,1000.0,1.01,1000.0,1.01,1000.0,1.01,1000.0,1.01,1000.0,1.01,1000.0,1.01,1000.0,36069610,113188.0,12049689.0,58805.0,1.262401896,1.262401906,1.262401895,1.262401905,1.01,1000.0,1.01,1000.0,1.01,110.0,1.01,110.0,2.52,5.7,1.21,1.66,1.15,1.24,2.36,2.8,1.2,1.36,1.262401887,1.262401899,1.262401900,1.262401910
Turkish Super League,2026-09-20,14:00:00,Amed Sportif Faaliyetler,Besiktas,4.6,5.2,1.78,1.84,4.1,4.4,2.3,2.7,1.59,1.76,1.61,1.78,2.28,2.62,2.62,1000.0,8.0,24.0,10.5,28.0,2.34,22.0,16.5,22.0,8.4,11.5,9.0,11.0,10.5,19.0,2.62,1000.0,11.0,22.0,10.5,21.0,2.44,36.0,2.62,1000.0,2.62,1000.0,2.62,1000.0,2.56,95.0,2.62,1000.0,6.6,13.0,2.62,1000.0,36069513,12171081.0,232068.0,58805.0,1.262402379,1.262402389,1.262402378,1.262402388,3.25,110.0,1.31,1.43,11.0,26.0,1.04,1.06,4.8,5.5,1.22,1.27,2.18,2.3,1.24,1.28,1.29,1.33,1.262402370,1.262402382,1.262402383,1.262402393
Slovakian Super League,2026-09-20,14:00:00,Dunajska Streda,Spartak Trnava,1.75,1.94,4.2,5.7,3.8,5.1,2.04,2.44,1.7,1.97,1.66,1.93,2.08,2.52,11.0,1000.0,9.6,1000.0,1.01,1000.0,1.01,1000.0,7.2,17.5,6.8,15.0,11.0,1000.0,1.01,1000.0,8.0,28.0,7.4,18.0,11.5,1000.0,1.01,1000.0,9.6,1000.0,9.2,1000.0,1.01,1000.0,1.01,1000.0,7.2,17.0,1.01,1000.0,1.01,1000.0,36069528,3176495.0,427643.0,58805.0,1.262402006,1.262402016,1.262402005,1.262402015,1.01,1000.0,1.01,1.48,4.4,970.0,1.05,1.1,3.85,5.7,1.25,1.3,1.21,1.32,2.06,2.34,1.25,1.36,1.262401997,1.262402009,1.262402010,1.262402020
Serbian Super League,2026-09-20,14:00:00,Crvena Zvezda,Radnicki Nis,1.13,1.36,1.13,1000.0,8.0,870.0,2.78,3.65,1.38,1.56,1.01,1000.0,1.01,1000.0,1.01,1000.0,1.01,1000.0,1.01,1000.0,1.01,1000.0,1.01,1000.0,1.01,1000.0,1.01,1000.0,1.01,1000.0,1.01,1000.0,1.01,1000.0,1.01,1000.0,1.01,1000.0,1.01,1000.0,1.01,1000.0,1.01,1000.0,1.01,1000.0,1.01,1000.0,1.01,1000.0,1.01,1000.0,36071709,6399.0,6555084.0,58805.0,1.262431561,1.262431564,1.262431608,1.262431609,1.01,1000.0,1.01,1.36,2.78,110.0,1.01,1.19,2.78,100.0,1.12,1.19,1.02,1.35,3.0,8.4,1.01,1.15,1.262431610,1.262431571,1.262431562,1.262431563
Portuguese Primeira Liga,2026-09-20,14:00:00,Estoril Praia,Casa Pia,1.74,1.85,5.0,5.5,3.8,4.1,1.92,2.2,1.84,2.1,1.88,1.96,2.04,2.14,13.0,18.0,15.5,21.0,6.4,50.0,6.8,160.0,7.8,8.6,7.8,8.8,17.0,25.0,6.4,85.0,9.6,11.0,9.0,11.0,18.0,25.0,6.6,90.0,17.0,24.0,16.5,24.0,6.2,46.0,6.6,140.0,10.0,13.0,6.6,110.0,7.0,1000.0,36071788,8942696.0,616839.0,58805.0,1.262433720,1.262433723,1.262433767,1.262433768,2.84,3.75,1.41,1.49,9.2,26.0,1.06,1.09,3.5,4.3,1.3,1.4,1.22,1.25,2.18,2.36,1.32,1.36,1.262433769,1.262433730,1.262433721,1.262433722
Turkish Super League,2026-09-20,14:00:00,Goztepe,Rizespor,2.38,2.62,3.15,3.35,3.35,3.8,2.06,2.4,1.72,1.94,1.56,1.8,2.38,2.7,10.5,75.0,9.8,50.0,1.39,1000.0,1.39,1000.0,8.6,28.0,5.8,11.0,9.0,34.0,1.39,1000.0,10.5,90.0,8.0,22.0,9.8,50.0,1.39,1000.0,1.39,1000.0,1.39,1000.0,1.39,1000.0,1.39,1000.0,10.5,70.0,1.39,1000.0,1.39,1000.0,36069521,113239.0,113643.0,58805.0,1.262402269,1.262402279,1.262402268,1.262402278,3.15,4.2,1.32,1.45,9.2,55.0,1.04,1.08,4.2,5.8,1.27,1.31,1.43,1.47,1.62,1.72,1.35,1.43,1.262402260,1.262402272,1.262402273,1.262402283
Cypriot 1st Division,2026-09-20,14:00:00,Omonia FC Aradippou,Olympiakos Nicosia FC,2.28,3.25,2.52,3.55,3.05,6.2,1.62,2.08,1.92,2.62,1.01,1000.0,1.01,1000.0,1.01,1000.0,1.01,1000.0,1.01,1000.0,1.01,1000.0,1.01,1000.0,1.01,1000.0,1.01,1000.0,1.01,1000.0,1.01,1000.0,1.01,1000.0,1.01,1000.0,1.01,1000.0,1.01,1000.0,1.01,1000.0,1.01,1000.0,1.01,1000.0,1.01,1000.0,1.01,1000.0,1.01,1000.0,36071147,10527998.0,9028271.0,58805.0,1.262429890,1.262429900,1.262429889,1.262429899,1.01,1000.0,1.01,1000.0,2.82,1000.0,1.01,1.55,2.82,3.75,1.36,1.55,1.39,1.66,1.44,1.79,1.2,1.49,1.262429881,1.262429893,1.262429894,1.262429904
Portuguese Primeira Liga,2026-09-20,14:00:00,Santa Clara,Braga,4.0,4.3,2.02,2.24,3.25,3.85,1.52,1.72,2.4,2.9,2.04,2.46,1.69,1.97,8.2,9.2,6.4,8.2,11.0,14.5,5.5,36.0,10.0,13.0,6.8,8.4,10.5,13.5,5.5,34.0,5.5,34.0,15.5,21.0,20.0,27.0,5.8,70.0,6.0,120.0,5.9,80.0,6.0,100.0,6.2,210.0,6.0,120.0,21.0,34.0,6.4,1000.0,36071780,48793.0,48799.0,58805.0,1.262433264,1.262433267,1.262433311,1.262433312,2.36,2.96,1.52,1.73,6.6,12.5,1.09,1.15,2.54,3.0,1.5,1.65,1.8,1.97,1.3,1.34,1.35,1.45,1.262433313,1.262433274,1.262433265,1.262433266
Norwegian Eliteserien,2026-09-20,14:15:00,Brann,Bodo Glimt,1.12,1000.0,1.6,1.72,5.0,5.4,3.25,970.0,1.08,1.44,1.37,1.53,2.88,3.65,1.49,1000.0,11.5,1000.0,10.5,1000.0,1.49,1000.0,1.49,1000.0,9.0,34.0,8.0,22.0,9.8,44.0,1.49,1000.0,11.5,1000.0,10.0,1000.0,12.0,1000.0,1.49,1000.0,1.49,1000.0,1.49,1000.0,1.49,1000.0,1.42,1000.0,4.0,6.0,1.42,1000.0,36073242,31317.0,373549.0,58805.0,1.262454316,1.262454319,1.262454363,1.262454364,1.01,110.0,1.17,1.3,1.01,1000.0,1.01,1.09,3.25,110.0,1.08,1.14,1.01,1000.0,1.01,1000.0,1.19,1.31,1.262454365,1.262454326,1.262454317,1.262454318
Bulgarian A League,2026-09-20,14:30:00,PFC Levski Sofia,Ludogorets,2.06,2.54,3.25,4.1,3.35,4.2,1.71,1.93,2.08,2.4,0.0,0.0,0.0,0.0,0.0,0.0,0.0,0.0,0.0,0.0,0.0,0.0,0.0,0.0,0.0,0.0,0.0,0.0,0.0,0.0,0.0,0.0,0.0,0.0,0.0,0.0,0.0,0.0,0.0,0.0,0.0,0.0,0.0,0.0,0.0,0.0,0.0,0.0,0.0,0.0,0.0,0.0,36071124.0,21868583.0,5112599.0,58805.0,1.262432088,1.262432099,0.0,0.0,0.0,0.0,0.0,0.0,0.0,0.0,0.0,0.0,0.0,0.0,0.0,0.0,0.0,0.0,0.0,0.0,0.0,0.0,0.0,0.0,0.0,0.0
German Bundesliga,2026-09-20,14:30:00,Paderborn,Hoffenheim,4.6,4.9,1.74,1.75,4.6,4.7,3.05,3.15,1.46,1.49,1.5,1.56,2.8,3.05,22.0,32.0,14.5,15.5,13.5,14.5,18.5,20.0,26.0,29.0,10.5,11.5,10.0,10.5,14.0,15.5,40.0,44.0,17.5,20.0,14.5,16.0,21.0,23.0,38.0,95.0,25.0,46.0,36.0,42.0,46.0,55.0,20.0,29.0,5.8,6.0,21.0,370.0,36041797,208035.0,208026.0,58805.0,1.262105083,1.262105067,1.262105082,1.262105092,4.7,5.0,1.25,1.27,27.0,50.0,1.02,1.04,7.2,7.8,1.15,1.17,2.32,2.36,1.26,1.28,1.27,1.28,1.262105085,1.262105087,1.262105088,1.262105070
Romanian Liga I,2026-09-20,14:30:00,Dinamo Bucharest,Farul Constanta,1.6,1.78,5.0,7.0,4.0,5.2,2.04,2.32,1.77,1.96,1.76,2.06,1.96,2.32,1.45,1000.0,1.45,1000.0,1.45,1000.0,1.45,1000.0,1.32,15.0,1.33,16.0,1.45,1000.0,1.45,1000.0,1.33,17.0,1.35,19.5,1.45,1000.0,1.45,1000.0,1.45,1000.0,1.45,1000.0,1.45,1000.0,1.45,1000.0,6.4,14.0,1.45,1000.0,1.45,1000.0,36038727,46937.0,1556985.0,58805.0,1.262069597,1.262069607,1.262069596,1.262069606,3.1,110.0,1.01,1.47,3.95,110.0,1.02,1.11,3.75,5.5,1.27,1.34,1.18,1.25,2.28,2.66,1.24,1.34,1.262069588,1.262069600,1.262069601,1.262069611
German 3 Liga,2026-09-20,14:30:00,Wehen Wiesbaden,Duisburg,3.05,3.8,2.16,2.36,3.2,4.4,1.98,2.26,1.8,2.02,1.62,1.87,2.16,2.58,10.0,1000.0,7.6,1000.0,9.6,1000.0,1.01,1000.0,9.0,1000.0,6.0,12.5,7.6,1000.0,1.01,1000.0,1.01,1000.0,9.4,1000.0,10.5,1000.0,1.01,1000.0,1.01,1000.0,1.01,1000.0,1.01,1000.0,1.01,1000.0,1.01,1000.0,10.0,1000.0,1.01,1000.0,36077190,6500322.0,210943.0,58805.0,1.262491251,1.262491254,1.262491298,1.262491299,3.0,110.0,1.01,1.49,4.1,110.0,1.02,1.12,3.6,5.3,1.26,1.33,1.73,1.86,1.36,1.47,1.32,1.38,1.262491300,1.262491261,1.262491252,1.262491253
Italian Serie B,2026-09-20,14:30:00,Modena,Empoli,1.64,1.88,5.1,6.8,3.4,4.3,1.86,2.1,1.9,2.16,1.81,2.0,2.0,2.24,9.4,40.0,11.5,1000.0,1.53,1000.0,1.53,1000.0,6.4,13.0,6.2,13.0,1.53,1000.0,1.53,1000.0,7.2,17.5,7.2,17.0,12.0,1000.0,1.53,1000.0,11.0,1000.0,11.0,1000.0,1.53,1000.0,1.53,1000.0,7.6,19.0,1.53,1000.0,1.53,1000.0,36072481,60293.0,60294.0,58805.0,1.262450618,1.262450621,1.262450665,1.262450666,3.0,3.9,1.35,1.49,9.4,25.0,1.04,1.12,3.7,4.8,1.3,1.37,1.18,1.25,2.14,2.54,1.3,1.42,1.262450667,1.262450628,1.262450619,1.262450620
Hungarian NB I,2026-09-20,14:30:00,Nyiregyhaza,Ferencvaros,3.9,5.5,1.67,1.89,4.0,110.0,2.24,2.76,1.56,1.8,1.58,1.79,2.24,2.76,1.01,1000.0,1.01,1000.0,1.01,1000.0,1.01,1000.0,1.01,1000.0,1.01,21.0,1.01,22.0,1.01,1000.0,1.01,1000.0,1.01,1000.0,1.01,1000.0,1.01,1000.0,1.01,1000.0,1.01,1000.0,1.01,1000.0,1.01,1000.0,1.01,1000.0,1.01,15.5,1.01,1000.0,36069649,886335.0,198748.0,58805.0,1.262401710,1.262401713,1.262401757,1.262401758,1.01,1000.0,1.01,1.43,2.26,110.0,1.02,1.24,2.26,6.6,1.19,1.24,2.12,2.5,1.22,1.34,1.21,1.33,1.262401759,1.262401720,1.262401711,1.262401712
Argentinian Primera Division,2026-09-20,14:45:00,San Lorenzo,Boca Juniors,4.0,4.4,2.16,2.24,3.15,3.25,1.55,1.66,2.52,2.82,2.1,2.42,1.7,1.91,7.6,8.6,6.4,7.2,10.0,12.0,23.0,34.0,9.6,11.5,5.6,7.6,10.5,12.5,24.0,36.0,21.0,32.0,16.0,20.0,22.0,28.0,9.2,75.0,9.4,130.0,9.4,90.0,9.4,130.0,9.4,250.0,9.4,140.0,21.0,30.0,9.8,1000.0,36041235,194503.0,17304.0,58805.0,1.262101536,1.262101546,1.262101535,1.262101545,2.46,2.68,1.61,1.69,7.2,12.0,1.09,1.16,2.58,3.0,1.5,1.63,1.8,1.86,1.3,1.33,1.44,1.47,1.262101527,1.262101539,1.262101540,1.262101550
Greek Super League,2026-09-20,15:00:00,Panaitolikos,PAOK,5.7,6.6,1.62,1.7,4.0,4.4,2.04,2.2,1.83,1.97,1.83,2.02,1.98,2.22,13.0,21.0,7.2,10.5,7.8,12.0,12.5,20.0,16.0,26.0,7.8,11.5,7.0,12.5,13.5,21.0,3.85,70.0,3.55,30.0,3.5,26.0,3.75,46.0,4.1,1000.0,4.1,1000.0,3.9,100.0,4.1,1000.0,4.1,1000.0,8.0,12.5,4.1,1000.0,36067760,2126382.0,232095.0,58805.0,1.262377927,1.262377937,1.262377926,1.262377936,3.0,110.0,1.35,1.49,3.95,110.0,1.02,1.12,3.6,4.6,1.28,1.39,2.42,2.62,1.17,1.22,1.29,1.34,1.262377918,1.262377930,1.262377931,1.262377941
Bosnian Premier League,2026-09-20,15:00:00,Sarajevo,Sloga Doboj,1.47,1.63,6.4,18.0,3.65,6.2,1.55,1.76,2.3,2.82,1.01,1000.0,1.01,1000.0,1.01,1000.0,1.01,1000.0,1.01,1000.0,1.01,1000.0,1.01,1000.0,1.01,1000.0,1.01,1000.0,1.01,1000.0,1.01,1000.0,1.01,1000.0,1.01,1000.0,1.01,1000.0,1.01,1000.0,1.01,1000.0,1.01,1000.0,1.01,1000.0,1.01,1000.0,1.01,1000.0,1.01,1000.0,36076046,205267.0,14508297.0,58805.0,1.262483014,1.262483024,1.262483013,1.262483023,2.28,1000.0,1.42,1000.0,3.4,110.0,1.01,1.42,2.54,110.0,1.01,1.65,1.06,1.19,2.56,3.15,1.19,1.38,1.262483005,1.262483017,1.262483018,1.262483028
Serbian Super League,2026-09-20,15:00:00,Zeleznicar Pancevo,Cukaricki,1.69,1.88,3.95,6.0,3.85,4.6,1.94,2.66,1.6,2.06,0.0,0.0,0.0,0.0,0.0,0.0,0.0,0.0,0.0,0.0,0.0,0.0,0.0,0.0,0.0,0.0,0.0,0.0,0.0,0.0,0.0,0.0,0.0,0.0,0.0,0.0,0.0,0.0,0.0,0.0,0.0,0.0,0.0,0.0,0.0,0.0,0.0,0.0,0.0,0.0,0.0,0.0,36072085,17203915.0,2503611.0,58805.0,1.262444853,1.262444753,0.0,0.0,0.0,0.0,0.0,0.0,0.0,0.0,0.0,0.0,0.0,0.0,0.0,0.0,0.0,0.0,0.0,0.0,0.0,0.0,0.0,0.0,0.0,0.0
Peruvian Primera Division,2026-09-20,15:00:00,Sport Huancayo,UTC Cajamarca,1.23,1.51,7.6,110.0,4.9,110.0,1.97,7.0,1.46,2.04,1.01,1000.0,1.01,2.36,1.01,1000.0,1.01,1000.0,1.01,1000.0,1.01,1000.0,1.01,1000.0,1.01,1000.0,1.01,1000.0,1.01,1000.0,1.01,1000.0,1.01,1000.0,1.01,1000.0,1.01,1000.0,1.01,1000.0,1.01,1000.0,1.01,1000.0,1.01,1000.0,1.01,1000.0,1.01,1000.0,1.01,1000.0,36066684,4972227.0,7028659.0,58805.0,1.262367495,1.262367498,1.262367542,1.262367543,1.01,1000.0,1.01,1000.0,1.01,110.0,1.01,1.28,2.48,100.0,1.17,1.28,1.01,1.15,2.98,26.0,1.14,1.26,1.262367544,1.262367505,1.262367496,1.262367497
Polish Ekstraklasa,2026-09-20,15:15:00,Lech Poznan,Radomiak Radom,1.29,1.43,8.0,15.5,5.6,9.8,3.0,3.9,1.35,1.5,1.64,1.9,2.14,2.54,1.01,1000.0,1.01,1000.0,1.01,1000.0,1.01,1000.0,8.4,44.0,9.2,1000.0,1.01,1000.0,1.01,1000.0,8.0,20.0,6.8,24.0,1.01,1000.0,1.01,1000.0,8.6,32.0,8.2,38.0,1.01,1000.0,1.01,1000.0,3.2,4.4,1.01,1000.0,1.01,1000.0,36069688,502303.0,1306561.0,58805.0,1.262402956,1.262402959,1.262403003,1.262403004,1.01,110.0,1.01,110.0,6.8,110.0,1.02,1.15,6.4,12.0,1.1,1.15,1.07,1.14,3.3,4.5,1.14,1.23,1.262403005,1.262402966,1.262402957,1.262402958
Slovenian Premier League,2026-09-20,15:15:00,NK Brinje Grosuplje,NK Radomlje,2.08,2.4,3.35,4.2,3.3,4.3,1.96,2.22,1.83,2.04,1.65,1.9,2.12,2.52,9.6,36.0,9.6,1000.0,1.01,1000.0,1.01,1000.0,7.6,19.5,6.2,12.5,9.8,1000.0,1.01,1000.0,9.4,1000.0,8.0,26.0,9.6,1000.0,1.01,1000.0,1.01,1000.0,1.01,1000.0,1.01,1000.0,1.01,1000.0,8.0,1000.0,1.01,1000.0,1.01,1000.0,36069711,13050456.0,7862107.0,58805.0,1.262406824,1.262406834,1.262406823,1.262406833,2.78,110.0,1.01,1.56,9.2,55.0,1.03,1.11,3.55,4.6,1.28,1.34,1.32,1.43,1.72,1.93,1.3,1.44,1.262406815,1.262406827,1.262406828,1.262406838
Ecuadorian Serie A,2026-09-20,15:30:00,Tecnico Universitario,Delfin,2.18,2.58,3.35,4.1,2.94,3.85,1.53,1.75,2.3,2.88,2.0,2.42,1.71,1.97,6.6,1000.0,7.4,1000.0,1.01,1000.0,1.01,1000.0,6.0,11.5,5.7,11.0,10.5,1000.0,1.01,1000.0,8.6,1000.0,8.4,1000.0,1.01,1000.0,1.01,1000.0,1.01,1000.0,1.01,1000.0,1.01,1000.0,1.01,1000.0,1.01,1000.0,1.01,1000.0,1.01,1000.0,36078745,6290900.0,10778437.0,58805.0,1.262536224,1.262536227,1.262536271,1.262536272,2.28,110.0,1.01,1.78,2.68,18.0,1.07,1.18,2.66,3.3,1.47,1.59,1.32,1.43,1.63,1.85,1.35,1.52,1.262536273,1.262536234,1.262536225,1.262536226
Italian Serie A,2026-09-20,15:45:00,AC Milan,Lecce,1.29,1.3,14.0,15.0,6.4,6.6,2.36,2.44,1.69,1.73,2.3,2.38,1.73,1.77,19.0,22.0,38.0,40.0,42.0,140.0,19.5,740.0,8.2,8.8,12.5,14.5,27.0,55.0,21.0,280.0,6.8,7.4,10.5,11.0,30.0,36.0,20.0,1000.0,8.6,9.4,13.0,15.0,26.0,46.0,21.0,1000.0,4.6,4.8,19.0,360.0,18.5,1000.0,36041256,127991.0,508827.0,58805.0,1.262102624,1.262102608,1.262102623,1.262102633,3.8,4.0,1.33,1.36,19.5,25.0,1.04,1.06,5.0,5.4,1.23,1.25,1.07,1.08,4.3,4.6,1.18,1.19,1.262102626,1.262102628,1.262102629,1.262102611
French Ligue 1,2026-09-20,15:45:00,Marseille,Paris St-G,7.8,8.2,1.42,1.44,5.7,5.9,3.25,3.5,1.4,1.44,1.63,1.69,2.46,2.58,13.5,40.0,13.5,15.0,11.0,12.5,12.5,14.5,38.0,40.0,13.0,14.5,9.8,11.0,12.0,13.0,16.0,110.0,25.0,32.0,18.5,21.0,21.0,24.0,16.0,270.0,16.5,95.0,55.0,70.0,60.0,85.0,15.0,85.0,3.9,4.1,16.5,480.0,36039902,52457652.0,489720.0,58805.0,1.262088076,1.262088060,1.262088075,1.262088085,4.1,110.0,1.22,1.32,28.0,50.0,1.02,1.03,7.8,8.6,1.13,1.15,3.25,3.4,1.13,1.15,1.2,1.22,1.262088078,1.262088080,1.262088081,1.262088063
Brazilian Serie B,2026-09-20,16:00:00,Goias,Avai,1.81,2.04,4.2,6.4,3.25,3.75,1.53,1.74,2.36,2.9,2.08,2.48,1.68,1.92,1.5,16.5,1.58,38.0,1.65,1000.0,1.65,1000.0,5.2,10.5,5.8,12.5,1.65,1000.0,1.65,1000.0,1.5,16.5,1.53,21.0,1.65,1000.0,1.65,1000.0,1.65,1000.0,1.65,1000.0,1.65,1000.0,1.65,1000.0,1.65,1000.0,1.65,1000.0,1.65,1000.0,36074226,198131.0,3859186.0,58805.0,1.262463473,1.262463476,1.262463520,1.262463521,2.42,110.0,1.53,1.61,2.9,13.5,1.08,1.17,2.78,3.05,1.49,1.56,1.19,1.31,1.96,2.24,1.36,1.45,1.262463522,1.262463483,1.262463474,1.262463475
Paraguayan Primera Division,2026-09-20,16:00:00,Sportivo San Lorenzo,Olimpia,0.0,0.0,0.0,0.0,0.0,0.0,1.24,110.0,1.25,6.4,1.01,1000.0,1.01,1000.0,1.01,1000.0,1.01,1000.0,1.01,1000.0,1.01,1000.0,1.01,1000.0,1.01,1000.0,1.01,1000.0,1.01,1000.0,1.01,1000.0,1.01,1000.0,1.01,1000.0,1.01,1000.0,1.01,1000.0,1.01,1000.0,1.01,1000.0,1.01,1000.0,1.01,1000.0,1.01,1000.0,1.01,1000.0,36072389,0.0,0.0,0.0,0.0,1.262448526,1.262448515,1.262448525,1.01,1000.0,1.01,1000.0,1.01,1000.0,1.01,110.0,1.24,110.0,1.25,110.0,1.01,1000.0,1.01,1000.0,1.01,1000.0,1.262448507,1.262448519,1.262448520,1.262448530
Brazilian Serie A,2026-09-20,16:00:00,Corinthians,Fluminense,2.26,2.34,3.8,4.5,3.1,3.35,1.52,1.73,2.38,2.94,2.0,2.4,1.72,2.0,6.6,14.5,7.6,21.0,18.5,1000.0,1.72,1000.0,5.7,11.0,5.5,10.5,10.5,1000.0,1.69,80.0,8.4,27.0,8.2,25.0,1.72,1000.0,1.72,1000.0,1.72,1000.0,1.64,34.0,1.72,1000.0,1.72,1000.0,1.72,1000.0,1.72,1000.0,1.72,1000.0,36045390,198136.0,198133.0,58805.0,1.262174898,1.262174901,1.262174945,1.262174946,2.4,3.0,1.51,1.68,6.6,13.0,1.08,1.18,2.58,3.3,1.46,1.59,1.3,1.36,1.74,1.8,1.43,1.48,1.262174947,1.262174908,1.262174899,1.262174900
Colombian Primera A,2026-09-20,16:00:00,Fortaleza FC,Junior FC Barranquilla,2.86,3.5,2.52,2.96,2.94,3.55,1.72,1.95,2.06,2.4,1.76,2.04,1.96,2.34,1.17,1000.0,1.1,19.5,1.17,1000.0,1.17,1000.0,1.17,1000.0,1.05,10.5,1.17,1000.0,1.17,1000.0,1.17,1000.0,1.17,1000.0,1.17,1000.0,1.17,1000.0,1.17,1000.0,1.17,1000.0,1.17,1000.0,1.17,1000.0,1.17,1000.0,1.17,1000.0,1.17,1000.0,36069738,8220578.0,22018255.0,58805.0,1.262406714,1.262406724,1.262406713,1.262406723,1.01,110.0,1.01,110.0,3.45,21.0,1.06,1.15,3.1,3.95,1.35,1.4,1.51,1.66,1.41,1.54,1.39,1.52,1.262406705,1.262406717,1.262406718,1.262406728
Spanish Segunda Division,2026-09-20,16:00:00,Leganes,Granada,2.06,2.24,3.85,4.8,3.15,3.9,1.54,1.76,2.32,2.84,1.97,2.3,1.76,2.04,7.0,17.0,8.2,25.0,1.6,1000.0,1.6,1000.0,5.7,11.0,5.5,10.0,11.0,1000.0,1.6,1000.0,7.8,22.0,7.8,23.0,1.6,1000.0,1.6,1000.0,1.6,1000.0,1.6,1000.0,1.6,1000.0,1.6,1000.0,1.6,1000.0,1.6,1000.0,1.6,1000.0,36069799,309109.0,2255452.0,58805.0,1.262404807,1.262404810,1.262404854,1.262404855,2.54,3.0,1.51,1.65,7.2,13.0,1.08,1.17,2.78,3.45,1.41,1.57,1.26,1.36,1.8,1.93,1.35,1.47,1.262404856,1.262404817,1.262404808,1.262404809
Spanish La Liga,2026-09-20,16:00:00,Valencia,Real Sociedad,2.8,2.86,2.74,2.78,3.45,3.55,1.94,1.97,2.02,2.06,1.79,1.84,2.18,2.28,12.5,14.0,10.5,11.5,16.5,18.5,36.0,42.0,10.5,11.5,7.2,7.8,11.5,12.5,27.0,32.0,17.0,18.5,11.5,13.0,16.0,17.0,38.0,42.0,38.0,44.0,28.0,32.0,38.0,44.0,36.0,90.0,24.0,27.0,22.0,26.0,18.0,1000.0,36071864,66183.0,18573.0,58805.0,1.262439186,1.262439122,1.262439185,1.262439197,3.2,3.4,1.42,1.45,12.5,14.0,1.07,1.09,3.85,3.95,1.34,1.35,1.56,1.58,1.53,1.56,1.39,1.41,1.262439189,1.262439191,1.262439192,1.262439127
Brazilian Serie A,2026-09-20,16:00:00,EC Vitoria Salvador,Cruzeiro MG,3.0,3.5,2.34,2.66,3.0,3.8,1.84,2.06,1.95,2.18,1.71,1.95,2.06,2.4,8.6,29.0,7.4,19.0,10.0,60.0,1.44,1000.0,8.2,25.0,5.7,10.5,8.4,25.0,1.44,1000.0,12.0,1000.0,9.2,36.0,11.0,1000.0,1.44,1000.0,1.44,1000.0,1.44,1000.0,1.44,1000.0,1.44,1000.0,1.44,1000.0,1.44,1000.0,1.44,1000.0,36045459,5336581.0,10901767.0,58805.0,1.262180461,1.262180471,1.262180460,1.262180470,2.78,3.6,1.39,1.57,9.2,20.0,1.05,1.11,3.25,4.4,1.34,1.43,1.6,1.75,1.4,1.5,1.35,1.5,1.262180452,1.262180464,1.262180465,1.262180475
Brazilian Serie C,2026-09-20,16:00:00,Santa Cruz PE,Floresta EC,1.65,1.91,5.9,10.5,2.84,4.5,1.33,1.55,2.84,3.95,1.01,1000.0,1.01,1000.0,1.01,1000.0,1.01,1000.0,1.01,1000.0,1.01,1000.0,1.01,1000.0,1.01,1000.0,1.01,1000.0,1.01,1000.0,1.01,1000.0,1.01,1000.0,1.01,1000.0,1.01,1000.0,1.01,1000.0,1.01,1000.0,1.01,1000.0,1.01,1000.0,1.01,1000.0,1.01,1000.0,1.01,1000.0,36085064,6132724.0,14754815.0,58805.0,1.262587261,1.262587271,1.262587260,1.262587270,1.01,1000.0,1.01,1.89,3.9,1000.0,1.01,1.27,2.02,110.0,1.01,1.97,1.11,1.21,2.08,2.54,1.28,1.54,1.262587252,1.262587264,1.262587265,1.262587275
Portuguese Primeira Liga,2026-09-20,16:30:00,Porto,Benfica,2.8,2.86,2.72,2.78,3.5,3.55,2.0,2.12,1.89,2.0,1.72,1.8,2.24,2.4,13.5,15.5,11.0,12.5,16.0,19.0,34.0,42.0,11.5,13.0,7.2,8.0,11.0,12.5,25.0,29.0,17.5,20.0,11.0,12.5,14.5,17.0,34.0,40.0,36.0,44.0,26.0,30.0,34.0,40.0,12.0,80.0,20.0,25.0,19.5,24.0,13.5,1000.0,36069802,48785.0,48783.0,58805.0,1.262404915,1.262404918,1.262404962,1.262404963,2.88,3.85,1.4,1.49,13.5,18.0,1.06,1.08,3.95,4.3,1.3,1.34,1.56,1.59,1.53,1.56,1.39,1.4,1.262404964,1.262404925,1.262404916,1.262404917
Uruguayan Primera Division,2026-09-20,16:30:00,Nacional (Uru),Defensor Sporting,1.67,1.79,5.8,6.6,3.7,4.2,1.75,1.98,2.02,2.34,1.93,2.3,1.81,2.0,8.4,1000.0,13.0,25.0,1.01,70.0,8.8,1000.0,6.2,9.0,6.6,12.0,14.0,34.0,8.8,1000.0,7.2,13.5,7.6,14.5,14.0,1000.0,8.8,1000.0,10.0,21.0,14.0,23.0,25.0,60.0,8.8,1000.0,8.0,17.0,8.8,1000.0,85.0,1000.0,36077329,504780.0,1222679.0,58805.0,1.262526499,1.262526509,1.262526498,1.262526508,2.74,110.0,1.01,1.57,10.0,110.0,1.08,1.1,3.1,3.8,1.36,1.43,1.17,1.21,2.26,2.5,1.31,1.38,1.262526490,1.262526502,1.262526503,1.262526513
Venezuelan Primera Division,2026-09-20,17:00:00,Academia Anzoategui FC,Caracas,1.11,110.0,1.11,110.0,1.12,1000.0,1.24,110.0,1.36,6.4,1.01,1000.0,1.01,1000.0,1.01,1000.0,1.01,1000.0,1.01,1000.0,1.01,1000.0,1.01,1000.0,1.01,1000.0,1.01,1000.0,1.01,1000.0,1.01,1000.0,1.01,1000.0,1.01,1000.0,1.01,1000.0,1.01,1000.0,1.01,1000.0,1.01,1000.0,1.01,1000.0,1.01,1000.0,1.01,1000.0,1.01,1000.0,36089003,48712776.0,3738659.0,58805.0,1.262617002,1.262617012,1.262617001,1.262617011,1.01,1000.0,1.01,1000.0,1.25,1000.0,1.01,5.0,1.25,110.0,1.36,5.0,1.06,26.0,1.05,26.0,1.01,110.0,1.262616993,1.262617005,1.262617006,1.262617016
Argentinian Primera Division,2026-09-20,17:00:00,Rosario Central,Argentinos Juniors,2.38,2.5,3.55,3.85,3.0,3.25,1.53,1.59,2.68,2.86,2.16,2.3,1.77,1.87,7.6,8.6,9.0,10.0,21.0,25.0,10.0,100.0,6.8,7.6,6.4,7.2,14.5,16.5,9.6,75.0,12.0,14.0,11.0,12.5,20.0,24.0,10.0,100.0,8.8,44.0,8.6,40.0,9.6,75.0,10.5,220.0,9.0,48.0,10.0,100.0,11.0,1000.0,36041278,220949.0,453739.0,58805.0,1.262101756,1.262101766,1.262101755,1.262101765,2.52,2.74,1.59,1.66,7.6,8.6,1.13,1.15,2.58,2.78,1.56,1.63,1.35,1.39,1.66,1.72,1.44,1.5,1.262101747,1.262101759,1.262101760,1.262101770
Uruguayan Segunda Division,2026-09-20,17:00:00,CA Rentistas,Club Oriental de La Paz,1.1,1000.0,1.1,1000.0,1.1,890.0,1.25,110.0,1.39,6.0,1.01,1000.0,1.01,1000.0,1.01,1000.0,1.01,1000.0,1.01,1000.0,1.01,1000.0,1.01,1000.0,1.01,1000.0,1.01,1000.0,1.01,1000.0,1.01,1000.0,1.01,1000.0,1.01,1000.0,1.01,1000.0,1.01,1000.0,1.01,1000.0,1.01,1000.0,1.01,1000.0,1.01,1000.0,1.01,1000.0,1.01,1000.0,36084558,10755191.0,13454059.0,58805.0,1.262584849,1.262584894,1.262584933,1.262584858,1.01,1000.0,1.01,1000.0,1.26,110.0,1.01,110.0,1.26,110.0,1.37,110.0,1.03,36.0,1.03,36.0,1.01,110.0,1.262584850,1.262584852,1.262584853,1.262584897
Argentinian Primera Division,2026-09-20,17:00:00,CA Platense,Newells,2.2,2.4,3.85,4.5,2.8,3.45,1.51,1.63,2.58,3.15,2.12,2.58,1.64,1.9,6.2,9.8,7.4,18.5,1.8,1000.0,1.8,1000.0,5.4,9.6,5.4,9.6,1.8,1000.0,1.8,1000.0,8.0,23.0,8.4,28.0,1.8,1000.0,1.8,1000.0,1.8,1000.0,1.8,1000.0,1.8,1000.0,1.8,1000.0,1.8,1000.0,1.8,1000.0,1.8,1000.0,36041712,10305879.0,194506.0,58805.0,1.262101646,1.262101656,1.262101645,1.262101655,2.28,2.86,1.59,1.68,6.0,10.5,1.11,1.2,2.48,3.05,1.49,1.67,1.29,1.35,1.71,1.84,1.4,1.56,1.262101637,1.262101649,1.262101650,1.262101660
Peruvian Primera Division,2026-09-20,17:30:00,Juan Pablo II College,Cesar Vallejo Moquegua,1.54,1.71,5.5,9.6,3.95,6.0,2.0,2.32,1.76,2.0,1.01,110.0,1.01,110.0,1.01,1000.0,1.01,1000.0,1.01,1000.0,1.01,1000.0,1.01,1000.0,1.01,1000.0,1.01,1000.0,1.01,1000.0,1.01,1000.0,1.01,1000.0,1.01,1000.0,1.01,1000.0,1.01,1000.0,1.01,1000.0,1.01,1000.0,1.01,1000.0,1.01,1000.0,1.01,1000.0,1.01,1000.0,36069503,62960875.0,62939001.0,58805.0,1.262403365,1.262403375,1.262403364,1.262403374,1.01,1000.0,1.01,1.49,1.01,110.0,1.01,1.37,3.4,100.0,1.25,1.41,1.11,1.23,2.4,2.86,1.2,1.34,1.262403356,1.262403368,1.262403369,1.262403379
Ecuadorian Serie A,2026-09-20,18:00:00,Deportivo Cuenca,Mushuc Runa,2.46,2.92,2.92,3.75,2.92,3.55,1.59,1.73,2.38,2.68,1.99,2.34,1.72,2.02,6.2,12.5,7.0,19.0,9.6,1000.0,1.01,1000.0,6.4,13.5,4.7,9.8,8.2,1000.0,1.01,1000.0,9.6,1000.0,9.0,46.0,1.01,1000.0,1.01,1000.0,1.01,1000.0,1.01,1000.0,1.01,1000.0,1.01,1000.0,1.01,1000.0,1.01,1000.0,1.01,1000.0,36078746,1067928.0,8225986.0,58805.0,1.262536116,1.262536119,1.262536163,1.262536164,2.32,110.0,1.01,1.75,6.8,11.0,1.11,1.16,2.68,3.05,1.5,1.59,1.37,1.52,1.52,1.69,1.4,1.53,1.262536165,1.262536126,1.262536117,1.262536118
Venezuelan Primera Division,2026-09-20,18:00:00,Estudiantes de Merida,Trujillanos,1.58,1.77,4.7,8.2,3.6,6.6,1.87,2.16,1.86,2.16,1.01,1000.0,1.01,1000.0,1.01,1000.0,1.01,1000.0,1.01,1000.0,1.01,1000.0,1.01,1000.0,1.01,1000.0,1.01,1000.0,1.01,1000.0,1.01,1000.0,1.01,1000.0,1.01,1000.0,1.01,1000.0,1.01,1000.0,1.01,1000.0,1.01,1000.0,1.01,1000.0,1.01,1000.0,1.01,1000.0,1.01,1000.0,36089001,7838019.0,1224046.0,58805.0,1.262617112,1.262617122,1.262617111,1.262617121,2.84,110.0,1.01,1.54,3.3,110.0,1.01,1.44,3.3,100.0,1.32,1.44,1.14,1.27,2.28,2.74,1.18,1.38,1.262617103,1.262617115,1.262617116,1.262617126
Colombian Primera A,2026-09-20,18:05:00,Atletico Bucaramanga,Internacional de Bogotá,1.66,1.91,4.6,7.0,3.45,4.8,1.72,1.96,2.04,2.38,1.95,2.34,1.76,2.0,1.44,23.0,1.54,1000.0,1.54,1000.0,1.54,1000.0,1.36,11.5,1.38,14.0,1.54,1000.0,1.54,1000.0,1.4,16.0,7.6,21.0,1.54,1000.0,1.54,1000.0,1.54,1000.0,1.54,1000.0,1.54,1000.0,1.54,1000.0,8.2,25.0,1.54,1000.0,1.54,1000.0,36072868,7227021.0,94680813.0,58805.0,1.262452087,1.262452097,1.262452086,1.262452096,1.01,110.0,1.01,110.0,3.05,26.0,1.05,1.12,3.05,3.75,1.38,1.49,1.17,1.28,2.1,2.52,1.27,1.41,1.262452078,1.262452090,1.262452091,1.262452101
Brazilian Serie B,2026-09-20,18:30:00,Londrina,Fortaleza EC,3.05,3.45,2.5,2.88,2.84,3.7,1.6,1.75,2.34,2.66,1.97,2.22,1.81,2.04,1.35,16.0,1.34,14.0,1.48,1000.0,1.48,1000.0,1.36,16.5,5.4,9.6,1.42,36.0,1.48,1000.0,1.48,1000.0,1.48,1000.0,1.48,1000.0,1.48,1000.0,1.48,1000.0,1.48,1000.0,1.48,1000.0,1.48,1000.0,1.48,1000.0,1.48,1000.0,1.48,1000.0,36077630,4525642.0,5287007.0,58805.0,1.262529166,1.262529169,1.262529213,1.262529214,1.01,110.0,1.47,1.7,2.88,15.5,1.08,1.17,2.7,3.1,1.48,1.59,1.56,1.66,1.42,1.49,1.37,1.55,1.262529215,1.262529176,1.262529167,1.262529168
Paraguayan Primera Division,2026-09-20,18:30:00,Sportivo Luqueno,Deportivo Recoleta,0.0,0.0,0.0,0.0,0.0,0.0,1.94,2.3,1.78,2.08,1.66,1.92,2.1,2.54,10.0,1000.0,9.0,1000.0,1.01,1000.0,1.01,1000.0,7.6,1000.0,6.2,13.0,9.4,1000.0,1.01,1000.0,9.6,1000.0,8.0,1000.0,11.0,1000.0,1.01,1000.0,1.01,1000.0,1.01,1000.0,1.01,1000.0,1.01,1000.0,10.0,1000.0,1.01,1000.0,1.01,1000.0,36072390,0.0,0.0,0.0,0.0,1.262448744,1.262448733,1.262448743,1.01,1000.0,1.01,1.5,3.9,1000.0,1.02,1.12,3.55,5.1,1.29,1.35,1.36,1.53,1.66,1.91,1.21,1.51,1.262448725,1.262448737,1.262448738,1.262448748
Brazilian Serie A,2026-09-20,18:30:00,Flamengo,Red Bull Bragantino,1.38,1.44,8.4,10.0,5.2,5.7,2.2,2.68,1.6,1.84,1.92,2.14,1.89,2.08,2.72,1000.0,2.52,38.0,2.72,1000.0,2.72,1000.0,8.0,10.5,10.5,28.0,2.52,40.0,2.72,1000.0,7.6,10.0,9.0,18.5,19.0,34.0,2.72,1000.0,8.2,25.0,9.4,17.5,2.56,44.0,2.72,1000.0,5.0,7.2,2.72,1000.0,2.72,1000.0,36045369,198138.0,71387076.0,58805.0,1.262180681,1.262180691,1.262180680,1.262180690,3.3,4.8,1.27,1.43,4.2,26.0,1.04,1.06,4.2,6.0,1.2,1.31,1.11,1.14,3.25,3.65,1.21,1.24,1.262180672,1.262180684,1.262180685,1.262180695
Brazilian Serie C,2026-09-20,18:30:00,Ferroviaria,Brusque FC,1.63,2.36,3.0,5.8,3.05,110.0,1.56,2.02,1.99,2.76,1.01,1000.0,1.01,1000.0,1.01,1000.0,1.01,1000.0,1.01,1000.0,1.01,1000.0,1.01,1000.0,1.01,1000.0,1.01,1000.0,1.01,1000.0,1.01,1000.0,1.01,1000.0,1.01,1000.0,1.01,1000.0,1.01,1000.0,1.01,1000.0,1.01,1000.0,1.01,1000.0,1.01,1000.0,1.01,1000.0,1.01,1000.0,36085073,6987860.0,6168045.0,58805.0,1.262587591,1.262587601,1.262587590,1.262587600,1.01,3.65,1.01,1.73,2.44,110.0,1.01,1.7,2.44,100.0,1.01,1.7,1.2,1.49,1.73,2.6,1.06,1.48,1.262587582,1.262587594,1.262587595,1.262587605
Brazilian Serie C,2026-09-20,18:30:00,Paysandu,Inter Limeira,1.87,2.18,3.9,5.4,3.25,4.8,1.76,1.99,2.0,2.32,1.01,1000.0,1.01,1000.0,1.01,1000.0,1.01,1000.0,1.01,1000.0,1.01,1000.0,1.01,1000.0,1.01,1000.0,1.01,1000.0,1.01,1000.0,1.01,1000.0,1.01,1000.0,1.01,1000.0,1.01,1000.0,1.01,1000.0,1.01,1000.0,1.01,1000.0,1.01,1000.0,1.01,1000.0,1.01,1000.0,1.01,1000.0,36085051,189951.0,1053183.0,58805.0,1.262587371,1.262587381,1.262587370,1.262587380,1.01,1000.0,1.01,1000.0,2.82,110.0,1.01,1.55,2.82,3.9,1.36,1.55,1.22,1.35,1.84,2.16,1.26,1.45,1.262587362,1.262587374,1.262587375,1.262587385
Argentinian Primera Division,2026-09-20,19:15:00,Belgrano,Estudiantes Rio Cuarto,1.44,1.59,7.4,10.5,3.9,5.3,1.58,1.81,2.24,2.72,2.46,3.0,1.5,1.68,7.4,19.5,11.5,1000.0,1.91,1000.0,1.91,1000.0,4.7,7.8,7.4,18.5,1.91,1000.0,1.91,1000.0,5.2,9.2,8.2,23.0,1.91,1000.0,1.91,1000.0,8.0,24.0,1.91,1000.0,1.91,1000.0,1.91,1000.0,7.6,20.0,1.91,1000.0,1.91,1000.0,36073238,1496989.0,10891028.0,58805.0,1.262453992,1.262453995,1.262454039,1.262454040,2.52,3.2,1.46,1.66,7.4,15.0,1.07,1.15,2.84,3.5,1.4,1.55,1.1,1.13,2.68,3.3,1.23,1.35,1.262454041,1.262454002,1.262453993,1.262453994
Brazilian Serie A,2026-09-20,19:30:00,Athletico-PR,Bahia,2.24,2.34,3.4,3.7,3.35,4.2,1.96,2.1,1.91,2.04,1.7,1.97,2.04,2.44,9.2,40.0,9.2,42.0,1.33,1000.0,1.33,1000.0,7.4,19.5,6.0,12.0,9.8,1000.0,1.33,1000.0,9.2,38.0,8.0,23.0,11.0,1000.0,1.33,1000.0,1.33,1000.0,1.33,1000.0,1.33,1000.0,1.33,1000.0,10.0,1000.0,1.33,1000.0,1.33,1000.0,36045400,36860494.0,198139.0,58805.0,1.262175376,1.262175379,1.262175423,1.262175424,2.84,3.8,1.4,1.49,8.6,26.0,1.04,1.09,3.5,4.4,1.3,1.4,1.37,1.42,1.74,1.81,1.35,1.43,1.262175425,1.262175386,1.262175377,1.262175378
Uruguayan Primera Division,2026-09-20,20:00:00,Liverpool Montevideo,Racing Club (Uru),2.32,2.62,3.35,4.1,3.1,3.35,1.54,1.66,2.5,2.9,2.04,2.46,1.69,1.96,6.6,14.0,7.2,17.5,1.01,1000.0,1.01,1000.0,5.9,11.5,5.6,10.5,10.0,1000.0,1.01,1000.0,8.2,1000.0,8.6,1000.0,1.01,1000.0,1.01,1000.0,1.01,1000.0,1.01,1000.0,1.01,1000.0,1.01,1000.0,1.01,1000.0,1.01,1000.0,1.01,1000.0,36077332,5789820.0,4465708.0,58805.0,1.262526389,1.262526399,1.262526388,1.262526398,1.01,1000.0,1.01,1.75,2.54,15.5,1.08,1.18,2.54,2.98,1.52,1.65,1.33,1.43,1.61,1.76,1.42,1.48,1.262526380,1.262526392,1.262526393,1.262526403
US MLS,2026-09-20,20:00:00,Inter Miami CF,San Diego FC,1.5,1.54,5.6,6.2,5.6,6.2,5.0,5.3,1.23,1.25,1.37,1.4,3.5,3.75,14.0,1000.0,28.0,340.0,14.5,1000.0,15.5,1000.0,18.5,27.0,16.5,19.0,17.5,29.0,28.0,310.0,17.5,20.0,11.5,13.0,15.5,17.5,23.0,42.0,18.5,21.0,13.0,15.0,16.0,18.5,23.0,36.0,3.2,3.4,20.0,23.0,15.5,1000.0,36078681,27785243.0,79351400.0,58805.0,1.262537631,1.262537641,1.262537630,1.262537640,6.6,7.8,1.15,1.18,34.0,110.0,1.01,1.02,12.5,15.5,1.07,1.09,1.2,1.22,2.84,3.0,1.19,1.22,1.262537622,1.262537634,1.262537635,1.262537645
Peruvian Primera Division,2026-09-20,20:00:00,Cienciano,CD Los Chankas,1.1,1000.0,1.1,1000.0,1.1,1000.0,1.2,110.0,1.14,7.4,1.01,1000.0,1.01,1000.0,1.01,1000.0,1.01,1000.0,1.01,1000.0,1.01,1000.0,1.01,1000.0,1.01,1000.0,1.01,1000.0,1.01,1000.0,1.01,1000.0,1.01,1000.0,1.01,1000.0,1.01,1000.0,1.01,1000.0,1.01,1000.0,1.01,1000.0,1.01,1000.0,1.01,1000.0,1.01,1000.0,1.01,1000.0,36075041,480160.0,65437610.0,58805.0,1.262469460,1.262469463,1.262469507,1.262469508,1.01,1000.0,1.01,1000.0,1.01,1000.0,1.01,5.8,1.2,110.0,1.14,5.8,1.01,36.0,1.01,36.0,1.01,110.0,1.262469509,1.262469470,1.262469461,1.262469462
Colombian Primera A,2026-09-20,20:10:00,Tolima,America de Cali S.A,2.18,3.0,3.0,4.3,2.26,4.9,1.55,1.85,2.18,2.8,1.01,1000.0,1.01,2.22,8.6,1000.0,8.2,1000.0,14.5,1000.0,36.0,1000.0,6.8,1000.0,6.0,1000.0,11.0,1000.0,28.0,1000.0,9.8,1000.0,9.2,1000.0,18.0,1000.0,40.0,1000.0,24.0,1000.0,22.0,1000.0,38.0,1000.0,40.0,1000.0,1.01,1000.0,1.01,1000.0,1.01,1000.0,36072715,2277370.0,26076470.0,58805.0,1.262452307,1.262452317,1.262452306,1.262452316,1.01,110.0,1.01,110.0,2.04,1000.0,1.01,1.96,2.04,110.0,1.44,1.96,1.31,1.49,1.5,1.85,1.27,1.66,1.262452298,1.262452310,1.262452311,1.262452321
Ecuadorian Serie A,2026-09-20,20:30:00,LDU,Univ Catolica (Ecu),2.18,2.52,3.2,3.95,3.3,4.4,1.87,2.12,1.9,2.14,1.01,1000.0,1.01,1000.0,1.01,1000.0,1.01,1000.0,1.01,1000.0,1.01,1000.0,1.01,1000.0,1.01,1000.0,1.01,1000.0,1.01,1000.0,1.01,1000.0,1.01,1000.0,1.01,1000.0,1.01,1000.0,1.01,1000.0,1.01,1000.0,1.01,1000.0,1.01,1000.0,1.01,1000.0,1.01,1000.0,1.01,1000.0,36077432,474678.0,7005170.0,58805.0,1.262526609,1.262526619,1.262526608,1.262526618,2.74,4.3,1.01,1000.0,1.01,110.0,1.01,110.0,3.25,100.0,1.3,1.45,1.34,1.46,1.66,1.85,1.29,1.44,1.262526600,1.262526612,1.262526613,1.262526623
Mexican Liga MX,2026-09-20,21:00:00,Pachuca,Tijuana,1.73,1.99,4.1,5.5,3.6,4.9,2.02,2.36,1.73,1.99,1.73,1.95,2.04,2.36,11.0,55.0,11.5,1000.0,1.45,1000.0,1.45,1000.0,7.2,17.5,6.8,15.0,11.0,1000.0,1.45,1000.0,7.8,21.0,7.4,19.0,11.5,1000.0,1.45,1000.0,11.5,1000.0,10.5,1000.0,1.45,1000.0,1.45,1000.0,7.0,14.5,1.45,1000.0,1.45,1000.0,36070053,328954.0,5687741.0,58805.0,1.262409807,1.262409817,1.262409806,1.262409816,3.1,110.0,1.31,1.47,10.0,110.0,1.02,1.1,3.8,5.0,1.25,1.36,1.22,1.32,2.02,2.38,1.26,1.38,1.262409798,1.262409810,1.262409811,1.262409821
Mexican Liga MX,2026-09-20,21:00:00,Toluca,Santos Laguna,1.27,1.31,10.0,11.5,7.4,8.2,3.4,3.75,1.37,1.41,1.73,1.89,2.12,2.38,32.0,50.0,32.0,55.0,9.8,140.0,10.0,430.0,12.5,15.0,15.5,19.5,8.4,44.0,9.8,170.0,9.6,11.0,10.0,12.0,19.5,30.0,9.6,120.0,9.8,11.5,11.5,14.0,7.8,30.0,9.8,140.0,3.1,3.45,9.8,150.0,10.5,1000.0,36071844,230914.0,328957.0,58805.0,1.262435400,1.262435403,1.262435447,1.262435448,1.01,110.0,1.01,110.0,1.01,110.0,1.01,1.09,6.8,9.4,1.12,1.15,1.09,1.11,4.3,4.8,1.14,1.16,1.262435449,1.262435410,1.262435401,1.262435402
Argentinian Primera Division,2026-09-20,21:30:00,Velez Sarsfield,Tigre,2.22,2.52,3.7,4.6,2.76,3.6,1.38,1.56,2.8,3.65,2.28,2.8,1.56,1.79,5.6,10.5,6.8,16.0,1.76,1000.0,1.76,1000.0,5.2,9.0,5.6,10.5,1.76,1000.0,1.76,1000.0,8.0,24.0,9.0,36.0,1.76,1000.0,1.76,1000.0,1.76,1000.0,1.76,1000.0,1.76,1000.0,1.76,1000.0,1.76,1000.0,1.76,1000.0,1.76,1000.0,36041275,192085.0,2451815.0,58805.0,1.262101866,1.262101876,1.262101865,1.262101875,2.34,2.66,1.63,1.75,5.5,10.0,1.11,1.22,2.26,2.76,1.57,1.8,1.3,1.39,1.68,1.81,1.45,1.57,1.262101857,1.262101869,1.262101870,1.262101880
Colombian Primera A,2026-09-20,22:15:00,Llaneros FC,Atletico Nacional Medellin,4.6,6.2,1.76,1.94,3.5,4.1,1.83,2.04,1.96,2.2,1.01,1000.0,1.01,1000.0,11.0,1000.0,7.0,1000.0,8.8,1000.0,16.0,1000.0,11.5,1000.0,6.8,1000.0,8.6,1000.0,15.0,1000.0,23.0,1000.0,13.5,1000.0,15.5,1000.0,26.0,1000.0,40.0,1000.0,38.0,1000.0,40.0,1000.0,40.0,1000.0,1.01,1000.0,1.01,1000.0,1.01,1000.0,36072957,6563307.0,10632891.0,58805.0,1.262451977,1.262451987,1.262451976,1.262451986,1.01,110.0,1.01,110.0,3.1,110.0,1.01,1.47,3.1,4.4,1.3,1.47,2.06,2.32,1.2,1.28,1.32,1.4,1.262451968,1.262451980,1.262451981,1.262451991
Mexican Liga MX,2026-09-20,23:05:00,Queretaro,Leon,2.48,2.76,2.76,3.1,3.55,4.3,2.14,2.4,1.71,1.87,1.56,1.72,2.4,2.82,11.5,1000.0,9.4,44.0,12.0,1000.0,1.27,1000.0,8.8,34.0,6.2,13.0,8.6,30.0,1.27,1000.0,11.0,1000.0,8.2,25.0,10.0,70.0,1.27,1000.0,1.27,1000.0,1.27,1000.0,1.27,1000.0,1.27,1000.0,10.5,1000.0,1.27,1000.0,1.27,1000.0,36071843,328926.0,4468457.0,58805.0,1.262444035,1.262444056,1.262444033,1.262444052,3.05,4.3,1.31,1.48,10.0,110.0,1.01,1.1,4.4,5.2,1.24,1.3,1.48,1.57,1.57,1.68,1.3,1.4,1.262444018,1.262444040,1.262444042,1.262444063
