League,Date,Time,Home,Away,Odd_H_Back,Odd_H_Lay,Odd_A_Back,Odd_A_Lay,Odd_D_Back,Odd_D_Lay,Odd_Under25_FT_Back,Odd_Under25_FT_Lay,Odd_Over25_FT_Back,Odd_Over25_FT_Lay,Odd_BTTS_Yes_Back,Odd_BTTS_Yes_Lay,Odd_BTTS_No_Back,Odd_BTTS_No_Lay,Odd_CS_0x0_Back,Odd_CS_0x0_Lay,Odd_CS_0x1_Back,Odd_CS_0x1_Lay,Odd_CS_0x2_Back,Odd_CS_0x2_Lay,Odd_CS_0x3_Back,Odd_CS_0x3_Lay,Odd_CS_1x0_Back,Odd_CS_1x0_Lay,Odd_CS_1x1_Back,Odd_CS_1x1_Lay,Odd_CS_1x2_Back,Odd_CS_1x2_Lay,Odd_CS_1x3_Back,Odd_CS_1x3_Lay,Odd_CS_2x0_Back,Odd_CS_2x0_Lay,Odd_CS_2x1_Back,Odd_CS_2x1_Lay,Odd_CS_2x2_Back,Odd_CS_2x2_Lay,Odd_CS_2x3_Back,Odd_CS_2x3_Lay,Odd_CS_3x0_Back,Odd_CS_3x0_Lay,Odd_CS_3x1_Back,Odd_CS_3x1_Lay,Odd_CS_3x2_Back,Odd_CS_3x2_Lay,Odd_CS_3x3_Back,Odd_CS_3x3_Lay,Odd_CS_Goleada_H_Back,Odd_CS_Goleada_H_Lay,Odd_CS_Goleada_A_Back,Odd_CS_Goleada_A_Lay,Odd_CS_Goleada_D_Back,Odd_CS_Goleada_D_Lay,ID_Evento,ID_Home,ID_Away,ID_Draw,IDMercado_Match_Odds,IDMercado_Over/Under_25_Goals,IDMercado_Both_teams_to_Score,IDMercado_Correct_Score,Odd_Under05_HT_Back,Odd_Under05_HT_Lay,Odd_Over05_HT_Back,Odd_Over05_HT_Lay,Odd_Under05_FT_Back,Odd_Under05_FT_Lay,Odd_Over05_FT_Back,Odd_Over05_FT_Lay,Odd_Under15_FT_Back,Odd_Under15_FT_Lay,Odd_Over15_FT_Back,Odd_Over15_FT_Lay,Double_Chance_Home_or_Draw_Back,Double_Chance_Home_or_Draw_Lay,Double_Chance_Draw_or_Away_Back,Double_Chance_Draw_or_Away_Lay,Double_Chance_Home_or_Away_Back,Double_Chance_Home_or_Away_Lay,IDMercado_Double_Chance,IDMercado_First_Half_Goals_05,IDMercado_Over/Under_05_Goals,IDMercado_Over/Under_15_Goals
Mexican Liga MX,2026-09-06,00:00:00,Atlas,Atlante,2.02,2.06,4.3,4.4,3.55,3.65,1.92,1.97,2.02,2.1,1.85,1.91,2.1,2.18,12.5,17.5,13.5,15.5,25.0,38.0,65.0,110.0,8.0,9.2,7.0,8.0,15.5,21.0,38.0,65.0,11.0,12.5,9.4,10.5,16.0,19.0,42.0,75.0,21.0,29.0,18.5,23.0,30.0,46.0,9.8,130.0,13.0,15.5,42.0,70.0,8.6,1000.0,36003171,328950.0,230270.0,58805.0,1.261729141,1.261729151,1.261729140,1.261729150,3.3,3.35,1.42,1.44,12.0,14.0,1.07,1.09,3.8,3.95,1.34,1.36,1.29,1.31,1.94,1.99,1.37,1.4,1.261729132,1.261729144,1.261729145,1.261729155
Japanese J League 2,2026-09-06,01:00:00,Sapporo,Tochigi Uva FC,2.54,2.7,2.64,2.82,3.8,4.2,2.38,2.58,1.64,1.73,1.58,1.65,2.52,2.74,17.0,26.0,13.5,15.5,16.0,25.0,29.0,46.0,13.0,17.5,8.4,11.0,9.8,15.0,20.0,27.0,17.5,24.0,9.6,14.5,13.0,17.5,23.0,40.0,25.0,44.0,22.0,29.0,27.0,38.0,46.0,70.0,12.0,16.0,12.5,19.5,95.0,580.0,36019454,2245760.0,9937190.0,58805.0,1.261848041,1.261848044,1.261848088,1.261848089,3.7,4.1,1.32,1.37,16.5,22.0,1.04,1.06,5.0,5.6,1.21,1.25,1.54,1.61,1.58,1.65,1.32,1.36,1.261848090,1.261848051,1.261848042,1.261848043
Hong Kong Premier League,2026-09-06,05:00:00,Shatin SA,North District,5.3,7.2,1.46,1.55,5.1,6.2,2.52,3.65,1.45,1.57,1.67,1.79,2.26,2.5,9.0,42.0,11.0,13.5,10.0,12.0,10.5,14.5,9.0,34.0,10.0,14.0,7.8,11.0,10.0,14.5,9.0,80.0,18.5,27.0,15.0,22.0,18.5,27.0,9.0,200.0,9.0,95.0,9.0,80.0,9.0,95.0,9.0,80.0,4.3,5.0,9.0,1000.0,36033376,8889630.0,21137551.0,58805.0,1.262014026,1.262014029,1.262014073,1.262014074,1.01,1000.0,1.01,1000.0,1.02,55.0,1.02,1.18,1.02,8.8,1.15,1.18,2.82,3.15,1.18,1.2,1.19,1.24,1.262014075,1.262014036,1.262014027,1.262014028
Romanian Liga II,2026-09-06,05:00:00,ACS Bacau,ACS Dumbravita,1.08,1000.0,1.08,1000.0,1.08,1000.0,1.02,110.0,1.32,110.0,1.01,1000.0,1.01,1000.0,1.01,1000.0,1.01,1000.0,1.01,1000.0,1.01,1000.0,1.01,1000.0,1.01,1000.0,1.01,1000.0,1.01,1000.0,1.01,1000.0,1.01,1000.0,1.01,1000.0,1.01,1000.0,1.01,1000.0,1.01,1000.0,1.01,1000.0,1.01,1000.0,1.01,1000.0,1.01,1000.0,1.01,1000.0,35998323,87143449.0,20498949.0,58805.0,1.262032645,1.262032648,1.262032692,1.262032693,1.01,1000.0,1.01,1000.0,1.02,1000.0,1.01,110.0,1.02,110.0,1.32,55.0,1.01,36.0,1.01,36.0,1.01,110.0,1.262032694,1.262032655,1.262032646,1.262032647
Czech 2 Liga,2026-09-06,05:15:00,Zizkov,FK Pribram,2.5,2.86,2.56,2.96,3.5,4.2,2.18,2.42,1.71,1.85,1.6,1.83,2.34,2.86,14.5,22.0,10.5,16.0,15.5,24.0,30.0,48.0,10.5,16.0,6.8,10.5,9.8,14.5,21.0,32.0,15.0,23.0,9.6,14.5,12.0,18.0,26.0,42.0,29.0,44.0,20.0,32.0,26.0,40.0,50.0,80.0,14.0,22.0,15.0,23.0,1.01,1000.0,36019667,50333.0,4142630.0,58805.0,1.261854571,1.261854581,1.261854570,1.261854580,3.15,4.4,1.29,1.46,14.0,21.0,1.05,1.07,4.4,5.1,1.24,1.3,1.51,1.65,1.53,1.67,1.31,1.4,1.261854562,1.261854574,1.261854575,1.261854585
Hong Kong Premier League,2026-09-06,05:30:00,Hong Kong FC,Lee Man Warriors,20.0,120.0,1.1,1.22,8.0,23.0,2.5,13.5,1.08,1.66,1.01,1000.0,1.01,1000.0,1.01,1000.0,1.01,1000.0,1.01,1000.0,1.01,1000.0,1.01,1000.0,1.01,1000.0,1.01,1000.0,1.01,1000.0,1.01,1000.0,1.01,1000.0,1.01,1000.0,1.01,1000.0,1.01,1000.0,1.01,1000.0,1.01,1000.0,1.01,1000.0,1.01,1000.0,1.01,15.0,1.01,1000.0,36033377,5222607.0,14446187.0,58805.0,1.262014134,1.262014137,1.262014181,1.262014182,1.01,1000.0,1.01,1000.0,1.02,85.0,1.01,1.12,1.02,85.0,1.08,1.12,5.7,10.5,1.01,1.06,1.04,1.15,1.262014183,1.262014144,1.262014135,1.262014136
Japanese J League 2,2026-09-06,06:00:00,Yokohama FC,Albirex Niigata,1.94,2.06,4.1,5.0,3.55,4.2,1.81,2.04,1.96,2.24,1.01,2.1,1.92,110.0,1.01,1000.0,1.01,1000.0,17.5,1000.0,1.01,1000.0,7.4,970.0,1.01,11.5,12.0,26.0,1.01,1000.0,1.01,1000.0,1.01,1000.0,16.0,1000.0,1.01,1000.0,1.01,1000.0,16.0,1000.0,1.01,1000.0,1.01,1000.0,1.01,1000.0,1.01,1000.0,1.01,1000.0,36019460,2319612.0,5712145.0,58805.0,1.261848257,1.261848260,1.261848304,1.261848305,2.64,3.85,1.35,1.61,3.5,26.0,1.04,1.38,3.5,4.5,1.31,1.4,1.26,1.33,1.92,2.2,1.3,1.44,1.261848306,1.261848267,1.261848258,1.261848259
Japanese J League,2026-09-06,06:00:00,Jef Utd Chiba,G-Osaka,3.35,3.65,2.16,2.3,3.65,3.9,2.1,2.26,1.8,1.91,1.69,1.77,2.3,2.44,15.0,17.5,10.0,11.5,13.0,15.5,21.0,28.0,13.0,15.5,7.6,8.6,9.8,11.5,19.5,26.0,18.0,26.0,13.0,15.0,14.5,16.5,25.0,34.0,10.0,70.0,27.0,70.0,9.2,85.0,10.5,90.0,8.8,34.0,13.0,15.0,11.5,1000.0,36023066,5021203.0,441083.0,58805.0,1.261924417,1.261924420,1.261924464,1.261924465,2.94,4.1,1.32,1.52,13.0,18.0,1.06,1.08,4.2,4.8,1.27,1.31,1.77,1.87,1.38,1.43,1.34,1.38,1.261924466,1.261924427,1.261924418,1.261924419
Japanese J League,2026-09-06,06:00:00,Okayama,Hiroshima,3.9,4.2,1.97,2.06,3.8,4.0,2.16,2.3,1.77,1.86,1.72,1.81,2.24,2.42,16.0,18.0,9.6,11.0,11.5,13.5,20.0,23.0,15.0,19.5,8.0,10.0,9.4,11.0,17.0,20.0,20.0,36.0,14.5,17.0,15.0,17.0,22.0,32.0,36.0,90.0,29.0,55.0,36.0,60.0,36.0,90.0,30.0,48.0,10.5,12.0,9.4,1000.0,36023065,5561025.0,744103.0,58805.0,1.261924525,1.261924528,1.261924572,1.261924573,1.01,4.0,1.33,110.0,15.0,18.0,1.06,1.07,4.4,4.8,1.27,1.3,1.95,2.04,1.31,1.34,1.33,1.36,1.261924574,1.261924535,1.261924526,1.261924527
Japanese J League 3,2026-09-06,06:00:00,Kumamoto,Nara Club,1.9,2.16,3.4,4.6,3.55,5.5,2.04,2.42,1.71,1.95,1.01,1000.0,1.01,1000.0,1.01,1000.0,1.01,1000.0,1.01,1000.0,1.01,1000.0,1.01,1000.0,1.01,1000.0,1.01,1000.0,1.01,1000.0,1.01,1000.0,1.01,1000.0,1.01,1000.0,1.01,1000.0,1.01,1000.0,1.01,1000.0,1.01,1000.0,1.01,1000.0,1.01,1000.0,1.01,1000.0,1.01,1000.0,36031160,5021204.0,4233883.0,58805.0,1.262033004,1.262033007,1.262033051,1.262033053,1.01,1000.0,1.01,1000.0,3.55,1000.0,1.01,1.33,3.55,110.0,1.23,1.33,1.28,1.41,1.86,2.12,1.22,1.39,1.262033054,1.262033014,1.262033005,1.262033006
Japanese J League,2026-09-06,06:00:00,Kashima,Urawa,1.9,1.96,4.2,4.6,3.8,4.1,2.14,2.2,1.83,1.88,1.77,1.83,2.2,2.3,15.0,17.0,15.0,17.5,9.4,36.0,11.5,110.0,9.0,10.0,8.0,9.0,15.5,18.0,10.5,55.0,10.5,12.5,9.2,10.5,15.5,18.0,10.5,55.0,18.5,22.0,17.0,19.5,9.4,34.0,11.5,110.0,10.0,12.0,10.5,55.0,18.0,1000.0,36023059,441079.0,441088.0,58805.0,1.261924021,1.261924024,1.261924068,1.261924069,3.15,110.0,1.01,1.46,14.0,17.0,1.06,1.08,4.2,4.5,1.28,1.32,1.28,1.31,2.04,2.12,1.33,1.36,1.261924070,1.261924031,1.261924022,1.261924023
Japanese J League,2026-09-06,06:00:00,Nagoya,FC Machida,3.3,3.45,2.26,2.34,3.55,3.7,2.04,2.22,1.87,1.95,1.71,1.77,2.28,2.42,10.5,19.5,4.0,50.0,4.8,60.0,8.2,1000.0,4.5,55.0,2.94,11.5,3.75,11.5,19.0,27.0,19.0,85.0,1.66,60.0,5.3,75.0,9.6,150.0,7.0,1000.0,9.4,140.0,13.0,1000.0,28.0,1000.0,1.71,1000.0,1.71,1000.0,1.71,1000.0,36023070,441084.0,6207339.0,58805.0,1.261925071,1.261925074,1.261925118,1.261925119,2.88,4.0,1.33,1.53,12.5,21.0,1.06,1.09,4.1,4.6,1.29,1.32,1.74,1.79,1.4,1.44,1.37,1.39,1.261925120,1.261925081,1.261925072,1.261925073
Japanese J League 2,2026-09-06,06:00:00,Blaublitz Akita,Omiya,3.1,3.5,2.28,2.56,3.4,3.9,2.02,2.22,1.82,1.98,1.58,1.99,2.22,2.48,11.5,19.5,9.4,13.0,12.0,19.5,27.0,40.0,10.0,14.5,7.0,9.8,9.8,13.5,21.0,32.0,19.5,29.0,11.5,16.5,12.5,20.0,26.0,44.0,38.0,70.0,25.0,44.0,36.0,55.0,55.0,100.0,22.0,38.0,13.0,22.0,85.0,1000.0,36014999,5852914.0,1080509.0,58805.0,1.261787916,1.261787919,1.261787963,1.261787964,2.92,4.3,1.31,1.52,11.5,18.0,1.06,1.08,3.95,4.5,1.29,1.34,1.64,1.79,1.38,1.48,1.34,1.42,1.261787965,1.261787926,1.261787917,1.261787918
Romanian Liga II,2026-09-06,06:30:00,CSM Satu Mare,Politehnica Timisoara,5.6,18.5,1.42,1.83,3.5,8.6,1.74,2.42,1.71,2.34,1.01,1000.0,1.01,1000.0,1.01,1000.0,1.01,1000.0,1.01,1000.0,1.01,1000.0,1.01,1000.0,1.01,1000.0,1.01,1000.0,1.01,1000.0,1.01,1000.0,1.01,1000.0,1.01,1000.0,1.01,1000.0,1.01,1000.0,1.01,1000.0,1.01,1000.0,1.01,1000.0,1.01,1000.0,1.01,1000.0,1.01,1000.0,36004350,36410400.0,5964785.0,58805.0,1.261747064,1.261747074,1.261747063,1.261747073,2.68,4.5,1.28,1.6,2.94,110.0,1.01,1.52,2.94,100.0,1.26,1.52,2.2,3.4,1.1,1.22,1.13,1.4,1.261747055,1.261747067,1.261747068,1.261747078
Japanese J League,2026-09-06,07:00:00,Kashiwa,Yokohama FM,1.7,1.79,4.9,5.6,4.0,4.4,1.98,2.22,1.83,2.04,1.75,1.95,2.06,2.34,12.0,29.0,13.0,29.0,6.4,60.0,14.5,1000.0,2.0,11.5,7.2,10.5,16.0,42.0,15.0,1000.0,8.8,14.5,2.02,12.0,2.32,44.0,13.5,1000.0,13.0,36.0,12.5,29.0,11.5,1000.0,14.0,1000.0,2.22,23.0,2.46,1000.0,2.46,1000.0,36023064,441080.0,441087.0,58805.0,1.261924633,1.261924636,1.261924680,1.261924681,3.1,3.95,1.33,1.47,4.3,110.0,1.02,1.11,4.3,5.3,1.27,1.3,1.22,1.25,2.26,2.44,1.29,1.34,1.261924682,1.261924643,1.261924634,1.261924635
Japanese J League,2026-09-06,07:00:00,Kawasaki,Shimizu,1.9,1.98,4.0,4.3,3.95,4.2,2.24,2.56,1.64,1.8,1.54,1.77,2.38,2.7,17.0,110.0,4.0,21.0,5.1,36.0,9.8,1000.0,10.0,80.0,8.2,55.0,14.0,19.0,1.47,1000.0,11.5,80.0,9.0,65.0,14.0,18.5,1.47,1000.0,17.0,150.0,15.5,130.0,1.47,1000.0,11.0,1000.0,8.4,17.5,1.47,1000.0,1.47,1000.0,36023063,1080507.0,441086.0,58805.0,1.261924238,1.261924241,1.261924285,1.261924286,1.01,110.0,1.01,110.0,1.02,36.0,1.04,1.25,4.4,26.0,1.2,1.25,1.3,1.34,2.02,2.12,1.31,1.34,1.261924287,1.261924248,1.261924239,1.261924240
Portuguese Segunda Liga,2026-09-06,07:00:00,Vizela,Felgueiras,2.32,2.88,3.15,3.95,2.88,3.95,1.48,1.76,2.3,3.15,1.01,1000.0,1.01,1000.0,1.01,1000.0,1.01,1000.0,1.01,1000.0,1.01,1000.0,1.01,1000.0,1.01,1000.0,1.01,1000.0,1.01,1000.0,1.01,1000.0,1.01,1000.0,1.01,1000.0,1.01,1000.0,1.01,1000.0,1.01,1000.0,1.01,1000.0,1.01,1000.0,1.01,1000.0,1.01,1000.0,1.01,1000.0,36015868,1358404.0,334304.0,58805.0,1.261809217,1.261809227,1.261809216,1.261809226,2.32,3.25,1.45,1.75,6.2,12.0,1.09,1.2,1.48,12.0,1.09,3.05,1.36,1.47,1.53,1.76,1.35,1.54,1.261809208,1.261809220,1.261809221,1.261809231
Japanese J League,2026-09-06,07:00:00,Kobe,Nagasaki,1.69,1.75,5.9,6.4,3.7,4.1,1.79,1.91,2.1,2.26,1.97,2.18,1.85,2.04,1.97,46.0,4.3,60.0,8.0,55.0,2.06,1000.0,6.0,26.0,7.4,32.0,18.0,95.0,2.06,1000.0,7.0,12.5,8.4,15.5,1.95,36.0,17.0,1000.0,5.0,80.0,5.2,85.0,12.0,1000.0,2.06,1000.0,1.88,21.0,1.94,1000.0,1.94,1000.0,36023069,441082.0,7081211.0,58805.0,1.261924741,1.261924744,1.261924788,1.261924789,1.01,110.0,1.01,110.0,3.4,13.5,1.08,1.14,3.4,3.75,1.37,1.42,1.18,1.21,2.32,2.46,1.33,1.36,1.261924790,1.261924751,1.261924742,1.261924743
Japanese J League 2,2026-09-06,07:00:00,Iwata,Toyama,2.24,3.1,2.48,3.5,3.2,4.8,1.86,2.42,1.7,2.18,1.01,1.77,1.01,110.0,1.01,1000.0,1.01,17.0,12.5,29.0,22.0,1000.0,8.6,19.5,1.01,9.8,9.4,17.0,16.5,1000.0,1.01,23.0,8.6,1000.0,1.01,29.0,21.0,1000.0,18.5,1000.0,15.0,1000.0,1.01,1000.0,32.0,1000.0,1.01,1000.0,1.01,1000.0,1.01,1000.0,36015023,263079.0,4296466.0,58805.0,1.261788456,1.261788459,1.261788503,1.261788504,1.01,1000.0,1.29,1.53,3.5,110.0,1.05,1.34,3.5,4.7,1.27,1.4,1.4,1.68,1.47,1.81,1.26,1.46,1.261788505,1.261788466,1.261788457,1.261788458
Japanese J League 2,2026-09-06,07:00:00,Oita,FC Imabari,2.3,2.68,3.15,4.1,2.9,3.95,1.53,1.81,2.24,2.86,1.01,2.38,1.01,2.24,1.01,1000.0,7.8,17.0,12.5,60.0,23.0,1000.0,6.6,11.5,5.4,10.5,9.4,29.0,21.0,1000.0,9.4,23.0,8.6,23.0,15.0,40.0,27.0,1000.0,17.5,1000.0,16.0,1000.0,24.0,1000.0,44.0,1000.0,1.01,1000.0,1.01,1000.0,1.01,1000.0,36015007,441089.0,6641602.0,58805.0,1.261787592,1.261787595,1.261787639,1.261787640,1.01,1000.0,1.4,1.7,2.54,16.5,1.06,1.65,2.54,16.5,1.43,1.65,1.32,1.47,1.59,1.77,1.33,1.53,1.261787641,1.261787602,1.261787593,1.261787594
Ukrainian Premier League,2026-09-06,07:00:00,Dynamo Kiev,LNZ-Lebedyn,1.98,2.22,4.0,4.8,3.2,3.65,1.65,1.93,2.08,2.54,1.82,2.26,1.88,2.1,8.8,13.0,11.0,15.5,14.5,34.0,29.0,120.0,6.8,9.2,6.6,9.0,15.0,18.5,21.0,75.0,10.0,14.0,9.2,12.5,17.0,22.0,26.0,85.0,21.0,27.0,21.0,26.0,19.5,55.0,85.0,160.0,15.0,21.0,60.0,95.0,85.0,1000.0,36019092,238549.0,19748479.0,58805.0,1.261843652,1.261843655,1.261843699,1.261843700,1.01,1000.0,1.38,1.72,8.6,28.0,1.03,1.13,2.88,4.3,1.31,1.53,1.26,1.34,1.82,2.04,1.37,1.45,1.261843701,1.261843662,1.261843653,1.261843654
Japanese J League,2026-09-06,07:00:00,Cerezo Osaka,Tokyo-V,1.81,1.96,4.5,5.4,3.5,3.85,1.77,2.02,1.98,2.3,1.96,2.14,1.89,2.06,11.0,13.0,13.0,16.5,7.8,40.0,9.2,160.0,6.8,7.8,7.4,8.4,17.0,21.0,30.0,80.0,9.6,11.0,9.0,11.0,18.0,23.0,36.0,100.0,17.5,22.0,18.0,23.0,8.0,44.0,9.4,170.0,12.5,16.0,9.2,130.0,9.8,1000.0,36023067,353589.0,263080.0,58805.0,1.261924851,1.261924854,1.261924899,1.261924900,1.01,110.0,1.01,110.0,10.0,13.5,1.08,1.1,3.3,3.75,1.38,1.42,1.23,1.29,2.04,2.24,1.35,1.4,1.261924902,1.261924862,1.261924852,1.261924853
Portuguese Liga 3,2026-09-06,07:00:00,Leca FC,Fafe,2.88,3.55,2.38,2.78,3.1,4.3,1.61,1.8,2.24,2.64,1.01,1000.0,1.01,1000.0,1.01,1000.0,1.01,1000.0,1.01,1000.0,1.01,1000.0,1.01,1000.0,1.01,1000.0,1.01,1000.0,1.01,1000.0,1.01,1000.0,1.01,1000.0,1.01,1000.0,1.01,1000.0,1.01,1000.0,1.01,1000.0,1.01,1000.0,1.01,1000.0,1.01,1000.0,1.01,1000.0,1.01,1000.0,36030368,11549262.0,616851.0,58805.0,1.262035939,1.262035944,1.262035996,1.262035997,2.32,3.5,1.01,1000.0,2.84,1000.0,1.01,1.55,2.84,3.6,1.38,1.55,1.56,1.72,1.39,1.54,1.3,1.47,1.262035999,1.262035954,1.262035940,1.262035942
Dutch Eredivisie,2026-09-06,07:15:00,FC Groningen,FC Twente,3.3,3.5,2.18,2.22,3.95,4.1,2.6,2.82,1.56,1.61,1.53,1.58,2.72,2.88,21.0,27.0,14.0,16.5,15.0,18.5,6.4,32.0,17.0,24.0,9.0,10.5,10.0,12.5,16.5,23.0,20.0,30.0,13.0,16.0,12.5,15.5,6.2,28.0,26.0,65.0,27.0,38.0,6.6,40.0,22.0,60.0,17.5,24.0,8.4,11.5,7.2,370.0,36005139,24931403.0,7928242.0,58805.0,1.261735266,1.261735269,1.261735313,1.261735314,1.01,110.0,1.01,110.0,7.6,36.0,1.03,1.13,5.7,7.4,1.17,1.21,1.81,1.85,1.4,1.44,1.32,1.34,1.261735316,1.261735276,1.261735267,1.261735268
Japanese J League,2026-09-06,07:30:00,FC Tokyo,Kyoto,1.68,1.71,5.5,6.0,4.1,4.5,2.16,2.24,1.81,1.85,1.83,1.91,2.1,2.2,16.0,22.0,5.6,22.0,6.2,55.0,6.8,170.0,8.4,10.5,8.6,11.5,5.7,23.0,7.0,100.0,9.4,11.0,8.8,10.5,17.5,42.0,6.6,85.0,14.5,17.0,5.2,36.0,6.2,34.0,6.6,120.0,7.8,10.5,6.6,95.0,7.0,1000.0,36023071,350849.0,441085.0,58805.0,1.261924960,1.261924964,1.261925010,1.261925011,3.2,4.1,1.32,1.45,15.5,21.0,1.05,1.07,4.3,4.8,1.27,1.3,1.2,1.22,2.4,2.48,1.29,1.32,1.261925012,1.261924973,1.261924961,1.261924962
Hong Kong Premier League,2026-09-06,07:30:00,Kitchee SC,Eastern District SA,1.44,1.56,5.9,9.0,4.0,6.2,2.3,3.05,1.49,1.76,1.66,2.02,2.08,2.36,1.01,1000.0,1.01,1000.0,1.01,1000.0,1.01,1000.0,1.01,1000.0,1.01,1000.0,1.01,1000.0,1.01,110.0,1.01,1000.0,1.01,1000.0,1.01,1000.0,1.01,1000.0,1.01,1000.0,1.01,1000.0,1.01,1000.0,1.01,1000.0,1.01,1000.0,1.01,1000.0,1.01,1000.0,36033364,5696599.0,11708329.0,58805.0,1.262013769,1.262013772,1.262013816,1.262013817,1.01,1000.0,1.01,1000.0,1.02,36.0,1.03,55.0,5.0,7.0,1.17,1.24,1.12,1.18,2.78,3.25,1.19,1.28,1.262013818,1.262013779,1.262013770,1.262013771
Danish 2nd Division,2026-09-06,08:00:00,Thisted,Nykobing FC,3.25,4.3,1.89,2.14,3.85,6.2,2.16,2.56,1.64,1.87,1.01,1000.0,1.01,1000.0,1.01,1000.0,1.01,1000.0,1.01,1000.0,1.01,1000.0,1.01,1000.0,1.01,1000.0,1.01,1000.0,1.01,1000.0,1.01,1000.0,1.01,1000.0,1.01,1000.0,1.01,1000.0,1.01,1000.0,1.01,1000.0,1.01,1000.0,1.01,1000.0,1.01,1000.0,1.01,1000.0,1.01,1000.0,36027483,920044.0,7459726.0,58805.0,1.262038354,1.262038357,1.262038401,1.262038402,1.01,1000.0,1.01,1000.0,3.9,1000.0,1.01,1.35,3.9,1000.0,1.01,1.35,1.87,2.14,1.3,1.45,1.19,1.35,1.262038403,1.262038364,1.262038355,1.262038356
Chinese League 1,2026-09-06,08:00:00,Suzhou Dongwu,Nanjing City,1.9,2.38,3.65,5.3,3.15,5.1,1.55,1.99,2.02,2.8,1.66,2.66,1.01,1000.0,1.01,1000.0,7.8,40.0,14.0,40.0,21.0,1000.0,5.4,60.0,5.1,14.5,11.0,60.0,21.0,1000.0,7.2,1000.0,7.2,29.0,1.01,1000.0,1.01,1000.0,14.0,1000.0,14.0,1000.0,21.0,1000.0,42.0,1000.0,1.01,1000.0,1.01,1000.0,1.01,1000.0,36029247,13202951.0,56606961.0,58805.0,1.261984594,1.261984649,1.261984693,1.261984608,2.36,3.6,1.38,1.74,7.2,23.0,1.04,1.16,2.46,23.0,1.04,1.68,1.23,1.38,1.72,2.12,1.24,1.47,1.261984595,1.261984602,1.261984603,1.261984652
Czech 1 Liga,2026-09-06,08:00:00,Mlada Boleslav,Banik Ostrava,2.3,2.44,3.05,3.3,3.85,4.3,2.14,2.4,1.71,1.88,1.01,1000.0,1.01,1000.0,1.01,1000.0,2.28,1000.0,1.96,1000.0,1.98,1000.0,2.0,1000.0,2.22,1000.0,5.1,1000.0,1.96,1000.0,2.18,1000.0,1.01,1000.0,2.04,1000.0,1.96,1000.0,1.96,1000.0,1.98,1000.0,1.96,1000.0,1.98,1000.0,1.01,1000.0,1.01,1000.0,1.01,1000.0,36014625,886284.0,367581.0,58805.0,1.261778165,1.261778168,1.261778212,1.261778213,1.01,1000.0,1.01,1000.0,1.02,21.0,1.05,1.52,2.92,21.0,1.22,1.52,1.43,1.49,1.7,1.77,1.31,1.36,1.261778214,1.261778175,1.261778166,1.261778167
Chinese Super League,2026-09-06,08:00:00,Chongqing Tonglianglong,Shanghai Shenhua,3.35,3.55,2.14,2.24,3.75,4.1,2.26,2.42,1.71,1.79,1.63,1.71,2.4,2.58,17.5,25.0,11.0,13.0,14.0,17.0,5.5,34.0,14.5,19.5,8.0,9.2,9.8,11.5,18.5,22.0,5.3,30.0,13.0,18.0,14.0,17.0,5.4,32.0,5.9,70.0,26.0,44.0,5.8,50.0,6.0,85.0,19.5,34.0,11.0,15.5,6.4,640.0,36015871,55903803.0,1550828.0,58805.0,1.261805591,1.261805594,1.261805638,1.261805639,1.01,110.0,1.01,110.0,14.5,21.0,1.05,1.06,4.7,5.2,1.24,1.27,1.8,1.88,1.4,1.43,1.32,1.36,1.261805640,1.261805601,1.261805592,1.261805593
Danish 1st Division,2026-09-06,08:00:00,Aarhus Fremad,Kolding IF,2.52,2.9,2.74,3.2,2.9,4.2,2.02,2.34,1.75,1.98,1.01,1000.0,1.01,1000.0,1.01,1000.0,1.01,1000.0,1.01,1000.0,1.01,1000.0,1.01,1000.0,1.01,1000.0,1.01,1000.0,1.01,1000.0,1.01,1000.0,1.01,1000.0,1.01,1000.0,1.01,1000.0,1.01,1000.0,1.01,1000.0,1.01,1000.0,1.01,1000.0,1.01,1000.0,1.01,1000.0,1.01,1000.0,36005320,895064.0,151010.0,58805.0,1.261746841,1.261746851,1.261746840,1.261746850,1.01,1000.0,1.01,110.0,4.1,110.0,1.01,1.32,4.1,7.2,1.25,1.32,1.45,1.58,1.52,1.66,1.31,1.53,1.261746832,1.261746844,1.261746845,1.261746855
Chinese League 1,2026-09-06,08:00:00,Shenzhen Juniors FC,Meizhou Hakka,1.38,1.53,6.6,18.0,4.5,8.0,2.3,3.6,1.53,1.77,1.01,2.04,1.01,1000.0,1.01,1000.0,19.5,1000.0,1.01,95.0,48.0,1000.0,1.01,1000.0,1.01,26.0,1.01,40.0,1.01,1000.0,1.01,1000.0,1.01,1000.0,16.5,1000.0,32.0,1000.0,1.01,1000.0,1.01,1000.0,1.01,1000.0,1.01,1000.0,1.01,1000.0,1.01,1000.0,1.01,1000.0,36029228,67744862.0,11079690.0,58805.0,1.261984839,1.261984884,1.261984923,1.261984848,1.01,1000.0,1.01,1000.0,1.02,55.0,1.02,1.54,2.84,50.0,1.16,1.54,1.06,1.18,2.92,3.6,1.16,1.29,1.261984840,1.261984842,1.261984843,1.261984887
Norwegian 2nd Division,2026-09-06,08:00:00,Grorud IL,Rana FK,1.5,1.64,4.6,7.4,3.9,6.6,2.7,3.95,1.39,1.53,1.46,1.69,2.46,3.15,26.0,46.0,24.0,40.0,1.01,70.0,1.01,160.0,11.0,19.0,9.6,16.0,17.0,29.0,1.01,75.0,10.0,16.5,8.2,13.5,13.0,22.0,1.01,60.0,12.0,20.0,10.5,18.0,17.0,29.0,1.01,75.0,3.8,5.8,1.01,50.0,1.01,430.0,36034239,6324659.0,40310997.0,58805.0,1.262018015,1.262018060,1.262018099,1.262018024,1.01,1000.0,1.01,1000.0,1.02,55.0,1.02,1.17,1.02,10.5,1.12,1.17,1.15,1.24,2.56,3.0,1.17,1.28,1.262018016,1.262018018,1.262018019,1.262018063
Norwegian 2nd Division,2026-09-06,08:00:00,Pors,Traeff,2.5,2.78,2.48,2.76,3.55,4.5,2.64,2.98,1.51,1.61,1.41,1.68,2.46,3.45,21.0,34.0,13.0,22.0,16.0,27.0,26.0,46.0,13.5,22.0,7.8,12.5,9.6,16.0,17.0,29.0,16.5,27.0,9.6,16.0,10.5,17.5,20.0,34.0,27.0,46.0,17.5,29.0,20.0,34.0,1.01,60.0,9.6,15.5,9.6,15.5,1.01,360.0,36034202,6334746.0,5521795.0,58805.0,1.262018465,1.262018510,1.262018549,1.262018474,1.01,1000.0,1.01,1000.0,1.02,36.0,1.03,1.07,5.3,7.0,1.19,1.2,1.56,1.68,1.56,1.67,1.29,1.34,1.262018466,1.262018468,1.262018469,1.262018513
Chinese League 1,2026-09-06,08:30:00,Guangxi Hengchen,Shijiazhuang Gongfu FC,1.55,1.8,5.4,10.5,3.9,5.9,1.83,2.42,1.71,2.2,1.01,2.72,1.01,2.72,1.01,1000.0,2.1,1000.0,11.0,1000.0,17.0,1000.0,2.2,1000.0,6.2,1000.0,14.0,1000.0,28.0,1000.0,5.7,1000.0,6.6,1000.0,14.0,1000.0,17.0,1000.0,8.6,1000.0,2.2,1000.0,17.0,1000.0,17.0,1000.0,1.01,1000.0,1.01,1000.0,1.01,1000.0,36029227,68101080.0,56616763.0,58805.0,1.261984929,1.261984974,1.261985013,1.261984938,2.74,4.4,1.3,1.57,3.1,110.0,1.01,1.36,3.1,100.0,1.01,1.36,1.12,1.23,2.26,2.82,1.21,1.35,1.261984930,1.261984932,1.261984933,1.261984977
German 3 Liga,2026-09-06,08:30:00,Wurzburger Kickers,Stuttgart II,2.34,2.6,2.74,3.1,3.75,4.4,2.38,7.0,1.17,1.73,1.01,1000.0,1.01,1000.0,1.01,1000.0,1.01,1000.0,1.01,1000.0,1.01,1000.0,1.01,1000.0,1.01,1000.0,1.01,1000.0,1.01,1000.0,1.01,1000.0,1.01,1000.0,1.01,1000.0,1.01,1000.0,1.01,1000.0,1.01,1000.0,1.01,1000.0,1.01,1000.0,1.01,1000.0,1.01,1000.0,1.01,1000.0,36020187,6516913.0,6507690.0,58805.0,1.261858987,1.261858993,1.261859040,1.261859041,1.01,1000.0,1.01,1000.0,1.02,26.0,1.04,1.72,2.38,7.0,1.17,1.72,1.48,1.58,1.62,1.75,1.29,1.37,1.261859042,1.261859003,1.261858989,1.261858991
German Bundesliga 2,2026-09-06,08:30:00,Greuther Furth,FC Heidenheim,2.98,3.1,2.3,2.38,4.0,4.2,2.78,2.94,1.51,1.56,1.51,1.54,2.84,2.96,7.8,34.0,15.0,17.5,16.5,21.0,7.6,32.0,16.5,23.0,9.0,10.5,11.0,13.0,17.5,22.0,21.0,27.0,12.0,15.0,13.0,15.5,7.4,27.0,8.0,48.0,19.0,29.0,25.0,32.0,40.0,50.0,14.0,16.5,9.4,10.5,9.4,340.0,36005114,64375.0,3237590.0,58805.0,1.261751348,1.261751369,1.261751346,1.261751365,1.01,110.0,1.01,110.0,1.02,36.0,1.03,1.05,6.0,6.8,1.17,1.2,1.72,1.77,1.47,1.51,1.32,1.34,1.261751330,1.261751353,1.261751356,1.261751377
Estonian Premier League,2026-09-06,08:30:00,Paide Linnameeskond,FCI Tallinn,4.8,7.4,1.65,1.74,4.2,5.1,2.5,2.76,1.58,1.67,1.66,1.73,2.38,2.68,1.01,1000.0,1.01,1000.0,8.8,1000.0,1.01,1000.0,14.0,1000.0,1.01,1000.0,1.01,1000.0,1.01,1000.0,1.01,1000.0,1.01,1000.0,1.01,1000.0,1.01,1000.0,48.0,1000.0,1.01,1000.0,24.0,1000.0,32.0,1000.0,1.01,1000.0,1.01,1000.0,1.01,1000.0,36018389,5407316.0,12562519.0,58805.0,1.261850757,1.261850767,1.261850756,1.261850766,1.01,1000.0,1.01,1000.0,15.5,36.0,1.03,1.07,5.6,6.2,1.19,1.22,2.34,2.54,1.21,1.25,1.26,1.32,1.261850748,1.261850760,1.261850761,1.261850771
German Bundesliga 2,2026-09-06,08:30:00,Hertha Berlin,FC Magdeburg,1.97,2.02,3.75,3.95,4.1,4.4,2.8,2.94,1.52,1.56,1.5,1.55,2.84,3.0,2.88,1000.0,2.68,40.0,2.7,44.0,2.88,1000.0,2.54,970.0,2.44,13.0,2.62,19.5,2.76,65.0,2.5,17.5,9.0,14.5,11.0,19.5,2.74,60.0,19.0,50.0,13.5,23.0,2.68,40.0,2.8,90.0,6.2,10.5,14.5,1000.0,18.0,1000.0,36015052,44518.0,516219.0,58805.0,1.261793986,1.261793996,1.261793985,1.261793995,3.85,110.0,1.01,1.35,22.0,36.0,1.03,1.05,6.2,7.0,1.17,1.19,1.34,1.37,1.98,2.04,1.29,1.33,1.261793977,1.261793989,1.261793990,1.261794000
German Bundesliga 2,2026-09-06,08:30:00,VfL Osnabruck,Braunschweig,2.28,2.4,3.15,3.35,3.7,3.85,2.22,2.32,1.76,1.81,1.64,1.7,2.42,2.56,16.0,20.0,12.5,16.0,19.5,29.0,6.6,65.0,11.0,12.5,7.6,11.0,12.0,14.5,27.0,34.0,14.0,17.0,10.0,12.5,13.0,16.5,32.0,42.0,6.0,32.0,19.5,28.0,27.0,34.0,6.6,85.0,12.5,16.0,20.0,26.0,7.2,1000.0,36014663,13450471.0,199184.0,58805.0,1.261780528,1.261780538,1.261780527,1.261780537,3.2,110.0,1.01,1.45,16.5,18.5,1.05,1.07,4.7,5.0,1.25,1.28,1.42,1.47,1.72,1.78,1.35,1.37,1.261780519,1.261780531,1.261780532,1.261780542
Chinese Super League,2026-09-06,08:35:00,Yunnan Yukun,Liaoning Tieren FC,1.75,1.79,4.1,4.6,4.6,5.1,3.3,4.1,1.34,1.42,1.43,1.53,2.78,3.4,6.8,55.0,2.06,50.0,2.08,70.0,2.14,1000.0,4.8,29.0,1.92,80.0,4.8,120.0,13.0,1000.0,2.0,100.0,1.87,14.0,11.5,100.0,7.8,1000.0,5.7,50.0,2.0,110.0,5.4,65.0,13.5,1000.0,1.64,6.8,2.16,1000.0,2.16,1000.0,36015013,55896077.0,84958475.0,58805.0,1.261793854,1.261793864,1.261793853,1.261793863,1.01,1000.0,1.01,110.0,1.02,55.0,1.02,1.04,4.8,12.5,1.1,1.15,1.27,1.32,2.26,2.34,1.25,1.28,1.261793845,1.261793857,1.261793858,1.261793868
Chinese Super League,2026-09-06,08:35:00,Henan Songshan Longmen,Chengdu Rongcheng,2.78,2.88,2.58,2.64,3.7,3.9,2.4,2.54,1.65,1.72,1.56,1.65,2.56,2.8,19.0,23.0,12.5,15.5,17.0,21.0,24.0,38.0,13.5,16.5,7.8,9.2,11.0,12.5,20.0,26.0,18.5,23.0,11.5,13.0,13.0,14.5,23.0,34.0,26.0,44.0,19.0,28.0,22.0,36.0,32.0,65.0,16.0,19.0,13.5,16.0,55.0,500.0,36015022,50443412.0,50443280.0,58805.0,1.261788564,1.261788567,1.261788611,1.261788612,1.01,110.0,1.01,110.0,17.5,36.0,1.04,1.06,5.0,6.0,1.21,1.25,1.6,1.64,1.53,1.56,1.34,1.38,1.261788613,1.261788574,1.261788565,1.261788566
Chinese Super League,2026-09-06,09:00:00,Tianjin Jinmen Tiger FC,Zhejiang Greentown,2.6,2.78,2.62,2.76,3.8,3.95,2.44,2.6,1.64,1.69,1.58,1.65,2.54,2.72,19.5,22.0,13.0,15.5,18.0,21.0,27.0,50.0,13.5,15.5,8.2,9.4,11.0,13.0,19.0,26.0,18.0,21.0,11.0,13.0,13.0,15.5,23.0,46.0,27.0,50.0,22.0,26.0,23.0,46.0,11.5,70.0,14.5,16.5,14.5,16.5,12.5,500.0,36015028,50443178.0,23257633.0,58805.0,1.261793634,1.261793644,1.261793633,1.261793643,1.01,1000.0,1.01,110.0,16.5,26.0,1.04,1.06,5.0,5.9,1.21,1.24,1.56,1.62,1.56,1.63,1.33,1.36,1.261793625,1.261793637,1.261793638,1.261793648
Swiss Super League,2026-09-06,09:00:00,Servette,St Gallen,2.24,2.34,2.98,3.15,4.1,4.5,2.98,3.4,1.41,1.51,1.37,1.53,2.92,3.75,25.0,38.0,19.0,28.0,24.0,30.0,34.0,60.0,16.0,24.0,10.0,12.5,12.5,18.0,23.0,34.0,17.5,22.0,10.5,15.5,12.0,17.5,24.0,36.0,25.0,32.0,17.0,25.0,21.0,25.0,38.0,55.0,6.6,9.2,10.0,17.0,160.0,290.0,36016144,51405.0,6392.0,58805.0,1.261812786,1.261812789,1.261812833,1.261812834,4.4,6.2,1.19,1.29,7.0,55.0,1.02,1.11,7.0,8.4,1.13,1.17,1.46,1.51,1.74,1.8,1.28,1.33,1.261812835,1.261812796,1.261812787,1.261812788
Danish Superliga,2026-09-06,09:00:00,SonderjyskE,AC Horsens,2.34,2.4,3.25,3.45,3.55,3.6,1.98,2.08,1.92,2.02,1.01,110.0,1.01,970.0,3.2,95.0,3.25,23.0,4.4,160.0,6.6,100.0,7.8,85.0,2.34,10.5,3.55,110.0,9.8,1000.0,10.0,29.0,2.94,19.5,4.0,140.0,10.0,1000.0,6.0,1000.0,18.0,65.0,9.8,1000.0,9.0,1000.0,1.63,1000.0,1.63,1000.0,1.63,1000.0,36005191,2364082.0,195583.0,58805.0,1.261735990,1.261735993,1.261736037,1.261736038,3.05,3.85,1.35,1.49,3.75,18.0,1.07,1.36,3.75,4.3,1.31,1.36,1.41,1.44,1.71,1.75,1.38,1.4,1.261736039,1.261736000,1.261735991,1.261735992
Romanian Liga I,2026-09-06,09:00:00,ACS Petrolul 52,FC Hunedoara,2.72,3.4,2.32,3.05,3.25,840.0,1.62,1.86,2.16,2.6,1.01,1000.0,1.01,1000.0,1.57,19.5,1.55,17.0,1.64,40.0,1.71,1000.0,1.55,17.0,1.46,9.8,1.59,23.0,1.71,1000.0,1.62,29.0,1.59,23.0,1.71,1000.0,1.71,1000.0,1.71,1000.0,1.71,1000.0,1.71,1000.0,1.71,1000.0,1.71,1000.0,1.71,1000.0,1.71,1000.0,35981761,14299496.0,7223889.0,58805.0,1.261533882,1.261533892,1.261533881,1.261533891,1.01,3.35,1.42,110.0,2.78,110.0,1.01,1.56,2.78,3.6,1.39,1.56,1.48,1.7,1.42,1.59,1.28,1.44,1.261533873,1.261533885,1.261533886,1.261533896
Spanish Segunda Division,2026-09-06,09:00:00,Eibar,Granada,2.18,2.24,3.8,3.95,3.4,3.45,1.68,1.73,2.38,2.48,2.06,2.14,1.88,1.94,9.8,10.5,10.0,11.5,22.0,26.0,13.5,90.0,7.2,8.0,7.2,7.8,14.5,16.5,50.0,60.0,11.0,12.5,10.0,11.5,20.0,23.0,60.0,90.0,25.0,29.0,24.0,28.0,12.5,55.0,14.5,160.0,21.0,24.0,55.0,80.0,15.0,1000.0,36014991,247969.0,2255452.0,58805.0,1.261786836,1.261786839,1.261786883,1.261786884,2.56,3.1,1.47,1.64,9.6,11.0,1.1,1.12,2.98,3.2,1.46,1.51,1.33,1.36,1.8,1.85,1.4,1.42,1.261786885,1.261786846,1.261786837,1.261786838
Swedish Allsvenskan,2026-09-06,09:00:00,Orgryte,Hammarby,11.5,12.5,1.27,1.29,7.2,7.6,3.6,3.85,1.35,1.39,1.79,1.85,2.18,2.28,36.0,48.0,13.5,16.0,10.5,11.5,10.0,12.0,30.0,60.0,15.0,18.5,11.0,12.5,11.0,13.0,55.0,1000.0,25.0,46.0,22.0,27.0,19.5,30.0,55.0,460.0,75.0,1000.0,55.0,1000.0,55.0,1000.0,42.0,1000.0,2.98,3.15,55.0,1000.0,36014910,30686.0,30679.0,58805.0,1.261784759,1.261784762,1.261784806,1.261784807,1.01,1000.0,1.01,110.0,21.0,55.0,1.02,1.05,8.6,9.6,1.12,1.13,4.4,4.7,1.08,1.1,1.15,1.17,1.261784808,1.261784769,1.261784760,1.261784761
Polish I Liga,2026-09-06,09:30:00,Arka Gdynia,LKS Lodz,2.38,2.72,2.84,3.35,3.4,4.4,1.9,2.12,1.89,2.12,1.01,1000.0,1.01,1000.0,1.01,1000.0,1.01,1000.0,1.01,1000.0,1.01,1000.0,1.01,1000.0,1.01,1000.0,1.01,1000.0,1.01,1000.0,1.01,1000.0,1.01,1000.0,1.01,1000.0,1.01,1000.0,1.01,1000.0,1.01,1000.0,1.01,1000.0,1.01,1000.0,1.01,1000.0,1.01,1000.0,1.01,1000.0,36005393,1209553.0,1533911.0,58805.0,1.261742026,1.261742029,1.261742073,1.261742074,2.78,4.2,1.31,1.56,3.75,18.0,1.06,1.14,3.35,4.4,1.3,1.39,1.43,1.54,1.58,1.72,1.32,1.42,1.261742075,1.261742036,1.261742027,1.261742028
Dutch Eredivisie,2026-09-06,09:30:00,Heerenveen,AZ Alkmaar,4.1,4.3,1.86,1.89,4.4,4.5,2.92,3.05,1.49,1.52,1.52,1.56,2.78,2.92,10.5,32.0,14.0,16.0,14.0,16.0,19.5,22.0,23.0,26.0,10.0,11.5,10.0,11.0,15.0,16.5,34.0,38.0,16.0,18.0,14.0,15.0,21.0,24.0,13.0,80.0,36.0,40.0,34.0,38.0,46.0,55.0,21.0,25.0,6.2,7.0,15.0,360.0,36005173,3630179.0,9220660.0,58805.0,1.261735596,1.261735599,1.261735643,1.261735644,1.01,110.0,1.01,110.0,19.5,36.0,1.03,1.06,6.6,7.4,1.16,1.18,2.12,2.18,1.31,1.33,1.28,1.3,1.261735645,1.261735606,1.261735597,1.261735598
Dutch Eredivisie,2026-09-06,09:30:00,SC Telstar,Cambuur Leeuwarden,1.69,1.71,4.9,5.1,4.6,4.9,2.92,3.15,1.47,1.53,1.55,1.6,2.66,2.8,5.7,36.0,5.4,29.0,36.0,55.0,6.2,110.0,13.0,17.5,10.0,13.5,17.5,21.0,6.0,55.0,12.5,17.0,9.8,13.0,14.0,18.5,36.0,50.0,16.5,22.0,13.5,18.5,20.0,28.0,6.0,65.0,5.6,6.2,5.6,34.0,6.0,390.0,36005151,11534958.0,8942269.0,58805.0,1.261735379,1.261735382,1.261735426,1.261735427,1.01,110.0,1.23,1.38,6.6,36.0,1.03,1.08,6.6,8.2,1.15,1.18,1.25,1.26,2.42,2.46,1.26,1.27,1.261735428,1.261735389,1.261735380,1.261735381
Ukrainian Premier League,2026-09-06,09:30:00,Veres Rivne,Zorya,3.55,4.2,2.04,2.26,3.35,3.85,1.85,2.24,1.8,2.32,1.01,1000.0,1.83,2.4,1.01,1000.0,6.2,19.5,9.4,40.0,15.0,1000.0,9.4,40.0,6.2,10.5,7.8,23.0,12.5,1000.0,14.0,40.0,9.4,60.0,13.0,34.0,19.0,1000.0,23.0,1000.0,18.0,1000.0,21.0,1000.0,34.0,1000.0,1.01,1000.0,1.01,1000.0,1.01,1000.0,36019053,10053070.0,2017903.0,58805.0,1.261851261,1.261851271,1.261851260,1.261851270,2.5,3.95,1.34,1.66,8.0,26.0,1.05,1.14,3.4,26.0,1.05,1.41,1.79,1.97,1.32,1.4,1.35,1.42,1.261851252,1.261851264,1.261851265,1.261851275
Czech 2 Liga,2026-09-06,09:30:00,Banik Ostrava B,H Slavia Kromeriz,1.74,2.0,3.9,5.4,3.85,5.9,2.16,2.6,1.63,1.85,1.01,1000.0,1.01,1000.0,1.01,1000.0,1.01,1000.0,1.01,1000.0,1.01,1000.0,1.01,1000.0,1.01,1000.0,1.01,1000.0,1.01,1000.0,1.01,1000.0,1.01,1000.0,1.01,1000.0,1.01,1000.0,1.01,1000.0,1.01,1000.0,1.01,1000.0,1.01,1000.0,1.01,1000.0,1.01,1000.0,1.01,1000.0,36019671,25130637.0,14998691.0,58805.0,1.261854790,1.261854800,1.261854789,1.261854799,1.01,1000.0,1.01,1000.0,3.8,110.0,1.01,1.35,3.8,100.0,1.21,1.36,1.23,1.35,2.0,2.34,1.21,1.36,1.261854781,1.261854793,1.261854794,1.261854804
Polish Ekstraklasa,2026-09-06,09:45:00,Cracovia Krakow,Gornik Zabrze,2.5,2.8,2.72,3.05,3.5,4.3,1.96,2.18,1.86,2.04,1.01,1.84,1.01,1000.0,1.01,1000.0,1.01,1000.0,1.01,24.0,1.01,1000.0,1.01,1000.0,1.01,9.4,1.01,1000.0,1.01,1000.0,12.0,1000.0,1.01,1000.0,1.01,26.0,1.01,1000.0,22.0,1000.0,19.5,1000.0,1.01,1000.0,42.0,1000.0,1.01,1000.0,1.01,1000.0,1.01,1000.0,36005491,880537.0,503499.0,58805.0,1.261744121,1.261744124,1.261744168,1.261744169,2.86,4.3,1.3,1.54,7.6,18.0,1.06,1.15,3.9,18.0,1.3,1.35,1.48,1.58,1.55,1.66,1.3,1.4,1.261744170,1.261744131,1.261744122,1.261744123
Italian Serie B,2026-09-06,10:00:00,Entella,LR Vicenza Virtus,2.22,2.32,3.85,4.2,3.1,3.5,1.61,1.66,2.52,2.64,2.08,2.16,1.86,1.93,2.92,15.0,2.12,23.0,21.0,32.0,1.98,890.0,2.74,11.5,5.6,10.0,2.54,20.0,1.8,820.0,1.98,13.0,3.1,24.0,1.68,26.0,1.8,820.0,1.8,820.0,1.8,820.0,1.8,890.0,1.98,890.0,16.5,36.0,1.8,890.0,1.8,1000.0,36017235,4893589.0,19857199.0,58805.0,1.261823395,1.261823398,1.261823456,1.261823465,1.01,2.98,1.5,110.0,8.2,9.8,1.12,1.14,2.88,3.05,1.49,1.53,1.32,1.36,1.75,1.82,1.42,1.48,1.261823479,1.261823405,1.261823396,1.261823397
Swedish Division 1,2026-09-06,10:00:00,Pitea,Karlbergs BK,3.5,4.8,1.86,2.1,3.6,5.7,2.16,2.58,1.64,1.86,1.01,1000.0,1.01,1000.0,1.01,1000.0,1.01,1000.0,1.01,1000.0,1.01,1000.0,1.01,1000.0,1.01,1000.0,1.01,1000.0,1.01,1000.0,1.01,1000.0,1.01,1000.0,1.01,1000.0,1.01,1000.0,1.01,1000.0,1.01,1000.0,1.01,1000.0,1.01,1000.0,1.01,1000.0,1.01,1000.0,1.01,1000.0,36022981,14132171.0,6406169.0,58805.0,1.262039649,1.262039652,1.262039696,1.262039697,1.01,1000.0,1.01,1000.0,3.85,1000.0,1.01,1.36,3.85,1000.0,1.01,1.36,1.9,2.16,1.26,1.4,1.21,1.38,1.262039698,1.262039659,1.262039650,1.262039651
Italian Serie B,2026-09-06,10:00:00,Juve Stabia,Pisa,3.05,3.2,2.7,2.8,3.15,3.2,1.73,1.77,2.3,2.38,1.94,2.04,1.96,2.06,9.2,10.5,8.2,9.6,14.5,17.0,34.0,46.0,9.0,10.5,6.6,7.4,11.0,13.5,8.4,38.0,16.5,21.0,12.5,14.5,16.0,20.0,9.2,65.0,9.4,65.0,32.0,48.0,9.6,70.0,9.8,800.0,32.0,48.0,8.4,810.0,10.5,1000.0,36017227,1270340.0,501200.0,58805.0,1.261823176,1.261823179,1.261823223,1.261823224,2.66,3.35,1.43,1.6,9.2,11.0,1.11,1.13,3.1,3.3,1.44,1.47,1.55,1.59,1.45,1.49,1.45,1.47,1.261823225,1.261823186,1.261823177,1.261823178
Italian Serie A,2026-09-06,10:00:00,Frosinone,Venezia,2.84,2.88,2.68,2.72,3.5,3.55,2.12,2.16,1.87,1.89,1.71,1.75,2.34,2.42,14.0,16.0,11.5,12.0,16.5,18.0,34.0,38.0,12.0,13.0,7.4,8.0,11.5,12.5,24.0,27.0,18.5,21.0,12.0,13.0,14.5,16.0,32.0,38.0,38.0,44.0,27.0,30.0,34.0,40.0,60.0,75.0,21.0,24.0,18.5,21.0,85.0,1000.0,35979388,924268.0,44504.0,58805.0,1.261503116,1.261503100,1.261503115,1.261503125,3.35,3.55,1.39,1.42,14.5,16.0,1.06,1.08,4.3,4.5,1.29,1.3,1.58,1.6,1.53,1.54,1.39,1.4,1.261503118,1.261503120,1.261503121,1.261503103
French Ligue 1,2026-09-06,10:00:00,ESTAC Troyes,Strasbourg,3.1,3.15,2.48,2.52,3.55,3.6,2.02,2.08,1.92,1.98,1.74,1.77,2.3,2.36,13.5,15.5,10.5,11.5,15.0,16.5,30.0,36.0,12.0,13.0,7.4,7.8,10.5,12.0,23.0,26.0,19.5,22.0,12.0,13.5,14.5,16.5,34.0,38.0,44.0,50.0,30.0,34.0,25.0,44.0,36.0,85.0,26.0,30.0,18.0,19.5,90.0,1000.0,36005515,4864974.0,51404.0,58805.0,1.261749073,1.261749057,1.261749072,1.261749082,3.1,110.0,1.39,1.46,13.5,15.5,1.07,1.08,4.0,4.3,1.31,1.33,1.65,1.68,1.46,1.48,1.38,1.4,1.261749075,1.261749077,1.261749078,1.261749060
Czech 1 Liga,2026-09-06,10:00:00,Zlin,Teplice,2.74,3.15,2.68,3.05,3.15,3.6,1.71,1.86,2.16,2.42,1.74,2.14,1.88,2.36,9.0,12.0,8.8,10.5,14.0,19.0,38.0,55.0,9.0,11.0,6.4,7.8,9.8,15.0,26.0,36.0,14.5,22.0,10.0,15.0,15.5,22.0,42.0,60.0,36.0,55.0,27.0,38.0,42.0,60.0,85.0,140.0,27.0,42.0,25.0,36.0,1.01,1000.0,36014614,367580.0,174264.0,58805.0,1.261780748,1.261780758,1.261780747,1.261780757,2.52,3.75,1.36,1.65,9.0,12.0,1.09,1.13,3.1,3.6,1.38,1.48,1.49,1.6,1.47,1.57,1.38,1.47,1.261780739,1.261780751,1.261780752,1.261780762
English Premier League,2026-09-06,10:00:00,Everton,Man Utd,3.55,3.6,2.18,2.2,3.75,3.8,2.34,2.36,1.73,1.75,1.63,1.67,2.5,2.6,18.0,19.0,11.0,12.0,14.5,15.5,24.0,26.0,16.0,17.0,8.2,8.6,10.0,10.5,18.5,20.0,25.0,27.0,14.0,14.5,13.5,14.5,26.0,28.0,50.0,60.0,32.0,36.0,36.0,40.0,55.0,60.0,26.0,28.0,12.0,13.0,55.0,480.0,35974449,56343.0,48351.0,58805.0,1.261448333,1.261448272,1.261448332,1.261448343,3.65,3.85,1.36,1.38,17.5,21.0,1.05,1.06,4.9,5.1,1.24,1.26,1.83,1.85,1.38,1.4,1.35,1.37,1.261448335,1.261448337,1.261448338,1.261448276
Czech 1 Liga,2026-09-06,10:00:00,FK Jablonec,Slovan Liberec,2.76,3.2,2.54,2.88,3.15,3.65,1.82,1.98,2.02,2.22,1.65,1.97,2.04,2.54,9.6,16.0,9.0,13.0,13.5,22.0,29.0,50.0,9.6,13.5,5.8,8.0,9.0,15.0,22.0,38.0,16.5,24.0,9.6,16.0,14.5,22.0,30.0,55.0,40.0,60.0,29.0,42.0,38.0,60.0,70.0,120.0,23.0,40.0,20.0,34.0,85.0,1000.0,36015100,367578.0,10503.0,58805.0,1.261793331,1.261793334,1.261793378,1.261793379,2.92,3.4,1.41,1.53,9.6,13.5,1.08,1.1,3.35,3.95,1.33,1.42,1.54,1.65,1.45,1.56,1.37,1.47,1.261793380,1.261793341,1.261793332,1.261793333
Lithuanian A Lyga,2026-09-06,10:00:00,TransINVEST Vilnius,FK Suduva,3.45,3.55,2.32,2.36,3.4,3.55,1.77,1.91,2.08,2.3,1.85,1.98,1.88,2.36,9.4,14.0,7.6,9.6,12.0,17.0,24.0,38.0,10.0,14.5,6.0,7.8,8.8,11.5,23.0,32.0,21.0,29.0,13.0,17.5,16.0,19.0,32.0,50.0,50.0,80.0,34.0,55.0,42.0,70.0,80.0,130.0,38.0,60.0,17.0,26.0,1.01,1000.0,36024553,55858833.0,198707.0,58805.0,1.261937899,1.261937902,1.261937946,1.261937947,2.48,3.8,1.36,1.67,10.5,12.5,1.08,1.11,3.25,3.75,1.37,1.44,1.74,1.76,1.39,1.41,1.39,1.42,1.261937948,1.261937909,1.261937900,1.261937901
Italian Serie B,2026-09-06,10:00:00,Cesena,Mantova,2.68,2.82,2.86,3.0,3.3,3.4,1.86,1.99,2.02,2.16,1.76,1.98,2.02,2.32,11.5,16.0,10.0,11.5,16.0,24.0,7.4,60.0,9.6,13.0,6.8,7.8,11.5,13.0,7.0,800.0,15.5,18.0,11.0,12.5,15.0,18.0,7.6,55.0,7.4,50.0,7.0,790.0,7.6,55.0,7.6,820.0,19.0,29.0,8.0,800.0,8.0,1000.0,36017224,501219.0,924269.0,58805.0,1.261822719,1.261822722,1.261822766,1.261822767,1.01,110.0,1.01,110.0,11.5,13.5,1.08,1.1,3.35,4.1,1.34,1.42,1.5,1.55,1.53,1.6,1.41,1.47,1.261822768,1.261822729,1.261822720,1.261822721
Portuguese Segunda Liga,2026-09-06,10:00:00,Farense,Chaves,2.2,2.36,3.55,3.9,3.25,3.55,1.72,1.9,2.12,2.38,1.01,1000.0,1.01,1000.0,1.01,1000.0,1.01,1000.0,1.01,1000.0,1.01,1000.0,1.01,1000.0,1.01,1000.0,1.01,1000.0,1.01,1000.0,1.01,1000.0,1.01,1000.0,1.01,1000.0,1.01,1000.0,1.01,1000.0,1.01,1000.0,1.01,1000.0,1.01,1000.0,1.01,1000.0,1.01,1000.0,1.01,1000.0,36015869,48788.0,311029.0,58805.0,1.261809327,1.261809337,1.261809326,1.261809336,2.56,3.75,1.37,1.64,3.15,110.0,1.01,1.47,3.15,3.85,1.35,1.47,1.35,1.4,1.73,1.84,1.39,1.45,1.261809318,1.261809330,1.261809331,1.261809341
Italian Serie B,2026-09-06,10:00:00,Modena,Calcio Avellino SSD,1.84,1.88,5.1,5.6,3.55,3.8,1.7,1.9,2.1,2.44,1.94,2.18,1.86,2.06,2.3,780.0,2.24,23.0,2.22,770.0,2.3,1000.0,1.98,9.8,5.7,11.0,2.18,750.0,2.3,990.0,8.8,11.5,7.8,14.5,17.5,780.0,2.3,1000.0,16.5,800.0,17.5,800.0,2.3,990.0,2.3,1000.0,11.0,21.0,2.08,1000.0,2.3,1000.0,36017230,60293.0,20530702.0,58805.0,1.261824369,1.261824379,1.261824368,1.261824378,1.01,110.0,1.01,110.0,6.6,12.5,1.08,1.14,3.25,3.85,1.39,1.43,1.22,1.25,2.12,2.2,1.36,1.4,1.261824360,1.261824372,1.261824373,1.261824383
Norwegian 2nd Division,2026-09-06,10:00:00,Ullensaker Kisa,Levanger,5.0,32.0,1.33,1.71,4.5,20.0,2.56,13.5,1.08,1.64,1.01,1000.0,1.01,1000.0,1.01,1000.0,1.01,1000.0,1.01,1000.0,1.01,1000.0,1.01,1000.0,1.01,1000.0,1.01,1000.0,1.01,1000.0,1.01,1000.0,1.01,1000.0,1.01,1000.0,1.01,1000.0,1.01,1000.0,1.01,1000.0,1.01,1000.0,1.01,1000.0,1.01,1000.0,1.01,1000.0,1.01,1000.0,36034212,6267893.0,398353.0,58805.0,1.262018375,1.262018420,1.262018459,1.262018384,1.01,1000.0,1.01,1000.0,1.02,110.0,1.01,1.12,1.02,110.0,1.08,1.12,2.42,4.0,1.03,1.25,1.05,1.28,1.262018376,1.262018378,1.262018379,1.262018423
Uruguayan Primera Division,2026-09-06,10:00:00,Cerro,Racing Club (Uru),5.1,6.0,1.86,2.02,3.2,3.5,1.46,1.59,2.68,3.2,2.08,2.58,1.63,1.76,6.2,10.0,5.4,6.4,7.4,10.5,20.0,1000.0,11.0,16.0,5.8,9.4,8.4,12.0,23.0,30.0,30.0,38.0,20.0,25.0,20.0,1000.0,46.0,1000.0,48.0,1000.0,40.0,1000.0,48.0,1000.0,95.0,1000.0,150.0,1000.0,21.0,26.0,95.0,1000.0,36018104,2329297.0,4465708.0,58805.0,1.262039539,1.262039542,1.262039586,1.262039587,1.01,1000.0,1.5,1.85,6.8,8.6,1.13,1.17,2.46,2.8,1.55,1.68,1.98,2.18,1.2,1.25,1.4,1.45,1.262039588,1.262039549,1.262039540,1.262039541
Italian Serie A,2026-09-06,10:00:00,Parma,AC Monza,2.72,2.74,3.15,3.2,3.1,3.2,1.66,1.69,2.46,2.52,2.02,2.08,1.93,1.99,9.2,9.6,9.2,9.6,18.5,20.0,50.0,60.0,8.4,8.8,6.6,7.0,13.0,14.0,38.0,42.0,15.0,16.0,12.0,13.0,18.0,19.5,50.0,60.0,38.0,42.0,30.0,34.0,50.0,55.0,44.0,140.0,32.0,36.0,42.0,50.0,95.0,1000.0,35979414,191607.0,13659467.0,58805.0,1.261502866,1.261502850,1.261502865,1.261502875,2.76,2.86,1.54,1.57,9.2,9.8,1.11,1.12,3.0,3.15,1.47,1.5,1.45,1.47,1.57,1.59,1.45,1.47,1.261502868,1.261502870,1.261502871,1.261502853
German Bundesliga,2026-09-06,10:30:00,Hamburger SV,Mainz,2.94,3.0,2.52,2.56,3.65,3.75,2.22,2.3,1.77,1.81,1.66,1.69,2.44,2.52,16.5,18.0,12.0,13.0,16.0,17.5,32.0,34.0,13.0,14.5,7.8,8.4,10.5,12.0,22.0,25.0,19.5,22.0,12.0,13.0,14.0,15.0,30.0,34.0,40.0,46.0,27.0,30.0,32.0,38.0,60.0,70.0,20.0,23.0,15.5,17.0,55.0,1000.0,35973502,44784.0,64374.0,58805.0,1.261440949,1.261440929,1.261440947,1.261440972,3.65,3.8,1.36,1.38,16.5,18.5,1.05,1.07,4.7,4.8,1.26,1.27,1.64,1.66,1.5,1.52,1.36,1.38,1.261440954,1.261440958,1.261440960,1.261440932
Hungarian NB I,2026-09-06,10:30:00,Zalaegerszeg,Puskas Akademia,2.62,2.84,2.6,2.98,3.5,4.0,2.14,2.38,1.73,1.88,1.6,1.74,2.36,2.66,14.0,22.0,12.0,16.0,16.5,21.0,21.0,46.0,12.0,16.0,7.6,9.2,9.6,14.5,16.0,32.0,17.0,21.0,9.6,13.0,13.0,16.5,19.0,44.0,32.0,46.0,20.0,34.0,20.0,42.0,50.0,85.0,14.5,23.0,14.5,23.0,95.0,1000.0,36015915,189803.0,8526875.0,58805.0,1.261809526,1.261809536,1.261809525,1.261809535,3.0,1000.0,1.01,1.49,15.0,19.0,1.05,1.07,4.3,5.2,1.23,1.3,1.51,1.63,1.54,1.62,1.33,1.4,1.261809517,1.261809529,1.261809530,1.261809540
Norwegian 2nd Division,2026-09-06,10:30:00,Trygg/Lade,Honefoss,4.1,10.5,1.48,1.81,3.95,12.0,2.58,12.5,1.09,1.63,1.01,1000.0,1.01,1000.0,1.01,1000.0,1.01,1000.0,1.01,1000.0,1.01,1000.0,1.01,1000.0,1.01,1000.0,1.01,1000.0,1.01,1000.0,1.01,1000.0,1.01,1000.0,1.01,1000.0,1.01,1000.0,1.01,1000.0,1.01,1000.0,1.01,1000.0,1.01,1000.0,1.01,1000.0,1.01,1000.0,1.01,1000.0,36034217,17987752.0,572779.0,58805.0,1.262018195,1.262018240,1.262018279,1.262018204,1.01,1000.0,1.01,1000.0,6.4,55.0,1.02,1.13,6.4,55.0,1.09,1.13,2.22,3.05,1.11,1.32,1.09,1.34,1.262018196,1.262018198,1.262018199,1.262018243
Portuguese Liga 3,2026-09-06,10:30:00,GD Vitoria de Sernache,CF Os Belenenses,4.7,9.2,1.53,1.91,3.25,7.6,1.53,2.02,1.98,2.88,1.01,1000.0,1.01,1000.0,1.01,1000.0,1.01,1000.0,1.01,1000.0,1.01,1000.0,1.01,1000.0,1.01,1000.0,1.01,1000.0,1.01,1000.0,1.01,1000.0,1.01,1000.0,1.01,1000.0,1.01,1000.0,1.01,1000.0,1.01,1000.0,1.01,1000.0,1.01,1000.0,1.01,1000.0,1.01,1000.0,1.01,1000.0,36030406,10403144.0,41895590.0,58805.0,1.262039429,1.262039432,1.262039476,1.262039477,1.01,1000.0,1.37,1.71,2.48,1000.0,1.01,1.67,2.48,4.2,1.31,1.67,2.08,2.88,1.12,1.27,1.15,1.44,1.262039478,1.262039439,1.262039430,1.262039431
Swedish Division 1,2026-09-06,11:00:00,Jonkopings Sodra,Tvaakers,1.48,1.61,5.9,9.0,3.85,5.6,2.0,2.54,1.65,2.0,1.85,2.08,1.93,2.3,14.5,20.0,19.0,29.0,8.8,75.0,8.8,250.0,7.2,9.4,8.4,11.0,20.0,32.0,8.8,120.0,7.6,10.0,8.0,10.5,17.0,26.0,8.8,110.0,10.5,15.0,12.0,17.0,8.8,40.0,8.8,140.0,6.0,7.8,8.8,150.0,8.8,1000.0,36026454,503361.0,7179560.0,58805.0,1.261952944,1.261952989,1.261953028,1.261952953,3.1,4.3,1.3,1.47,3.95,22.0,1.05,1.34,3.85,5.4,1.24,1.34,1.12,1.18,2.62,3.1,1.22,1.32,1.261952945,1.261952947,1.261952948,1.261952992
Turkish Super League,2026-09-06,11:00:00,Kasimpasa,Amed Sportif Faaliyetler,2.52,2.62,3.2,3.25,3.2,3.35,1.75,1.84,2.2,2.32,1.85,2.06,1.96,2.18,9.8,14.0,10.0,11.5,18.5,23.0,5.8,75.0,8.2,9.6,6.6,9.0,12.5,15.0,5.8,55.0,14.0,16.5,10.5,14.5,16.5,19.5,5.8,70.0,5.7,46.0,5.6,38.0,5.9,60.0,6.0,810.0,20.0,34.0,5.9,55.0,6.2,1000.0,36015191,2080735.0,12171081.0,58805.0,1.261795363,1.261795366,1.261795410,1.261795411,1.01,110.0,1.01,110.0,8.4,12.5,1.1,1.12,3.1,3.5,1.4,1.46,1.44,1.46,1.62,1.65,1.42,1.45,1.261795412,1.261795373,1.261795364,1.261795365
Brazilian Serie B,2026-09-06,11:00:00,Londrina,Operario PR,2.38,2.72,1.1,3.45,2.9,110.0,1.73,2.02,1.99,2.38,1.01,110.0,1.01,110.0,1.05,1000.0,1.05,1000.0,1.05,1000.0,1.05,1000.0,1.05,1000.0,1.05,1000.0,1.01,23.0,1.05,1000.0,1.05,1000.0,1.05,1000.0,1.05,1000.0,1.04,100.0,1.05,1000.0,1.05,1000.0,1.05,1000.0,1.05,1000.0,1.05,1000.0,1.05,1000.0,1.05,1000.0,36016330,4525642.0,6219238.0,58805.0,1.261815698,1.261815701,1.261815745,1.261815746,1.01,110.0,1.01,110.0,1.02,110.0,1.09,55.0,3.0,13.5,1.4,1.49,1.4,1.48,1.58,1.69,1.36,1.53,1.261815747,1.261815708,1.261815699,1.261815700
Scottish Premiership,2026-09-06,11:00:00,St Johnstone,Hibernian,2.86,3.05,2.56,2.7,3.35,3.55,2.04,2.2,1.84,1.96,1.57,1.98,2.18,2.48,3.95,19.0,10.0,12.5,4.0,22.0,4.5,46.0,10.5,15.5,7.0,8.6,10.0,13.0,4.2,36.0,4.1,25.0,11.0,14.0,13.5,20.0,4.5,46.0,4.9,1000.0,4.4,40.0,4.5,50.0,4.7,100.0,19.0,32.0,15.0,26.0,4.9,1000.0,36015857,57425.0,9166.0,58805.0,1.261806490,1.261806500,1.261806489,1.261806499,3.1,110.0,1.01,1.47,11.0,110.0,1.01,1.09,3.55,18.0,1.28,1.4,1.58,1.65,1.48,1.54,1.39,1.43,1.261806481,1.261806493,1.261806494,1.261806504
Icelandic Urvalsdeild,2026-09-06,11:00:00,KA Akureyri,Breidablik,2.6,2.94,2.32,2.5,3.85,5.5,3.6,4.1,1.33,1.38,1.34,1.4,3.5,3.95,28.0,250.0,17.5,40.0,17.5,40.0,23.0,75.0,18.5,46.0,10.5,15.0,10.5,15.5,15.0,25.0,19.5,46.0,11.5,17.0,11.0,16.0,16.5,30.0,26.0,170.0,17.5,34.0,16.5,32.0,21.0,60.0,8.6,11.5,7.2,9.0,42.0,1000.0,36018135,399804.0,1478217.0,58805.0,1.261985981,1.261985984,1.261986028,1.261986029,1.01,1000.0,1.01,1000.0,8.2,85.0,1.01,1.12,8.2,12.5,1.09,1.12,1.67,1.76,1.53,1.61,1.26,1.31,1.261986030,1.261985991,1.261985982,1.261985983
Norwegian 2nd Division,2026-09-06,11:00:00,Lorenskog,Junkeren,1.76,1.97,3.6,5.0,3.95,5.4,2.56,3.2,1.47,1.61,1.47,1.73,2.38,3.15,22.0,34.0,18.0,28.0,27.0,42.0,1.01,90.0,11.0,17.0,8.6,13.0,13.5,21.0,1.01,48.0,11.5,17.5,8.4,13.0,12.0,18.5,1.01,46.0,16.0,25.0,13.0,19.5,19.0,29.0,1.01,65.0,5.8,8.6,21.0,34.0,1.01,410.0,36034236,152565.0,7207474.0,58805.0,1.262018105,1.262018150,1.262018189,1.262018114,1.01,1000.0,1.01,1000.0,1.02,55.0,1.02,1.06,5.3,8.2,1.14,1.19,1.25,1.36,2.02,2.32,1.22,1.33,1.262018106,1.262018108,1.262018109,1.262018153
Icelandic Urvalsdeild,2026-09-06,11:00:00,Thor,Hafnarfjordur,3.15,4.4,1.99,2.54,3.3,5.6,2.3,2.96,1.51,1.77,1.41,1.68,1.01,1000.0,1.01,1000.0,11.0,29.0,11.0,40.0,15.5,1000.0,13.0,34.0,6.6,17.0,8.6,19.5,12.5,40.0,15.0,48.0,9.4,29.0,11.0,40.0,14.5,1000.0,24.0,1000.0,18.5,1000.0,16.0,1000.0,21.0,1000.0,1.01,1000.0,1.01,1000.0,1.01,1000.0,36010207,3965658.0,166884.0,58805.0,1.261762808,1.261762853,1.261762892,1.261762817,1.01,1000.0,1.01,1.62,17.5,55.0,1.03,1.06,2.3,8.4,1.13,1.2,1.65,2.02,1.29,1.47,1.21,1.43,1.261762809,1.261762811,1.261762812,1.261762856
Uruguayan Segunda Division,2026-09-06,11:00:00,Atenas,River Plate (Uru),2.72,3.65,2.4,3.25,2.64,4.7,1.42,1.78,2.28,3.35,1.01,1000.0,1.01,1000.0,1.01,1000.0,1.01,1000.0,1.01,1000.0,1.01,1000.0,1.01,1000.0,1.01,1000.0,1.01,1000.0,1.01,1000.0,1.01,1000.0,1.01,1000.0,1.01,1000.0,1.01,1000.0,1.01,1000.0,1.01,1000.0,1.01,1000.0,1.01,1000.0,1.01,1000.0,1.01,1000.0,1.01,1000.0,36028080,8773406.0,3206731.0,58805.0,1.261969584,1.261969629,1.261969668,1.261969593,2.2,3.2,1.01,1000.0,3.0,110.0,1.01,1.5,2.22,5.0,1.25,1.82,1.44,1.72,1.37,1.59,1.27,1.61,1.261969585,1.261969587,1.261969588,1.261969632
Turkish Super League,2026-09-06,11:00:00,Corum Belediyespor,Eyupspor,1.77,1.8,5.3,5.6,3.85,4.0,1.93,2.02,1.99,2.08,1.87,2.02,1.98,2.14,2.2,18.0,2.5,1000.0,2.2,1000.0,2.2,1000.0,7.4,9.4,7.4,9.4,2.3,890.0,2.2,990.0,8.8,13.0,2.08,400.0,2.2,1000.0,2.2,1000.0,2.28,820.0,2.28,810.0,2.2,1000.0,2.2,1000.0,2.24,400.0,2.2,1000.0,2.2,1000.0,36015188,6781499.0,4202656.0,58805.0,1.261794947,1.261794950,1.261794994,1.261794995,1.01,110.0,1.01,110.0,9.6,110.0,1.07,1.09,3.65,4.3,1.32,1.38,1.22,1.24,2.24,2.3,1.33,1.35,1.261794996,1.261794957,1.261794948,1.261794949
Icelandic Urvalsdeild,2026-09-06,11:00:00,Vikingur Reykjavik,Fram,1.49,1.62,2.6,1000.0,2.6,1000.0,2.02,18.0,1.06,1.98,1.01,1000.0,2.78,3.15,1.01,1000.0,1.01,1000.0,1.01,95.0,46.0,1000.0,14.0,1000.0,12.0,1000.0,1.01,1000.0,32.0,1000.0,12.0,1000.0,8.8,1000.0,12.0,26.0,1.01,1000.0,16.0,1000.0,1.01,26.0,16.0,1000.0,1.01,1000.0,1.01,1000.0,1.01,1000.0,1.01,1000.0,36019644,5241831.0,808415.0,58805.0,1.261853520,1.261853523,1.261853567,1.261853568,1.01,1000.0,1.01,1000.0,9.4,110.0,1.01,1.04,2.04,100.0,1.06,1.12,1.01,1000.0,1.01,1000.0,1.01,1000.0,1.261853569,1.261853530,1.261853521,1.261853522
Estonian Premier League,2026-09-06,11:00:00,Harju JK Laagri,Tammeka Tartu,1.5,4.4,2.0,110.0,3.7,420.0,1.26,55.0,1.13,4.9,1.01,1000.0,1.01,1000.0,1.01,1000.0,1.01,1000.0,1.01,1000.0,1.01,1000.0,1.01,1000.0,1.01,1000.0,1.01,1000.0,1.01,1000.0,1.01,1000.0,1.01,1000.0,1.01,1000.0,1.01,1000.0,1.01,1000.0,1.01,1000.0,1.01,1000.0,1.01,1000.0,1.01,1000.0,1.01,1000.0,1.01,1000.0,36018397,28525699.0,5407303.0,58805.0,1.261850868,1.261850878,1.261850867,1.261850877,1.01,1000.0,1.01,1000.0,1.27,55.0,1.02,4.8,1.26,55.0,1.13,1.2,1.1,2.0,1.3,3.0,1.01,1.38,1.261850859,1.261850871,1.261850872,1.261850882
Scottish Premiership,2026-09-06,11:00:00,Hearts,Dundee,1.52,1.59,6.2,7.8,4.6,5.0,2.4,5.8,1.22,1.71,1.01,1000.0,1.01,2.58,18.0,25.0,24.0,30.0,6.6,60.0,5.6,210.0,9.0,11.5,9.0,11.0,21.0,25.0,7.0,100.0,4.4,11.0,4.3,10.0,5.5,21.0,7.0,95.0,5.2,17.5,13.0,15.0,6.0,38.0,5.5,120.0,3.95,8.4,7.0,95.0,5.8,1000.0,36015863,47993.0,13133.0,58805.0,1.261806379,1.261806389,1.261806378,1.261806388,1.01,110.0,1.01,110.0,4.8,26.0,1.04,1.09,4.8,5.8,1.22,1.26,1.16,1.2,2.7,2.94,1.25,1.28,1.261806370,1.261806382,1.261806383,1.261806393
Danish Superliga,2026-09-06,11:00:00,OB,FC Copenhagen,4.0,4.2,1.9,1.93,4.2,4.3,2.32,2.54,1.64,1.75,1.62,1.7,2.44,2.6,19.5,23.0,10.5,15.0,12.5,17.0,19.5,23.0,4.3,19.5,8.6,12.0,9.4,13.0,4.5,23.0,4.9,40.0,14.5,21.0,4.3,19.5,4.7,29.0,5.2,90.0,36.0,55.0,5.1,55.0,5.2,80.0,4.8,34.0,8.6,9.6,5.5,600.0,36013978,113225.0,52533356.0,58805.0,1.261773204,1.261773207,1.261773251,1.261773252,1.01,110.0,1.01,110.0,14.0,26.0,1.04,1.07,5.1,5.6,1.21,1.24,2.06,2.12,1.31,1.33,1.3,1.32,1.261773253,1.261773214,1.261773205,1.261773206
Icelandic Urvalsdeild,2026-09-06,11:00:00,IA Akranes,KR Reykjavik,3.1,4.5,1.3,2.32,4.0,6.8,2.28,34.0,1.03,1.79,1.01,1000.0,1.01,4.7,1.01,1000.0,1.01,1000.0,1.01,1000.0,1.01,1000.0,1.01,1000.0,1.01,1000.0,1.01,1000.0,1.01,1000.0,1.01,1000.0,1.01,1000.0,1.01,1000.0,1.01,1000.0,1.01,1000.0,1.01,1000.0,1.01,1000.0,1.01,1000.0,1.01,1000.0,1.01,1000.0,1.01,1000.0,36019654,399801.0,399808.0,58805.0,1.261853633,1.261853636,1.261853680,1.261853681,1.01,1000.0,1.01,110.0,1.02,110.0,1.01,1.08,1.02,36.0,1.03,1.08,1.83,2.34,1.01,1000.0,1.01,1000.0,1.261853682,1.261853643,1.261853634,1.261853635
Brazilian Serie A,2026-09-06,11:00:00,Coritiba,Mirassol,2.46,2.52,3.25,3.4,3.25,3.45,1.71,1.76,2.32,2.42,1.98,2.04,1.97,2.04,9.6,11.0,9.6,11.0,17.5,22.0,42.0,430.0,8.0,8.8,6.6,7.2,13.0,15.0,25.0,120.0,13.5,15.0,11.0,12.0,18.0,19.5,44.0,440.0,21.0,65.0,27.0,50.0,28.0,330.0,42.0,440.0,19.0,46.0,27.0,180.0,95.0,1000.0,35982838,198141.0,2760854.0,58805.0,1.261542464,1.261542474,1.261542463,1.261542473,1.01,110.0,1.01,110.0,9.6,11.0,1.1,1.12,3.1,3.3,1.44,1.48,1.42,1.45,1.66,1.69,1.4,1.44,1.261542455,1.261542467,1.261542468,1.261542478
Icelandic Urvalsdeild,2026-09-06,11:00:00,Stjarnan,IBV,1.76,1.97,3.75,4.8,4.2,5.9,3.1,3.9,1.35,1.47,1.01,1000.0,1.01,3.55,1.01,1000.0,17.5,1000.0,1.01,1000.0,1.01,1000.0,14.0,27.0,8.8,1000.0,1.01,26.0,21.0,1000.0,12.0,26.0,8.8,1000.0,12.0,26.0,16.5,1000.0,16.5,1000.0,12.0,1000.0,14.0,1000.0,23.0,1000.0,1.01,1000.0,1.01,1000.0,1.01,1000.0,36018146,3831006.0,198705.0,58805.0,1.261986091,1.261986094,1.261986138,1.261986139,1.01,1000.0,1.01,1000.0,24.0,110.0,1.01,1.05,3.1,110.0,1.08,1.14,1.27,1.36,2.04,2.3,1.2,1.31,1.261986140,1.261986101,1.261986092,1.261986093
Azerbaijan Premier League,2026-09-06,11:00:00,PFK Turan Tovuz,FK Sumqayit,1.65,2.1,4.2,8.2,3.0,3.9,1.55,1.91,2.1,2.8,1.01,110.0,1.01,110.0,1.01,1000.0,9.4,1000.0,17.5,1000.0,36.0,1000.0,5.1,14.5,5.4,1000.0,14.0,40.0,28.0,1000.0,6.2,1000.0,7.2,1000.0,15.5,50.0,38.0,1000.0,9.4,1000.0,12.5,1000.0,19.5,1000.0,38.0,1000.0,1.01,1000.0,1.01,1000.0,1.01,1000.0,36034345,6658940.0,7547173.0,58805.0,1.262025399,1.262025444,1.262025483,1.262025408,1.01,1000.0,1.01,1000.0,1.02,110.0,1.06,1.16,2.5,3.75,1.39,1.66,1.14,1.31,1.91,2.54,1.34,1.5,1.262025400,1.262025402,1.262025403,1.262025447
Spanish Segunda Division,2026-09-06,11:15:00,Oviedo,Burgos,1.98,2.02,5.0,5.3,3.25,3.4,1.51,1.57,2.76,2.98,2.3,2.46,1.68,1.76,7.4,8.2,11.0,12.5,32.0,36.0,14.0,170.0,5.7,6.4,7.0,7.6,19.5,23.0,14.5,110.0,9.4,10.5,10.5,12.0,24.0,28.0,14.0,150.0,19.5,24.0,21.0,29.0,12.5,70.0,14.5,250.0,19.5,26.0,14.5,180.0,15.5,1000.0,36016327,21678.0,968180.0,58805.0,1.261815589,1.261815592,1.261815636,1.261815637,2.42,2.66,1.6,1.71,7.2,8.2,1.13,1.16,2.58,2.7,1.59,1.63,1.23,1.25,1.98,2.04,1.43,1.45,1.261815638,1.261815599,1.261815590,1.261815591
Spanish La Liga,2026-09-06,11:15:00,Valencia,Barcelona,10.5,11.0,1.31,1.32,6.8,7.0,3.3,3.4,1.41,1.43,1.79,1.84,2.2,2.28,34.0,38.0,13.0,14.0,9.8,10.5,10.5,11.5,42.0,50.0,14.5,15.5,10.5,11.0,11.5,13.0,40.0,110.0,32.0,38.0,22.0,24.0,24.0,27.0,80.0,380.0,100.0,130.0,75.0,90.0,80.0,95.0,85.0,120.0,3.5,3.65,75.0,900.0,35998383,66183.0,52480964.0,58805.0,1.261696395,1.261696332,1.261696394,1.261696405,4.9,5.3,1.23,1.26,34.0,48.0,1.02,1.03,7.8,8.6,1.13,1.15,4.1,4.3,1.1,1.11,1.16,1.18,1.261696397,1.261696399,1.261696400,1.261696337
Swedish Allsvenskan,2026-09-06,11:30:00,Brommapojkarna,Elfsborg,3.6,3.75,2.1,2.18,3.7,3.85,2.12,2.24,1.8,1.9,1.64,1.87,2.16,2.58,14.5,17.5,9.4,14.5,12.5,15.5,20.0,48.0,13.0,19.5,7.4,9.2,9.4,13.0,18.5,55.0,19.0,34.0,13.0,19.5,14.5,23.0,24.0,50.0,3.85,85.0,3.8,65.0,3.8,65.0,3.85,100.0,3.7,46.0,12.0,19.5,4.0,1000.0,36016177,151472.0,30684.0,58805.0,1.261814184,1.261814187,1.261814231,1.261814232,3.0,110.0,1.01,1.49,12.0,26.0,1.06,1.08,4.2,4.8,1.27,1.32,1.84,1.9,1.36,1.39,1.35,1.37,1.261814233,1.261814194,1.261814185,1.261814186
Swiss Super League,2026-09-06,11:30:00,FC Basel,Lugano,2.66,2.82,2.48,2.68,3.7,4.4,2.44,2.66,1.6,1.7,1.53,1.66,2.3,3.25,17.0,29.0,13.0,19.0,17.0,22.0,19.5,38.0,13.5,19.5,8.2,10.5,10.5,13.5,20.0,30.0,18.0,23.0,11.0,13.5,12.5,18.0,17.0,32.0,22.0,42.0,21.0,27.0,17.0,34.0,27.0,60.0,11.5,17.0,10.5,15.5,85.0,470.0,36016146,2939090.0,65780.0,58805.0,1.261813002,1.261813005,1.261813049,1.261813050,3.75,5.1,1.24,1.36,15.0,36.0,1.03,1.07,5.3,5.9,1.2,1.24,1.6,1.68,1.54,1.6,1.3,1.37,1.261813051,1.261813012,1.261813003,1.261813004
Portuguese Primeira Liga,2026-09-06,11:30:00,Santa Clara,Rio Ave,1.91,1.95,5.0,5.4,3.3,3.55,1.63,1.71,2.42,2.58,2.1,2.26,1.79,1.91,1.61,16.5,1.78,1000.0,1.71,46.0,1.78,1000.0,1.48,9.0,1.53,11.0,1.78,1000.0,1.78,1000.0,1.56,13.0,1.64,21.0,19.0,40.0,1.78,1000.0,1.78,1000.0,18.5,1000.0,1.78,1000.0,1.78,1000.0,1.78,1000.0,1.78,1000.0,1.78,1000.0,36014850,48793.0,495321.0,58805.0,1.261783549,1.261783552,1.261783597,1.261783599,1.01,110.0,1.01,110.0,7.2,18.0,1.11,1.16,2.92,3.15,1.47,1.53,1.22,1.25,2.04,2.1,1.4,1.43,1.261783600,1.261783560,1.261783550,1.261783551
Swiss Super League,2026-09-06,11:30:00,Sion,Thun,1.76,1.86,4.3,4.6,4.4,4.9,2.92,3.15,1.46,1.52,1.5,1.62,2.6,3.0,6.0,34.0,21.0,32.0,24.0,46.0,60.0,95.0,13.5,18.0,9.8,13.5,15.5,19.5,30.0,48.0,13.0,16.0,9.4,11.5,13.0,16.5,32.0,44.0,17.5,24.0,14.0,17.5,20.0,27.0,44.0,60.0,5.4,7.2,20.0,29.0,230.0,360.0,36016151,65785.0,176184.0,58805.0,1.261813302,1.261813305,1.261813349,1.261813350,1.01,1000.0,1.01,1.38,6.6,55.0,1.02,1.08,6.6,7.8,1.15,1.18,1.28,1.31,2.16,2.32,1.26,1.3,1.261813351,1.261813312,1.261813303,1.261813304
German 3 Liga,2026-09-06,11:30:00,SG Sonnenhof,Hoffenheim II,2.32,2.52,2.86,3.15,3.75,4.1,2.32,2.52,1.65,1.76,1.51,1.68,2.48,2.98,16.5,25.0,12.0,18.5,17.5,27.0,40.0,55.0,10.5,16.0,7.2,11.0,10.5,15.5,21.0,34.0,13.5,21.0,9.2,14.0,11.5,17.5,26.0,40.0,24.0,38.0,17.5,27.0,23.0,36.0,46.0,75.0,10.5,16.5,15.5,24.0,95.0,530.0,36020885,4069229.0,5730521.0,58805.0,1.261872934,1.261872937,1.261872981,1.261872982,1.01,1000.0,1.01,1000.0,17.5,25.0,1.04,1.06,4.8,5.6,1.22,1.26,1.46,1.54,1.66,1.76,1.32,1.37,1.261872983,1.261872944,1.261872935,1.261872936
Portuguese Segunda Liga,2026-09-06,11:30:00,Leixoes,Amarante,1.87,2.06,4.1,5.1,3.55,3.8,1.75,1.85,2.18,2.32,1.01,1000.0,1.01,1000.0,1.01,1000.0,1.01,1000.0,1.01,1000.0,1.01,1000.0,1.01,1000.0,1.01,1000.0,1.01,1000.0,1.01,1000.0,1.01,1000.0,1.01,1000.0,1.01,1000.0,1.01,1000.0,1.01,1000.0,1.01,1000.0,1.01,1000.0,1.01,1000.0,1.01,1000.0,1.01,1000.0,1.01,1000.0,36026854,146050.0,10309726.0,58805.0,1.261954513,1.261954516,1.261954560,1.261954561,1.01,1000.0,1.38,1.68,8.2,110.0,1.01,1.14,3.0,3.6,1.39,1.49,1.25,1.33,1.94,2.14,1.35,1.4,1.261954562,1.261954523,1.261954514,1.261954515
Dutch Eredivisie,2026-09-06,11:45:00,ADO Den Haag,Fortuna Sittard,2.16,2.2,3.25,3.35,4.1,4.4,2.92,3.05,1.48,1.52,1.47,1.51,2.96,3.1,25.0,32.0,21.0,26.0,26.0,34.0,46.0,55.0,16.0,17.5,9.8,10.5,13.5,15.0,26.0,30.0,17.0,19.5,10.5,12.0,12.5,14.0,27.0,32.0,25.0,29.0,17.5,19.5,22.0,25.0,40.0,48.0,8.0,8.8,15.0,16.5,13.5,300.0,36005150,315069.0,49058.0,58805.0,1.261735487,1.261735490,1.261735534,1.261735535,4.5,5.2,1.24,1.29,6.8,36.0,1.03,1.09,6.8,7.4,1.16,1.18,1.43,1.45,1.83,1.87,1.3,1.32,1.261735536,1.261735497,1.261735488,1.261735489
Dutch Eerste Divisie,2026-09-06,11:45:00,MVV Maastricht,Roda JC,3.35,4.2,2.08,2.34,3.45,4.6,2.08,2.44,1.69,1.93,1.01,1.76,2.32,970.0,1.01,1000.0,1.01,1000.0,1.01,970.0,1.01,1000.0,12.0,26.0,1.01,11.5,8.8,1000.0,1.01,1000.0,1.01,1000.0,1.01,970.0,12.0,26.0,1.01,1000.0,1.01,1000.0,1.01,1000.0,1.01,1000.0,1.01,1000.0,1.01,1000.0,1.01,1000.0,1.01,1000.0,36014967,8704630.0,50331.0,58805.0,1.261785776,1.261785779,1.261785823,1.261785824,3.15,1000.0,1.01,1.46,4.1,26.0,1.04,1.32,4.1,26.0,1.22,1.32,1.74,1.93,1.32,1.43,1.28,1.41,1.261785825,1.261785786,1.261785777,1.261785778
Portuguese Liga 3,2026-09-06,12:00:00,Atletico Clube de Portugal,Oliveirense,1.96,2.2,3.65,4.9,2.94,4.7,1.74,1.98,2.02,2.36,1.01,1000.0,1.01,1000.0,1.01,1000.0,1.01,1000.0,1.01,1000.0,1.01,1000.0,1.01,1000.0,1.01,1000.0,1.01,1000.0,1.01,1000.0,1.01,1000.0,1.01,1000.0,1.01,1000.0,1.01,1000.0,1.01,1000.0,1.01,1000.0,1.01,1000.0,1.01,1000.0,1.01,1000.0,1.01,1000.0,1.01,1000.0,36030816,36187194.0,616886.0,58805.0,1.262037804,1.262037807,1.262037851,1.262037852,1.01,1000.0,1.01,1000.0,3.15,1000.0,1.01,1.46,3.15,1000.0,1.01,1.46,1.25,1.38,1.83,2.06,1.27,1.52,1.262037853,1.262037814,1.262037805,1.262037806
Polish I Liga,2026-09-06,12:00:00,Polonia Bytom,Podbeskidzie B-B,2.32,2.98,2.8,3.65,3.2,4.8,2.02,2.74,1.57,1.99,1.01,1000.0,1.01,1000.0,1.01,1000.0,1.01,1000.0,1.01,1000.0,1.01,1000.0,1.01,1000.0,1.01,1000.0,1.01,1000.0,1.01,1000.0,1.01,1000.0,1.01,1000.0,1.01,1000.0,1.01,1000.0,1.01,1000.0,1.01,1000.0,1.01,1000.0,1.01,1000.0,1.01,1000.0,1.01,1000.0,1.01,1000.0,36006714,2486928.0,4135278.0,58805.0,1.262038244,1.262038247,1.262038291,1.262038292,1.01,1000.0,1.01,1000.0,2.38,1000.0,1.01,1.73,2.38,110.0,1.21,1.73,1.37,1.56,1.5,1.76,1.26,1.45,1.262038293,1.262038254,1.262038245,1.262038246
Serbian First League,2026-09-06,12:00:00,FK Dubocica,FK Bor 1919,1.08,1000.0,1.08,1000.0,1.08,1000.0,1.02,110.0,1.01,110.0,1.01,1000.0,1.01,1000.0,1.01,1000.0,1.01,1000.0,1.01,1000.0,1.01,1000.0,1.01,1000.0,1.01,1000.0,1.01,1000.0,1.01,1000.0,1.01,1000.0,1.01,1000.0,1.01,1000.0,1.01,1000.0,1.01,1000.0,1.01,1000.0,1.01,1000.0,1.01,1000.0,1.01,1000.0,1.01,1000.0,1.01,1000.0,36035471,25173927.0,101257170.0,58805.0,1.262041847,1.262041857,1.262041846,1.262041856,1.01,1000.0,1.01,1000.0,1.02,1000.0,1.01,110.0,1.02,110.0,1.01,55.0,1.01,110.0,1.01,110.0,1.01,110.0,1.262041838,1.262041850,1.262041851,1.262041861
Armenian Premier League,2026-09-06,12:00:00,FC Shirak,Sardarapat FC,2.28,2.7,2.82,3.55,3.25,4.9,1.81,2.08,1.93,2.22,1.01,1000.0,1.01,1000.0,1.01,1000.0,1.01,1000.0,1.01,1000.0,1.01,1000.0,1.01,1000.0,1.01,1000.0,1.01,1000.0,1.01,1000.0,1.01,1000.0,1.01,1000.0,1.01,1000.0,1.01,1000.0,1.01,1000.0,1.01,1000.0,1.01,1000.0,1.01,1000.0,1.01,1000.0,1.01,1000.0,1.01,1000.0,36025455,866231.0,90525222.0,58805.0,1.261944851,1.261944861,1.261944850,1.261944860,1.01,1000.0,1.33,1.64,3.4,110.0,1.01,1.4,3.4,100.0,1.01,1.4,1.4,1.55,1.59,1.79,1.33,1.45,1.261944842,1.261944854,1.261944855,1.261944865
Norwegian 1st Division,2026-09-06,12:00:00,Lyn,Egersund,2.0,2.22,3.15,4.3,3.6,5.5,2.68,3.95,1.33,1.59,1.36,1.54,2.88,970.0,1.01,1000.0,15.0,44.0,17.5,50.0,1.01,1000.0,12.5,1000.0,7.2,970.0,9.4,23.0,17.5,1000.0,12.5,40.0,7.8,970.0,9.4,23.0,16.5,1000.0,1.01,1000.0,12.5,40.0,12.5,50.0,1.01,1000.0,1.01,1000.0,1.01,1000.0,1.01,1000.0,36015050,31318.0,3876624.0,58805.0,1.261801628,1.261801638,1.261801627,1.261801637,2.32,1000.0,1.01,1.34,21.0,55.0,1.02,1.05,2.7,10.5,1.1,1.17,1.35,1.47,1.82,2.0,1.22,1.39,1.261801619,1.261801631,1.261801632,1.261801642
Norwegian Eliteserien,2026-09-06,12:00:00,Molde,Kfum Oslo,1.34,1.35,8.8,9.6,6.4,6.8,3.35,3.65,1.39,1.42,1.72,1.79,2.26,2.38,34.0,42.0,38.0,46.0,5.4,110.0,5.6,280.0,13.0,15.5,13.5,970.0,5.0,36.0,5.4,120.0,10.5,12.0,10.0,11.5,20.0,25.0,5.3,85.0,11.0,13.0,12.0,14.0,9.2,30.0,5.3,90.0,3.4,3.75,5.3,90.0,5.6,570.0,36014939,31321.0,14136987.0,58805.0,1.261797203,1.261797252,1.261797201,1.261797250,1.01,1000.0,1.01,1.75,1.02,55.0,1.02,1.08,7.6,8.8,1.13,1.15,1.11,1.12,3.85,4.0,1.17,1.18,1.261797184,1.261797213,1.261797221,1.261797285
Ukrainian Premier League,2026-09-06,12:00:00,FC Epicentr Dunaivtsi,FC Bukovyna,2.3,3.0,2.44,3.7,2.8,6.4,1.25,2.1,1.91,5.2,1.71,2.22,1.01,1000.0,1.01,1000.0,7.8,29.0,11.0,1000.0,17.5,1000.0,7.2,19.5,5.4,10.5,9.4,40.0,17.0,1000.0,9.4,1000.0,8.6,29.0,12.5,1000.0,24.0,1000.0,17.5,1000.0,17.0,1000.0,21.0,1000.0,42.0,1000.0,1.01,1000.0,1.01,1000.0,1.01,1000.0,36019068,36230962.0,19510124.0,58805.0,1.261851094,1.261851105,1.261851093,1.261851104,1.01,1000.0,1.37,1.7,1.02,110.0,1.05,1.14,1.02,26.0,1.05,1.49,1.37,1.69,1.5,1.76,1.19,1.56,1.261851085,1.261851098,1.261851099,1.261851110
Norwegian Eliteserien,2026-09-06,12:00:00,Sarpsborg,Valerenga,2.1,2.12,3.35,3.45,4.3,4.5,3.05,3.3,1.44,1.49,1.46,1.48,3.05,3.15,26.0,34.0,21.0,25.0,28.0,34.0,50.0,60.0,16.5,19.0,10.5,11.5,14.0,16.0,27.0,34.0,17.0,19.0,10.5,11.5,13.0,14.5,27.0,32.0,23.0,28.0,16.5,18.5,21.0,24.0,38.0,46.0,7.2,7.8,15.5,17.5,48.0,1000.0,36014912,778903.0,132563.0,58805.0,1.261784651,1.261784654,1.261784698,1.261784699,1.01,1000.0,1.01,110.0,19.0,55.0,1.02,1.06,7.2,8.2,1.14,1.17,1.01,1000.0,1.01,1000.0,1.01,1.36,1.261784700,1.261784661,1.261784652,1.261784653
Slovakian Super League,2026-09-06,12:00:00,FC Kosice,Dukla Banska Bystrica,1.55,1.77,4.3,7.6,4.5,8.2,2.6,3.65,1.39,1.62,1.01,1.72,2.38,110.0,1.01,1000.0,17.5,44.0,21.0,80.0,36.0,1000.0,1.01,1000.0,7.8,17.0,12.5,40.0,21.0,1000.0,7.8,19.5,7.8,17.0,11.0,29.0,21.0,1000.0,11.0,40.0,9.4,29.0,16.0,1000.0,23.0,1000.0,1.01,1000.0,1.01,1000.0,1.01,1000.0,36006621,1539445.0,8517600.0,58805.0,1.261753475,1.261753485,1.261753474,1.261753484,1.01,1000.0,1.01,1000.0,17.5,55.0,1.02,1.06,2.6,55.0,1.13,1.18,1.21,1.31,2.3,2.82,1.16,1.29,1.261753466,1.261753478,1.261753479,1.261753489
French Ligue 1,2026-09-06,12:15:00,Angers,Rennes,4.1,4.3,1.93,1.95,4.0,4.2,2.3,2.38,1.72,1.76,1.68,1.71,2.42,2.46,17.5,19.0,10.5,11.5,12.0,13.5,20.0,23.0,16.5,18.0,8.4,9.0,9.4,10.5,16.5,18.5,29.0,32.0,15.0,17.0,15.0,17.0,26.0,30.0,34.0,80.0,40.0,46.0,42.0,48.0,65.0,75.0,24.0,40.0,9.6,10.5,90.0,1000.0,36005370,473963.0,44799.0,58805.0,1.261749220,1.261749202,1.261749219,1.261749230,1.01,110.0,1.34,1.48,17.0,19.5,1.05,1.07,4.7,5.1,1.24,1.27,2.04,2.08,1.3,1.33,1.31,1.34,1.261749222,1.261749224,1.261749226,1.261749206
Italian Serie B,2026-09-06,12:15:00,Verona,Arezzo,1.84,1.86,5.3,5.5,3.65,3.75,1.89,1.97,2.04,2.12,1.94,2.0,2.0,2.08,11.5,13.5,15.5,17.5,34.0,40.0,14.5,140.0,7.4,8.4,7.8,8.4,18.5,21.0,15.0,80.0,9.6,11.0,9.4,10.5,18.5,21.0,15.0,85.0,17.0,19.5,17.5,20.0,12.0,40.0,14.5,140.0,11.5,13.0,14.5,110.0,14.0,1000.0,36017242,676465.0,522048.0,58805.0,1.261824479,1.261824489,1.261824478,1.261824488,1.01,3.75,1.36,110.0,11.5,13.5,1.08,1.1,3.65,3.85,1.35,1.38,1.22,1.24,2.16,2.2,1.36,1.38,1.261824470,1.261824482,1.261824483,1.261824493
Tunisian Ligue Professionelle 1,2026-09-06,12:30:00,ES Metlaoui,ES Hammam Sousse,1.96,2.7,3.65,5.9,2.5,4.7,1.3,1.59,2.68,4.4,1.01,1000.0,1.01,1000.0,1.01,1000.0,1.01,1000.0,1.01,1000.0,1.01,1000.0,1.01,1000.0,1.01,1000.0,1.01,1000.0,1.01,1000.0,1.01,1000.0,1.01,1000.0,1.01,1000.0,1.01,1000.0,1.01,1000.0,1.01,1000.0,1.01,1000.0,1.01,1000.0,1.01,1000.0,1.01,1000.0,1.01,1000.0,36034428,9034928.0,9259411.0,58805.0,1.262029245,1.262029248,1.262029292,1.262029293,1.01,1000.0,1.01,1000.0,4.2,1000.0,1.01,1.31,2.04,2.86,1.53,1.97,1.2,1.38,1.59,2.04,1.27,1.66,1.262029294,1.262029255,1.262029246,1.262029247
Tunisian Ligue Professionelle 1,2026-09-06,12:30:00,Sportive De Tunis,Avenir S Marsa,1.15,1.3,13.5,1000.0,4.4,110.0,1.92,2.22,1.81,2.1,1.01,1000.0,1.01,1000.0,1.01,1000.0,1.01,1000.0,1.01,1000.0,1.01,1000.0,1.01,1000.0,1.01,1000.0,1.01,1000.0,1.01,1000.0,1.01,1000.0,1.01,1000.0,1.01,1000.0,1.01,1000.0,1.01,1000.0,1.01,1000.0,1.01,1000.0,1.01,1000.0,1.01,1000.0,1.01,1000.0,1.01,1000.0,36034436,14188149.0,9103259.0,58805.0,1.262028761,1.262028764,1.262028808,1.262028809,1.01,1000.0,1.3,1000.0,3.35,1000.0,1.01,1.43,3.35,110.0,1.01,1.43,1.01,1.08,4.3,7.6,1.06,1.29,1.262028810,1.262028771,1.262028762,1.262028763
Norwegian 2nd Division,2026-09-06,12:30:00,Bjarg,Arendal,1.78,2.22,3.5,6.0,3.25,6.6,2.16,3.2,1.45,1.84,1.01,1000.0,1.01,1000.0,1.01,1000.0,1.01,1000.0,1.01,1000.0,1.01,1000.0,1.01,1000.0,1.01,1000.0,1.01,1000.0,1.01,1000.0,1.01,1000.0,1.01,1000.0,1.01,1000.0,1.01,1000.0,1.01,1000.0,1.01,1000.0,1.01,1000.0,1.01,1000.0,1.01,1000.0,1.01,1000.0,1.01,1000.0,36034216,5521794.0,2440416.0,58805.0,1.262018285,1.262018330,1.262018369,1.262018294,1.01,1000.0,1.01,1000.0,2.2,55.0,1.02,1.24,2.2,50.0,1.16,1.24,1.2,1.4,1.81,2.3,1.18,1.45,1.262018286,1.262018288,1.262018289,1.262018333
English Premier League,2026-09-06,12:30:00,Arsenal,Chelsea,1.76,1.77,5.1,5.2,4.1,4.2,2.26,2.3,1.77,1.79,1.77,1.8,2.26,2.3,18.5,19.5,19.5,20.0,36.0,38.0,100.0,120.0,9.8,10.5,8.8,9.0,19.0,19.5,50.0,55.0,10.5,11.0,9.2,9.4,17.0,18.0,50.0,55.0,17.0,18.0,16.0,17.0,28.0,29.0,60.0,70.0,8.6,9.2,50.0,60.0,250.0,370.0,35974454,1096.0,55190.0,58805.0,1.261448031,1.261447970,1.261448030,1.261448041,3.6,3.8,1.36,1.39,17.5,19.5,1.05,1.06,4.7,4.9,1.25,1.27,1.23,1.25,2.28,2.32,1.31,1.32,1.261448033,1.261448035,1.261448036,1.261447974
German Bundesliga,2026-09-06,12:30:00,Eintracht Frankfurt,Augsburg,2.02,2.04,3.7,3.75,4.1,4.3,2.88,2.94,1.51,1.53,1.5,1.53,2.9,3.0,25.0,27.0,22.0,23.0,30.0,34.0,55.0,65.0,14.5,16.0,9.6,10.5,14.5,15.5,30.0,34.0,15.5,17.0,10.0,11.0,13.5,14.5,30.0,34.0,23.0,25.0,16.0,17.5,22.0,24.0,42.0,48.0,7.8,8.2,19.5,21.0,50.0,1000.0,35973562,347774.0,498560.0,58805.0,1.261437215,1.261437199,1.261437214,1.261437224,4.4,4.8,1.27,1.29,23.0,26.0,1.04,1.05,6.6,7.2,1.16,1.18,1.36,1.38,1.96,1.98,1.3,1.33,1.261437217,1.261437219,1.261437220,1.261437202
Polish Ekstraklasa,2026-09-06,12:30:00,Lech Poznan,Rakow Czestochowa,1.56,1.73,4.5,6.2,4.4,600.0,2.56,2.94,1.51,1.65,1.01,1.74,1.01,1000.0,1.01,1000.0,17.0,1000.0,24.0,1000.0,1.01,1000.0,1.01,1000.0,8.8,1000.0,1.01,29.0,1.01,1000.0,1.01,1000.0,8.8,1000.0,1.01,26.0,1.01,1000.0,1.01,1000.0,12.0,1000.0,18.5,1000.0,1.01,1000.0,1.01,1000.0,1.01,1000.0,1.01,1000.0,36008110,502303.0,5876552.0,58805.0,1.261755586,1.261755589,1.261755633,1.261755634,3.5,110.0,1.01,1.4,18.5,36.0,1.03,1.06,5.5,36.0,1.17,1.22,1.19,1.29,2.36,2.8,1.16,1.29,1.261755635,1.261755596,1.261755587,1.261755588
Slovenian Premier League,2026-09-06,12:30:00,NK Maribor,Mura,1.36,1.54,6.0,140.0,4.2,110.0,2.06,2.86,1.53,1.94,1.53,2.14,1.87,110.0,1.01,1000.0,12.5,1000.0,1.01,1000.0,17.0,1000.0,6.2,1000.0,7.2,1000.0,14.5,50.0,28.0,1000.0,5.7,1000.0,6.6,1000.0,14.5,1000.0,1.01,1000.0,7.8,1000.0,9.4,1000.0,17.5,1000.0,1.01,1000.0,1.01,1000.0,1.01,1000.0,1.01,1000.0,36014845,44625.0,503236.0,58805.0,1.261783221,1.261783224,1.261783268,1.261783269,3.4,1000.0,1.01,1.41,2.08,36.0,1.03,1.07,2.06,7.2,1.2,1.93,1.02,1.2,2.8,3.8,1.1,1.31,1.261783270,1.261783231,1.261783222,1.261783223
Bosnian Premier League,2026-09-06,12:30:00,Sarajevo,Borac Banja Luka,2.6,3.25,2.54,3.15,3.05,4.5,1.51,1.73,2.38,2.98,1.01,1000.0,1.01,1000.0,1.01,1000.0,1.01,1000.0,1.01,1000.0,1.01,1000.0,1.01,1000.0,1.01,1000.0,1.01,1000.0,1.01,1000.0,1.01,1000.0,1.01,1000.0,1.01,1000.0,1.01,1000.0,1.01,1000.0,1.01,1000.0,1.01,1000.0,1.01,1000.0,1.01,1000.0,1.01,1000.0,1.01,1000.0,36030240,205267.0,4837337.0,58805.0,1.261988903,1.261988913,1.261988902,1.261988912,2.22,3.25,1.44,1.82,3.35,110.0,1.01,1.43,2.5,4.6,1.27,1.67,1.48,1.65,1.44,1.62,1.28,1.49,1.261988894,1.261988906,1.261988907,1.261988917
Bosnian Premier League,2026-09-06,12:30:00,Zeljeznicar,Fk Velez Mostar,2.18,2.56,3.15,3.65,2.98,4.5,1.65,1.76,2.3,2.52,1.01,1000.0,1.01,1000.0,1.01,1000.0,1.01,1000.0,1.01,1000.0,1.01,1000.0,1.01,1000.0,1.01,1000.0,1.01,1000.0,1.01,1000.0,1.01,1000.0,1.01,1000.0,1.01,1000.0,1.01,1000.0,1.01,1000.0,1.01,1000.0,1.01,1000.0,1.01,1000.0,1.01,1000.0,1.01,1000.0,1.01,1000.0,36030140,180585.0,15020693.0,58805.0,1.261989636,1.261989647,1.261989635,1.261989646,2.26,3.3,1.43,1.8,3.75,110.0,1.01,1.37,2.8,3.3,1.43,1.55,1.37,1.47,1.64,1.85,1.28,1.51,1.261989627,1.261989640,1.261989641,1.261989651
Tunisian Ligue Professionelle 1,2026-09-06,12:30:00,Etoile Sportive Sahel,JS Omrane,1.46,1.8,5.5,110.0,3.3,7.4,1.53,1.97,2.02,2.86,1.01,1000.0,1.01,1000.0,1.01,1000.0,1.01,1000.0,1.01,1000.0,1.01,1000.0,1.01,1000.0,1.01,1000.0,1.01,1000.0,1.01,1000.0,1.01,1000.0,1.01,1000.0,1.01,1000.0,1.01,1000.0,1.01,1000.0,1.01,1000.0,1.01,1000.0,1.01,1000.0,1.01,1000.0,1.01,1000.0,1.01,1000.0,36034461,9103258.0,69520058.0,58805.0,1.262028293,1.262028303,1.262028292,1.262028302,1.01,1000.0,1.39,1000.0,2.6,110.0,1.01,1.63,2.6,4.1,1.32,1.63,1.03,1.22,2.24,3.2,1.15,1.43,1.262028284,1.262028296,1.262028297,1.262028307
Chilean Primera Division,2026-09-06,12:30:00,La Serena,Nublense,2.56,2.74,2.78,3.05,3.15,3.7,1.86,2.06,1.94,2.18,1.76,1.94,2.06,2.32,1.01,1000.0,1.01,1000.0,16.0,1000.0,1.01,1000.0,1.01,1000.0,1.01,970.0,1.01,1000.0,1.01,1000.0,1.01,1000.0,1.01,1000.0,1.01,1000.0,1.01,1000.0,1.01,1000.0,1.01,1000.0,1.01,1000.0,1.01,1000.0,1.01,1000.0,1.01,1000.0,1.01,1000.0,36003972,5129868.0,3303740.0,58805.0,1.261732043,1.261732053,1.261732042,1.261732052,2.78,4.3,1.31,1.56,1.02,18.0,1.05,1.4,3.4,4.1,1.32,1.4,1.48,1.57,1.57,1.65,1.37,1.45,1.261732034,1.261732046,1.261732047,1.261732057
Lithuanian A Lyga,2026-09-06,12:45:00,FK Kauno Zalgiris,FC Dziugas,1.44,1.47,8.0,9.6,4.6,5.1,1.94,2.18,1.86,2.08,1.88,2.5,1.78,1.98,11.5,19.5,21.0,32.0,50.0,90.0,85.0,370.0,6.6,9.2,8.8,12.5,23.0,40.0,100.0,180.0,7.2,10.5,8.6,12.5,14.0,32.0,85.0,160.0,11.0,14.0,14.0,21.0,29.0,50.0,110.0,200.0,6.0,9.8,150.0,260.0,85.0,1000.0,36024550,43403902.0,11572236.0,58805.0,1.261937790,1.261937793,1.261937837,1.261937838,1.01,1000.0,1.31,1.6,13.5,17.0,1.06,1.08,3.7,4.5,1.29,1.37,1.11,1.15,3.1,3.3,1.24,1.28,1.261937839,1.261937800,1.261937791,1.261937792
Hungarian NB I,2026-09-06,12:45:00,Ferencvaros,Ujpest,1.42,1.47,7.6,9.2,5.1,5.7,2.62,2.98,1.51,1.62,1.76,1.9,2.1,2.32,21.0,1000.0,25.0,34.0,50.0,75.0,1.01,1000.0,8.8,1000.0,9.8,1000.0,1.01,1000.0,80.0,1000.0,9.2,10.5,9.2,11.0,19.5,1000.0,60.0,1000.0,10.0,1000.0,12.5,1000.0,22.0,36.0,70.0,1000.0,4.6,1000.0,70.0,1000.0,1.01,1000.0,36023857,198748.0,521199.0,58805.0,1.261934327,1.261934337,1.261934326,1.261934336,1.01,1000.0,1.01,1.4,8.6,36.0,1.03,1.06,5.5,11.5,1.16,1.22,1.12,1.16,3.1,3.4,1.21,1.25,1.261934318,1.261934330,1.261934331,1.261934341
Cypriot 1st Division,2026-09-06,13:00:00,Nea Salamis,AEK Larnaca,5.5,13.0,1.55,1.84,3.6,5.8,1.76,2.28,1.78,2.3,1.01,1000.0,1.01,1000.0,1.01,1000.0,1.01,1000.0,1.01,1000.0,1.01,1000.0,1.01,1000.0,1.01,1000.0,1.01,1000.0,1.01,1000.0,1.01,1000.0,1.01,1000.0,1.01,1000.0,1.01,1000.0,1.01,1000.0,1.01,1000.0,1.01,1000.0,1.01,1000.0,1.01,1000.0,1.01,1000.0,1.01,1000.0,36016300,1209583.0,908335.0,58805.0,1.261820409,1.261820419,1.261820408,1.261820418,2.66,4.1,1.32,1.6,2.9,110.0,1.01,1.53,2.9,100.0,1.28,1.53,2.18,2.82,1.11,1.23,1.22,1.39,1.261820400,1.261820412,1.261820413,1.261820423
Portuguese Liga 3,2026-09-06,13:00:00,Sao Joao Ver,AD Marco 09,2.6,3.25,2.72,3.25,2.88,4.1,1.47,1.69,2.44,3.1,1.01,1000.0,1.01,1000.0,1.01,1000.0,1.01,1000.0,1.01,1000.0,1.01,1000.0,1.01,1000.0,1.01,1000.0,1.01,1000.0,1.01,1000.0,1.01,1000.0,1.01,1000.0,1.01,1000.0,1.01,1000.0,1.01,1000.0,1.01,1000.0,1.01,1000.0,1.01,1000.0,1.01,1000.0,1.01,1000.0,1.01,1000.0,36030379,616843.0,59818635.0,58805.0,1.262035147,1.262035150,1.262035194,1.262035195,1.01,1000.0,1.46,1.82,3.45,1000.0,1.01,1.41,2.6,3.25,1.44,1.63,1.44,1.59,1.44,1.63,1.33,1.53,1.262035196,1.262035157,1.262035148,1.262035149
Portuguese Liga 3,2026-09-06,13:00:00,Louletano,Lusitano,2.74,4.1,2.2,3.05,2.72,5.6,1.55,1.98,2.02,2.8,1.01,1000.0,1.01,1000.0,1.01,1000.0,1.01,1000.0,1.01,1000.0,1.01,1000.0,1.01,1000.0,1.01,1000.0,1.01,1000.0,1.01,1000.0,1.01,1000.0,1.01,1000.0,1.01,1000.0,1.01,1000.0,1.01,1000.0,1.01,1000.0,1.01,1000.0,1.01,1000.0,1.01,1000.0,1.01,1000.0,1.01,1000.0,36030373,616857.0,11819576.0,58805.0,1.262035257,1.262035260,1.262035304,1.262035305,1.01,1000.0,1.38,1.73,2.7,1000.0,1.01,1.59,2.7,4.2,1.31,1.59,1.48,1.84,1.32,1.58,1.22,1.58,1.262035306,1.262035267,1.262035258,1.262035259
Peruvian Primera Division,2026-09-06,13:00:00,Sporting Cristal,CD Los Chankas,1.28,1.42,8.0,23.0,5.6,10.5,2.68,3.35,1.42,1.59,1.01,1000.0,1.01,1000.0,1.01,1000.0,2.04,1000.0,1.97,1000.0,2.0,1000.0,2.0,1000.0,2.04,1000.0,1.97,1000.0,2.0,1000.0,2.0,1000.0,2.08,1000.0,1.97,1000.0,1.97,1000.0,2.08,1000.0,2.0,1000.0,1.97,1000.0,1.98,1000.0,1.01,1000.0,1.01,1000.0,1.01,1000.0,36014975,328696.0,65437610.0,58805.0,1.261786620,1.261786623,1.261786667,1.261786668,1.01,1000.0,1.01,1000.0,1.01,55.0,1.02,1.2,2.68,50.0,1.13,1.2,1.04,1.15,3.35,4.5,1.11,1.22,1.261786669,1.261786630,1.261786621,1.261786622
Greek Super League,2026-09-06,13:00:00,Atromitos,Kalamata,1.88,2.02,4.3,4.8,3.6,3.95,1.84,1.94,2.06,2.2,1.79,2.1,1.91,2.26,11.0,15.0,12.5,15.5,5.1,36.0,5.7,130.0,7.0,9.2,7.0,8.6,15.5,21.0,5.5,70.0,9.8,13.5,8.8,12.0,17.0,24.0,5.6,85.0,19.0,26.0,18.5,26.0,5.3,48.0,5.7,150.0,12.0,18.5,5.6,90.0,6.0,1000.0,36002335,1234639.0,650859.0,58805.0,1.261723396,1.261723406,1.261723395,1.261723405,1.01,3.55,1.39,110.0,10.5,13.5,1.08,1.1,3.3,3.8,1.36,1.43,1.26,1.31,1.98,2.14,1.33,1.39,1.261723387,1.261723399,1.261723400,1.261723410
Italian Serie A,2026-09-06,13:00:00,Bologna,Sassuolo,2.1,2.14,4.0,4.1,3.5,3.55,1.85,1.9,2.12,2.18,1.9,1.95,2.04,2.1,11.5,12.5,12.5,13.5,26.0,28.0,75.0,85.0,8.2,8.6,7.4,7.8,15.0,16.5,48.0,55.0,11.0,12.5,10.0,11.0,17.5,18.5,55.0,65.0,23.0,25.0,21.0,23.0,36.0,40.0,40.0,1000.0,16.0,17.5,50.0,60.0,95.0,1000.0,35979393,199545.0,2013140.0,58805.0,1.261502992,1.261502976,1.261502991,1.261503001,3.05,3.2,1.46,1.48,11.5,12.5,1.08,1.09,3.6,3.65,1.37,1.39,1.32,1.34,1.87,1.91,1.39,1.4,1.261502994,1.261502996,1.261502997,1.261502979
Uruguayan Primera Division,2026-09-06,13:00:00,Central Espanol,Defensor Sporting,3.35,3.9,2.36,2.64,3.0,3.35,1.54,1.66,2.5,2.86,2.08,2.24,1.81,1.92,6.6,11.0,5.9,8.2,12.5,15.5,32.0,46.0,8.8,11.0,5.4,7.6,9.0,15.0,24.0,36.0,20.0,29.0,13.5,19.5,16.0,27.0,42.0,65.0,55.0,95.0,40.0,70.0,55.0,95.0,120.0,210.0,50.0,90.0,26.0,44.0,1.01,1000.0,36015048,5330852.0,1222679.0,58805.0,1.261790945,1.261790948,1.261790994,1.261791002,1.01,1000.0,1.45,1.8,7.8,9.2,1.12,1.15,2.64,2.98,1.51,1.61,1.61,1.74,1.34,1.43,1.42,1.5,1.261791026,1.261790955,1.261790946,1.261790947
Bulgarian A League,2026-09-06,13:00:00,Lokomotiv Plovdiv,Cherno More,2.66,3.3,2.66,3.8,2.78,4.1,1.58,1.81,2.24,2.72,1.01,1000.0,1.77,2.16,1.01,1000.0,1.01,1000.0,1.01,1000.0,1.01,1000.0,1.01,1000.0,1.01,1000.0,1.01,1000.0,1.01,1000.0,1.01,1000.0,1.01,1000.0,1.01,1000.0,1.01,1000.0,1.01,1000.0,1.01,1000.0,1.01,1000.0,1.01,1000.0,1.01,1000.0,1.01,1000.0,1.01,1000.0,35974447,878125.0,427650.0,58805.0,1.261450866,1.261450876,1.261450865,1.261450875,2.38,3.45,1.4,1.72,2.46,11.0,1.1,1.18,2.46,3.35,1.43,1.69,1.36,1.6,1.47,1.6,1.34,1.56,1.261450857,1.261450869,1.261450870,1.261450880
Danish Superliga,2026-09-06,13:00:00,Brondby,Randers,1.59,1.61,6.0,6.6,4.6,4.8,2.42,2.62,1.62,1.7,1.74,1.85,2.18,2.36,20.0,27.0,22.0,30.0,8.0,65.0,8.8,180.0,9.6,11.0,9.6,11.0,21.0,28.0,8.2,75.0,9.8,11.0,9.0,10.5,17.0,23.0,8.2,70.0,13.5,17.5,13.5,15.5,25.0,34.0,8.4,100.0,5.2,6.6,8.4,85.0,9.2,1000.0,36013995,28223.0,342868.0,58805.0,1.261773578,1.261773581,1.261773625,1.261773626,3.35,110.0,1.01,1.42,16.0,26.0,1.04,1.06,5.2,5.8,1.21,1.24,1.18,1.2,2.64,2.74,1.26,1.28,1.261773627,1.261773588,1.261773579,1.261773580
Czech 1 Liga,2026-09-06,13:00:00,Hradec Kralove,Sparta Prague,3.15,3.55,2.16,2.36,3.6,3.9,2.0,2.24,1.8,1.99,1.04,1.9,2.1,110.0,12.5,20.0,9.2,19.5,13.0,1000.0,24.0,40.0,12.0,1000.0,7.2,11.5,9.4,19.5,19.5,1000.0,20.0,1000.0,12.0,20.0,13.0,23.0,17.5,48.0,44.0,85.0,28.0,50.0,34.0,1000.0,1.87,100.0,25.0,1000.0,12.5,1000.0,1.01,1000.0,36014642,367579.0,110475.0,58805.0,1.261779029,1.261779032,1.261779076,1.261779077,2.92,4.6,1.28,1.52,10.0,21.0,1.05,1.1,3.95,4.8,1.26,1.33,1.73,1.85,1.4,1.47,1.34,1.38,1.261779078,1.261779039,1.261779030,1.261779031
Lithuanian A Lyga,2026-09-06,13:00:00,VMFD Zalgiris,Fk Siauliai,1.24,1.28,11.0,15.0,7.4,8.0,2.8,3.3,1.43,1.56,1.92,2.34,1.75,2.08,22.0,36.0,40.0,55.0,100.0,180.0,95.0,780.0,10.0,12.0,14.0,17.5,40.0,50.0,150.0,270.0,8.0,9.8,9.8,11.5,26.0,34.0,110.0,200.0,8.8,11.0,11.5,13.5,27.0,36.0,110.0,200.0,3.35,3.95,110.0,280.0,1.01,1000.0,36024551,5524811.0,23642514.0,58805.0,1.261937682,1.261937685,1.261937729,1.261937730,1.01,1000.0,1.01,110.0,8.0,55.0,1.02,1.13,6.2,8.8,1.14,1.19,1.07,1.09,4.4,5.2,1.14,1.16,1.261937731,1.261937692,1.261937683,1.261937684
Cypriot 1st Division,2026-09-06,13:00:00,APOEL,A.E.L.,1.73,2.16,3.95,6.4,3.35,3.95,1.7,2.18,1.84,2.44,1.01,1000.0,1.01,1000.0,1.01,1000.0,1.01,1000.0,1.01,1000.0,1.01,1000.0,1.01,1000.0,1.01,1000.0,1.01,1000.0,1.01,1000.0,1.01,1000.0,1.01,1000.0,1.01,1000.0,1.01,1000.0,1.01,1000.0,1.01,1000.0,1.01,1000.0,1.01,1000.0,1.01,1000.0,1.01,1000.0,1.01,1000.0,36016246,1209582.0,1234559.0,58805.0,1.261820629,1.261820639,1.261820628,1.261820638,1.01,1000.0,1.33,1.64,3.4,110.0,1.01,1.39,2.8,100.0,1.32,1.41,1.19,1.34,1.86,2.38,1.33,1.43,1.261820620,1.261820632,1.261820633,1.261820643
Azerbaijan Premier League,2026-09-06,13:15:00,Qarabag FK,Araz Nakhchivan PFK,1.19,1.38,20.0,110.0,1.1,9.0,2.28,3.2,1.45,1.77,2.32,2.94,1.01,1000.0,1.01,1000.0,1.01,1000.0,1.01,1000.0,1.01,1000.0,1.01,1000.0,1.01,1000.0,1.01,1000.0,1.01,1000.0,1.01,1000.0,1.01,1000.0,1.01,1000.0,1.01,1000.0,1.01,1000.0,1.01,1000.0,1.01,1000.0,1.01,1000.0,1.01,1000.0,1.01,1000.0,1.01,1000.0,36025710,10583858.0,47857044.0,58805.0,1.261946734,1.261946737,1.261946781,1.261946782,1.01,1000.0,1.01,1000.0,1.01,55.0,1.02,1.2,2.56,50.0,1.13,1.2,1.04,1.06,3.05,6.2,1.12,1.29,1.261946783,1.261946744,1.261946735,1.261946736
Greek Super League,2026-09-06,13:30:00,OFI,Kifisia,2.18,2.4,3.6,4.4,3.2,3.35,1.67,2.02,1.99,2.5,1.74,2.3,1.01,1000.0,1.73,13.0,9.4,23.0,1.9,36.0,2.0,1000.0,7.2,14.5,6.0,9.8,1.84,23.0,2.0,1000.0,9.6,19.5,1.79,17.0,1.89,34.0,2.0,1000.0,2.0,1000.0,2.0,1000.0,2.0,1000.0,2.0,1000.0,2.0,1000.0,2.0,1000.0,2.0,1000.0,36002277,728087.0,16093929.0,58805.0,1.261722820,1.261722830,1.261722819,1.261722829,1.01,110.0,1.01,110.0,3.2,21.0,1.05,1.45,3.2,20.0,1.37,1.45,1.29,1.39,1.71,1.85,1.42,1.46,1.261722811,1.261722823,1.261722824,1.261722834
Spanish Segunda Division,2026-09-06,13:30:00,CD Castellon,Albacete,1.59,1.64,6.0,6.8,4.3,4.8,2.28,2.46,1.68,1.77,1.78,1.88,2.12,2.28,7.4,23.0,7.8,34.0,32.0,70.0,10.5,180.0,9.0,10.5,9.2,12.0,20.0,34.0,9.8,100.0,9.4,11.0,9.0,10.5,7.2,28.0,9.6,100.0,13.5,15.5,14.0,16.0,8.2,44.0,10.0,110.0,6.6,7.4,9.8,100.0,11.0,1000.0,36016341,8916596.0,309089.0,58805.0,1.261816245,1.261816248,1.261816292,1.261816293,3.25,110.0,1.01,1.44,15.0,24.0,1.04,1.06,4.7,5.4,1.23,1.26,1.17,1.2,2.56,2.7,1.27,1.31,1.261816294,1.261816255,1.261816246,1.261816247
Spanish La Liga,2026-09-06,13:30:00,Alaves,Osasuna,2.34,2.38,3.8,3.9,3.15,3.2,1.58,1.6,2.68,2.74,2.16,2.22,1.82,1.87,8.6,9.0,9.6,10.5,22.0,24.0,70.0,85.0,7.0,7.4,6.8,7.0,15.0,16.5,50.0,65.0,12.0,13.0,11.0,12.0,20.0,23.0,70.0,85.0,30.0,34.0,29.0,32.0,50.0,60.0,85.0,180.0,29.0,34.0,70.0,85.0,60.0,1000.0,35999665,60324.0,10543.0,58805.0,1.261707854,1.261707793,1.261707853,1.261707864,2.62,2.72,1.58,1.62,8.2,8.8,1.13,1.14,2.74,2.86,1.54,1.57,1.35,1.36,1.72,1.75,1.45,1.47,1.261707856,1.261707858,1.261707859,1.261707797
Spanish La Liga,2026-09-06,13:30:00,Malaga,Levante,2.48,2.5,3.2,3.3,3.45,3.5,1.97,2.0,2.0,2.04,1.77,1.82,2.2,2.3,12.5,13.5,12.0,12.5,20.0,23.0,48.0,55.0,9.8,10.5,7.2,7.6,12.5,13.5,32.0,36.0,14.5,16.0,10.5,11.5,15.5,17.0,42.0,50.0,30.0,34.0,24.0,27.0,34.0,40.0,36.0,90.0,19.0,21.0,29.0,34.0,90.0,1000.0,36004317,13360.0,214865.0,58805.0,1.261732242,1.261732181,1.261732241,1.261732252,3.15,3.3,1.44,1.47,12.5,14.0,1.07,1.09,3.85,4.0,1.34,1.35,1.44,1.46,1.66,1.68,1.4,1.41,1.261732244,1.261732246,1.261732247,1.261732185
Turkish 1 Lig,2026-09-06,14:00:00,Muglaspor,Van Buyuksehir Belediyespor,1.75,1.97,4.7,6.4,3.3,4.7,1.67,1.91,2.1,2.48,1.01,1000.0,1.01,1000.0,1.01,1000.0,1.01,1000.0,14.0,1000.0,1.01,1000.0,1.01,9.4,1.01,11.5,12.0,1000.0,2.0,1000.0,7.4,1000.0,8.8,1000.0,16.0,1000.0,32.0,1000.0,12.5,1000.0,12.5,1000.0,26.0,1000.0,2.0,1000.0,1.01,1000.0,1.01,1000.0,1.01,1000.0,36022180,11730006.0,12049689.0,58805.0,1.261918034,1.261918037,1.261918081,1.261918082,1.01,1000.0,1.01,1000.0,1.67,36.0,1.04,2.48,1.67,25.0,1.36,2.48,1.18,1.28,2.02,2.34,1.28,1.44,1.261918083,1.261918044,1.261918035,1.261918036
Uruguayan Segunda Division,2026-09-06,14:00:00,Tacuarembo,Club Oriental de La Paz,3.15,4.1,2.3,2.76,2.84,4.0,1.45,1.64,2.56,3.25,1.01,1000.0,1.01,1000.0,1.01,1000.0,1.01,1000.0,1.01,1000.0,1.01,1000.0,1.01,1000.0,1.01,1000.0,1.01,1000.0,1.01,1000.0,1.01,1000.0,1.01,1000.0,1.01,1000.0,1.01,1000.0,1.01,1000.0,1.01,1000.0,1.01,1000.0,1.01,1000.0,1.01,1000.0,1.01,1000.0,1.01,1000.0,36028250,5495408.0,13454059.0,58805.0,1.261970435,1.261970480,1.261970519,1.261970444,2.14,3.05,1.01,1000.0,3.1,110.0,1.01,1.48,2.38,110.0,1.01,1.72,1.57,1.76,1.35,1.46,1.35,1.55,1.261970436,1.261970438,1.261970439,1.261970483
Turkish 1 Lig,2026-09-06,14:00:00,Antalyaspor,Sivasspor,2.24,2.54,2.98,3.6,3.5,4.6,1.9,2.22,1.83,2.1,1.01,1.85,1.01,1000.0,1.01,1000.0,1.01,1000.0,1.01,1000.0,1.01,1000.0,8.8,1000.0,1.01,1000.0,1.01,1000.0,19.5,1000.0,1.01,1000.0,8.8,1000.0,12.0,26.0,1.01,1000.0,18.0,1000.0,14.0,1000.0,1.01,1000.0,30.0,1000.0,1.01,1000.0,1.01,1000.0,1.01,1000.0,36022181,113188.0,508773.0,58805.0,1.261918210,1.261918213,1.261918257,1.261918258,1.01,1000.0,1.3,1.55,3.45,110.0,1.01,1.1,3.45,4.6,1.28,1.41,1.39,1.51,1.65,1.81,1.31,1.4,1.261918259,1.261918220,1.261918211,1.261918212
Polish I Liga,2026-09-06,14:00:00,Pogon Siedlce,Puszcza Niepolomice,3.2,3.65,2.28,2.54,3.3,3.65,1.77,1.94,2.06,2.3,1.01,1000.0,1.01,2.54,1.01,1000.0,1.01,1000.0,1.01,1000.0,1.01,1000.0,1.01,1000.0,1.01,1000.0,1.01,1000.0,1.01,1000.0,1.01,1000.0,1.01,1000.0,1.01,1000.0,1.01,1000.0,1.01,1000.0,1.01,1000.0,1.01,1000.0,1.01,1000.0,1.01,1000.0,1.01,1000.0,1.01,1000.0,36010266,7186877.0,5751503.0,58805.0,1.261757537,1.261757540,1.261757584,1.261757585,2.58,3.9,1.35,1.63,8.6,15.5,1.07,1.13,3.2,3.9,1.35,1.46,1.64,1.79,1.37,1.46,1.37,1.44,1.261757586,1.261757547,1.261757538,1.261757539
Turkish Super League,2026-09-06,14:00:00,Kocaelispor,Samsunspor,2.6,2.74,3.25,3.6,2.82,3.15,1.65,1.7,2.42,2.54,1.9,2.1,1.9,2.12,2.4,16.0,8.6,13.0,15.0,29.0,2.74,90.0,8.0,12.0,2.1,8.4,2.46,19.5,2.7,70.0,2.46,19.5,2.4,17.0,2.58,32.0,2.74,100.0,2.82,1000.0,2.68,55.0,2.74,90.0,2.82,1000.0,2.82,1000.0,2.82,1000.0,2.82,1000.0,36012467,113126.0,113124.0,58805.0,1.261763101,1.261763104,1.261763148,1.261763149,2.56,110.0,1.01,1.64,5.5,21.0,1.11,1.17,3.05,3.25,1.45,1.48,1.41,1.45,1.57,1.63,1.46,1.53,1.261763150,1.261763111,1.261763102,1.261763103
Greek Super League,2026-09-06,14:00:00,Levadiakos,Panaitolikos,1.87,2.06,4.3,110.0,2.28,3.85,1.76,1.95,2.06,2.3,1.01,1000.0,1.01,1000.0,1.13,1000.0,1.13,1000.0,1.13,1000.0,1.13,1000.0,1.04,13.0,1.13,1000.0,1.08,26.0,1.13,1000.0,1.13,1000.0,1.13,1000.0,1.13,1000.0,1.13,1000.0,1.13,1000.0,1.13,1000.0,1.13,1000.0,1.13,1000.0,1.13,1000.0,1.13,1000.0,1.13,1000.0,36002276,531200.0,2126382.0,58805.0,1.261722930,1.261722940,1.261722929,1.261722939,1.01,110.0,1.01,110.0,3.2,110.0,1.01,1.45,3.2,970.0,1.34,1.45,1.22,1.31,1.94,2.14,1.35,1.5,1.261722921,1.261722933,1.261722934,1.261722944
Portuguese Primeira Liga,2026-09-06,14:00:00,Guimaraes,Casa Pia,1.54,1.58,7.2,8.2,4.3,4.5,1.86,1.99,2.02,2.2,2.14,2.44,1.69,1.88,11.5,14.0,18.5,23.0,8.8,65.0,5.4,280.0,6.6,9.8,8.8,10.0,25.0,30.0,8.6,150.0,7.4,8.2,9.4,10.5,23.0,28.0,8.4,140.0,11.5,14.0,16.0,19.5,38.0,44.0,5.3,190.0,9.0,11.0,8.4,210.0,3.2,1000.0,36015947,50085.0,616839.0,58805.0,1.261810278,1.261810288,1.261810277,1.261810287,1.01,110.0,1.01,110.0,8.6,110.0,1.07,1.13,3.45,4.1,1.34,1.41,1.14,1.16,2.74,2.82,1.28,1.31,1.261810269,1.261810281,1.261810282,1.261810292
Serbian Super League,2026-09-06,14:00:00,Crvena Zvezda,Partizan Belgrade,1.27,1.46,7.0,34.0,5.5,14.5,2.98,7.8,1.15,1.5,1.45,1.66,2.5,3.25,1.01,1000.0,19.5,1000.0,32.0,1000.0,32.0,1000.0,14.0,1000.0,12.0,1000.0,19.5,1000.0,14.0,1000.0,1.01,1000.0,8.8,1000.0,14.0,1000.0,14.0,1000.0,1.01,1000.0,8.8,1000.0,16.0,1000.0,14.0,1000.0,1.01,1000.0,1.01,1000.0,1.01,1000.0,36015315,6399.0,46980.0,58805.0,1.261799341,1.261799344,1.261799388,1.261799390,2.0,1000.0,1.01,2.0,1.01,55.0,1.02,1.12,3.0,18.0,1.06,1.12,1.03,1.17,3.15,4.7,1.08,1.23,1.261799391,1.261799351,1.261799342,1.261799343
Portuguese Segunda Liga,2026-09-06,14:00:00,Leiria,Portimonense,1.9,2.1,3.9,4.9,3.5,4.7,1.96,2.2,1.84,2.04,1.01,1000.0,1.01,1000.0,1.01,1000.0,1.01,1000.0,1.01,1000.0,1.01,1000.0,1.01,1000.0,1.01,1000.0,1.01,1000.0,1.01,1000.0,1.01,1000.0,1.01,1000.0,1.01,1000.0,1.01,1000.0,1.01,1000.0,1.01,1000.0,1.01,1000.0,1.01,1000.0,1.01,1000.0,1.01,1000.0,1.01,1000.0,36015867,191603.0,505982.0,58805.0,1.261809940,1.261809950,1.261809939,1.261809949,2.78,4.2,1.32,1.56,3.45,110.0,1.01,1.41,3.45,4.8,1.27,1.41,1.25,1.35,1.9,2.12,1.27,1.4,1.261809931,1.261809943,1.261809944,1.261809954
Turkish 1 Lig,2026-09-06,14:00:00,Batman Petrolspor,Fatih Karagumruk Istanbul,1.91,2.4,3.05,4.3,3.45,6.6,1.76,2.26,1.79,2.32,1.01,2.4,1.01,2.66,1.01,1000.0,9.4,23.0,12.5,36.0,27.0,1000.0,7.8,14.5,5.7,10.5,9.4,23.0,1.01,1000.0,9.4,19.5,7.8,19.5,12.5,29.0,1.01,1000.0,14.5,1000.0,11.0,1000.0,16.5,1000.0,1.01,1000.0,1.01,1000.0,1.01,1000.0,1.01,1000.0,36022182,5291013.0,10472882.0,58805.0,1.261918122,1.261918125,1.261918169,1.261918170,1.01,1000.0,1.32,1.58,1.77,23.0,1.04,1.14,1.76,22.0,1.29,1.4,1.3,1.48,1.72,2.1,1.19,1.41,1.261918171,1.261918132,1.261918123,1.261918124
Slovakian Super League,2026-09-06,14:00:00,Ruzomberok,Spartak Trnava,4.3,5.6,1.72,1.96,3.85,5.4,2.02,2.32,1.75,1.97,1.01,1.99,1.01,1000.0,1.01,1000.0,1.01,13.0,1.01,1000.0,15.5,1000.0,1.01,1000.0,7.4,13.0,8.8,1000.0,1.01,1000.0,18.5,1000.0,1.01,1000.0,1.01,1000.0,1.01,1000.0,1.01,1000.0,1.01,1000.0,27.0,1000.0,1.01,1000.0,1.01,1000.0,1.01,1000.0,1.01,1000.0,36010146,52764.0,427643.0,58805.0,1.261760319,1.261760329,1.261760318,1.261760328,2.92,4.5,1.28,1.53,12.0,21.0,1.05,1.09,3.75,21.0,1.24,1.36,2.04,2.4,1.21,1.31,1.22,1.36,1.261760310,1.261760322,1.261760323,1.261760333
Turkish Super League,2026-09-06,14:00:00,Trabzonspor,Genclerbirligi,1.63,1.65,5.9,6.4,4.4,4.5,2.18,2.3,1.76,1.85,1.86,1.94,2.06,2.16,6.4,21.0,19.5,25.0,44.0,55.0,9.0,190.0,8.6,11.5,9.0,10.0,20.0,26.0,8.4,90.0,9.2,10.5,9.2,10.0,18.5,24.0,8.4,85.0,14.0,18.0,14.5,18.5,28.0,36.0,8.8,120.0,7.4,8.0,8.4,90.0,8.4,1000.0,36015186,113125.0,50350.0,58805.0,1.261794743,1.261794746,1.261794790,1.261794791,3.2,110.0,1.01,1.45,13.5,21.0,1.05,1.07,4.4,4.8,1.26,1.29,1.19,1.21,2.52,2.6,1.28,1.3,1.261794792,1.261794753,1.261794744,1.261794745
Norwegian Eliteserien,2026-09-06,14:15:00,Kristiansund,Tromso,5.0,5.3,1.75,1.79,4.0,4.3,2.28,2.32,1.76,1.78,1.77,1.85,2.16,2.3,16.0,20.0,9.0,11.5,10.0,11.5,15.0,19.0,17.0,24.0,8.6,11.0,9.2,11.0,14.5,20.0,6.0,44.0,17.0,21.0,16.5,19.5,6.2,38.0,6.2,140.0,6.0,75.0,6.0,75.0,6.2,110.0,6.0,75.0,8.2,11.0,6.4,1000.0,36014906,2440424.0,50046.0,58805.0,1.261797610,1.261797620,1.261797609,1.261797619,3.2,110.0,1.01,1.45,15.0,19.0,1.05,1.07,4.4,5.1,1.25,1.29,2.26,2.34,1.23,1.25,1.3,1.33,1.261797601,1.261797613,1.261797614,1.261797624
Italian Serie B,2026-09-06,14:30:00,US Cremonese,Padova,1.91,2.08,4.2,5.2,1.1,4.0,1.73,2.0,2.0,2.36,1.84,2.18,1.85,2.18,1.74,12.5,1.86,23.0,1.93,44.0,2.02,1000.0,7.4,11.5,6.4,14.5,13.5,29.0,1.98,100.0,7.8,17.0,1.81,17.0,14.0,40.0,2.02,1000.0,2.02,1000.0,2.02,1000.0,2.02,1000.0,2.02,1000.0,2.02,1000.0,2.02,1000.0,2.02,1000.0,36017243,10513040.0,522042.0,58805.0,1.261823723,1.261823726,1.261823770,1.261823771,1.01,3.75,1.36,110.0,1.01,110.0,1.09,1.2,3.2,4.0,1.33,1.42,1.25,1.31,1.94,2.1,1.33,1.42,1.261823772,1.261823733,1.261823724,1.261823725
Romanian Liga I,2026-09-06,14:30:00,Otelul Galati,Rapid Bucharest,2.92,3.3,2.48,2.74,3.0,3.55,1.64,1.92,2.08,2.58,1.01,1000.0,1.01,1000.0,1.49,23.0,1.46,17.0,1.54,40.0,1.6,1000.0,1.48,19.5,1.39,10.5,1.6,1000.0,1.6,1000.0,1.53,36.0,1.51,29.0,1.5,25.0,1.6,1000.0,1.6,1000.0,1.6,1000.0,1.6,1000.0,1.6,1000.0,1.6,1000.0,1.6,1000.0,1.6,1000.0,35973450,866238.0,6394.0,58805.0,1.261439885,1.261439895,1.261439884,1.261439894,1.01,110.0,1.01,110.0,3.2,110.0,1.01,1.45,3.2,110.0,1.36,1.45,1.57,1.68,1.43,1.52,1.39,1.5,1.261439876,1.261439888,1.261439889,1.261439899
Argentinian Primera Division,2026-09-06,14:45:00,Rosario Central,Newells,1.61,1.71,6.4,8.8,3.6,1000.0,1.56,1.65,2.56,2.78,2.4,3.2,1.01,1000.0,7.4,11.5,12.0,23.0,2.42,80.0,2.5,1000.0,4.9,7.2,2.02,10.5,2.38,50.0,2.5,1000.0,6.4,9.8,9.4,19.5,2.4,60.0,2.5,1000.0,2.3,29.0,2.5,1000.0,2.5,1000.0,2.5,1000.0,2.5,1000.0,2.5,1000.0,2.5,1000.0,35975881,220949.0,194506.0,58805.0,1.261468483,1.261468499,1.261468482,1.261468497,2.28,3.2,1.45,1.78,2.68,110.0,1.01,1.59,2.68,2.94,1.52,1.59,1.13,1.18,2.4,2.64,1.31,1.39,1.261468470,1.261468487,1.261468489,1.261468505
Chilean Primera Division,2026-09-06,14:45:00,OHiggins,Union La Calera,1.83,1.95,4.5,5.1,3.65,4.1,1.9,2.1,1.9,2.12,1.01,1000.0,1.01,1000.0,1.01,1000.0,12.0,1000.0,19.5,1000.0,40.0,1000.0,1.01,13.0,1.01,13.0,1.01,1000.0,1.01,1000.0,1.01,1000.0,1.01,1000.0,13.5,1000.0,30.0,1000.0,1.01,1000.0,1.01,1000.0,22.0,1000.0,42.0,1000.0,1.01,1000.0,1.01,1000.0,1.01,1000.0,36018459,5129871.0,5271439.0,58805.0,1.261849484,1.261849498,1.261849483,1.261849495,2.76,4.2,1.31,1.57,9.2,110.0,1.01,1.13,3.6,100.0,1.3,1.38,1.23,1.29,2.04,2.22,1.33,1.38,1.261849474,1.261849488,1.261849489,1.261849508
Mexican Liga MX,2026-09-06,15:00:00,Pumas UNAM,Leon,2.1,2.22,3.5,3.95,3.45,3.9,1.95,2.1,1.9,2.06,1.76,1000.0,2.14,1000.0,11.0,18.0,12.5,14.5,8.8,34.0,8.8,90.0,8.8,10.0,7.2,8.4,13.5,16.0,8.8,55.0,12.0,14.5,9.6,13.5,15.0,22.0,8.8,65.0,8.8,34.0,20.0,24.0,8.8,38.0,8.8,120.0,14.0,16.5,8.8,55.0,8.8,1000.0,36011966,328955.0,4468457.0,58805.0,1.261762384,1.261762394,1.261762383,1.261762393,1.01,1000.0,1.01,110.0,11.5,21.0,1.07,1.1,3.75,4.3,1.31,1.37,1.35,1.4,1.83,1.91,1.35,1.38,1.261762375,1.261762387,1.261762388,1.261762398
Hungarian NB I,2026-09-06,15:00:00,Gyori,Honved,1.87,2.06,3.75,4.4,3.95,4.5,2.36,2.7,1.58,1.74,1.58,1.71,2.4,2.74,17.5,27.0,15.5,21.0,27.0,34.0,60.0,85.0,9.8,13.5,8.6,10.5,12.5,17.5,34.0,48.0,11.0,15.0,8.4,11.5,12.0,17.0,36.0,50.0,19.0,23.0,14.0,19.0,23.0,29.0,50.0,75.0,7.2,9.6,27.0,34.0,85.0,550.0,36023854,2017883.0,865345.0,58805.0,1.261934437,1.261934447,1.261934436,1.261934446,1.01,1000.0,1.01,1000.0,16.0,36.0,1.03,1.07,5.0,6.0,1.2,1.25,1.3,1.37,1.95,2.16,1.28,1.34,1.261934428,1.261934440,1.261934441,1.261934451
Serbian First League,2026-09-06,15:00:00,FK Loznica,FK Teleoptik Zemun,1.08,110.0,1.08,110.0,1.1,110.0,1.01,110.0,1.01,110.0,1.01,1000.0,1.01,1000.0,1.01,1000.0,1.01,1000.0,1.01,1000.0,1.01,1000.0,1.01,1000.0,1.01,1000.0,1.01,1000.0,1.01,1000.0,1.01,1000.0,1.01,1000.0,1.01,1000.0,1.01,1000.0,1.01,1000.0,1.01,1000.0,1.01,1000.0,1.01,1000.0,1.01,1000.0,1.01,1000.0,1.01,1000.0,36032313,10228683.0,12814338.0,58805.0,1.262010191,1.262010201,1.262010190,1.262010200,1.01,1000.0,1.01,1000.0,1.01,1000.0,1.01,110.0,1.01,110.0,1.01,110.0,1.06,110.0,1.06,110.0,1.01,110.0,1.262010182,1.262010194,1.262010195,1.262010205
Bosnian Premier League,2026-09-06,15:15:00,Zrinjski,Siroki Brijeg,1.34,1.38,8.0,19.5,4.5,7.6,1.98,2.54,1.65,2.02,1.01,1000.0,1.01,1000.0,13.5,23.0,9.2,48.0,9.2,180.0,9.2,1000.0,5.8,8.0,10.0,14.5,9.2,70.0,9.2,390.0,5.4,7.6,8.2,12.0,9.2,46.0,9.2,290.0,7.2,10.5,11.5,17.0,9.2,65.0,9.2,320.0,4.4,6.0,9.2,1000.0,9.2,1000.0,36030143,4807138.0,198684.0,58805.0,1.261989346,1.261989356,1.261989345,1.261989355,2.8,4.6,1.01,1000.0,1.01,23.0,1.05,1.09,3.45,5.6,1.27,1.34,1.07,1.1,3.5,3.9,1.2,1.23,1.261989327,1.261989349,1.261989350,1.261989360
Slovenian Premier League,2026-09-06,15:15:00,NK Celje,Koper,1.88,2.18,3.3,4.6,3.4,6.2,2.1,2.84,1.54,1.91,1.01,110.0,1.01,1000.0,1.01,1000.0,1.01,1000.0,1.01,1000.0,1.01,1000.0,1.01,1000.0,1.01,1000.0,1.01,1000.0,1.01,1000.0,1.01,1000.0,1.01,1000.0,1.01,1000.0,1.01,1000.0,1.01,1000.0,1.01,1000.0,1.01,1000.0,1.01,1000.0,1.01,1000.0,1.01,1000.0,1.01,1000.0,36015854,3188553.0,166903.0,58805.0,1.261805233,1.261805236,1.261805280,1.261805281,1.01,1000.0,1.01,1000.0,4.0,36.0,1.03,1.33,4.0,6.6,1.18,1.33,1.27,1.44,1.84,2.14,1.2,1.42,1.261805282,1.261805243,1.261805234,1.261805235
Polish Ekstraklasa,2026-09-06,15:15:00,Jagiellonia Bialystock,Slask Wroclaw,1.68,1.83,4.5,5.5,4.2,4.8,2.44,2.74,1.58,1.7,1.61,1.76,2.3,2.64,17.5,26.0,16.5,24.0,29.0,42.0,70.0,120.0,9.0,13.0,7.8,11.0,14.0,20.0,36.0,55.0,9.6,13.5,7.8,11.0,12.5,18.0,34.0,55.0,13.5,19.5,12.0,17.5,19.5,29.0,48.0,75.0,6.6,8.0,30.0,65.0,85.0,610.0,36012168,7391394.0,3143307.0,58805.0,1.261762630,1.261762633,1.261762677,1.261762678,1.01,1000.0,1.01,1000.0,1.01,36.0,1.03,1.07,5.2,6.2,1.19,1.24,1.23,1.29,2.2,2.48,1.27,1.32,1.261762679,1.261762640,1.261762631,1.261762632
Bulgarian A League,2026-09-06,15:15:00,Lokomotiv Sofia,Ludogorets,6.2,9.0,1.55,1.73,3.6,30.0,1.81,2.28,1.79,2.22,1.01,1000.0,1.01,1000.0,1.01,1000.0,1.01,1000.0,1.01,1000.0,1.01,1000.0,1.01,1000.0,1.01,1000.0,1.01,1000.0,1.01,1000.0,1.01,1000.0,1.01,1000.0,1.01,1000.0,1.01,1000.0,1.01,1000.0,1.01,1000.0,1.01,1000.0,1.01,1000.0,1.01,1000.0,1.01,1000.0,1.01,1000.0,35974463,1255223.0,5112599.0,58805.0,1.261450632,1.261450642,1.261450631,1.261450641,1.01,1000.0,1.01,1000.0,3.75,21.0,1.05,1.1,2.96,21.0,1.27,1.36,2.36,2.92,1.13,1.2,1.24,1.39,1.261450623,1.261450635,1.261450636,1.261450646
Peruvian Primera Division,2026-09-06,15:30:00,Deportivo Garcilaso,Atletico Grau,1.55,1.65,6.6,7.8,4.0,4.5,1.89,2.06,1.95,2.14,1.83,2.18,1.7,1.99,10.5,18.0,15.5,26.0,42.0,75.0,160.0,280.0,5.7,9.2,7.0,11.5,19.5,36.0,80.0,140.0,6.8,9.2,7.4,12.0,17.5,30.0,75.0,130.0,11.0,18.5,13.0,22.0,29.0,50.0,100.0,190.0,7.4,12.0,110.0,200.0,1.01,1000.0,36020256,12104874.0,16192656.0,58805.0,1.261860992,1.261860995,1.261861039,1.261861040,1.01,1000.0,1.01,1000.0,12.0,15.0,1.07,1.09,3.6,4.2,1.32,1.39,1.14,1.18,2.52,2.82,1.28,1.34,1.261861041,1.261861002,1.261860993,1.261860994
Greek Super League,2026-09-06,15:30:00,Panathinaikos,Paok,2.28,2.44,3.55,3.8,3.15,3.35,1.83,1.95,2.06,2.2,1.79,1.95,2.06,2.26,11.0,15.0,11.0,13.0,21.0,25.0,55.0,70.0,8.6,9.8,6.8,7.6,13.0,15.5,34.0,46.0,13.0,15.0,10.0,11.5,15.5,17.5,46.0,60.0,9.8,32.0,19.5,27.0,36.0,42.0,10.5,110.0,18.5,22.0,32.0,48.0,12.0,1000.0,36002278,50334.0,232095.0,58805.0,1.261722710,1.261722720,1.261722709,1.261722719,1.01,110.0,1.01,110.0,10.5,13.0,1.09,1.11,3.35,3.75,1.37,1.42,1.36,1.4,1.69,1.77,1.42,1.45,1.261722701,1.261722713,1.261722714,1.261722724
French Ligue 1,2026-09-06,15:45:00,Marseille,Paris FC,1.88,1.9,4.3,4.5,4.1,4.2,2.32,2.42,1.7,1.76,1.68,1.72,2.38,2.48,18.5,20.0,18.0,19.5,30.0,36.0,36.0,90.0,10.5,11.5,8.6,9.4,15.5,17.5,42.0,48.0,11.5,13.0,9.4,10.5,15.0,17.0,42.0,48.0,19.0,21.0,16.0,18.0,25.0,29.0,32.0,75.0,8.6,9.6,34.0,40.0,90.0,1000.0,36005350,52457652.0,5168454.0,58805.0,1.261749384,1.261749368,1.261749383,1.261749393,3.0,110.0,1.01,1.49,18.0,21.0,1.05,1.06,4.9,5.1,1.24,1.26,1.29,1.31,2.1,2.14,1.31,1.33,1.261749386,1.261749388,1.261749389,1.261749371
Italian Serie A,2026-09-06,15:45:00,Juventus,AC Milan,2.18,2.2,3.9,3.95,3.4,3.5,1.83,1.85,2.18,2.22,1.95,2.02,1.99,2.06,10.5,11.5,12.0,13.0,24.0,27.0,50.0,80.0,8.2,8.6,8.0,8.2,15.5,17.0,46.0,55.0,11.5,12.5,10.0,10.5,17.0,18.0,55.0,65.0,24.0,26.0,22.0,24.0,38.0,42.0,60.0,110.0,17.5,19.5,29.0,60.0,25.0,1000.0,35979386,52475015.0,127991.0,58805.0,1.261503350,1.261503334,1.261503349,1.261503359,2.94,3.05,1.49,1.52,10.5,11.5,1.09,1.11,3.4,3.5,1.4,1.42,1.33,1.35,1.83,1.85,1.4,1.42,1.261503352,1.261503354,1.261503355,1.261503337
Brazilian Serie A,2026-09-06,16:00:00,Cruzeiro MG,Athletico-PR,1.91,1.99,4.5,4.8,3.6,3.8,1.86,1.91,2.1,2.16,1.91,1.97,2.02,2.1,11.5,15.0,13.0,19.0,6.4,44.0,6.6,130.0,7.6,8.6,7.2,8.2,16.0,22.0,6.6,65.0,10.0,12.0,9.0,10.5,17.5,24.0,6.4,75.0,19.0,27.0,18.5,26.0,6.4,48.0,6.8,150.0,13.5,15.5,6.6,95.0,7.0,1000.0,35982839,10901767.0,36860494.0,58805.0,1.261542596,1.261542606,1.261542595,1.261542605,2.56,3.75,1.38,1.64,11.0,13.5,1.08,1.1,3.55,3.8,1.36,1.4,1.26,1.29,2.02,2.1,1.36,1.39,1.261542587,1.261542599,1.261542600,1.261542610
Paraguayan Primera Division,2026-09-06,16:00:00,Libertad,Rubio Nu,0.0,0.0,0.0,0.0,0.0,0.0,1.25,110.0,1.35,6.0,1.01,1000.0,1.01,1000.0,1.01,1000.0,1.01,1000.0,1.01,1000.0,1.01,1000.0,1.01,1000.0,1.01,1000.0,1.01,1000.0,1.01,1000.0,1.01,1000.0,1.01,1000.0,1.01,1000.0,1.01,1000.0,1.01,1000.0,1.01,1000.0,1.01,1000.0,1.01,1000.0,1.01,1000.0,1.01,1000.0,1.01,1000.0,36031408,0.0,0.0,0.0,0.0,1.262001975,1.262002019,1.262002020,1.01,1000.0,1.01,1000.0,1.01,1000.0,1.01,1000.0,1.26,110.0,1.35,110.0,1.01,1000.0,1.01,1000.0,1.01,1000.0,1.262002021,1.262001982,1.262001973,1.262001974
Brazilian Serie C,2026-09-06,16:00:00,Floresta EC,Maringa,3.2,4.1,2.4,2.86,2.46,3.1,1.44,1.64,2.58,3.25,1.01,1000.0,1.01,1000.0,1.01,1000.0,1.01,1000.0,1.01,1000.0,1.01,1000.0,1.01,1000.0,1.01,1000.0,1.01,1000.0,1.01,1000.0,1.01,1000.0,1.01,1000.0,1.01,1000.0,1.01,1000.0,1.01,1000.0,1.01,1000.0,1.01,1000.0,1.01,1000.0,1.01,1000.0,1.01,1000.0,1.01,1000.0,36029069,14754815.0,16918367.0,58805.0,1.261977562,1.261977607,1.261977646,1.261977571,1.01,1000.0,1.49,1.88,3.05,8.8,1.12,1.48,2.38,3.9,1.34,1.72,1.54,1.71,1.32,1.46,1.47,1.69,1.261977563,1.261977565,1.261977566,1.261977610
Spanish Segunda Division,2026-09-06,16:00:00,Almeria,Cadiz,1.57,1.62,6.4,7.2,4.3,4.7,2.1,2.18,1.86,1.91,1.96,2.08,1.94,2.06,2.22,1000.0,2.22,1000.0,2.22,1000.0,2.22,1000.0,1.79,9.4,1.97,17.5,2.22,1000.0,2.22,1000.0,1.93,15.0,8.4,12.0,17.5,1000.0,2.22,1000.0,1.96,17.5,1.97,18.5,2.22,1000.0,2.22,1000.0,1.76,8.8,2.22,1000.0,2.22,1000.0,36014982,248020.0,516259.0,58805.0,1.261786208,1.261786211,1.261786255,1.261786256,3.0,110.0,1.01,1.49,12.0,26.0,1.05,1.08,4.1,4.6,1.28,1.32,1.16,1.19,2.6,2.76,1.27,1.31,1.261786257,1.261786218,1.261786209,1.261786210
Spanish La Liga,2026-09-06,16:00:00,Espanyol,Sevilla,2.36,2.38,3.6,3.65,3.3,3.4,1.64,1.66,2.5,2.56,2.08,2.12,1.89,1.93,9.2,10.0,9.8,10.5,16.5,23.0,38.0,1000.0,7.4,8.4,6.8,7.4,14.5,19.5,46.0,55.0,12.0,13.5,11.0,12.0,20.0,32.0,34.0,85.0,21.0,34.0,20.0,32.0,29.0,590.0,44.0,160.0,27.0,30.0,32.0,1000.0,60.0,1000.0,35998360,59044.0,52480974.0,58805.0,1.261696553,1.261696492,1.261696552,1.261696564,2.72,2.84,1.55,1.58,9.2,10.0,1.11,1.13,2.92,3.05,1.49,1.52,1.38,1.39,1.73,1.74,1.42,1.43,1.261696555,1.261696557,1.261696558,1.261696496
Brazilian Serie A,2026-09-06,16:00:00,Internacional,Santos,2.08,2.12,4.0,4.3,3.5,3.65,1.87,1.98,2.02,2.16,1.85,1.92,2.08,2.18,12.0,16.5,12.5,14.5,6.6,30.0,7.8,110.0,8.2,9.2,7.2,9.6,14.5,17.0,7.4,65.0,11.0,13.0,9.6,11.0,16.0,21.0,7.6,75.0,18.5,26.0,20.0,23.0,7.2,48.0,7.6,130.0,14.5,16.5,7.6,75.0,8.2,1000.0,35982847,198137.0,198127.0,58805.0,1.261543306,1.261543316,1.261543305,1.261543315,1.01,110.0,1.01,110.0,11.5,13.5,1.08,1.09,3.55,3.95,1.34,1.39,1.31,1.34,1.89,1.93,1.37,1.4,1.261543297,1.261543309,1.261543310,1.261543320
Brazilian Serie A,2026-09-06,16:00:00,Remo,Flamengo,7.4,8.6,1.48,1.52,4.6,5.0,2.14,2.26,1.79,1.88,2.0,2.08,1.93,2.0,16.0,18.5,7.8,8.6,8.0,9.0,11.5,13.5,21.0,25.0,9.6,11.0,9.0,10.5,14.0,16.0,8.4,1000.0,20.0,1000.0,18.0,24.0,25.0,50.0,8.0,280.0,7.8,140.0,7.6,120.0,7.8,160.0,7.8,170.0,6.6,7.4,8.2,1000.0,35982837,376830.0,198138.0,58805.0,1.261542929,1.261542939,1.261542928,1.261542938,1.01,4.1,1.33,110.0,15.0,21.0,1.05,1.07,4.3,4.7,1.27,1.3,2.92,3.1,1.13,1.16,1.25,1.28,1.261542920,1.261542932,1.261542933,1.261542943
Serbian Super League,2026-09-06,16:00:00,Vojvodina,Zemun,1.16,1.27,4.5,1000.0,6.8,440.0,2.96,3.25,1.48,1.52,1.01,1000.0,1.01,1000.0,1.01,1000.0,1.01,1000.0,1.01,1000.0,1.01,1000.0,1.01,1000.0,1.01,1000.0,1.01,1000.0,1.01,1000.0,1.01,1000.0,1.01,1000.0,1.01,1000.0,1.01,1000.0,1.01,1000.0,1.01,1000.0,1.01,1000.0,1.01,1000.0,1.01,1000.0,1.01,1000.0,1.01,1000.0,36015325,2020542.0,2020602.0,58805.0,1.261799752,1.261799755,1.261799799,1.261799800,1.01,1000.0,1.01,1000.0,1.01,55.0,1.02,1.17,2.96,55.0,1.11,1.17,1.01,1.25,4.3,7.2,1.01,1.17,1.261799801,1.261799762,1.261799753,1.261799754
Uruguayan Primera Division,2026-09-06,16:30:00,Nacional (Uru),Juventud De Las Piedras,1.69,1.94,4.5,6.8,3.75,5.3,1.79,2.3,1.76,2.28,1.01,1000.0,1.01,1000.0,1.01,1000.0,1.01,1000.0,1.01,1000.0,1.01,1000.0,1.01,1000.0,1.01,1000.0,1.01,1000.0,1.01,1000.0,1.01,1000.0,1.01,1000.0,1.01,1000.0,1.01,1000.0,1.01,1000.0,1.01,1000.0,1.01,1000.0,1.01,1000.0,1.01,1000.0,1.01,1000.0,1.01,1000.0,36014880,504780.0,8947595.0,58805.0,1.261796677,1.261796687,1.261796676,1.261796686,2.78,4.3,1.31,1.56,1.01,110.0,1.01,1.38,2.72,100.0,1.3,1.38,1.17,1.28,2.06,2.46,1.23,1.36,1.261796668,1.261796680,1.261796681,1.261796691
Portuguese Primeira Liga,2026-09-06,16:30:00,Gil Vicente,Academico de Viseu,1.92,1.95,4.8,5.0,3.6,3.7,1.72,1.82,2.2,2.4,1.98,2.1,1.91,2.02,10.0,12.0,12.5,14.5,8.2,40.0,9.8,140.0,6.8,7.8,6.8,8.0,16.5,21.0,9.2,75.0,9.6,11.5,9.4,11.0,17.5,21.0,9.4,85.0,19.0,24.0,19.0,24.0,30.0,44.0,9.8,150.0,14.0,21.0,9.6,110.0,10.5,1000.0,36015938,48784.0,7611327.0,58805.0,1.261808596,1.261808601,1.261808657,1.261808659,1.01,3.6,1.38,110.0,10.0,12.5,1.09,1.11,3.1,3.5,1.41,1.46,1.25,1.27,2.04,2.1,1.37,1.39,1.261808662,1.261808615,1.261808598,1.261808599
Uruguayan Segunda Division,2026-09-06,17:00:00,CA Rentistas,Centro Atletico Fenix,2.74,3.5,2.62,3.35,1.1,3.95,1.47,1.68,2.48,3.1,1.01,1000.0,1.01,1000.0,1.01,1000.0,1.01,1000.0,1.01,1000.0,1.01,1000.0,1.01,1000.0,1.01,1000.0,1.01,1000.0,1.01,1000.0,1.01,1000.0,1.01,1000.0,1.01,1000.0,1.01,1000.0,1.01,1000.0,1.01,1000.0,1.01,1000.0,1.01,1000.0,1.01,1000.0,1.01,1000.0,1.01,1000.0,36028021,10755191.0,5313392.0,58805.0,1.261969674,1.261969719,1.261969758,1.261969683,2.2,1000.0,1.01,1.83,3.2,110.0,1.01,1.45,2.44,4.2,1.32,1.69,1.45,1.62,1.41,1.58,1.33,110.0,1.261969675,1.261969677,1.261969678,1.261969722
Peruvian Primera Division,2026-09-06,17:00:00,Juan Pablo II College,Alianza Lima,4.2,7.0,1.65,2.06,3.3,4.2,1.83,2.22,1.83,2.2,1.01,1000.0,1.01,1000.0,1.01,1000.0,1.01,1000.0,1.01,1000.0,1.01,1000.0,1.01,1000.0,1.01,1000.0,1.01,1000.0,1.01,1000.0,1.01,1000.0,1.01,1000.0,1.01,1000.0,1.01,1000.0,1.01,1000.0,1.01,1000.0,1.01,1000.0,1.01,1000.0,1.01,1000.0,1.01,1000.0,1.01,1000.0,36014897,62960875.0,219457.0,58805.0,1.261784435,1.261784438,1.261784482,1.261784483,1.01,1000.0,1.01,1000.0,3.05,110.0,1.01,1.43,3.05,100.0,1.28,1.48,1.94,2.54,1.17,1.32,1.31,1.44,1.261784484,1.261784445,1.261784436,1.261784437
Argentinian Primera Division,2026-09-06,17:00:00,Central Cordoba (SdE),CA Independiente,3.75,4.1,2.32,2.42,2.98,3.2,1.51,1.57,2.74,2.96,2.26,2.52,1.66,1000.0,7.4,8.2,6.4,7.4,11.5,13.0,20.0,36.0,9.0,10.5,6.6,7.4,11.5,13.0,22.0,38.0,16.5,26.0,15.5,18.0,18.0,27.0,34.0,1000.0,34.0,1000.0,32.0,1000.0,38.0,1000.0,50.0,1000.0,38.0,1000.0,21.0,40.0,60.0,1000.0,35975909,19641049.0,8015153.0,58805.0,1.261464934,1.261464952,1.261464933,1.261464950,1.01,110.0,1.01,110.0,6.6,9.4,1.12,1.18,2.54,2.74,1.58,1.65,1.7,1.76,1.33,1.37,1.45,1.48,1.261464919,1.261464939,1.261464941,1.261464960
Chilean Primera Division,2026-09-06,17:00:00,Huachipato,Colo Colo,4.4,4.9,1.77,1.83,4.2,4.4,2.48,2.68,1.6,1.68,1.63,1.66,2.52,2.6,21.0,23.0,11.5,12.5,12.0,13.5,17.5,27.0,21.0,27.0,9.2,10.0,9.4,10.5,14.5,20.0,32.0,40.0,16.5,18.5,15.0,20.0,23.0,27.0,38.0,120.0,42.0,170.0,42.0,170.0,30.0,1000.0,26.0,95.0,7.4,8.2,55.0,620.0,36014794,2019917.0,330239.0,58805.0,1.261805033,1.261805043,1.261805032,1.261805042,1.01,1000.0,1.01,110.0,17.0,55.0,1.02,1.07,5.2,6.0,1.2,1.24,2.2,2.3,1.26,1.29,1.29,1.32,1.261805024,1.261805036,1.261805037,1.261805047
Argentinian Primera Division,2026-09-06,17:00:00,Lanus,Defensa y Justicia,1.76,1.89,4.7,7.2,3.4,4.7,1.63,3.1,1.48,2.7,1.01,1000.0,1.01,1000.0,8.4,1000.0,9.8,1000.0,25.0,1000.0,85.0,1000.0,5.6,1000.0,6.4,1000.0,17.0,1000.0,60.0,1000.0,8.0,1000.0,9.0,1000.0,20.0,1000.0,70.0,1000.0,16.5,1000.0,19.0,1000.0,38.0,1000.0,100.0,1000.0,1.01,1000.0,1.01,1000.0,1.01,1000.0,35975907,194513.0,5178272.0,58805.0,1.261463664,1.261463675,1.261463663,1.261463674,1.01,110.0,1.01,110.0,2.74,10.5,1.1,1.57,2.74,10.5,1.1,1.57,1.16,1.26,2.1,2.32,1.36,1.42,1.261463655,1.261463667,1.261463668,1.261463679
Venezuelan Primera Division,2026-09-06,17:00:00,Monagas,Metropolitanos,2.86,3.65,2.5,2.96,2.8,4.2,1.81,1.99,2.02,2.46,1.78,2.12,2.06,2.54,9.6,16.0,7.6,12.5,12.5,21.0,9.0,48.0,8.4,14.0,5.8,9.2,9.0,15.0,9.0,38.0,14.5,25.0,9.8,16.0,13.0,22.0,9.0,55.0,9.0,65.0,9.0,44.0,8.8,60.0,9.0,130.0,24.0,42.0,19.0,34.0,1.01,1000.0,36025568,224547.0,8761113.0,58805.0,1.261944706,1.261944716,1.261944705,1.261944715,2.52,4.0,1.33,1.66,1.01,15.5,1.08,1.12,3.3,3.9,1.35,1.43,1.51,1.67,1.4,1.54,1.33,1.46,1.261944697,1.261944709,1.261944710,1.261944720
Colombian Primera A,2026-09-06,18:00:00,Internacional de Bogotá,Aguilas Doradas,1.95,2.04,4.5,5.6,3.25,3.7,1.69,1.87,2.16,2.46,1.01,1000.0,1.01,1000.0,9.6,1000.0,12.0,1000.0,30.0,1000.0,40.0,1000.0,6.4,1000.0,6.8,1000.0,16.5,1000.0,60.0,1000.0,9.4,1000.0,9.0,1000.0,18.0,1000.0,40.0,1000.0,19.0,1000.0,19.5,1000.0,38.0,1000.0,40.0,1000.0,12.5,1000.0,75.0,1000.0,1.01,1000.0,36029477,94680813.0,8717595.0,58805.0,1.261982449,1.261982459,1.261982448,1.261982458,1.01,110.0,1.01,110.0,9.6,110.0,1.01,1.12,2.92,3.7,1.37,1.52,1.22,1.29,1.96,2.06,1.37,1.45,1.261982440,1.261982452,1.261982453,1.261982463
Venezuelan Primera Division,2026-09-06,18:00:00,Trujillanos,Caracas,1.17,110.0,1.17,110.0,1.19,320.0,1.07,110.0,1.46,36.0,1.01,1000.0,1.01,1000.0,1.01,1000.0,1.01,1000.0,1.01,1000.0,1.01,1000.0,1.01,1000.0,1.01,1000.0,1.01,1000.0,1.01,1000.0,1.01,1000.0,1.01,1000.0,1.01,1000.0,1.01,1000.0,1.01,1000.0,1.01,1000.0,1.01,1000.0,1.01,1000.0,1.01,1000.0,1.01,1000.0,1.01,1000.0,36031273,1224046.0,3738659.0,58805.0,1.262003652,1.262003662,1.262003651,1.262003661,1.01,1000.0,1.01,1000.0,1.01,1000.0,1.01,110.0,1.07,110.0,1.02,110.0,1.06,8.2,1.06,8.0,1.07,8.8,1.262003643,1.262003655,1.262003656,1.262003666
Ecuadorian Serie A,2026-09-06,18:00:00,Delfin,Univ Catolica (Ecu),3.6,4.1,2.08,2.3,3.25,3.75,1.84,1.96,2.04,2.18,1.86,2.16,1.87,2.18,9.8,15.0,7.4,10.0,10.0,14.0,21.0,40.0,10.0,14.0,6.8,9.2,9.2,11.5,18.5,34.0,21.0,29.0,13.5,18.5,14.5,23.0,26.0,48.0,60.0,100.0,40.0,70.0,46.0,85.0,85.0,140.0,36.0,80.0,16.0,23.0,85.0,1000.0,36032344,10778437.0,7005170.0,58805.0,1.262005966,1.262005969,1.262006013,1.262006014,2.56,3.9,1.35,1.64,10.0,13.5,1.08,1.11,3.35,3.8,1.36,1.43,1.76,1.93,1.32,1.39,1.37,1.45,1.262006015,1.262005976,1.262005967,1.262005968
Brazilian Serie B,2026-09-06,18:30:00,Ponte Preta,Sao Bernardo,12.0,13.5,1.31,1.36,5.3,6.4,2.24,2.44,1.69,1.8,2.18,2.36,1.64,1.98,16.0,24.0,7.4,9.8,6.8,8.0,8.8,12.0,5.1,42.0,11.0,15.0,9.2,13.0,12.5,17.5,5.6,140.0,5.3,55.0,5.1,38.0,5.2,50.0,5.9,1000.0,5.7,260.0,5.7,200.0,5.7,220.0,5.8,390.0,4.3,6.0,5.9,1000.0,36014830,204603.0,5231799.0,58805.0,1.261782895,1.261782898,1.261782942,1.261782943,1.01,110.0,1.01,110.0,16.0,21.0,1.05,1.07,4.6,5.2,1.24,1.28,3.75,4.2,1.08,1.1,1.18,1.24,1.261782944,1.261782905,1.261782896,1.261782897
Venezuelan Primera Division,2026-09-06,18:30:00,Deportivo Tachira,Rayo Zuliano,1.1,110.0,1.16,110.0,3.55,400.0,1.25,110.0,1.2,6.0,1.01,1000.0,1.01,1000.0,1.01,1000.0,1.01,1000.0,1.01,1000.0,1.01,1000.0,1.01,1000.0,1.01,1000.0,1.01,1000.0,1.01,1000.0,1.01,1000.0,1.01,1000.0,1.01,1000.0,1.01,1000.0,1.01,1000.0,1.01,1000.0,1.01,1000.0,1.01,1000.0,1.01,1000.0,1.01,1000.0,1.01,1000.0,36025556,712865.0,46783501.0,58805.0,1.261944490,1.261944500,1.261944489,1.261944499,1.01,1000.0,1.01,1000.0,1.01,1000.0,1.01,970.0,1.26,110.0,1.2,4.9,1.06,26.0,1.15,26.0,1.01,1.4,1.261944481,1.261944493,1.261944494,1.261944504
Brazilian Serie C,2026-09-06,18:30:00,Santa Cruz PE,Botafogo PB,2.26,2.38,3.8,5.0,2.62,3.4,1.67,1.91,2.08,2.5,1.01,1000.0,1.01,1000.0,1.01,1000.0,1.01,1000.0,1.01,1000.0,1.01,1000.0,1.01,1000.0,1.01,1000.0,1.01,1000.0,1.01,1000.0,1.01,1000.0,1.01,1000.0,1.01,1000.0,1.01,1000.0,1.01,1000.0,1.01,1000.0,1.01,1000.0,1.01,1000.0,1.01,1000.0,1.01,1000.0,1.01,1000.0,36028467,6132724.0,5310328.0,58805.0,1.261974762,1.261974807,1.261974846,1.261974771,2.38,3.7,1.37,1.73,2.86,110.0,1.01,1.54,2.86,970.0,1.36,1.54,1.26,1.36,1.72,1.8,1.44,1.6,1.261974763,1.261974765,1.261974766,1.261974810
Paraguayan Primera Division,2026-09-06,18:30:00,Sportivo Luqueno,Club Sportivo Ameliano,0.0,0.0,0.0,0.0,0.0,0.0,1.09,3.65,1.39,13.0,1.01,1000.0,1.01,1000.0,1.01,1000.0,1.01,1000.0,1.01,1000.0,1.01,1000.0,1.01,1000.0,1.01,1000.0,1.01,1000.0,1.01,1000.0,1.01,1000.0,1.01,1000.0,1.01,1000.0,1.01,1000.0,1.01,1000.0,1.01,1000.0,1.01,1000.0,1.01,1000.0,1.01,1000.0,1.01,1000.0,1.01,1000.0,36031350,0.0,0.0,0.0,0.0,1.262001818,1.262001862,1.262001863,1.01,1000.0,1.01,1000.0,1.01,1000.0,1.01,1000.0,1.09,110.0,1.01,12.5,1.01,1000.0,1.01,1000.0,1.01,1000.0,1.262001864,1.262001825,1.262001816,1.262001817
Brazilian Serie A,2026-09-06,18:30:00,Botafogo FR,SE Palmeiras,3.4,3.55,2.28,2.32,3.6,3.75,1.97,2.1,1.91,2.04,1.76,1.82,2.22,2.32,13.0,15.0,9.6,10.5,13.0,15.0,26.0,30.0,12.5,14.0,7.4,8.4,10.0,11.0,21.0,24.0,22.0,25.0,13.0,14.5,15.0,17.5,32.0,38.0,50.0,65.0,11.5,42.0,12.5,50.0,14.0,90.0,11.5,38.0,15.5,18.0,15.0,1000.0,35982840,11302836.0,22498185.0,58805.0,1.261543195,1.261543205,1.261543194,1.261543204,3.0,110.0,1.01,1.49,13.0,15.5,1.07,1.09,3.85,4.3,1.31,1.35,1.75,1.79,1.4,1.42,1.37,1.39,1.261543186,1.261543198,1.261543199,1.261543209
Bolivian Liga de Futbol Profesional,2026-09-06,19:00:00,The Strongest,Real Tomayapo,1.1,110.0,1.39,110.0,4.0,230.0,1.25,110.0,1.09,6.0,1.01,1000.0,1.01,1000.0,1.01,1000.0,1.01,1000.0,1.01,1000.0,1.01,1000.0,1.01,1000.0,1.01,1000.0,1.01,1000.0,1.01,1000.0,1.01,1000.0,1.01,1000.0,1.01,1000.0,1.01,1000.0,1.01,1000.0,1.01,1000.0,1.01,1000.0,1.01,1000.0,1.01,1000.0,1.01,1000.0,1.01,1000.0,36025914,328205.0,25238903.0,58805.0,1.261949090,1.261949093,1.261949137,1.261949138,1.01,1000.0,1.01,1000.0,1.01,1000.0,1.01,1.15,1.26,110.0,1.09,1.15,1.06,26.0,1.37,26.0,1.01,1.34,1.261949139,1.261949100,1.261949091,1.261949092
Argentinian Primera Division,2026-09-06,19:15:00,River Plate,Independiente Rivadavia,1.72,1.8,5.6,6.6,3.55,4.2,1.63,1.8,2.18,2.6,1.01,1000.0,1.01,1000.0,8.6,1000.0,9.8,1000.0,25.0,1000.0,85.0,1000.0,5.6,1000.0,6.8,1000.0,18.0,1000.0,60.0,1000.0,7.4,1000.0,9.2,1000.0,20.0,1000.0,80.0,1000.0,15.0,1000.0,18.5,1000.0,40.0,1000.0,100.0,1000.0,1.01,1000.0,1.01,1000.0,1.01,1000.0,35975900,194515.0,5333044.0,58805.0,1.261466128,1.261466146,1.261466127,1.261466143,1.01,110.0,1.01,110.0,1.01,110.0,1.01,1.67,2.44,3.65,1.37,1.67,1.17,1.22,2.2,2.4,1.33,1.4,1.261466112,1.261466133,1.261466135,1.261466153
Uruguayan Primera Division,2026-09-06,19:30:00,Liverpool Montevideo,Boston River,1.77,1.99,3.85,5.6,1.1,440.0,1.76,1.97,2.04,2.3,1.01,1000.0,1.01,1000.0,1.01,1000.0,1.01,1000.0,1.01,1000.0,1.01,1000.0,1.01,1000.0,1.01,1000.0,1.01,1000.0,1.01,1000.0,1.01,1000.0,1.01,1000.0,1.01,1000.0,1.01,1000.0,1.01,1000.0,1.01,1000.0,1.01,1000.0,1.01,1000.0,1.01,1000.0,1.01,1000.0,1.01,1000.0,36014876,5789820.0,9484111.0,58805.0,1.261784219,1.261784222,1.261784266,1.261784267,2.58,3.9,1.34,1.63,3.15,110.0,1.01,1.46,3.15,110.0,1.35,1.46,1.22,1.35,1.98,2.3,1.21,1.46,1.261784268,1.261784229,1.261784220,1.261784221
Brazilian Serie A,2026-09-06,19:30:00,Corinthians,Chapecoense,1.41,1.44,9.4,11.0,4.7,5.2,1.92,2.04,1.98,2.1,2.3,2.44,1.69,1.77,13.5,17.5,19.0,30.0,5.4,110.0,5.7,530.0,6.2,8.0,10.0,13.0,5.2,44.0,5.6,240.0,6.6,8.6,9.4,12.0,5.1,38.0,5.6,200.0,10.0,13.5,15.0,17.0,5.2,55.0,5.6,260.0,7.0,9.2,5.7,410.0,5.7,1000.0,35982934,198136.0,2909511.0,58805.0,1.261546193,1.261546203,1.261546192,1.261546202,3.0,110.0,1.01,1.5,11.5,15.5,1.07,1.09,3.65,4.0,1.33,1.37,1.1,1.12,3.2,3.5,1.23,1.28,1.261546184,1.261546196,1.261546197,1.261546207
Chilean Primera Division,2026-09-06,19:30:00,Palestino,Univ de Concepcion,1.69,1.82,5.0,6.2,4.0,4.8,2.24,2.44,1.7,1.8,1.01,1000.0,1.01,1000.0,1.01,1000.0,1.01,1000.0,1.01,1000.0,1.01,1000.0,1.01,1000.0,1.01,1000.0,1.01,1000.0,1.01,1000.0,1.01,1000.0,1.01,1000.0,1.01,1000.0,1.01,1000.0,1.01,1000.0,1.01,1000.0,1.01,1000.0,1.01,1000.0,1.01,1000.0,1.01,1000.0,1.01,1000.0,36005832,5129869.0,5129867.0,58805.0,1.261751563,1.261751573,1.261751562,1.261751572,2.92,4.4,1.3,1.52,4.3,110.0,1.01,1.3,4.3,100.0,1.23,1.3,1.19,1.25,2.22,2.46,1.26,1.34,1.261751554,1.261751566,1.261751567,1.261751577
Mexican Liga MX,2026-09-06,20:00:00,Cruz Azul,Santos Laguna,1.42,1.45,7.4,8.2,5.3,5.8,2.78,3.35,1.45,1.57,1.68,1.76,2.32,2.48,2.3,1000.0,2.3,1000.0,2.3,1000.0,2.3,1000.0,2.02,16.0,2.3,1000.0,2.3,1000.0,2.3,1000.0,1.97,13.5,8.4,12.5,2.14,29.0,2.3,1000.0,10.5,16.5,2.04,17.5,2.3,1000.0,2.3,1000.0,4.0,5.0,2.3,1000.0,2.3,1000.0,36013734,328204.0,328957.0,58805.0,1.261767551,1.261767561,1.261767550,1.261767560,1.01,1000.0,1.01,110.0,18.0,110.0,1.03,1.06,6.6,8.2,1.15,1.18,1.13,1.16,3.2,3.4,1.2,1.23,1.261767542,1.261767554,1.261767555,1.261767565
Venezuelan Primera Division,2026-09-06,20:00:00,Deportivo La Guaira,Academia Anzoategui FC,1.15,110.0,1.11,110.0,1.12,300.0,1.25,110.0,1.27,6.0,1.01,1000.0,1.01,1000.0,1.01,1000.0,1.01,1000.0,1.01,1000.0,1.01,1000.0,1.01,1000.0,1.01,1000.0,1.01,1000.0,1.01,1000.0,1.01,1000.0,1.01,1000.0,1.01,1000.0,1.01,1000.0,1.01,1000.0,1.01,1000.0,1.01,1000.0,1.01,1000.0,1.01,1000.0,1.01,1000.0,1.01,1000.0,36031259,7658015.0,48712776.0,58805.0,1.262003762,1.262003772,1.262003761,1.262003771,1.01,1000.0,1.01,1000.0,1.01,1000.0,1.01,110.0,1.26,110.0,1.27,5.0,1.04,26.0,1.1,26.0,1.01,110.0,1.262003753,1.262003765,1.262003766,1.262003776
Colombian Primera A,2026-09-06,20:10:00,Deportivo Pereira,Millonarios,7.0,8.8,1.56,1.66,3.9,4.3,1.7,1.96,2.04,2.42,1.89,2.4,1.71,2.14,1.71,1000.0,1.42,8.6,1.48,11.0,1.57,20.0,1.71,1000.0,1.48,11.5,1.71,1000.0,1.71,1000.0,1.66,80.0,19.0,38.0,1.62,34.0,1.71,1000.0,1.71,1000.0,1.71,1000.0,1.71,1000.0,1.71,1000.0,1.71,1000.0,8.2,1000.0,1.71,1000.0,36029389,5284708.0,900849.0,58805.0,1.261979488,1.261979491,1.261979535,1.261979536,1.01,110.0,1.01,110.0,3.0,110.0,1.01,1.46,3.0,100.0,1.35,1.47,2.5,2.8,1.13,1.17,1.3,1.35,1.261979537,1.261979498,1.261979489,1.261979490
Peruvian Primera Division,2026-09-06,20:30:00,Melgar,Asociacion Deportiva Tarma,1.29,1.58,9.2,1000.0,3.85,8.6,1.95,2.66,1.6,2.06,1.01,1000.0,1.01,1000.0,1.01,1000.0,1.01,1000.0,1.01,1000.0,1.01,1000.0,1.01,1000.0,1.01,1000.0,1.01,1000.0,1.01,1000.0,1.01,1000.0,1.01,1000.0,1.01,1000.0,1.01,1000.0,1.01,1000.0,1.01,1000.0,1.01,1000.0,1.01,1000.0,1.01,1000.0,1.01,1000.0,1.01,1000.0,36016154,5839079.0,26776138.0,58805.0,1.261813456,1.261813459,1.261813503,1.261813504,1.01,1000.0,1.01,1000.0,3.1,110.0,1.01,1.47,3.1,100.0,1.22,1.47,1.02,1.12,2.72,4.5,1.14,1.36,1.261813505,1.261813466,1.261813457,1.261813458
Bolivian Liga de Futbol Profesional,2026-09-06,21:00:00,Nacional Potosi,Blooming Santa Cruz,1.1,1.69,2.5,110.0,2.74,250.0,1.26,6.8,1.18,4.9,1.01,1000.0,1.01,1000.0,1.01,1000.0,1.01,1000.0,1.01,1000.0,1.01,1000.0,1.01,1000.0,1.01,1000.0,1.01,1000.0,1.01,1000.0,1.01,1000.0,1.01,1000.0,1.01,1000.0,1.01,1000.0,1.01,1000.0,1.01,1000.0,1.01,1000.0,1.01,1000.0,1.01,1000.0,1.01,1000.0,1.01,1000.0,36025905,5885611.0,10259108.0,58805.0,1.261948872,1.261948875,1.261948919,1.261948920,1.01,1000.0,1.01,1000.0,1.27,110.0,1.01,4.8,1.26,6.8,1.18,4.9,1.04,1.67,2.44,26.0,1.01,1.36,1.261948921,1.261948882,1.261948873,1.261948874
Ecuadorian Serie A,2026-09-06,21:00:00,Aucas,Barcelona (Ecu),1.91,2.3,3.35,5.0,2.92,5.7,1.56,1.9,2.1,2.8,1.01,1000.0,1.01,1000.0,1.01,1000.0,1.01,1000.0,1.01,1000.0,1.01,1000.0,1.01,1000.0,1.01,1000.0,1.01,1000.0,1.01,1000.0,1.01,1000.0,1.01,1000.0,1.01,1000.0,1.01,1000.0,1.01,1000.0,1.01,1000.0,1.01,1000.0,1.01,1000.0,1.01,1000.0,1.01,1000.0,1.01,1000.0,36032338,897347.0,13749040.0,58805.0,1.262005202,1.262005205,1.262005249,1.262005250,1.01,1000.0,1.01,1000.0,1.01,110.0,1.01,110.0,2.48,110.0,1.4,1.68,1.25,1.43,1.76,2.1,1.22,1.52,1.262005251,1.262005212,1.262005203,1.262005204
Ecuadorian Serie A,2026-09-06,21:00:00,Deportivo Cuenca,Libertad FC,1.76,1.96,4.6,6.8,3.5,3.9,1.72,1.93,2.06,2.4,1.01,1000.0,1.01,1000.0,1.01,1000.0,1.01,1000.0,1.01,1000.0,1.01,1000.0,1.01,1000.0,1.01,1000.0,1.01,1000.0,1.01,1000.0,1.01,1000.0,1.01,1000.0,1.01,1000.0,1.01,1000.0,1.01,1000.0,1.01,1000.0,1.01,1000.0,1.01,1000.0,1.01,1000.0,1.01,1000.0,1.01,1000.0,36032506,1067928.0,44232344.0,58805.0,1.262007471,1.262007474,1.262007518,1.262007519,2.54,3.8,1.35,1.65,3.0,36.0,1.03,1.5,3.0,3.95,1.33,1.5,1.2,1.28,2.04,2.32,1.34,1.4,1.262007520,1.262007481,1.262007472,1.262007473
Argentinian Primera Division,2026-09-06,21:30:00,Racing Club,Atl Tucuman,1.84,1.97,4.8,5.8,3.4,3.6,1.56,1.69,2.44,3.1,1.01,1000.0,1.01,1000.0,8.6,1000.0,9.8,1000.0,25.0,1000.0,85.0,1000.0,5.6,1000.0,6.4,1000.0,17.5,1000.0,55.0,1000.0,8.2,1000.0,9.2,1000.0,19.5,1000.0,70.0,1000.0,17.0,1000.0,19.0,1000.0,38.0,1000.0,100.0,1000.0,1.01,1000.0,1.01,1000.0,1.01,1000.0,35975902,198558.0,5181445.0,58805.0,1.261464104,1.261464114,1.261464103,1.261464113,1.01,110.0,1.01,110.0,2.72,110.0,1.01,1.58,2.72,110.0,1.02,1.58,1.21,1.27,2.02,2.2,1.38,1.42,1.261464095,1.261464107,1.261464108,1.261464119
