League,Date,Time,Home,Away,Odd_H_Back,Odd_H_Lay,Odd_A_Back,Odd_A_Lay,Odd_D_Back,Odd_D_Lay,Odd_Under25_FT_Back,Odd_Under25_FT_Lay,Odd_Over25_FT_Back,Odd_Over25_FT_Lay,Odd_BTTS_Yes_Back,Odd_BTTS_Yes_Lay,Odd_BTTS_No_Back,Odd_BTTS_No_Lay,Odd_CS_0x0_Back,Odd_CS_0x0_Lay,Odd_CS_0x1_Back,Odd_CS_0x1_Lay,Odd_CS_0x2_Back,Odd_CS_0x2_Lay,Odd_CS_0x3_Back,Odd_CS_0x3_Lay,Odd_CS_1x0_Back,Odd_CS_1x0_Lay,Odd_CS_1x1_Back,Odd_CS_1x1_Lay,Odd_CS_1x2_Back,Odd_CS_1x2_Lay,Odd_CS_1x3_Back,Odd_CS_1x3_Lay,Odd_CS_2x0_Back,Odd_CS_2x0_Lay,Odd_CS_2x1_Back,Odd_CS_2x1_Lay,Odd_CS_2x2_Back,Odd_CS_2x2_Lay,Odd_CS_2x3_Back,Odd_CS_2x3_Lay,Odd_CS_3x0_Back,Odd_CS_3x0_Lay,Odd_CS_3x1_Back,Odd_CS_3x1_Lay,Odd_CS_3x2_Back,Odd_CS_3x2_Lay,Odd_CS_3x3_Back,Odd_CS_3x3_Lay,Odd_CS_Goleada_H_Back,Odd_CS_Goleada_H_Lay,Odd_CS_Goleada_A_Back,Odd_CS_Goleada_A_Lay,Odd_CS_Goleada_D_Back,Odd_CS_Goleada_D_Lay,ID_Evento,ID_Home,ID_Away,ID_Draw,IDMercado_Match_Odds,IDMercado_Over/Under_25_Goals,IDMercado_Both_teams_to_Score,IDMercado_Correct_Score,Odd_Under05_HT_Back,Odd_Under05_HT_Lay,Odd_Over05_HT_Back,Odd_Over05_HT_Lay,Odd_Under05_FT_Back,Odd_Under05_FT_Lay,Odd_Over05_FT_Back,Odd_Over05_FT_Lay,Odd_Under15_FT_Back,Odd_Under15_FT_Lay,Odd_Over15_FT_Back,Odd_Over15_FT_Lay,Double_Chance_Home_or_Draw_Back,Double_Chance_Home_or_Draw_Lay,Double_Chance_Draw_or_Away_Back,Double_Chance_Draw_or_Away_Lay,Double_Chance_Home_or_Away_Back,Double_Chance_Home_or_Away_Lay,IDMercado_Double_Chance,IDMercado_First_Half_Goals_05,IDMercado_Over/Under_05_Goals,IDMercado_Over/Under_15_Goals
Japanese J League 2,2026-08-08,02:45:00,Sapporo,Tokushima,2.52,3.05,2.62,3.2,3.25,4.6,1.64,1.89,2.12,2.54,1.11,1000.0,1.11,1000.0,1.01,1000.0,1.01,1000.0,1.01,1000.0,1.01,1000.0,1.01,1000.0,1.01,1000.0,1.01,1000.0,1.01,1000.0,1.01,1000.0,1.01,1000.0,1.01,1000.0,1.01,1000.0,1.01,1000.0,1.01,1000.0,1.01,1000.0,1.01,1000.0,1.01,1000.0,1.01,1000.0,1.01,1000.0,35909956,2245760.0,5026012.0,58805.0,1.260837202,1.260837205,1.260837249,1.260837250,2.44,3.8,1.35,1.69,1.15,110.0,1.01,1.47,2.84,100.0,1.02,1.54,1.46,1.62,1.49,1.66,1.28,1.44,1.260837251,1.260837212,1.260837203,1.260837204
Romanian Liga II,2026-08-08,05:00:00,Metalul Buzau,CS Afumati,1.4,1000.0,2.2,990.0,1.08,950.0,1.25,100.0,1.3,6.0,1.11,1000.0,1.11,1000.0,1.01,1000.0,1.01,1000.0,1.01,1000.0,1.01,1000.0,1.01,1000.0,1.01,1000.0,1.01,1000.0,1.01,1000.0,1.01,1000.0,1.01,1000.0,1.01,1000.0,1.01,1000.0,1.01,1000.0,1.01,1000.0,1.01,1000.0,1.01,1000.0,1.01,1000.0,1.01,1000.0,1.01,1000.0,35902032,14925624.0,7290083.0,58805.0,1.260761907,1.260761910,1.260761954,1.260761955,1.01,1000.0,1.01,20.0,1.15,110.0,1.01,7.8,1.25,110.0,1.3,110.0,1.01,1.84,1.01,3.5,1.01,110.0,1.260761956,1.260761917,1.260761908,1.260761909
Romanian Liga II,2026-08-08,05:00:00,Concordia Chiajna,Bihor Oradea,1.4,990.0,1.8,990.0,1.08,950.0,1.3,100.0,1.31,5.0,1.11,1000.0,1.11,1000.0,1.01,1000.0,1.01,1000.0,1.01,1000.0,1.01,1000.0,1.01,1000.0,1.01,1000.0,1.01,1000.0,1.01,1000.0,1.01,1000.0,1.01,1000.0,1.01,1000.0,1.01,1000.0,1.01,1000.0,1.01,1000.0,1.01,1000.0,1.01,1000.0,1.01,1000.0,1.01,1000.0,1.01,1000.0,35902024,5367199.0,5525110.0,58805.0,1.260761727,1.260761730,1.260761774,1.260761775,1.01,1000.0,1.01,20.0,1.3,110.0,1.01,4.3,1.3,110.0,1.31,4.3,1.01,2.26,1.01,3.5,1.01,110.0,1.260761776,1.260761737,1.260761728,1.260761729
Romanian Liga II,2026-08-08,05:00:00,CSC 1599 Selimbar,Politehnica Timisoara,2.6,990.0,1.05,1.93,3.0,950.0,1.25,990.0,1.34,6.0,1.11,1000.0,1.11,1000.0,1.01,1000.0,1.01,1000.0,1.01,1000.0,1.01,1000.0,1.01,1000.0,1.01,1000.0,1.01,1000.0,1.01,1000.0,1.01,1000.0,1.01,1000.0,1.01,1000.0,1.01,1000.0,1.01,1000.0,1.01,1000.0,1.01,1000.0,1.01,1000.0,1.01,1000.0,1.01,1000.0,1.01,1000.0,35902160,48459989.0,5964785.0,58805.0,1.260764199,1.260764203,1.260764248,1.260764249,1.01,1000.0,1.01,20.0,1.26,990.0,1.01,1.42,1.26,110.0,1.34,1.42,2.06,36.0,1.01,1.63,1.01,1.5,1.260764251,1.260764210,1.260764200,1.260764202
Romanian Liga II,2026-08-08,05:00:00,CSM Satu Mare,CSM Scolar Resita,2.4,990.0,1.3,990.0,1.08,950.0,1.25,990.0,1.27,6.0,1.11,1000.0,1.11,1000.0,1.01,1000.0,1.01,1000.0,1.01,1000.0,1.01,1000.0,1.01,1000.0,1.01,1000.0,1.01,1000.0,1.01,1000.0,1.01,1000.0,1.01,1000.0,1.01,1000.0,1.01,1000.0,1.01,1000.0,1.01,1000.0,1.01,1000.0,1.01,1000.0,1.01,1000.0,1.01,1000.0,1.01,1000.0,35902026,36410400.0,12623697.0,58805.0,1.260765312,1.260765322,1.260765311,1.260765321,1.01,1000.0,1.01,20.0,1.27,990.0,1.01,4.6,1.26,110.0,1.27,11.0,1.03,4.4,1.01,1.72,1.01,110.0,1.260765303,1.260765315,1.260765316,1.260765326
Romanian Liga II,2026-08-08,05:00:00,ASA Targu Mures,ACSM Cetatea 1932 Suceava,1.04,990.0,1.04,990.0,1.08,950.0,1.38,990.0,1.24,5.2,1.11,1000.0,1.11,1000.0,1.01,1000.0,1.01,1000.0,1.01,1000.0,1.01,1000.0,1.01,1000.0,1.01,1000.0,1.01,1000.0,1.01,1000.0,1.01,1000.0,1.01,1000.0,1.01,1000.0,1.01,1000.0,1.01,1000.0,1.01,1000.0,1.01,1000.0,1.01,1000.0,1.01,1000.0,1.01,1000.0,1.01,1000.0,35902031,26496369.0,101246043.0,58805.0,1.260765092,1.260765102,1.260765091,1.260765101,1.01,1000.0,1.01,20.0,1.15,990.0,1.01,1.4,1.55,110.0,1.25,1.4,1.02,36.0,1.02,36.0,1.01,110.0,1.260765083,1.260765095,1.260765096,1.260765106
Romanian Liga II,2026-08-08,05:00:00,CSL Stefanestii de Jos,ACS Dumbravita,1.65,990.0,1.65,990.0,1.08,950.0,1.26,3.1,1.48,5.2,1.11,1000.0,1.11,1000.0,1.01,1000.0,1.01,1000.0,1.01,1000.0,1.01,1000.0,1.01,1000.0,1.01,1000.0,1.01,1000.0,1.01,1000.0,1.01,1000.0,1.01,1000.0,1.01,1000.0,1.01,1000.0,1.01,1000.0,1.01,1000.0,1.01,1000.0,1.01,1000.0,1.01,1000.0,1.01,1000.0,1.01,1000.0,35902028,75785596.0,20498949.0,58805.0,1.260765202,1.260765212,1.260765201,1.260765211,1.01,1000.0,1.01,20.0,1.15,110.0,1.01,7.4,1.26,100.0,1.34,4.8,1.02,2.54,1.02,2.54,1.01,110.0,1.260765193,1.260765205,1.260765206,1.260765216
Chinese League 2,2026-08-08,05:30:00,Shanghai Port B,Shandong Taishan B,1.5,110.0,2.1,110.0,1.02,110.0,1.25,1.83,2.2,6.0,1.01,1000.0,1.01,1000.0,1.01,1000.0,1.01,1000.0,1.01,1000.0,1.01,1000.0,1.01,1000.0,1.01,1000.0,1.01,1000.0,1.01,1000.0,1.01,1000.0,1.01,1000.0,1.01,1000.0,1.01,1000.0,1.01,1000.0,1.01,1000.0,1.01,1000.0,1.01,1000.0,1.01,1000.0,1.01,1000.0,1.01,1000.0,35910337,67939087.0,68158837.0,58805.0,1.260845843,1.260845853,1.260845842,1.260845852,1.01,1000.0,1.01,1000.0,1.01,1000.0,1.01,970.0,1.26,3.35,1.42,970.0,1.01,1.91,1.01,3.0,1.01,110.0,1.260845834,1.260845846,1.260845847,1.260845857
Japanese J League 2,2026-08-08,06:30:00,Fujieda Myfc,Sendai,3.0,4.9,1.86,2.52,3.15,7.6,1.6,2.06,1.94,2.68,1.11,970.0,1.11,970.0,1.01,1000.0,1.01,1000.0,1.01,1000.0,1.01,1000.0,1.01,1000.0,1.01,1000.0,1.01,1000.0,1.01,1000.0,1.01,1000.0,1.01,1000.0,1.01,1000.0,1.01,1000.0,1.01,1000.0,1.01,1000.0,1.01,1000.0,1.01,1000.0,1.01,1000.0,1.01,1000.0,1.01,1000.0,35910695,14196415.0,442179.0,58805.0,1.260848182,1.260848185,1.260848229,1.260848230,1.01,1000.0,1.01,20.0,1.15,110.0,1.01,7.8,2.56,100.0,1.36,1.65,1.66,2.16,1.25,1.49,1.16,1.46,1.260848231,1.260848192,1.260848183,1.260848184
Japanese J League 2,2026-08-08,07:00:00,Iwata,Blaublitz Akita,2.42,2.88,2.8,3.45,3.15,4.3,1.66,1.9,2.1,2.52,1.11,970.0,1.11,970.0,1.01,1000.0,1.01,1000.0,1.01,1000.0,1.01,1000.0,1.01,1000.0,1.01,1000.0,1.01,1000.0,1.01,1000.0,1.01,1000.0,1.01,1000.0,1.01,1000.0,1.01,1000.0,1.01,1000.0,1.01,1000.0,1.01,1000.0,1.01,1000.0,1.01,1000.0,1.01,1000.0,1.01,1000.0,35910694,263079.0,5852914.0,58805.0,1.260847999,1.260848002,1.260848047,1.260848048,1.01,1000.0,1.01,20.0,2.94,110.0,1.01,1.52,2.96,3.9,1.38,1.52,1.41,1.55,1.53,1.7,1.3,1.46,1.260848049,1.260848010,1.260848000,1.260848001
Ukrainian Premier League,2026-08-08,07:00:00,Chernomorets Odesa,Kolos Kovalyovka,4.1,4.8,2.04,2.22,3.05,3.5,1.64,1.72,2.4,2.62,2.04,2.26,1.79,1.96,4.2,11.5,3.55,7.6,4.3,12.5,5.5,34.0,4.4,13.0,3.6,7.8,4.2,11.5,5.5,34.0,5.6,38.0,5.1,23.0,5.2,24.0,6.0,65.0,6.2,130.0,6.2,85.0,6.2,110.0,6.4,210.0,6.2,130.0,5.4,30.0,6.6,1000.0,35905393,7430526.0,10403841.0,58805.0,1.260807805,1.260807815,1.260807804,1.260807814,2.24,3.4,1.41,1.8,8.0,10.5,1.11,1.15,2.8,3.1,1.47,1.54,1.81,1.97,1.26,1.32,1.4,1.49,1.260807796,1.260807808,1.260807809,1.260807819
Portuguese Segunda Liga,2026-08-08,07:00:00,Chaves,Academica,1.89,2.18,3.95,5.9,3.2,4.8,1.57,1.85,2.18,2.74,1.79,1000.0,1.11,10.5,1.01,1000.0,1.01,1000.0,1.01,1000.0,1.01,1000.0,1.01,1000.0,1.01,1000.0,1.01,1000.0,1.01,1000.0,1.01,1000.0,1.01,1000.0,1.01,1000.0,1.01,1000.0,1.01,1000.0,1.01,1000.0,1.01,1000.0,1.01,1000.0,1.01,1000.0,1.01,1000.0,1.01,1000.0,35903092,311029.0,203143.0,58805.0,1.260771527,1.260771530,1.260771574,1.260771575,2.46,3.7,1.37,1.68,2.64,110.0,1.01,1.47,2.64,100.0,1.38,1.61,1.2,1.34,1.85,2.12,1.37,1.46,1.260771576,1.260771537,1.260771528,1.260771529
Japanese J League,2026-08-08,07:00:00,Cerezo Osaka,Okayama,1.9,1.99,4.2,4.7,3.65,3.9,2.02,2.2,1.83,1.98,1.74,1.88,2.14,2.34,12.0,18.0,12.5,17.5,7.4,34.0,8.6,100.0,7.6,9.8,7.4,9.0,13.5,18.0,8.2,60.0,9.6,13.0,8.0,11.0,15.0,18.5,8.2,65.0,17.0,23.0,15.0,21.0,7.6,36.0,8.8,110.0,9.8,13.0,8.2,60.0,9.6,1000.0,35890922,353589.0,5561025.0,58805.0,1.260647806,1.260647809,1.260647853,1.260647854,3.0,4.1,1.33,1.49,13.5,16.5,1.06,1.08,4.0,4.5,1.29,1.34,1.28,1.32,2.0,2.12,1.34,1.37,1.260647855,1.260647816,1.260647807,1.260647808
Japanese J League,2026-08-08,07:00:00,Nagoya,Shimizu,2.14,2.28,3.55,3.85,3.6,3.7,1.91,2.1,1.91,2.1,1.62,10.5,1.12,110.0,1.01,1000.0,1.01,1000.0,1.01,1000.0,1.01,1000.0,1.01,1000.0,1.01,1000.0,1.01,1000.0,1.01,1000.0,1.01,1000.0,1.01,1000.0,1.01,1000.0,1.01,1000.0,1.01,1000.0,1.01,1000.0,1.01,1000.0,1.01,1000.0,1.01,1000.0,1.01,1000.0,1.01,1000.0,35890913,441084.0,441086.0,58805.0,1.260647467,1.260647470,1.260647514,1.260647515,3.0,3.9,1.35,1.5,3.05,21.0,1.06,1.39,3.05,4.8,1.27,1.39,1.35,1.4,1.78,1.88,1.37,1.39,1.260647516,1.260647477,1.260647468,1.260647469
Japanese J League,2026-08-08,07:00:00,Fukuoka,Kobe,4.6,5.0,2.02,2.14,3.1,3.35,1.55,1.61,2.62,2.82,2.2,2.38,1.73,1.83,7.8,10.0,5.3,7.6,8.6,12.5,19.5,30.0,10.5,14.0,6.6,8.0,8.8,13.5,21.0,34.0,5.1,38.0,15.5,21.0,4.9,30.0,5.5,75.0,5.7,160.0,5.6,110.0,5.7,130.0,5.8,240.0,5.7,170.0,19.5,30.0,5.9,1000.0,35890931,1405180.0,441082.0,58805.0,1.260647716,1.260647719,1.260647763,1.260647764,1.2,2.82,1.54,110.0,7.8,8.8,1.13,1.15,2.62,2.82,1.55,1.61,1.9,1.99,1.26,1.28,1.43,1.45,1.260647765,1.260647726,1.260647717,1.260647718
Japanese J League,2026-08-08,07:00:00,FC Tokyo,FC Machida,2.44,2.68,3.2,3.55,3.1,3.3,1.63,1.75,2.32,2.6,1.96,2.14,1.88,2.04,8.8,12.0,8.2,12.5,17.0,26.0,4.8,75.0,7.4,10.0,6.2,8.4,11.0,17.0,4.7,55.0,11.5,18.0,10.0,14.0,17.5,23.0,4.8,75.0,4.6,44.0,4.5,38.0,4.8,60.0,5.0,160.0,4.5,38.0,4.8,65.0,5.2,1000.0,35890914,350849.0,6207339.0,58805.0,1.260647896,1.260647899,1.260647943,1.260647944,1.2,110.0,1.01,110.0,8.8,11.0,1.1,1.13,2.92,3.6,1.46,1.52,1.41,1.46,1.59,1.68,1.43,1.47,1.260647945,1.260647906,1.260647897,1.260647898
Japanese J League,2026-08-08,07:00:00,Kashiwa,Mito,1.61,1.69,6.2,7.2,3.9,4.3,1.89,2.02,1.98,2.14,1.98,2.14,1.87,2.02,10.5,17.0,14.5,24.0,4.1,65.0,4.3,240.0,5.8,9.2,8.2,11.5,18.5,32.0,4.2,130.0,7.0,11.5,7.4,12.5,3.8,28.0,4.2,120.0,11.5,19.5,13.0,22.0,4.0,48.0,4.3,180.0,9.2,12.5,4.3,170.0,4.4,1000.0,35890948,441080.0,3455677.0,58805.0,1.260648001,1.260648004,1.260648048,1.260648049,1.2,3.6,1.38,110.0,12.0,15.5,1.07,1.09,3.6,4.1,1.33,1.39,1.16,1.2,2.44,2.64,1.31,1.35,1.260648050,1.260648011,1.260648002,1.260648003
Japanese J League,2026-08-08,07:15:00,Hiroshima,Jef Utd Chiba,1.5,1.55,7.0,9.2,4.2,5.4,2.02,2.22,1.81,1.99,1.01,1000.0,1.01,1000.0,1.01,1000.0,1.01,1000.0,1.01,1000.0,1.01,1000.0,1.01,1000.0,1.01,1000.0,1.01,1000.0,1.01,1000.0,1.01,1000.0,1.01,1000.0,1.01,1000.0,1.01,1000.0,1.01,1000.0,1.01,1000.0,1.01,1000.0,1.01,1000.0,1.01,1000.0,1.01,1000.0,1.03,1000.0,35890912,744103.0,5021203.0,58805.0,1.260647557,1.260647560,1.260647604,1.260647605,3.0,110.0,1.01,1.49,1.01,21.0,1.06,970.0,2.7,17.5,1.27,1.59,1.12,1.15,2.8,3.1,1.28,1.31,1.260647606,1.260647567,1.260647558,1.260647559
Japanese J League 2,2026-08-08,07:30:00,Tosu,Kofu,2.02,2.56,3.4,5.6,2.8,4.7,1.5,1.89,2.12,3.0,1.11,970.0,1.11,970.0,1.01,1000.0,1.01,1000.0,1.01,1000.0,1.01,1000.0,1.01,1000.0,1.01,1000.0,1.01,1000.0,1.01,1000.0,1.01,1000.0,1.01,1000.0,1.01,1000.0,1.01,1000.0,1.01,1000.0,1.01,1000.0,1.01,1000.0,1.01,1000.0,1.01,1000.0,1.01,1000.0,1.01,1000.0,35910691,3455676.0,1405179.0,58805.0,1.260854486,1.260854496,1.260854485,1.260854495,2.36,3.45,1.4,1.73,2.52,110.0,1.01,1.65,2.52,3.85,1.35,1.65,1.21,1.41,1.64,1.99,1.27,1.55,1.260854477,1.260854489,1.260854490,1.260854500
Swedish Superettan,2026-08-08,08:00:00,Falkenbergs,United IK Nordic,2.12,2.34,3.25,3.65,3.7,4.1,2.14,2.4,1.71,1.87,1.57,1.76,2.32,2.76,16.5,20.0,12.0,16.5,19.5,26.0,7.2,65.0,10.0,12.5,7.6,10.0,11.0,15.0,6.6,38.0,11.5,16.0,9.2,11.5,12.5,17.5,32.0,50.0,6.2,28.0,16.5,24.0,24.0,38.0,7.4,85.0,11.0,15.5,6.4,32.0,8.0,1000.0,35895965,780883.0,55493292.0,58805.0,1.260696418,1.260696421,1.260696465,1.260696466,3.2,4.5,1.29,1.45,15.0,21.0,1.05,1.07,4.4,5.1,1.24,1.3,1.38,1.45,1.75,1.9,1.32,1.38,1.260696467,1.260696428,1.260696419,1.260696420
Chinese League 2,2026-08-08,08:00:00,Taian Tiankuang,Dalian Yingbo II,1.01,1000.0,1.01,1000.0,1.01,1000.0,1.07,110.0,1.01,21.0,1.01,1000.0,1.01,1000.0,1.01,1000.0,1.01,1000.0,1.01,1000.0,1.01,1000.0,1.01,1000.0,1.01,1000.0,1.01,1000.0,1.01,1000.0,1.01,1000.0,1.01,1000.0,1.01,1000.0,1.01,1000.0,1.01,1000.0,1.01,1000.0,1.01,1000.0,1.01,1000.0,1.01,1000.0,1.01,1000.0,1.01,1000.0,35911758,47112788.0,97450775.0,58805.0,1.260857900,1.260857945,1.260857984,1.260857909,1.01,1000.0,1.01,1000.0,1.07,1000.0,1.01,15.5,1.07,110.0,1.01,110.0,1.01,110.0,1.01,110.0,1.01,1000.0,1.260857901,1.260857903,1.260857904,1.260857948
Swedish Division 1,2026-08-08,08:00:00,Ariana FC,Trelleborgs,1.11,990.0,1.12,990.0,1.22,950.0,1.26,990.0,1.22,5.6,1.11,1000.0,1.11,1000.0,1.03,1000.0,1.03,1000.0,1.03,1000.0,1.03,1000.0,1.03,1000.0,1.03,1000.0,1.03,1000.0,1.03,1000.0,1.03,1000.0,1.03,1000.0,1.03,1000.0,1.03,1000.0,1.03,1000.0,1.03,1000.0,1.03,1000.0,1.03,1000.0,1.01,1000.0,1.01,1000.0,1.03,1000.0,35906691,43917177.0,767907.0,58805.0,1.260820518,1.260820528,1.260820517,1.260820527,1.01,1000.0,1.01,20.0,1.15,990.0,1.01,1.27,3.45,990.0,1.22,1.3,1.02,26.0,1.02,36.0,1.01,110.0,1.260820509,1.260820521,1.260820522,1.260820532
German Bundesliga 2,2026-08-08,08:00:00,FC Heidenheim,VfL Osnabruck,1.69,1.72,5.5,5.9,4.2,4.3,2.24,2.4,1.71,1.81,1.72,1.82,2.22,2.38,17.0,19.0,20.0,25.0,40.0,46.0,10.0,140.0,9.6,11.0,8.8,9.6,18.0,23.0,55.0,70.0,10.0,11.5,9.2,10.5,16.5,19.0,55.0,70.0,15.5,21.0,14.5,16.5,26.0,34.0,10.5,95.0,7.4,9.0,48.0,65.0,10.0,1000.0,35801997,3237590.0,13450471.0,58805.0,1.259852760,1.259852770,1.259852759,1.259852769,1.2,110.0,1.01,110.0,14.5,20.0,1.05,1.07,4.7,5.4,1.22,1.28,1.2,1.23,2.38,2.46,1.3,1.32,1.259852751,1.259852763,1.259852764,1.259852774
Swedish Superettan,2026-08-08,08:00:00,Ljungskile,Oddevold,2.46,2.68,2.86,3.15,3.4,3.85,2.02,2.26,1.8,1.99,1.54,1.94,2.06,110.0,1.01,1000.0,1.01,1000.0,1.01,1000.0,1.01,1000.0,1.01,1000.0,1.01,1000.0,1.01,1000.0,1.01,1000.0,1.01,1000.0,1.01,1000.0,1.01,1000.0,1.01,1000.0,1.01,1000.0,1.01,1000.0,1.01,1000.0,1.01,1000.0,1.01,1000.0,1.01,1000.0,1.03,1000.0,35895963,502383.0,778918.0,58805.0,1.260696220,1.260696223,1.260696267,1.260696268,3.0,110.0,1.01,1.49,3.85,110.0,1.01,1.35,3.85,100.0,1.27,1.35,1.46,1.54,1.61,1.69,1.36,1.4,1.260696269,1.260696230,1.260696221,1.260696222
Chinese Super League,2026-08-08,08:00:00,Qingdao Hainiu,Shanghai Shenhua,4.5,5.0,1.71,1.78,4.4,4.6,2.76,3.15,1.46,1.57,1.55,1.66,2.5,2.8,5.7,36.0,11.0,14.5,11.5,14.5,15.5,20.0,21.0,32.0,9.6,12.5,8.8,11.5,13.0,17.0,6.0,50.0,16.5,24.0,14.0,18.5,20.0,27.0,6.4,110.0,6.0,60.0,6.0,55.0,6.2,70.0,5.8,40.0,5.6,7.0,6.6,450.0,35895693,9654927.0,1550828.0,58805.0,1.260686942,1.260686946,1.260687003,1.260687004,1.2,110.0,1.24,1.5,13.5,55.0,1.02,1.07,6.2,7.4,1.16,1.2,2.28,2.4,1.25,1.29,1.27,1.3,1.260687008,1.260686959,1.260686944,1.260686945
German Bundesliga 2,2026-08-08,08:00:00,Karlsruhe,Arminia Bielefeld,2.74,2.86,2.5,2.64,3.9,4.1,2.58,2.8,1.55,1.63,1.52,1.59,2.7,2.92,20.0,29.0,14.5,17.0,18.0,24.0,5.4,36.0,15.0,20.0,8.8,10.0,11.0,14.5,18.0,27.0,19.5,26.0,11.5,15.5,12.5,17.0,20.0,34.0,5.4,40.0,18.5,30.0,5.3,32.0,5.7,60.0,11.5,17.5,10.0,15.0,6.2,370.0,35801991,113191.0,347829.0,58805.0,1.259853005,1.259853015,1.259853004,1.259853014,3.15,110.0,1.01,1.46,15.0,36.0,1.03,1.06,5.7,6.6,1.18,1.22,1.6,1.67,1.53,1.58,1.33,1.35,1.259852996,1.259853008,1.259853009,1.259853019
German Bundesliga 2,2026-08-08,08:00:00,SV Darmstadt,Holstein Kiel,2.26,2.4,3.05,3.35,3.75,3.85,2.34,2.52,1.67,1.75,1.55,1.67,2.5,2.8,19.0,23.0,14.0,17.5,21.0,26.0,7.6,60.0,11.5,14.5,8.2,10.0,12.0,15.0,6.8,32.0,14.5,19.0,9.8,12.0,12.5,16.0,29.0,38.0,24.0,32.0,18.0,23.0,7.0,36.0,7.8,65.0,10.5,13.0,16.0,23.0,8.6,510.0,35801993,993093.0,247830.0,58805.0,1.259852895,1.259852905,1.259852894,1.259852904,1.2,110.0,1.01,110.0,15.5,22.0,1.05,1.06,5.0,5.6,1.22,1.25,1.42,1.48,1.71,1.8,1.35,1.37,1.259852886,1.259852898,1.259852899,1.259852909
Swedish Division 1,2026-08-08,08:00:00,Eskilsminne,Rosengard,1.11,990.0,1.11,990.0,1.22,950.0,1.3,990.0,1.16,5.0,1.11,1000.0,1.11,1000.0,1.03,1000.0,1.03,1000.0,1.03,1000.0,1.03,1000.0,1.03,1000.0,1.03,1000.0,1.03,1000.0,1.03,1000.0,1.03,1000.0,1.03,1000.0,1.03,1000.0,1.03,1000.0,1.03,1000.0,1.03,1000.0,1.03,1000.0,1.03,1000.0,1.01,1000.0,1.01,1000.0,1.03,1000.0,35907426,6415384.0,4619836.0,58805.0,1.260818632,1.260818642,1.260818631,1.260818641,1.01,1000.0,1.01,20.0,1.3,1000.0,1.01,1.26,1.3,990.0,1.16,1.26,1.02,36.0,1.02,36.0,1.01,110.0,1.260818623,1.260818635,1.260818636,1.260818646
German Bundesliga 2,2026-08-08,08:00:00,FC Magdeburg,Braunschweig,1.77,1.9,4.3,4.9,4.1,4.4,2.24,2.48,1.67,1.8,1.69,1.79,2.28,2.44,17.5,22.0,17.0,21.0,7.2,38.0,8.2,110.0,9.4,11.5,8.2,10.0,15.5,19.0,7.6,55.0,10.5,13.5,8.8,11.0,14.5,18.5,7.6,55.0,17.0,21.0,15.0,18.5,20.0,32.0,8.0,80.0,8.0,10.0,7.6,48.0,9.0,1000.0,35819592,516219.0,199184.0,58805.0,1.260002267,1.260002277,1.260002266,1.260002276,1.2,110.0,1.01,110.0,16.0,21.0,1.05,1.07,4.6,5.2,1.24,1.28,1.25,1.3,2.1,2.32,1.3,1.33,1.260002258,1.260002270,1.260002271,1.260002281
Danish 2nd Division,2026-08-08,08:30:00,VSK Aarhus FC,Fremad Amager,2.04,2.36,3.35,4.5,3.2,4.7,1.81,2.04,1.96,2.24,1.11,1000.0,1.11,1000.0,1.03,1000.0,1.03,1000.0,1.03,1000.0,1.03,1000.0,1.03,1000.0,1.03,1000.0,1.03,1000.0,1.03,1000.0,1.03,1000.0,1.03,1000.0,1.03,1000.0,1.03,1000.0,1.03,1000.0,1.03,1000.0,1.03,1000.0,1.03,1000.0,1.01,1000.0,1.01,1000.0,1.03,1000.0,35906253,23448934.0,151021.0,58805.0,1.260812638,1.260812648,1.260812637,1.260812647,2.56,4.0,1.33,1.64,3.2,110.0,1.01,1.41,3.2,100.0,1.01,1.41,1.3,1.42,1.73,1.97,1.27,1.45,1.260812629,1.260812641,1.260812642,1.260812652
Chinese League 2,2026-08-08,08:30:00,Xiamen Feilu,Guangzhou Alpha,1.02,110.0,1.02,110.0,1.02,110.0,1.25,970.0,1.41,6.0,1.01,1000.0,1.01,1000.0,1.01,1000.0,1.01,1000.0,1.01,1000.0,1.01,1000.0,1.01,1000.0,1.01,1000.0,1.01,1000.0,1.01,1000.0,1.01,1000.0,1.01,1000.0,1.01,1000.0,1.01,1000.0,1.01,1000.0,1.01,1000.0,1.01,1000.0,1.01,1000.0,1.01,1000.0,1.01,1000.0,1.01,1000.0,35910259,97272380.0,82313171.0,58805.0,1.260846394,1.260846404,1.260846393,1.260846403,1.01,1000.0,1.01,1000.0,1.01,1000.0,1.01,970.0,1.26,970.0,1.02,970.0,1.01,110.0,1.01,110.0,1.01,110.0,1.260846385,1.260846397,1.260846398,1.260846408
Chinese League 2,2026-08-08,08:30:00,Wuhan Three Towns II,Jiangxi Lushan,1.02,990.0,1.02,990.0,1.04,500.0,1.25,990.0,1.54,6.0,1.11,970.0,1.11,970.0,1.01,1000.0,1.01,1000.0,1.01,1000.0,1.01,1000.0,1.01,1000.0,1.01,1000.0,1.01,1000.0,1.01,1000.0,1.01,1000.0,1.01,1000.0,1.01,1000.0,1.01,1000.0,1.01,1000.0,1.01,1000.0,1.01,1000.0,1.01,1000.0,1.01,1000.0,1.01,1000.0,1.01,1000.0,35910267,82318915.0,82346032.0,58805.0,1.260846064,1.260846074,1.260846063,1.260846073,1.01,1000.0,1.01,20.0,1.25,110.0,1.01,7.8,1.26,100.0,1.01,110.0,1.01,990.0,1.01,990.0,1.01,110.0,1.260846055,1.260846067,1.260846068,1.260846078
Chinese Super League,2026-08-08,08:35:00,Dalian Yingbo,Liaoning Tieren FC,1.66,1.73,4.9,5.4,4.4,4.9,2.62,3.05,1.49,1.61,1.6,1.71,2.42,2.64,7.2,32.0,19.0,26.0,34.0,55.0,8.8,130.0,11.0,13.0,9.8,11.0,17.5,24.0,8.2,65.0,10.5,13.0,9.2,10.5,15.5,17.5,8.2,60.0,15.5,20.0,13.0,19.5,21.0,26.0,8.4,80.0,5.8,6.6,7.8,50.0,9.2,530.0,35894872,67154937.0,84958475.0,58805.0,1.260679439,1.260679449,1.260679438,1.260679448,1.2,110.0,1.01,110.0,14.0,55.0,1.02,1.07,5.8,6.6,1.17,1.21,1.22,1.26,2.36,2.52,1.27,1.3,1.260679430,1.260679442,1.260679443,1.260679453
Chinese Super League,2026-08-08,08:35:00,Zhejiang Greentown,Wuhan Three Towns,1.71,1.8,4.3,4.9,4.4,4.8,2.8,3.15,1.47,1.55,1.55,1.63,2.58,2.84,4.6,38.0,19.0,32.0,4.8,50.0,4.8,110.0,12.5,17.5,10.0,13.5,16.5,23.0,4.8,48.0,12.5,17.0,9.4,13.0,14.0,19.5,4.8,55.0,16.5,21.0,14.0,19.5,17.5,30.0,4.9,70.0,5.8,7.8,4.5,32.0,4.9,430.0,35891157,23257633.0,23228754.0,58805.0,1.260653779,1.260653789,1.260653778,1.260653788,1.2,110.0,1.01,110.0,17.5,55.0,1.03,1.05,6.2,7.6,1.15,1.18,1.26,1.3,2.24,2.42,1.26,1.29,1.260653770,1.260653782,1.260653783,1.260653793
German 3 Liga,2026-08-08,09:00:00,Wehen Wiesbaden,Preussen Munster,2.7,2.96,2.52,2.76,3.5,3.95,2.1,2.28,1.79,1.91,1.65,1.76,2.32,2.52,13.0,20.0,10.0,14.5,14.5,22.0,4.7,44.0,10.0,15.5,6.6,9.8,9.6,14.5,21.0,32.0,15.0,23.0,9.8,14.5,12.0,18.5,4.7,42.0,4.8,48.0,21.0,34.0,4.7,42.0,5.0,85.0,16.5,25.0,15.5,23.0,5.3,1000.0,35851789,6500322.0,3235019.0,58805.0,1.260304128,1.260304138,1.260304127,1.260304137,2.92,4.6,1.27,1.52,15.0,20.0,1.05,1.07,4.2,4.7,1.27,1.31,1.56,1.66,1.51,1.59,1.34,1.4,1.260304119,1.260304131,1.260304132,1.260304142
German 3 Liga,2026-08-08,09:00:00,Ingolstadt,Wurzburger Kickers,1.72,1.82,4.3,4.9,4.3,4.7,2.5,2.74,1.57,1.67,1.62,1.71,2.4,2.62,19.0,28.0,17.0,23.0,32.0,44.0,5.8,110.0,11.0,14.5,9.2,11.0,14.0,21.0,5.6,60.0,11.5,15.5,9.2,12.0,14.5,19.5,38.0,55.0,14.5,22.0,14.5,19.0,20.0,32.0,5.7,75.0,5.9,8.4,5.4,44.0,6.0,540.0,35851787,1229688.0,6516913.0,58805.0,1.260304349,1.260304359,1.260304348,1.260304358,1.01,1000.0,1.01,20.0,17.0,36.0,1.03,1.05,5.4,6.2,1.19,1.23,1.25,1.3,2.2,2.4,1.27,1.31,1.260304340,1.260304352,1.260304353,1.260304363
German 3 Liga,2026-08-08,09:00:00,Duisburg,SV Meppen,1.54,1.6,6.0,7.2,4.6,4.8,2.66,2.9,1.52,1.61,1.61,1.77,2.3,2.62,8.2,28.0,26.0,32.0,46.0,60.0,11.0,190.0,10.5,13.5,9.8,12.0,21.0,26.0,55.0,90.0,10.0,12.5,8.8,10.5,16.0,18.5,50.0,60.0,13.0,18.0,12.5,15.0,22.0,26.0,10.0,100.0,5.0,5.9,36.0,60.0,10.5,490.0,35851782,210943.0,5945855.0,58805.0,1.260304569,1.260304579,1.260304568,1.260304578,3.25,1000.0,1.01,1.44,15.0,36.0,1.03,1.06,6.0,6.6,1.18,1.2,1.16,1.2,2.66,2.86,1.26,1.28,1.260304560,1.260304572,1.260304573,1.260304583
Chinese Super League,2026-08-08,09:00:00,Yunnan Yukun,Chengdu Rongcheng,3.25,3.65,2.04,2.14,4.2,4.4,3.2,3.6,1.38,1.46,1.42,1.5,3.0,3.4,5.8,38.0,16.0,21.0,16.5,20.0,5.5,29.0,20.0,32.0,10.0,14.5,10.0,14.5,15.5,19.5,5.7,34.0,13.0,16.5,12.0,17.5,19.5,28.0,6.2,65.0,5.7,32.0,5.7,32.0,6.0,50.0,13.5,16.5,6.6,7.6,6.6,250.0,35891155,55896077.0,50443280.0,58805.0,1.260653890,1.260653900,1.260653889,1.260653899,1.2,110.0,1.21,1.5,15.0,55.0,1.02,1.06,7.2,8.8,1.12,1.16,1.87,1.96,1.38,1.43,1.3,1.32,1.260653881,1.260653893,1.260653894,1.260653904
German 3 Liga,2026-08-08,09:00:00,TSV Havelse,Stuttgart II,3.3,3.6,2.0,2.14,4.1,4.5,2.96,3.4,1.41,1.51,1.39,1.6,2.66,3.55,5.4,40.0,15.5,21.0,16.5,22.0,20.0,30.0,18.5,28.0,8.6,13.0,9.2,14.0,14.0,21.0,5.3,38.0,14.0,18.0,10.5,16.5,18.0,27.0,5.7,65.0,5.2,32.0,5.3,36.0,5.6,50.0,15.0,19.5,6.2,7.8,6.0,260.0,35851788,5340376.0,6507690.0,58805.0,1.260304238,1.260304248,1.260304237,1.260304247,1.01,1000.0,1.01,20.0,17.5,55.0,1.02,1.05,7.0,8.2,1.13,1.16,1.88,2.0,1.38,1.44,1.28,1.33,1.260304229,1.260304241,1.260304242,1.260304252
German 3 Liga,2026-08-08,09:00:00,Viktoria Koln,Jahn Regensburg,2.4,2.68,2.66,3.0,3.8,4.0,2.38,2.7,1.59,1.72,1.55,1.67,2.48,2.82,17.5,27.0,12.5,19.0,17.0,26.0,4.5,48.0,11.5,18.0,7.4,11.0,10.0,15.5,20.0,32.0,15.0,23.0,9.6,14.5,11.5,17.5,4.4,38.0,4.5,42.0,18.0,28.0,4.4,36.0,4.7,70.0,11.0,16.5,13.0,19.5,5.0,460.0,35851785,6542379.0,4855758.0,58805.0,1.260304459,1.260304469,1.260304458,1.260304468,1.01,1000.0,1.01,20.0,13.5,36.0,1.03,1.07,5.0,6.6,1.17,1.25,1.5,1.6,1.6,1.71,1.33,1.36,1.260304450,1.260304462,1.260304463,1.260304473
Danish 1st Division,2026-08-08,09:00:00,Aarhus Fremad,HB Koge,1.7,1.85,4.7,6.2,3.9,4.6,2.14,2.6,1.62,1.88,1.11,1000.0,1.11,1000.0,1.03,1000.0,1.03,1000.0,1.03,1000.0,1.03,1000.0,1.03,1000.0,1.03,1000.0,1.03,1000.0,1.03,1000.0,1.03,1000.0,1.03,1000.0,1.03,1000.0,1.03,1000.0,1.03,1000.0,1.03,1000.0,1.03,1000.0,1.03,1000.0,1.01,1000.0,1.01,1000.0,1.03,1000.0,35891085,895064.0,3981030.0,58805.0,1.260653219,1.260653229,1.260653218,1.260653228,1.01,1000.0,1.01,20.0,1.15,110.0,1.01,7.8,2.26,5.6,1.22,1.79,1.2,1.28,2.16,2.44,1.27,1.35,1.260653210,1.260653222,1.260653223,1.260653233
Norwegian Eliteserien,2026-08-08,09:00:00,Valerenga,Bodo Glimt,6.2,6.6,1.51,1.53,5.3,5.5,3.4,3.65,1.38,1.42,1.54,1.59,2.72,2.84,34.0,42.0,15.0,17.0,12.5,14.5,14.5,16.5,36.0,38.0,12.0,14.0,10.0,11.5,12.5,14.0,50.0,65.0,22.0,25.0,16.0,18.0,19.5,22.0,44.0,190.0,50.0,65.0,42.0,60.0,46.0,55.0,32.0,40.0,4.1,4.4,50.0,340.0,35891068,132563.0,373549.0,58805.0,1.260653329,1.260653339,1.260653328,1.260653338,1.2,110.0,1.01,110.0,27.0,55.0,1.02,1.04,8.2,9.2,1.12,1.14,2.88,2.98,1.18,1.2,1.22,1.24,1.260653320,1.260653332,1.260653333,1.260653343
Polish Ekstraklasa,2026-08-08,09:45:00,Radomiak Radom,Gornik Zabrze,2.88,3.15,2.52,2.66,3.45,3.6,1.91,110.0,1.63,2.1,1.71,1.81,2.24,2.4,13.5,15.5,10.0,11.5,15.0,17.5,8.8,42.0,11.0,12.5,6.4,8.2,10.5,12.0,21.0,38.0,16.0,21.0,11.5,13.5,14.5,16.5,30.0,44.0,9.2,55.0,8.4,34.0,9.0,48.0,10.0,95.0,8.2,32.0,18.0,24.0,11.0,1000.0,35896920,1306561.0,503499.0,58805.0,1.260708242,1.260708245,1.260708289,1.260708290,3.0,110.0,1.01,1.49,1.15,21.0,1.05,7.8,1.1,4.5,1.28,1.38,1.6,1.66,1.47,1.53,1.38,1.41,1.260708291,1.260708252,1.260708243,1.260708244
Portuguese Segunda Liga,2026-08-08,10:00:00,Penafiel,Portimonense,1.94,2.06,4.2,4.7,3.5,3.7,1.83,2.04,1.96,2.22,1.84,1.99,2.02,2.18,10.5,15.5,11.5,17.5,4.7,38.0,5.1,120.0,6.8,10.0,6.4,9.4,13.5,21.0,5.0,70.0,9.4,14.0,8.2,12.0,14.5,22.0,5.0,75.0,17.5,27.0,16.5,25.0,4.8,44.0,5.1,130.0,12.0,17.5,5.0,80.0,5.4,1000.0,35891329,505984.0,505982.0,58805.0,1.260653440,1.260653450,1.260653439,1.260653449,2.66,4.2,1.32,1.6,10.5,15.5,1.07,1.11,3.5,4.4,1.34,1.39,1.27,1.32,1.94,2.08,1.37,1.4,1.260653431,1.260653443,1.260653444,1.260653454
Swedish Superettan,2026-08-08,10:00:00,Osters,Landskrona,2.4,2.56,2.74,2.94,3.95,4.6,2.08,3.55,1.39,1.93,1.11,10.5,1.11,970.0,1.03,1000.0,1.03,1000.0,1.03,1000.0,1.03,1000.0,1.03,1000.0,1.01,1000.0,1.03,1000.0,1.03,1000.0,1.03,1000.0,1.03,1000.0,1.01,1000.0,1.03,1000.0,1.03,1000.0,1.03,1000.0,1.03,1000.0,1.01,1000.0,1.01,1000.0,1.01,1000.0,1.03,1000.0,35892329,780885.0,130432.0,58805.0,1.260657001,1.260657004,1.260657048,1.260657049,1.2,110.0,1.01,110.0,1.15,110.0,1.01,1.26,2.08,9.6,1.16,1.26,1.51,1.58,1.64,1.72,1.27,1.34,1.260657050,1.260657011,1.260657002,1.260657003
Danish 2nd Division,2026-08-08,10:00:00,Skive,Nykobing FC,2.36,2.86,2.74,3.4,3.2,4.7,1.81,2.04,1.96,2.24,1.11,1000.0,1.11,1000.0,1.03,1000.0,1.03,1000.0,1.03,1000.0,1.03,1000.0,1.03,1000.0,1.03,1000.0,1.03,1000.0,1.03,1000.0,1.03,1000.0,1.03,1000.0,1.03,1000.0,1.03,1000.0,1.03,1000.0,1.03,1000.0,1.03,1000.0,1.03,1000.0,1.01,1000.0,1.01,1000.0,1.03,1000.0,35906229,151005.0,7459726.0,58805.0,1.260812748,1.260812758,1.260812747,1.260812757,2.56,4.1,1.33,1.64,3.2,110.0,1.01,1.41,3.2,100.0,1.01,1.4,1.41,1.58,1.54,1.73,1.27,1.46,1.260812739,1.260812751,1.260812752,1.260812762
Swedish Allsvenskan,2026-08-08,10:00:00,Orgryte,AIK,3.15,3.2,2.3,2.34,3.9,3.95,2.42,2.6,1.62,1.7,1.56,1.63,2.58,2.78,18.5,25.0,12.5,17.0,15.5,18.0,27.0,34.0,15.5,18.0,8.2,9.2,10.5,11.5,19.5,22.0,22.0,26.0,13.0,14.5,13.5,14.5,25.0,29.0,44.0,65.0,27.0,32.0,30.0,36.0,48.0,65.0,18.0,21.0,11.0,12.5,12.0,460.0,35891348,30686.0,168731.0,58805.0,1.260651732,1.260651735,1.260651779,1.260651780,3.75,4.9,1.26,1.36,15.5,26.0,1.04,1.06,5.2,5.8,1.21,1.24,1.74,1.77,1.45,1.47,1.33,1.35,1.260651781,1.260651742,1.260651733,1.260651734
Danish 2nd Division,2026-08-08,10:00:00,Thisted,Frederiksberg,2.1,2.64,2.74,3.75,2.82,4.4,1.76,2.18,1.84,2.3,1.11,1000.0,1.11,1000.0,1.01,1000.0,1.01,1000.0,1.01,1000.0,1.01,1000.0,1.01,1000.0,1.01,1000.0,1.01,1000.0,1.01,1000.0,1.01,1000.0,1.01,1000.0,1.01,1000.0,1.01,1000.0,1.01,1000.0,1.01,1000.0,1.01,1000.0,1.01,1000.0,1.01,1000.0,1.01,1000.0,1.03,1000.0,35906294,920044.0,17928272.0,58805.0,1.260823750,1.260823753,1.260823797,1.260823798,2.72,3.95,1.34,1.58,3.5,21.0,1.05,1.39,3.5,20.0,1.05,1.39,1.4,1.51,1.6,1.79,1.29,1.51,1.260823799,1.260823760,1.260823751,1.260823752
Uruguayan Segunda Division,2026-08-08,10:00:00,Uruguay Montevideo FC,Paysandu FC,2.52,3.0,2.74,3.45,2.92,4.2,1.57,1.77,2.28,2.76,1.01,1000.0,1.01,1000.0,1.03,1000.0,1.03,1000.0,1.03,1000.0,1.03,1000.0,1.03,1000.0,1.03,1000.0,1.03,1000.0,1.03,1000.0,1.03,1000.0,1.03,1000.0,1.03,1000.0,1.03,1000.0,1.03,1000.0,1.03,1000.0,1.03,1000.0,1.03,1000.0,1.01,1000.0,1.01,1000.0,1.03,1000.0,35908774,11076801.0,57046763.0,58805.0,1.260831183,1.260831193,1.260831182,1.260831192,1.01,1000.0,1.42,1.77,2.66,110.0,1.01,1.6,2.66,3.35,1.42,1.6,1.41,1.57,1.5,1.65,1.32,1.52,1.260831174,1.260831186,1.260831187,1.260831197
Polish I Liga,2026-08-08,10:30:00,Stal Mielec,Stal Rzeszow,1.62,1.76,4.6,6.4,4.4,6.0,2.72,3.4,1.41,1.59,1.11,1000.0,1.11,1000.0,1.01,1000.0,1.01,1000.0,1.01,1000.0,1.01,1000.0,1.01,1000.0,1.01,1000.0,1.01,1000.0,1.01,1000.0,1.01,1000.0,1.01,1000.0,1.01,1000.0,1.01,1000.0,1.01,1000.0,1.01,1000.0,1.01,1000.0,1.01,1000.0,1.01,1000.0,1.01,1000.0,1.01,1000.0,35896285,10133739.0,5817456.0,58805.0,1.260703046,1.260703049,1.260703093,1.260703094,1.01,1000.0,1.01,20.0,2.72,110.0,1.01,1.2,2.72,110.0,1.13,1.2,1.19,1.28,2.3,2.62,1.2,1.3,1.260703095,1.260703056,1.260703047,1.260703048
Polish I Liga,2026-08-08,10:30:00,Miedz Legnica,Pogon Grodzisk Mazowiecki,2.08,2.26,3.3,3.85,3.75,4.7,2.18,2.62,1.61,1.84,1.01,970.0,1.01,1000.0,1.01,1000.0,1.01,1000.0,1.01,1000.0,1.01,1000.0,1.01,1000.0,1.01,1000.0,1.01,1000.0,1.01,1000.0,1.01,1000.0,1.01,1000.0,1.01,1000.0,1.01,1000.0,1.01,1000.0,1.01,1000.0,1.01,1000.0,1.01,1000.0,1.01,1000.0,1.01,1000.0,1.01,1000.0,35896854,4935893.0,10490468.0,58805.0,1.260707346,1.260707349,1.260707393,1.260707394,1.01,1000.0,1.01,1000.0,2.6,110.0,1.01,1.3,2.6,100.0,1.21,1.3,1.35,1.44,1.79,1.93,1.27,1.37,1.260707395,1.260707356,1.260707347,1.260707348
Polish I Liga,2026-08-08,10:30:00,Puszcza Niepolomice,Odra Opole,2.34,2.64,3.1,3.6,3.35,3.65,1.73,1.91,2.1,2.36,1.11,970.0,1.11,970.0,1.01,1000.0,1.01,1000.0,1.01,1000.0,1.01,1000.0,1.01,1000.0,1.01,1000.0,1.01,1000.0,1.01,1000.0,1.01,1000.0,1.01,1000.0,1.01,1000.0,1.01,1000.0,1.01,1000.0,1.01,1000.0,1.01,1000.0,1.01,1000.0,1.01,1000.0,1.01,1000.0,1.01,1000.0,35900048,5751503.0,2618007.0,58805.0,1.260746931,1.260746934,1.260746978,1.260746979,2.54,3.9,1.34,1.65,8.6,16.0,1.06,1.14,3.25,16.0,1.36,1.44,1.38,1.48,1.61,1.75,1.37,1.43,1.260746980,1.260746941,1.260746932,1.260746933
Austrian Erste Liga,2026-08-08,10:30:00,Rapid Vienna (Am),Voitsberg,2.4,2.84,2.34,3.05,3.55,6.2,2.42,2.8,1.55,1.71,1.11,10.5,1.11,970.0,1.03,1000.0,1.03,1000.0,1.03,1000.0,1.03,1000.0,1.03,1000.0,1.03,1000.0,1.03,1000.0,1.03,1000.0,1.03,1000.0,1.03,1000.0,1.03,1000.0,1.03,1000.0,1.03,1000.0,1.03,1000.0,1.03,1000.0,1.03,1000.0,1.01,1000.0,1.01,1000.0,1.03,1000.0,35898652,4902225.0,542943.0,58805.0,1.260732242,1.260732245,1.260732289,1.260732290,3.05,1000.0,1.01,1.48,4.7,110.0,1.01,1.27,4.7,6.0,1.2,1.27,1.48,1.75,1.54,1.72,1.2,1.39,1.260732291,1.260732252,1.260732243,1.260732244
Scottish Championship,2026-08-08,11:00:00,Stenhousemuir,Morton,2.1,2.2,3.6,4.0,3.55,3.7,1.87,2.08,1.92,2.16,1.79,1.93,2.06,2.28,11.5,13.5,12.0,14.0,24.0,28.0,60.0,80.0,8.4,9.6,7.2,8.2,14.0,16.0,40.0,48.0,11.5,13.5,9.8,11.0,16.0,18.5,46.0,60.0,23.0,32.0,20.0,24.0,32.0,40.0,1.01,110.0,15.0,17.5,36.0,55.0,1.01,1000.0,35895557,729806.0,46283.0,58805.0,1.260682605,1.260682608,1.260682652,1.260682653,2.68,4.1,1.32,1.6,11.0,15.5,1.07,1.1,3.55,4.4,1.31,1.38,1.33,1.38,1.83,1.91,1.37,1.4,1.260682654,1.260682615,1.260682606,1.260682607
English National League,2026-08-08,11:00:00,Eastleigh,Gateshead,2.28,2.58,2.76,3.2,3.85,4.4,2.34,2.7,1.59,1.75,1.54,1.68,2.46,2.86,16.5,28.0,12.0,20.0,16.5,28.0,1.01,55.0,10.5,18.0,7.0,11.5,10.0,16.5,20.0,36.0,13.5,23.0,8.8,14.5,11.0,18.5,1.03,42.0,1.03,40.0,16.5,28.0,21.0,36.0,1.01,75.0,10.0,16.5,13.5,23.0,1.01,510.0,35809408,1222691.0,18571.0,58805.0,1.259921348,1.259921358,1.259921347,1.259921357,1.01,1000.0,1.01,20.0,15.0,110.0,1.01,1.07,4.9,6.0,1.2,1.25,1.46,1.57,1.63,1.79,1.29,1.36,1.259921339,1.259921351,1.259921352,1.259921362
English National League,2026-08-08,11:00:00,Woking,Sutton Utd,1.91,2.1,3.65,4.3,3.8,4.3,2.22,2.54,1.65,1.82,1.62,1.76,2.32,2.62,15.5,24.0,13.5,19.0,1.03,32.0,1.01,85.0,9.2,12.5,7.4,9.8,12.0,17.0,1.01,48.0,11.0,16.0,8.4,11.5,12.5,17.0,1.01,55.0,18.0,25.0,14.5,20.0,1.03,32.0,1.01,80.0,8.4,11.0,1.01,40.0,1.03,1000.0,35809382,41998.0,1034133.0,58805.0,1.259918560,1.259918570,1.259918559,1.259918569,1.01,1000.0,1.01,1000.0,15.0,24.0,1.04,1.07,4.6,5.6,1.23,1.28,1.31,1.37,1.9,2.1,1.3,1.36,1.259918551,1.259918563,1.259918564,1.259918574
English National League,2026-08-08,11:00:00,Hartlepool,Barrow,2.3,2.48,3.05,3.5,3.5,3.95,1.86,2.42,1.7,2.18,1.55,2.06,1.94,2.82,10.5,24.0,8.4,20.0,14.0,34.0,1.03,1000.0,7.2,16.0,5.4,12.5,8.4,20.0,1.03,50.0,9.6,23.0,7.2,17.0,10.0,24.0,1.03,1000.0,18.5,46.0,14.5,34.0,1.03,1000.0,1.03,1000.0,1.01,1000.0,1.01,1000.0,1.03,1000.0,35809380,48303.0,62647.0,58805.0,1.259918915,1.259918925,1.259918914,1.259918924,2.88,4.6,1.28,1.53,2.14,110.0,1.01,1.87,1.1,4.8,1.26,990.0,1.4,1.49,1.67,1.77,1.33,1.4,1.259918906,1.259918918,1.259918919,1.259918929
English National League,2026-08-08,11:00:00,Boreham Wood,Tamworth FC,1.44,1.53,6.0,10.5,4.8,5.6,2.6,3.25,1.45,1.62,1.11,970.0,1.11,970.0,1.03,1000.0,1.03,1000.0,1.03,1000.0,1.03,1000.0,1.03,1000.0,1.03,1000.0,1.03,1000.0,1.03,1000.0,1.03,1000.0,1.03,1000.0,1.03,1000.0,1.03,1000.0,1.03,1000.0,1.03,1000.0,1.03,1000.0,1.03,1000.0,1.01,1000.0,1.01,1000.0,1.03,1000.0,35809448,256120.0,21944374.0,58805.0,1.259921128,1.259921138,1.259921127,1.259921137,1.01,1000.0,1.01,20.0,5.9,110.0,1.01,1.21,5.9,7.2,1.16,1.21,1.14,1.2,2.88,3.45,1.21,1.27,1.259921119,1.259921131,1.259921132,1.259921142
English National League,2026-08-08,11:00:00,Harrogate Town,Solihull Moors,1.67,1.77,5.0,5.7,4.1,4.6,2.16,2.34,1.74,1.85,1.76,1.93,2.08,2.32,14.0,19.5,14.5,22.0,1.01,50.0,1.01,150.0,7.2,10.0,7.4,12.0,15.0,25.0,1.01,85.0,9.4,13.5,8.6,12.0,14.5,23.0,1.01,70.0,12.5,18.5,12.5,18.0,1.03,34.0,1.01,120.0,8.0,9.6,1.01,80.0,1.03,1000.0,35809399,256198.0,2437395.0,58805.0,1.259921770,1.259921780,1.259921769,1.259921779,2.92,4.8,1.27,1.52,15.5,21.0,1.05,1.07,4.3,4.9,1.25,1.31,1.21,1.25,2.28,2.5,1.28,1.33,1.259921761,1.259921773,1.259921774,1.259921784
English National League,2026-08-08,11:00:00,Hornchurch,Kidderminster,2.78,3.1,2.44,2.68,3.55,3.95,2.02,2.36,1.73,1.97,1.11,970.0,1.11,970.0,1.03,1000.0,1.03,1000.0,1.03,1000.0,1.03,1000.0,1.03,1000.0,1.03,1000.0,1.03,1000.0,1.03,1000.0,1.03,1000.0,1.03,1000.0,1.03,1000.0,1.03,1000.0,1.03,1000.0,1.03,1000.0,1.03,1000.0,1.03,1000.0,1.01,1000.0,1.01,1000.0,1.03,1000.0,35809461,598920.0,18560.0,58805.0,1.259922234,1.259922244,1.259922233,1.259922243,1.01,1000.0,1.01,20.0,1.15,110.0,1.01,1.21,4.0,5.0,1.25,1.33,1.59,1.7,1.47,1.57,1.33,1.4,1.259922225,1.259922237,1.259922238,1.259922248
English National League,2026-08-08,11:00:00,Carlisle,Worthing,1.59,1.69,5.4,7.2,4.3,4.8,2.22,2.48,1.68,1.81,1.53,2.24,1.8,2.86,13.0,29.0,14.5,34.0,1.03,1000.0,1.03,1000.0,6.6,13.5,6.8,14.5,14.0,30.0,1.03,1000.0,7.2,15.0,6.6,14.5,12.5,28.0,1.03,1000.0,10.0,23.0,10.5,23.0,19.0,44.0,1.03,1000.0,1.01,1000.0,1.01,1000.0,1.03,1000.0,35809375,18561.0,1034116.0,58805.0,1.259919136,1.259919146,1.259919135,1.259919145,1.01,1000.0,1.01,20.0,2.32,110.0,1.01,1.31,2.34,6.4,1.18,1.3,1.16,1.23,2.42,2.7,1.26,1.31,1.259919127,1.259919139,1.259919140,1.259919150
Scottish Championship,2026-08-08,11:00:00,Arbroath,Inverness CT,3.2,3.6,2.34,2.54,3.2,3.6,1.65,1.98,2.02,2.54,1.8,1.95,2.06,2.24,9.0,14.5,7.4,12.0,11.5,22.0,1.01,42.0,10.5,12.0,5.7,7.6,10.0,12.0,17.5,29.0,16.5,23.0,12.0,14.5,15.5,970.0,1.01,55.0,1.01,80.0,1.01,50.0,1.01,65.0,1.01,130.0,1.01,50.0,1.01,29.0,1.01,1000.0,35898256,306045.0,56285.0,58805.0,1.260727949,1.260727952,1.260727996,1.260727997,2.58,3.95,1.34,1.63,9.2,15.5,1.07,1.12,2.8,3.95,1.36,1.56,1.64,1.75,1.38,1.46,1.38,1.46,1.260727998,1.260727959,1.260727950,1.260727951
Scottish League One,2026-08-08,11:00:00,Ross Co,Montrose,1.25,1.4,8.8,990.0,5.0,11.0,2.04,2.8,1.55,1.96,1.11,1000.0,1.11,1000.0,1.01,1000.0,1.01,1000.0,1.01,1000.0,1.01,1000.0,1.01,1000.0,1.01,1000.0,1.01,1000.0,1.01,1000.0,1.01,1000.0,1.01,1000.0,1.01,1000.0,1.01,1000.0,1.01,1000.0,1.01,1000.0,1.01,1000.0,1.01,1000.0,1.01,1000.0,1.01,1000.0,1.01,1000.0,35895478,674742.0,674746.0,58805.0,1.260681453,1.260681456,1.260681500,1.260681501,1.01,1000.0,1.01,20.0,1.15,110.0,1.01,1.37,3.7,100.0,1.19,1.37,1.01,1.13,3.5,4.9,1.1,1.25,1.260681502,1.260681463,1.260681454,1.260681455
Scottish League Two,2026-08-08,11:00:00,Kelty Hearts,Stirling,2.18,2.4,3.2,3.6,3.25,3.85,1.89,2.08,1.93,2.14,1.75,1.93,2.08,2.32,10.5,18.0,9.4,15.5,17.5,30.0,1.01,80.0,7.4,12.5,6.2,10.0,10.5,17.0,1.01,50.0,12.5,18.0,8.4,14.0,13.0,22.0,1.01,60.0,21.0,36.0,18.0,30.0,1.01,48.0,1.01,120.0,13.0,22.0,1.01,48.0,1.01,1000.0,35895882,10317903.0,729811.0,58805.0,1.260694178,1.260694181,1.260694225,1.260694226,2.62,4.2,1.31,1.62,10.5,18.0,1.06,1.11,3.6,4.7,1.27,1.39,1.38,1.45,1.72,1.85,1.35,1.44,1.260694227,1.260694188,1.260694179,1.260694180
Swedish Division 1,2026-08-08,11:00:00,FC Jarfalla,IF Karlstad,2.04,990.0,1.04,2.0,2.04,950.0,1.26,990.0,1.18,4.9,1.11,1000.0,1.11,1000.0,1.01,1000.0,1.01,1000.0,1.01,1000.0,1.01,1000.0,1.01,1000.0,1.01,1000.0,1.01,1000.0,1.01,1000.0,1.01,1000.0,1.01,1000.0,1.01,1000.0,1.01,1000.0,1.01,1000.0,1.01,1000.0,1.01,1000.0,1.01,1000.0,1.01,1000.0,1.01,1000.0,1.01,1000.0,35905553,39685139.0,36938262.0,58805.0,1.260807915,1.260807925,1.260807914,1.260807924,1.01,1000.0,1.01,20.0,1.15,990.0,1.01,990.0,4.7,990.0,1.18,1.27,2.0,36.0,1.01,1.97,1.01,1.96,1.260807906,1.260807918,1.260807919,1.260807929
Swedish Division 1,2026-08-08,11:00:00,FC Trollhattan,Laholms,1.04,2.2,1.04,990.0,1.86,950.0,1.25,990.0,1.14,5.4,1.11,1000.0,1.11,1000.0,1.01,1000.0,1.01,1000.0,1.01,1000.0,1.01,1000.0,1.01,1000.0,1.01,1000.0,1.01,1000.0,1.01,1000.0,1.01,1000.0,1.01,1000.0,1.01,1000.0,1.01,1000.0,1.01,1000.0,1.01,1000.0,1.01,1000.0,1.01,1000.0,1.01,1000.0,1.01,1000.0,1.01,1000.0,35906574,9233132.0,502385.0,58805.0,1.260813107,1.260813117,1.260813106,1.260813116,1.01,1000.0,1.01,20.0,1.3,1000.0,1.01,1.26,1.3,990.0,1.15,1.25,1.01,36.0,1.83,36.0,1.01,2.16,1.260813098,1.260813110,1.260813111,1.260813121
Uruguayan Primera Division,2026-08-08,11:00:00,Central Espanol,Progreso,2.4,2.76,3.1,3.7,3.1,3.85,1.5,1.67,2.48,3.0,1.02,970.0,1.7,110.0,1.01,1000.0,1.01,1000.0,1.01,1000.0,1.01,1000.0,1.01,1000.0,1.01,1000.0,1.01,1000.0,1.01,1000.0,1.01,1000.0,1.01,1000.0,1.01,1000.0,1.01,1000.0,1.01,1000.0,1.01,1000.0,1.01,1000.0,1.01,1000.0,1.01,1000.0,1.01,1000.0,1.01,1000.0,35902284,5330852.0,6607289.0,58805.0,1.260767330,1.260767333,1.260767377,1.260767378,1.01,1000.0,1.46,1.82,2.5,110.0,1.01,1.67,2.5,100.0,1.02,1.67,1.37,1.48,1.57,1.71,1.35,1.47,1.260767379,1.260767340,1.260767331,1.260767332
Icelandic 1 Deild,2026-08-08,11:00:00,Njardvik,IF Vestri,1.02,1000.0,1.02,1000.0,1.02,500.0,1.25,990.0,1.14,4.9,1.11,970.0,1.11,970.0,1.01,1000.0,1.01,1000.0,1.01,1000.0,1.01,1000.0,1.01,1000.0,1.01,1000.0,1.01,1000.0,1.01,1000.0,1.01,1000.0,1.01,1000.0,1.01,1000.0,1.01,1000.0,1.01,1000.0,1.01,1000.0,1.01,1000.0,1.01,1000.0,1.01,1000.0,1.01,1000.0,1.01,1000.0,35910422,3968879.0,10891674.0,58805.0,1.260849760,1.260849771,1.260849759,1.260849770,1.01,1000.0,1.01,20.0,1.15,1000.0,1.01,990.0,1.26,990.0,1.14,1.23,1.01,990.0,1.01,990.0,1.01,110.0,1.260849751,1.260849764,1.260849765,1.260849776
Icelandic 1 Deild,2026-08-08,11:00:00,Grotta,Throttur,1.1,990.0,1.02,990.0,1.11,500.0,1.25,990.0,1.05,5.4,1.11,970.0,1.11,970.0,1.01,1000.0,1.01,1000.0,1.01,1000.0,1.01,1000.0,1.01,1000.0,1.01,1000.0,1.01,1000.0,1.01,1000.0,1.01,1000.0,1.01,1000.0,1.01,1000.0,1.01,1000.0,1.01,1000.0,1.01,1000.0,1.01,1000.0,1.01,1000.0,1.01,1000.0,1.01,1000.0,1.01,1000.0,35910443,3968883.0,3968882.0,58805.0,1.260849513,1.260849526,1.260849512,1.260849524,1.01,1000.0,1.01,20.0,1.15,1000.0,1.01,990.0,1.25,990.0,1.06,1.12,1.09,990.0,1.01,990.0,1.01,110.0,1.260849504,1.260849518,1.260849519,1.260849530
Swedish Division 1,2026-08-08,11:00:00,Tvaakers,Aatvidabergs Ff,1.67,970.0,1.11,2.56,1.02,950.0,1.3,970.0,1.16,5.0,1.01,1000.0,1.01,1000.0,1.03,1000.0,1.03,1000.0,1.03,1000.0,1.03,1000.0,1.03,1000.0,1.03,1000.0,1.03,1000.0,1.03,1000.0,1.03,1000.0,1.03,1000.0,1.03,1000.0,1.03,1000.0,1.03,1000.0,1.03,1000.0,1.03,1000.0,1.03,1000.0,1.01,1000.0,1.01,1000.0,1.03,1000.0,35907463,7179560.0,14199985.0,58805.0,1.260820628,1.260820638,1.260820627,1.260820637,1.01,1000.0,1.01,1000.0,5.5,1000.0,1.01,1.22,5.5,970.0,1.16,1.22,1.64,36.0,1.02,2.5,1.01,1.36,1.260820619,1.260820631,1.260820632,1.260820642
Swedish Division 1,2026-08-08,11:00:00,IFK Stocksund,Gefle,1.09,2.8,1.59,990.0,3.8,950.0,1.32,990.0,1.14,5.0,1.11,1000.0,1.11,1000.0,1.03,1000.0,1.03,1000.0,1.03,1000.0,1.03,1000.0,1.03,1000.0,1.03,1000.0,1.03,1000.0,1.03,1000.0,1.03,1000.0,1.03,1000.0,1.03,1000.0,1.03,1000.0,1.03,1000.0,1.03,1000.0,1.03,1000.0,1.03,1000.0,1.01,1000.0,1.01,1000.0,1.03,1000.0,35907453,18054394.0,151470.0,58805.0,1.260820976,1.260820986,1.260820975,1.260820985,1.01,1000.0,1.01,20.0,1.73,1000.0,1.01,1.8,5.3,990.0,1.14,1.2,1.02,2.74,1.55,36.0,1.01,1.36,1.260820967,1.260820979,1.260820980,1.260820990
Scottish League One,2026-08-08,11:00:00,Airdrieonians,East Kilbride,3.6,4.0,1.94,2.02,3.9,4.5,2.06,2.42,1.71,1.95,1.66,1.88,2.14,2.52,14.0,22.0,8.2,12.0,10.0,15.5,17.5,27.0,12.5,17.0,7.2,10.5,8.0,12.0,15.0,23.0,1.01,32.0,12.0,17.0,13.5,21.0,1.01,34.0,1.01,80.0,1.01,55.0,1.01,55.0,1.01,90.0,1.01,46.0,9.4,14.0,1.01,1000.0,35895083,7394884.0,8831169.0,58805.0,1.260680440,1.260680443,1.260680487,1.260680488,2.72,4.6,1.28,1.58,15.0,21.0,1.05,1.07,4.0,5.0,1.25,1.33,1.98,2.08,1.33,1.38,1.3,1.35,1.260680489,1.260680450,1.260680441,1.260680442
Scottish Premiership,2026-08-08,11:00:00,Dundee,Aberdeen,2.8,2.96,2.62,2.78,3.45,3.55,2.0,2.1,1.9,1.99,1.68,1.82,2.22,2.48,11.5,19.0,9.0,12.5,13.5,19.0,7.4,40.0,9.4,13.0,7.0,8.6,10.0,13.0,20.0,29.0,14.0,21.0,9.4,13.5,14.0,17.0,27.0,40.0,30.0,46.0,21.0,32.0,7.4,42.0,8.2,85.0,21.0,26.0,17.5,23.0,9.0,1000.0,35898681,13133.0,1189.0,58805.0,1.260734175,1.260734185,1.260734174,1.260734184,3.0,110.0,1.01,1.49,12.0,16.5,1.06,1.08,3.9,4.5,1.31,1.35,1.56,1.61,1.51,1.56,1.39,1.4,1.260734166,1.260734178,1.260734179,1.260734189
Danish 1st Division,2026-08-08,11:00:00,Hobro,AB,2.46,2.66,2.84,3.1,3.5,3.85,2.06,2.18,1.85,1.95,1.69,1.79,2.26,2.44,12.5,18.5,10.0,13.0,16.0,29.0,10.0,65.0,9.2,12.0,6.6,8.4,10.0,13.5,9.4,44.0,15.0,25.0,9.2,12.0,14.0,16.5,9.8,55.0,9.6,50.0,8.8,34.0,10.0,42.0,11.0,100.0,14.5,26.0,19.5,34.0,10.0,1000.0,35896207,1212772.0,113194.0,58805.0,1.260705974,1.260705984,1.260705973,1.260705983,2.8,4.5,1.29,1.55,12.5,18.0,1.06,1.08,4.1,4.5,1.29,1.33,1.47,1.55,1.6,1.69,1.35,1.4,1.260705965,1.260705977,1.260705978,1.260705988
Scottish Championship,2026-08-08,11:00:00,Dunfermline,Ayr,2.02,2.26,3.8,4.5,3.25,3.7,1.72,1.88,2.12,2.4,1.88,2.08,1.93,2.14,8.8,14.0,9.6,15.5,21.0,32.0,1.01,110.0,6.2,10.0,5.9,8.2,12.0,17.5,1.01,70.0,9.4,15.5,8.0,13.5,14.5,24.0,1.01,75.0,19.5,28.0,18.0,32.0,1.01,55.0,1.01,150.0,14.5,25.0,1.01,75.0,1.01,1000.0,35892877,48812.0,48005.0,58805.0,1.260660954,1.260660964,1.260660953,1.260660963,2.48,3.8,1.36,1.67,10.0,12.5,1.09,1.12,3.1,3.55,1.39,1.48,1.29,1.36,1.79,1.99,1.37,1.45,1.260660945,1.260660957,1.260660958,1.260660968
English National League,2026-08-08,11:00:00,Forest Green,FC Halifax Town,1.63,1.76,5.2,6.4,4.0,4.7,2.1,2.38,1.72,1.9,1.76,1.94,2.06,2.3,13.5,23.0,17.5,22.0,1.01,55.0,1.01,170.0,7.2,12.0,8.4,12.0,15.5,26.0,1.01,80.0,8.0,13.0,8.6,12.5,16.5,24.0,1.01,85.0,14.5,17.5,12.5,17.5,1.03,42.0,1.01,120.0,6.6,10.5,1.01,95.0,1.03,1000.0,35809373,36033.0,4231683.0,58805.0,1.259918195,1.259918205,1.259918194,1.259918204,1.01,1000.0,1.01,20.0,15.0,20.0,1.05,1.07,4.2,5.0,1.25,1.32,1.19,1.24,2.3,2.6,1.27,1.34,1.259918186,1.259918198,1.259918199,1.259918209
English National League,2026-08-08,11:00:00,AFC Fylde,Wealdstone,2.02,2.26,3.3,3.9,3.6,4.3,2.16,2.46,1.68,1.86,1.62,1.77,2.3,2.62,14.5,23.0,12.5,17.5,19.0,36.0,1.01,75.0,9.2,12.5,7.0,9.6,11.5,16.0,1.01,44.0,11.5,16.0,8.6,13.0,12.0,17.0,32.0,50.0,21.0,34.0,16.0,24.0,1.03,38.0,1.01,85.0,9.6,14.5,1.01,36.0,1.03,1000.0,35809372,4317866.0,2608900.0,58805.0,1.259918309,1.259918319,1.259918308,1.259918318,1.01,1000.0,1.01,20.0,13.5,23.0,1.04,1.07,4.4,5.3,1.23,1.29,1.34,1.44,1.79,1.97,1.3,1.39,1.259918300,1.259918312,1.259918313,1.259918323
Slovakian 2 Liga,2026-08-08,11:00:00,Tatran Presov,Tatran Lip Mikulas,1.57,2.02,4.0,100.0,3.55,8.6,1.8,2.36,1.73,2.26,1.11,1000.0,1.11,1000.0,1.01,1000.0,1.01,1000.0,1.01,1000.0,1.01,1000.0,1.01,1000.0,1.01,1000.0,1.01,1000.0,1.01,1000.0,1.01,1000.0,1.01,1000.0,1.01,1000.0,1.01,1000.0,1.01,1000.0,1.01,1000.0,1.01,1000.0,1.01,1000.0,1.01,1000.0,1.01,1000.0,1.01,1000.0,35903912,3143335.0,6438958.0,58805.0,1.260787270,1.260787280,1.260787269,1.260787279,2.66,4.3,1.3,1.61,1.15,110.0,1.01,1.39,2.04,110.0,1.01,1.39,1.09,1.33,1.98,2.74,1.13,1.39,1.260787261,1.260787273,1.260787274,1.260787284
Swedish Division 1,2026-08-08,11:00:00,Skovde AIK,Lunds BK,2.22,990.0,1.04,1.85,2.22,950.0,1.3,990.0,1.17,4.4,1.11,1000.0,1.11,1000.0,1.01,1000.0,1.01,1000.0,1.01,1000.0,1.01,1000.0,1.01,1000.0,1.01,1000.0,1.01,1000.0,1.01,1000.0,1.01,1000.0,1.01,1000.0,1.01,1000.0,1.01,1000.0,1.01,1000.0,1.01,1000.0,1.01,1000.0,1.01,1000.0,1.01,1000.0,1.01,1000.0,1.01,1000.0,35906572,14112862.0,4638301.0,58805.0,1.260813218,1.260813228,1.260813217,1.260813227,1.01,1000.0,1.01,20.0,5.0,990.0,1.01,1.25,5.0,990.0,1.17,1.25,2.16,36.0,1.01,1.82,1.01,1.82,1.260813209,1.260813221,1.260813222,1.260813232
Norwegian 1st Division,2026-08-08,11:00:00,Stabaek,Lyn,1.48,1.6,5.5,6.8,4.9,5.9,3.1,3.65,1.37,1.47,1.54,1.66,2.52,2.84,1.01,42.0,1.01,38.0,1.01,75.0,1.01,170.0,11.5,17.0,10.0,14.5,17.5,26.0,1.01,75.0,10.0,14.5,8.2,12.0,13.0,19.0,1.01,65.0,12.0,17.5,10.5,15.0,16.5,24.0,40.0,70.0,3.6,4.8,1.01,50.0,1.01,410.0,35896231,50045.0,31318.0,58805.0,1.260702503,1.260702506,1.260702550,1.260702551,1.01,1000.0,1.01,20.0,1.15,110.0,1.01,1.1,7.2,8.8,1.12,1.16,1.17,1.22,2.68,3.1,1.2,1.26,1.260702552,1.260702513,1.260702504,1.260702505
English National League,2026-08-08,11:00:00,Scunthorpe,Yeovil,1.87,2.06,3.95,4.6,3.65,4.2,2.06,2.32,1.75,1.94,1.68,1.85,2.18,2.46,12.5,21.0,12.5,21.0,1.03,40.0,1.01,110.0,8.8,12.5,6.6,11.0,12.5,21.0,1.01,60.0,10.5,13.5,7.8,12.5,12.5,18.5,1.01,65.0,16.0,27.0,14.0,24.0,1.03,40.0,1.01,110.0,8.6,14.0,1.01,60.0,1.03,1000.0,35809381,18566.0,132555.0,58805.0,1.259918695,1.259918705,1.259918694,1.259918704,2.6,5.1,1.24,1.62,12.5,21.0,1.05,1.09,4.1,5.5,1.24,1.33,1.27,1.34,1.96,2.16,1.31,1.38,1.259918686,1.259918698,1.259918699,1.259918709
Scottish Championship,2026-08-08,11:00:00,Queens Park,Raith,4.0,4.4,2.0,2.08,3.45,3.85,1.89,2.02,1.98,2.12,1.73,1.96,1.91,2.2,10.5,15.5,7.0,9.0,9.6,12.5,18.5,25.0,11.0,15.0,6.4,8.4,8.2,11.0,17.0,23.0,7.6,32.0,13.0,17.5,14.5,19.0,8.2,44.0,9.2,110.0,8.8,65.0,8.8,75.0,9.4,130.0,8.8,70.0,12.0,16.0,10.0,1000.0,35892875,729809.0,674747.0,58805.0,1.260661064,1.260661074,1.260661063,1.260661073,2.62,4.0,1.33,1.62,11.5,15.5,1.07,1.1,3.5,3.95,1.34,1.4,1.93,2.0,1.3,1.34,1.35,1.37,1.260661055,1.260661067,1.260661068,1.260661078
Scottish League Two,2026-08-08,11:00:00,Stranraer,Annan,2.0,2.26,3.6,4.4,3.4,3.95,1.89,2.14,1.89,2.14,1.64,1.95,2.06,2.58,10.5,17.5,10.5,18.0,20.0,36.0,1.01,95.0,7.0,11.5,6.2,10.0,11.5,19.5,1.01,60.0,10.0,16.5,7.8,13.0,13.0,22.0,1.01,70.0,18.5,32.0,16.0,28.0,1.01,46.0,1.01,120.0,11.5,19.5,1.01,60.0,1.01,1000.0,35895603,122903.0,11386623.0,58805.0,1.260683798,1.260683801,1.260683845,1.260683846,3.0,3.95,1.34,1.5,10.5,15.5,1.07,1.1,3.55,4.8,1.26,1.39,1.3,1.39,1.8,2.0,1.33,1.42,1.260683847,1.260683808,1.260683799,1.260683800
Scottish League Two,2026-08-08,11:00:00,Spartans,Edinburgh City,1.5,1.57,6.8,8.8,4.6,5.3,1.92,3.65,1.38,2.08,1.11,970.0,1.11,970.0,1.01,1000.0,1.01,1000.0,1.01,1000.0,1.01,1000.0,1.01,1000.0,1.01,1000.0,1.01,1000.0,1.01,1000.0,1.01,1000.0,1.01,1000.0,1.01,1000.0,1.01,1000.0,1.01,1000.0,1.01,1000.0,1.01,1000.0,1.01,1000.0,1.01,1000.0,1.01,1000.0,1.01,1000.0,35895604,66266.0,615040.0,58805.0,1.260683978,1.260683981,1.260684025,1.260684026,1.01,1000.0,1.01,20.0,15.0,36.0,1.03,1.08,3.35,32.0,1.21,1.28,1.13,1.18,2.74,3.0,1.23,1.28,1.260684027,1.260683988,1.260683979,1.260683980
English National League,2026-08-08,11:00:00,Boston Utd,Aldershot,2.0,2.14,3.45,3.85,3.9,4.2,2.3,2.52,1.66,1.77,1.61,1.72,2.4,2.62,18.0,21.0,15.5,18.0,25.0,29.0,12.5,80.0,10.5,12.5,8.2,9.4,13.5,15.5,32.0,48.0,12.5,15.0,9.6,11.5,14.0,16.5,34.0,55.0,22.0,25.0,17.0,20.0,25.0,30.0,55.0,70.0,9.6,11.5,21.0,30.0,13.5,590.0,35809374,256306.0,62504.0,58805.0,1.259918084,1.259918094,1.259918083,1.259918093,1.01,1000.0,1.01,20.0,17.5,24.0,1.04,1.06,4.8,5.4,1.22,1.27,1.35,1.4,1.87,2.0,1.31,1.34,1.259918075,1.259918087,1.259918088,1.259918098
Scottish League Two,2026-08-08,11:00:00,Dumbarton,Clyde,3.65,4.5,1.96,2.04,3.5,4.7,1.99,2.26,1.8,2.02,1.11,1000.0,1.11,1000.0,1.01,1000.0,1.01,1000.0,1.01,1000.0,1.01,1000.0,1.01,1000.0,1.01,1000.0,1.01,1000.0,1.01,1000.0,1.01,1000.0,1.01,1000.0,1.01,1000.0,1.01,1000.0,1.01,1000.0,1.01,1000.0,1.01,1000.0,1.01,1000.0,1.01,1000.0,1.01,1000.0,1.01,1000.0,35895670,2152.0,328050.0,58805.0,1.260685709,1.260685712,1.260685756,1.260685757,2.74,4.3,1.31,1.57,1.15,21.0,1.05,7.8,3.7,990.0,1.01,1.37,1.96,2.06,1.28,1.38,1.27,1.4,1.260685758,1.260685719,1.260685710,1.260685711
Scottish League One,2026-08-08,11:00:00,East Fife,Cove Rangers,2.22,2.48,3.25,3.8,3.35,3.7,1.77,1.97,2.04,2.3,1.11,1000.0,1.11,1000.0,1.01,1000.0,1.01,1000.0,1.01,1000.0,1.01,1000.0,1.01,1000.0,1.01,1000.0,1.01,1000.0,1.01,1000.0,1.01,1000.0,1.01,1000.0,1.01,1000.0,1.01,1000.0,1.01,1000.0,1.01,1000.0,1.01,1000.0,1.01,1000.0,1.01,1000.0,1.01,1000.0,1.01,1000.0,35895312,674743.0,284608.0,58805.0,1.260680851,1.260680856,1.260680904,1.260680905,2.48,3.9,1.35,1.67,3.05,110.0,1.01,1.48,3.05,100.0,1.36,1.48,1.35,1.45,1.67,1.82,1.37,1.43,1.260680906,1.260680867,1.260680852,1.260680854
Scottish Premiership,2026-08-08,11:00:00,St Mirren,St Johnstone,2.38,2.46,3.25,3.35,3.5,3.6,2.0,2.14,1.88,1.99,1.71,1.82,2.22,2.4,12.5,17.5,11.0,14.0,4.6,28.0,5.1,65.0,9.4,13.0,7.2,8.2,12.0,17.0,4.9,42.0,14.0,20.0,10.0,14.0,14.5,970.0,5.0,55.0,4.8,40.0,4.7,32.0,4.9,44.0,5.2,95.0,14.0,23.0,4.8,36.0,5.5,1000.0,35898699,674748.0,57425.0,58805.0,1.260733955,1.260733965,1.260733954,1.260733964,3.0,110.0,1.01,1.5,12.5,18.0,1.07,1.09,3.85,4.3,1.31,1.36,1.42,1.45,1.68,1.72,1.39,1.4,1.260733946,1.260733958,1.260733959,1.260733969
Scottish League One,2026-08-08,11:00:00,Hamilton,Alloa,1.66,1.71,5.5,6.4,3.95,4.4,1.93,2.12,1.9,2.08,1.87,2.08,1.94,2.14,12.0,17.5,14.5,19.5,30.0,48.0,1.01,160.0,7.0,8.6,7.2,9.6,17.0,23.0,1.01,85.0,8.6,10.5,8.4,10.5,16.0,22.0,1.01,90.0,1.01,17.5,15.0,19.0,24.0,38.0,1.01,140.0,9.2,11.0,1.01,110.0,1.01,1000.0,35894967,203716.0,203715.0,58805.0,1.260679801,1.260679804,1.260679848,1.260679849,1.01,1000.0,1.32,1.62,13.0,18.0,1.06,1.09,3.75,4.3,1.3,1.36,1.18,1.23,2.4,2.52,1.3,1.34,1.260679850,1.260679811,1.260679802,1.260679803
Norwegian Eliteserien,2026-08-08,11:00:00,Viking,Sarpsborg,1.42,1.46,7.2,8.0,5.7,6.2,3.45,3.9,1.35,1.41,1.58,1.67,2.5,2.72,7.4,55.0,36.0,50.0,7.8,85.0,8.2,200.0,14.5,18.0,12.5,16.0,23.0,32.0,7.8,90.0,11.5,14.5,10.0,12.5,16.5,20.0,7.6,70.0,12.5,15.5,11.5,14.5,20.0,25.0,7.6,70.0,3.45,4.0,38.0,60.0,8.4,390.0,35891471,168747.0,778903.0,58805.0,1.260653550,1.260653560,1.260653549,1.260653559,1.2,110.0,1.01,110.0,1.15,110.0,1.01,1.04,8.4,11.0,1.1,1.13,1.14,1.17,3.15,3.5,1.19,1.22,1.260653541,1.260653553,1.260653554,1.260653564
English National League,2026-08-08,11:00:00,Altrincham,Southend,4.6,5.3,1.75,1.84,4.0,4.5,2.2,2.42,1.71,1.84,1.71,1.85,2.18,2.4,14.0,23.0,7.8,12.5,8.8,14.5,13.5,23.0,14.5,24.0,7.2,11.5,7.6,12.5,12.5,22.0,4.1,48.0,14.0,24.0,13.0,22.0,4.0,38.0,4.4,130.0,4.2,70.0,4.3,70.0,4.3,100.0,4.2,65.0,7.0,11.0,4.5,1000.0,35809377,62505.0,69719.0,58805.0,1.259919026,1.259919036,1.259919025,1.259919035,2.72,5.4,1.22,1.58,16.5,21.0,1.05,1.07,4.4,5.9,1.23,1.29,2.18,2.34,1.23,1.28,1.29,1.34,1.259919017,1.259919029,1.259919030,1.259919040
Turkish 1 Lig,2026-08-08,11:00:00,Bandirmaspor,Istanbulspor,2.18,2.52,3.3,4.2,3.15,4.2,1.74,1.97,2.02,2.36,1.11,1000.0,1.11,1000.0,1.01,1000.0,1.01,1000.0,1.01,1000.0,1.01,1000.0,1.01,1000.0,1.01,1000.0,1.01,1000.0,1.01,1000.0,1.01,1000.0,1.01,1000.0,1.01,1000.0,1.01,1000.0,1.01,1000.0,1.01,1000.0,1.01,1000.0,1.01,1000.0,1.01,1000.0,1.01,1000.0,1.01,1000.0,35892340,4985299.0,113186.0,58805.0,1.260662711,1.260662756,1.260662795,1.260662720,2.58,3.95,1.33,1.63,3.1,110.0,1.01,1.48,3.1,100.0,1.34,1.48,1.32,1.44,1.66,1.84,1.31,1.46,1.260662712,1.260662714,1.260662715,1.260662759
Scottish League One,2026-08-08,11:00:00,Queen of South,Peterhead,2.6,3.15,2.44,2.8,3.4,4.9,2.02,2.36,1.74,1.97,1.11,1000.0,1.11,1000.0,1.01,1000.0,1.01,1000.0,1.01,1000.0,1.01,1000.0,1.01,1000.0,1.01,1000.0,1.01,1000.0,1.01,1000.0,1.01,1000.0,1.01,1000.0,1.01,1000.0,1.01,1000.0,1.01,1000.0,1.01,1000.0,1.01,1000.0,1.01,1000.0,1.01,1000.0,1.01,1000.0,1.01,1000.0,35895084,674744.0,729810.0,58805.0,1.260680350,1.260680353,1.260680397,1.260680398,1.01,1000.0,1.01,20.0,3.9,110.0,1.01,1.34,3.9,100.0,1.23,1.34,1.55,1.7,1.47,1.62,1.26,1.42,1.260680399,1.260680360,1.260680351,1.260680352
Scottish League Two,2026-08-08,11:00:00,Elgin City FC,Forfar,1.93,2.16,4.0,5.1,3.4,3.5,1.84,2.36,1.74,2.18,1.11,970.0,1.11,970.0,1.01,1000.0,1.01,1000.0,1.01,1000.0,1.01,1000.0,1.01,1000.0,1.01,1000.0,1.01,1000.0,1.01,1000.0,1.01,1000.0,1.01,1000.0,1.01,1000.0,1.01,1000.0,1.01,1000.0,1.01,1000.0,1.01,1000.0,1.01,1000.0,1.01,1000.0,1.01,1000.0,1.01,1000.0,35895602,46277118.0,729805.0,58805.0,1.260683888,1.260683891,1.260683935,1.260683936,2.66,4.3,1.3,1.61,3.4,26.0,1.04,1.41,3.3,26.0,1.04,1.41,1.24,1.34,1.86,2.08,1.4,1.42,1.260683937,1.260683898,1.260683889,1.260683890
Dutch Eerste Divisie,2026-08-08,11:30:00,Den Bosch,Almere City,2.96,3.35,2.14,2.36,4.0,4.8,2.9,3.4,1.42,1.53,1.01,1000.0,1.01,1000.0,1.01,1000.0,1.01,1000.0,1.01,1000.0,1.01,1000.0,1.01,1000.0,1.01,1000.0,1.01,1000.0,1.01,1000.0,1.01,1000.0,1.01,1000.0,1.01,1000.0,1.01,1000.0,1.01,1000.0,1.01,1000.0,1.01,1000.0,1.01,1000.0,1.01,1000.0,1.01,1000.0,1.01,1000.0,35891281,48452.0,4835124.0,58805.0,1.260650198,1.260650201,1.260650245,1.260650246,1.01,1000.0,1.01,110.0,17.5,55.0,1.02,1.05,1.01,10.0,1.11,1.17,1.73,1.87,1.42,1.51,1.31,1.34,1.260650247,1.260650208,1.260650199,1.260650200
Dutch Eredivisie,2026-08-08,11:30:00,NEC Nijmegen,SC Telstar,1.52,1.56,6.2,6.8,5.1,5.3,3.0,3.3,1.43,1.5,1.62,1.7,2.44,2.62,27.0,32.0,29.0,36.0,50.0,65.0,9.2,150.0,12.5,16.0,11.5,14.0,22.0,25.0,55.0,70.0,11.0,14.0,9.6,10.5,16.5,21.0,8.6,60.0,14.0,18.0,12.5,14.0,21.0,26.0,55.0,70.0,4.6,5.6,8.4,55.0,9.6,450.0,35792373,48456.0,11534958.0,58805.0,1.259760637,1.259760647,1.259760636,1.259760646,1.2,110.0,1.01,110.0,17.5,55.0,1.02,1.05,6.8,8.6,1.13,1.17,1.17,1.2,2.78,2.96,1.23,1.25,1.259760628,1.259760640,1.259760641,1.259760651
German 3 Liga,2026-08-08,11:30:00,SG Sonnenhof,Fortuna Koln,2.56,2.88,2.6,2.9,3.55,4.0,2.08,2.38,1.73,1.93,1.62,1.77,2.3,2.6,13.0,22.0,11.5,16.5,14.5,25.0,24.0,50.0,11.0,16.0,6.4,10.5,9.2,15.5,16.5,29.0,14.0,24.0,9.2,14.5,11.5,16.5,4.2,48.0,4.2,48.0,4.7,34.0,26.0,44.0,4.3,90.0,16.5,23.0,17.5,25.0,4.6,1000.0,35844958,4069229.0,5790034.0,58805.0,1.260240110,1.260240120,1.260240109,1.260240119,2.62,5.2,1.24,1.61,15.0,21.0,1.05,1.07,4.2,5.0,1.25,1.32,1.52,1.63,1.53,1.65,1.33,1.4,1.260240101,1.260240113,1.260240114,1.260240124
Portuguese Primeira Liga,2026-08-08,11:30:00,Maritimo,Casa Pia,2.48,2.62,2.94,3.2,3.5,3.6,1.87,1.97,2.04,2.14,1.77,1.93,2.08,2.3,12.0,14.0,10.0,12.0,18.0,21.0,44.0,55.0,9.4,10.5,7.0,8.0,11.5,13.5,30.0,38.0,14.0,16.5,10.5,12.0,16.0,18.5,40.0,50.0,32.0,38.0,25.0,29.0,36.0,44.0,11.0,110.0,20.0,25.0,27.0,38.0,12.0,1000.0,35863918,46964.0,616839.0,58805.0,1.260407913,1.260407923,1.260407912,1.260407922,1.2,110.0,1.01,110.0,11.0,15.5,1.07,1.1,3.45,3.95,1.34,1.4,1.46,1.51,1.61,1.68,1.39,1.4,1.260407904,1.260407916,1.260407917,1.260407927
Slovakian 2 Liga,2026-08-08,12:00:00,FC Slovan Galanta,FC Petrzalka,4.7,7.4,1.54,1.69,3.65,5.5,2.12,2.88,1.53,1.88,1.11,1000.0,1.11,1000.0,1.01,1000.0,1.01,1000.0,1.01,1000.0,1.01,1000.0,1.01,1000.0,1.01,1000.0,1.01,1000.0,1.01,1000.0,1.01,1000.0,1.01,1000.0,1.01,1000.0,1.01,1000.0,1.01,1000.0,1.01,1000.0,1.01,1000.0,1.01,1000.0,1.01,1000.0,1.01,1000.0,1.01,1000.0,35903917,10221174.0,4985270.0,58805.0,1.260787160,1.260787170,1.260787159,1.260787169,1.01,1000.0,1.01,20.0,1.15,110.0,1.01,1.33,1.1,110.0,1.2,1.33,2.44,2.86,1.16,1.25,1.22,1.32,1.260787151,1.260787163,1.260787164,1.260787174
Swedish Division 1,2026-08-08,12:00:00,Utsiktens,Hassleholms IF,1.11,990.0,1.11,990.0,1.22,950.0,1.34,990.0,1.17,5.0,1.11,1000.0,1.11,1000.0,1.03,1000.0,1.03,1000.0,1.03,1000.0,1.03,1000.0,1.03,1000.0,1.03,1000.0,1.03,1000.0,1.03,1000.0,1.03,1000.0,1.03,1000.0,1.03,1000.0,1.03,1000.0,1.03,1000.0,1.03,1000.0,1.03,1000.0,1.03,1000.0,1.01,1000.0,1.01,1000.0,1.03,1000.0,35907475,2382931.0,9371563.0,58805.0,1.260818505,1.260818515,1.260818504,1.260818514,1.01,1000.0,1.01,20.0,1.24,990.0,1.01,1.3,1.34,990.0,1.17,1.26,1.02,36.0,1.02,36.0,1.01,110.0,1.260818496,1.260818508,1.260818509,1.260818519
Slovakian 2 Liga,2026-08-08,12:00:00,FO Kinex Bytca,Inter Bratislava,5.1,7.0,1.59,1.74,3.8,4.6,1.95,2.22,1.81,2.06,1.85,2.08,1.93,2.18,1.01,19.0,1.01,9.8,1.01,11.5,1.01,19.0,1.01,24.0,1.01,11.0,1.01,11.5,1.01,21.0,1.01,60.0,1.01,27.0,1.01,25.0,1.01,42.0,1.01,200.0,1.01,110.0,1.01,95.0,1.01,140.0,1.01,130.0,1.01,11.0,1.01,1000.0,35903965,87433358.0,10773.0,58805.0,1.260786802,1.260786812,1.260786801,1.260786811,2.68,4.4,1.29,1.6,1.15,19.0,1.06,1.1,3.85,4.6,1.28,1.35,2.34,2.7,1.17,1.24,1.27,1.36,1.260786793,1.260786805,1.260786806,1.260786816
Swedish Superettan,2026-08-08,12:00:00,Norrkoping,IK Brage,1.58,1.65,5.4,5.9,4.6,5.2,2.72,3.4,1.42,1.59,1.42,2.08,1.92,3.35,1.01,1000.0,1.01,1000.0,1.01,1000.0,1.01,1000.0,1.01,1000.0,1.01,1000.0,1.01,1000.0,1.01,1000.0,1.01,1000.0,1.01,1000.0,1.01,1000.0,1.01,1000.0,1.01,1000.0,1.01,1000.0,1.01,1000.0,1.01,1000.0,1.01,1000.0,1.01,1000.0,1.01,1000.0,35892333,30683.0,502308.0,58805.0,1.260657091,1.260657094,1.260657138,1.260657139,1.2,110.0,1.01,110.0,5.7,110.0,1.01,1.21,5.7,8.2,1.14,1.21,1.2,1.23,2.52,2.74,1.23,1.28,1.260657140,1.260657101,1.260657092,1.260657093
Czech 1 Liga,2026-08-08,12:00:00,Teplice,Plzen,4.4,5.3,1.78,1.95,3.6,4.8,1.85,2.08,1.92,2.18,1.84,2.04,1.98,2.2,12.5,17.5,7.4,10.5,9.6,11.5,17.0,24.0,13.5,16.5,7.4,10.5,8.8,12.5,16.5,24.0,4.6,38.0,16.0,23.0,17.0,25.0,4.7,46.0,5.1,140.0,5.0,80.0,5.0,85.0,5.1,140.0,5.0,95.0,10.5,13.5,5.3,1000.0,35893337,174264.0,52613879.0,58805.0,1.260666014,1.260666024,1.260666013,1.260666023,1.2,110.0,1.01,110.0,12.0,15.5,1.07,1.09,3.6,4.2,1.31,1.38,2.04,2.3,1.23,1.29,1.27,1.39,1.260666005,1.260666017,1.260666018,1.260666028
Czech 1 Liga,2026-08-08,12:00:00,Zlin,Bohemians 1905,2.52,2.88,2.62,3.25,2.88,4.5,1.75,1.96,2.04,2.32,1.01,1000.0,1.01,1000.0,1.01,1000.0,1.01,1000.0,1.01,1000.0,1.01,1000.0,1.01,1000.0,1.01,1000.0,1.01,1000.0,1.01,1000.0,1.01,1000.0,1.01,1000.0,1.01,1000.0,1.01,1000.0,1.01,1000.0,1.01,1000.0,1.01,1000.0,1.01,1000.0,1.01,1000.0,1.01,1000.0,1.01,1000.0,35896279,367580.0,2467701.0,58805.0,1.260702938,1.260702941,1.260702985,1.260702986,1.01,110.0,1.01,110.0,3.25,110.0,1.01,1.45,3.25,100.0,1.34,1.45,1.44,1.59,1.53,1.66,1.28,1.53,1.260702987,1.260702948,1.260702939,1.260702940
Austrian Bundesliga,2026-08-08,12:00:00,Grazer AK,SC Austria Lustenau,2.08,2.24,3.6,4.2,3.4,3.75,1.86,2.04,1.98,2.18,1.11,1000.0,1.11,1000.0,1.01,1000.0,1.01,1000.0,1.01,1000.0,1.01,1000.0,1.01,1000.0,1.01,1000.0,1.01,1000.0,1.01,1000.0,1.01,1000.0,1.01,1000.0,1.01,1000.0,1.01,1000.0,1.01,1000.0,1.01,1000.0,1.01,1000.0,1.01,1000.0,1.01,1000.0,1.01,1000.0,1.01,1000.0,35895482,14074.0,8522727.0,58805.0,1.260681544,1.260681547,1.260681591,1.260681592,1.2,110.0,1.01,110.0,9.2,18.0,1.06,1.11,3.3,18.0,1.31,1.44,1.31,1.39,1.8,1.93,1.36,1.42,1.260681593,1.260681554,1.260681545,1.260681546
Slovakian 2 Liga,2026-08-08,12:00:00,OFK Banik Lehota,Malzenice,1.02,990.0,1.02,990.0,1.04,950.0,1.02,990.0,1.24,990.0,1.11,1000.0,1.11,1000.0,1.01,1000.0,1.01,1000.0,1.01,1000.0,1.01,1000.0,1.01,1000.0,1.01,1000.0,1.01,1000.0,1.01,1000.0,1.01,1000.0,1.01,1000.0,1.01,1000.0,1.01,1000.0,1.01,1000.0,1.01,1000.0,1.01,1000.0,1.01,1000.0,1.01,1000.0,1.01,1000.0,1.01,1000.0,35903962,25496817.0,15162394.0,58805.0,1.260786934,1.260786944,1.260786933,1.260786943,1.01,1000.0,1.01,20.0,1.15,990.0,1.01,7.8,1.5,990.0,1.24,3.0,1.01,990.0,1.01,990.0,1.01,500.0,1.260786925,1.260786937,1.260786938,1.260786948
Slovakian 2 Liga,2026-08-08,12:00:00,FK Humenne,Lokomotiva Zvolen,2.58,3.2,2.56,3.15,3.1,4.6,1.87,2.0,2.0,2.14,1.11,1000.0,1.11,1000.0,1.01,1000.0,1.01,1000.0,1.01,1000.0,1.01,1000.0,1.01,1000.0,1.01,1000.0,1.01,1000.0,1.01,1000.0,1.01,1000.0,1.01,1000.0,1.01,1000.0,1.01,1000.0,1.01,1000.0,1.01,1000.0,1.01,1000.0,1.01,1000.0,1.01,1000.0,1.01,1000.0,1.01,1000.0,35903982,20460225.0,5809913.0,58805.0,1.260786686,1.260786696,1.260786685,1.260786695,2.5,3.95,1.34,1.66,8.6,110.0,1.01,1.14,3.3,100.0,1.01,1.42,1.46,1.65,1.46,1.64,1.28,1.48,1.260786677,1.260786689,1.260786690,1.260786700
Polish Ekstraklasa,2026-08-08,12:30:00,Pogon Szczecin,LKP Motor Lublin,1.97,2.18,3.15,5.2,1.01,5.9,2.14,2.94,1.51,1.88,1.44,1000.0,1.11,1000.0,1.01,1000.0,1.01,1000.0,1.01,1000.0,1.01,1000.0,1.01,1000.0,1.01,1000.0,1.01,1000.0,1.01,1000.0,1.01,1000.0,1.01,1000.0,1.01,1000.0,1.01,1000.0,1.01,1000.0,1.01,1000.0,1.01,1000.0,1.01,1000.0,1.01,1000.0,1.01,1000.0,1.01,1000.0,35900054,46953.0,6635878.0,58805.0,1.260747041,1.260747044,1.260747088,1.260747089,1.2,110.0,1.01,110.0,13.5,36.0,1.03,1.07,2.14,990.0,1.18,1.85,1.29,1.46,1.84,2.04,1.25,1.46,1.260747090,1.260747051,1.260747042,1.260747043
Romanian Liga I,2026-08-08,12:30:00,Farul Constanta,Csikszereda,1.52,1.61,6.4,7.4,4.4,5.0,2.22,2.42,1.7,1.82,1.82,1.96,2.04,2.22,15.5,21.0,20.0,27.0,6.2,65.0,6.8,220.0,7.8,10.5,8.8,12.0,5.6,29.0,6.6,100.0,8.4,11.0,8.8,12.0,19.0,25.0,6.4,90.0,12.5,14.5,14.0,16.0,5.9,38.0,6.6,120.0,6.2,7.6,6.6,120.0,7.0,1000.0,35871451,1556985.0,8886239.0,58805.0,1.260473817,1.260473827,1.260473816,1.260473826,1.2,110.0,1.01,110.0,15.0,21.0,1.05,1.07,4.4,5.3,1.23,1.29,1.15,1.19,2.62,2.94,1.25,1.3,1.260473808,1.260473820,1.260473821,1.260473831
Hungarian NB I,2026-08-08,12:30:00,Kisvarda,Ujpest,2.56,2.98,2.66,3.05,3.3,3.9,1.94,2.26,1.8,2.06,1.01,1000.0,1.01,1000.0,1.01,1000.0,1.01,1000.0,1.01,1000.0,1.01,1000.0,1.01,1000.0,1.01,1000.0,1.01,1000.0,1.01,1000.0,1.01,1000.0,1.01,1000.0,1.01,1000.0,1.01,1000.0,1.01,1000.0,1.01,1000.0,1.01,1000.0,1.01,1000.0,1.01,1000.0,1.01,1000.0,1.01,1000.0,35903770,7670420.0,521199.0,58805.0,1.260776421,1.260776424,1.260776468,1.260776469,1.01,1000.0,1.01,1000.0,3.5,110.0,1.01,1.4,3.5,4.8,1.28,1.4,1.48,1.6,1.51,1.65,1.34,1.43,1.260776470,1.260776431,1.260776422,1.260776423
Austrian Erste Liga,2026-08-08,12:30:00,SV Austria Salzburg,First Vienna Fc 1894,2.78,3.05,2.54,2.8,3.35,3.7,1.94,2.04,1.96,2.08,1.11,970.0,1.11,970.0,1.01,1000.0,1.01,1000.0,1.01,1000.0,1.01,1000.0,1.01,1000.0,1.01,1000.0,1.01,1000.0,1.01,1000.0,1.01,1000.0,1.01,1000.0,1.01,1000.0,1.01,1000.0,1.01,1000.0,1.01,1000.0,1.01,1000.0,1.01,1000.0,1.01,1000.0,1.01,1000.0,1.01,1000.0,35895092,4902221.0,14131892.0,58805.0,1.260680695,1.260680698,1.260680742,1.260680743,2.66,4.1,1.32,1.6,1.15,990.0,1.01,1.28,3.5,110.0,1.31,1.4,1.55,1.65,1.48,1.57,1.37,1.43,1.260680744,1.260680705,1.260680696,1.260680697
Swedish Allsvenskan,2026-08-08,12:30:00,Mjallby,Elfsborg,2.68,2.72,2.84,2.86,3.55,3.65,1.97,2.08,1.93,2.04,1.76,1.84,2.2,2.32,12.5,15.5,10.5,12.0,16.5,22.0,32.0,44.0,10.5,12.0,7.4,8.4,10.5,14.5,7.0,32.0,15.0,18.5,10.5,13.0,14.0,17.5,7.4,42.0,7.4,44.0,7.0,34.0,7.4,48.0,8.2,100.0,17.5,27.0,21.0,26.0,9.0,1000.0,35892324,60143.0,30684.0,58805.0,1.260656713,1.260656716,1.260656760,1.260656761,3.0,4.3,1.3,1.5,12.0,15.5,1.07,1.09,3.75,4.1,1.32,1.35,1.53,1.55,1.58,1.6,1.37,1.4,1.260656762,1.260656723,1.260656714,1.260656715
Austrian Erste Liga,2026-08-08,12:30:00,SK Sturm Graz II,Floridsdorfer AC,4.9,6.2,1.72,1.88,3.65,4.3,1.89,2.12,1.89,2.12,1.11,1000.0,1.11,1000.0,1.01,1000.0,1.01,1000.0,1.01,1000.0,1.01,1000.0,1.01,1000.0,1.01,1000.0,1.01,1000.0,1.01,1000.0,1.01,1000.0,1.01,1000.0,1.01,1000.0,1.01,1000.0,1.01,1000.0,1.01,1000.0,1.01,1000.0,1.01,1000.0,1.01,1000.0,1.01,1000.0,1.01,1000.0,35897297,8260664.0,9900108.0,58805.0,1.260714953,1.260714956,1.260715000,1.260715001,2.74,4.3,1.3,1.57,3.2,110.0,1.01,1.31,3.2,100.0,1.3,1.46,2.12,2.4,1.2,1.26,1.3,1.38,1.260715002,1.260714963,1.260714954,1.260714955
Austrian Erste Liga,2026-08-08,12:30:00,Bregenz,KSV 1919,2.04,2.3,3.0,3.85,3.85,6.8,2.52,3.05,1.48,1.66,1.01,1000.0,1.01,1000.0,1.01,1000.0,1.01,1000.0,1.01,1000.0,1.01,1000.0,1.01,1000.0,1.01,1000.0,1.01,1000.0,1.01,1000.0,1.01,1000.0,1.01,1000.0,1.01,1000.0,1.01,1000.0,1.01,1000.0,1.01,1000.0,1.01,1000.0,1.01,1000.0,1.01,1000.0,1.01,1000.0,1.01,1000.0,35892916,215183.0,10777940.0,58805.0,1.260663203,1.260663263,1.260663306,1.260663220,1.01,1000.0,1.01,1000.0,1.01,110.0,1.01,1.65,2.52,10.5,1.15,1.65,1.35,1.5,1.76,1.97,1.21,1.35,1.260663204,1.260663208,1.260663210,1.260663269
Portuguese Liga 3,2026-08-08,13:00:00,Covilha,Santarem,2.66,3.15,2.8,3.3,2.96,3.75,1.54,1.75,2.32,2.86,1.11,1000.0,1.11,1000.0,1.01,1000.0,1.01,1000.0,1.01,1000.0,1.01,1000.0,1.01,1000.0,1.01,1000.0,1.01,1000.0,1.01,1000.0,1.01,1000.0,1.01,1000.0,1.01,1000.0,1.01,1000.0,1.01,1000.0,1.01,1000.0,1.01,1000.0,1.01,1000.0,1.01,1000.0,1.01,1000.0,1.01,1000.0,35893352,336269.0,25562184.0,58805.0,1.260665452,1.260665462,1.260665451,1.260665461,2.38,1000.0,1.01,1.72,4.2,110.0,1.01,1.17,2.72,3.25,1.45,1.58,1.43,1.55,1.47,1.6,1.37,1.51,1.260665443,1.260665455,1.260665456,1.260665466
Lithuanian A Lyga,2026-08-08,13:00:00,FK Kauno Zalgiris,Hegelmann Litauen,1.02,1.4,4.3,110.0,1.01,440.0,1.96,970.0,1.21,1.95,1.01,1000.0,1.01,1000.0,1.01,1000.0,1.01,1000.0,1.01,1000.0,1.01,1000.0,1.01,1000.0,1.01,1000.0,1.01,1000.0,1.01,1000.0,1.01,1000.0,1.01,1000.0,1.01,1000.0,1.01,1000.0,1.01,1000.0,1.01,1000.0,1.01,1000.0,1.01,1000.0,1.01,1000.0,1.01,1000.0,1.01,1000.0,35910431,43403902.0,19046910.0,58805.0,1.260841577,1.260841580,1.260841624,1.260841625,1.01,1000.0,1.01,1000.0,1.01,1000.0,1.01,1.33,3.25,970.0,1.21,1.32,1.01,1.3,3.1,970.0,1.01,1.28,1.260841626,1.260841587,1.260841578,1.260841579
Slovakian Super League,2026-08-08,13:00:00,Ruzomberok,Podbrezova,2.64,3.0,2.5,2.82,3.5,4.4,2.1,2.34,1.74,1.91,1.11,970.0,1.11,970.0,1.01,1000.0,1.01,1000.0,1.01,1000.0,1.01,1000.0,1.01,1000.0,1.01,1000.0,1.01,1000.0,1.01,1000.0,1.01,1000.0,1.01,1000.0,1.01,1000.0,1.01,1000.0,1.01,1000.0,1.01,1000.0,1.01,1000.0,1.01,1000.0,1.01,1000.0,1.01,1000.0,1.01,1000.0,35892879,52764.0,8672708.0,58805.0,1.260661690,1.260661700,1.260661689,1.260661699,1.01,1000.0,1.01,20.0,1.15,26.0,1.05,1.11,3.85,7.8,1.25,1.32,1.54,1.67,1.5,1.61,1.29,1.4,1.260661681,1.260661693,1.260661694,1.260661704
Swiss Super League,2026-08-08,13:00:00,Lausanne,Young Boys,3.05,3.3,2.14,2.28,4.2,4.9,3.1,3.35,1.42,1.48,1.43,1.51,2.96,3.35,4.7,40.0,14.5,22.0,15.5,24.0,21.0,34.0,18.0,27.0,10.0,13.0,9.6,14.5,17.0,23.0,4.6,34.0,11.5,17.5,12.5,16.0,18.0,28.0,4.9,60.0,4.6,34.0,4.6,34.0,4.8,48.0,11.5,17.5,7.2,9.4,5.3,260.0,35893404,2093796.0,65778.0,58805.0,1.260664882,1.260664885,1.260664929,1.260664930,1.2,110.0,1.01,110.0,7.2,55.0,1.02,1.05,7.2,8.4,1.14,1.16,1.79,1.88,1.43,1.49,1.25,1.32,1.260664931,1.260664892,1.260664883,1.260664884
Slovenian Premier League,2026-08-08,13:00:00,Mura,NK Radomlje,1.02,990.0,1.02,990.0,1.02,500.0,1.25,990.0,1.23,6.0,1.11,970.0,1.11,970.0,1.01,1000.0,1.01,1000.0,1.01,1000.0,1.01,1000.0,1.01,1000.0,1.01,1000.0,1.01,1000.0,1.01,1000.0,1.01,1000.0,1.01,1000.0,1.01,1000.0,1.01,1000.0,1.01,1000.0,1.01,1000.0,1.01,1000.0,1.01,1000.0,1.01,1000.0,1.01,1000.0,1.01,1000.0,35897287,503236.0,7862107.0,58805.0,1.260714512,1.260714515,1.260714559,1.260714560,1.01,1000.0,1.01,20.0,1.26,990.0,1.01,7.8,1.26,110.0,1.23,5.0,1.01,990.0,1.01,990.0,1.01,110.0,1.260714561,1.260714522,1.260714513,1.260714514
Turkish 1 Lig,2026-08-08,13:00:00,Sivasspor,Erokspor A.S,2.94,4.6,1.94,2.58,3.3,6.6,1.86,2.38,1.72,2.18,1.11,1000.0,1.11,1000.0,1.01,1000.0,1.01,1000.0,1.01,1000.0,1.01,1000.0,1.01,1000.0,1.01,1000.0,1.01,1000.0,1.01,1000.0,1.01,1000.0,1.01,1000.0,1.01,1000.0,1.01,1000.0,1.01,1000.0,1.01,1000.0,1.01,1000.0,1.01,1000.0,1.01,1000.0,1.01,1000.0,1.01,1000.0,35893342,508773.0,20929178.0,58805.0,1.260666147,1.260666157,1.260666146,1.260666156,1.01,1000.0,1.01,20.0,1.15,110.0,1.01,7.8,3.75,5.0,1.25,1.36,1.63,2.08,1.28,1.52,1.18,1.44,1.260666138,1.260666150,1.260666151,1.260666161
Estonian Premier League,2026-08-08,13:00:00,Trans Narva,Nomme Kalju,4.2,5.8,1.73,1.85,3.85,4.5,2.06,2.5,1.66,1.94,1.11,970.0,1.11,970.0,1.01,1000.0,1.01,1000.0,1.01,1000.0,1.01,1000.0,1.01,1000.0,1.01,1000.0,1.01,1000.0,1.01,1000.0,1.01,1000.0,1.01,1000.0,1.01,1000.0,1.01,1000.0,1.01,1000.0,1.01,1000.0,1.01,1000.0,1.01,1000.0,1.01,1000.0,1.01,1000.0,1.01,1000.0,35898864,46983.0,4007449.0,58805.0,1.260734999,1.260735002,1.260735046,1.260735047,1.01,1000.0,1.01,20.0,1.15,110.0,1.01,1.12,3.65,100.0,1.21,1.37,2.16,2.38,1.2,1.28,1.28,1.34,1.260735048,1.260735009,1.260735000,1.260735001
Bulgarian A League,2026-08-08,13:00:00,Lokomotiv Sofia,CSKA 1948 Sofia,2.78,3.15,2.44,3.25,2.8,3.65,1.7,2.18,1.84,2.44,1.01,970.0,1.01,970.0,1.01,1000.0,1.01,1000.0,1.01,1000.0,1.01,1000.0,1.01,1000.0,1.01,1000.0,1.01,1000.0,1.01,1000.0,1.01,1000.0,1.01,1000.0,1.01,1000.0,1.01,1000.0,1.01,1000.0,1.01,1000.0,1.01,1000.0,1.01,1000.0,1.01,1000.0,1.01,1000.0,1.01,1000.0,35892331,1255223.0,20732043.0,58805.0,1.260661910,1.260661920,1.260661909,1.260661919,1.01,110.0,1.01,110.0,1.01,110.0,1.01,970.0,3.0,5.1,1.31,1.5,1.58,1.7,1.47,1.56,1.37,1.41,1.260661901,1.260661913,1.260661914,1.260661924
Finnish Veikkausliiga,2026-08-08,13:00:00,Jaro,VPS,3.9,4.3,2.0,2.06,3.7,4.0,2.06,2.28,1.78,1.95,1.58,1.99,2.02,2.72,2.2,23.0,2.08,14.5,9.4,18.0,2.26,32.0,2.2,23.0,2.04,12.5,2.1,15.0,2.24,28.0,2.32,46.0,2.2,23.0,2.22,24.0,2.32,46.0,2.38,100.0,2.36,70.0,2.36,70.0,2.44,1000.0,2.44,1000.0,2.44,1000.0,2.44,1000.0,35895768,139508.0,139511.0,58805.0,1.260689384,1.260689387,1.260689431,1.260689432,3.0,4.1,1.33,1.49,11.0,21.0,1.05,1.09,2.2,5.8,1.24,1.82,1.94,2.0,1.32,1.35,1.33,1.37,1.260689433,1.260689394,1.260689385,1.260689386
Norwegian Eliteserien,2026-08-08,13:00:00,Start,Fredrikstad,2.32,2.4,3.1,3.3,3.6,3.8,2.08,2.22,1.81,1.93,1.57,1.96,1.01,1000.0,1.01,1000.0,1.01,1000.0,1.01,1000.0,1.01,1000.0,1.01,1000.0,1.01,1000.0,1.01,1000.0,1.01,1000.0,1.01,1000.0,1.01,1000.0,1.01,1000.0,1.01,1000.0,1.01,1000.0,1.01,1000.0,1.01,1000.0,1.01,1000.0,1.01,1000.0,1.01,1000.0,1.01,1000.0,35892334,774893.0,168742.0,58805.0,1.260661800,1.260661810,1.260661799,1.260661809,1.01,4.1,1.32,110.0,11.0,21.0,1.05,1.09,3.7,5.8,1.24,1.37,1.43,1.48,1.71,1.76,1.35,1.39,1.260661791,1.260661803,1.260661804,1.260661814
Slovakian Super League,2026-08-08,13:00:00,Zemplin,KFC Komarno,2.28,2.9,2.5,3.3,3.35,6.2,2.06,2.36,1.73,1.93,1.11,970.0,1.11,970.0,1.01,1000.0,1.01,1000.0,1.01,1000.0,1.01,1000.0,1.01,1000.0,1.01,1000.0,1.01,1000.0,1.01,1000.0,1.01,1000.0,1.01,1000.0,1.01,1000.0,1.01,1000.0,1.01,1000.0,1.01,1000.0,1.01,1000.0,1.01,1000.0,1.01,1000.0,1.01,1000.0,1.01,1000.0,35896770,4985275.0,11450136.0,58805.0,1.260709402,1.260709412,1.260709401,1.260709411,1.01,1000.0,1.01,20.0,10.0,110.0,1.01,1.11,4.0,5.0,1.25,1.33,1.43,1.66,1.53,1.78,1.19,1.43,1.260709393,1.260709405,1.260709406,1.260709416
Portuguese Liga 3,2026-08-08,13:30:00,CF Os Belenenses,Caldas SC,1.55,1.94,4.9,9.0,3.25,6.8,1.57,1.98,2.02,2.74,1.11,1000.0,1.11,1000.0,1.01,1000.0,1.01,1000.0,1.01,1000.0,1.01,1000.0,1.01,1000.0,1.01,1000.0,1.01,1000.0,1.01,1000.0,1.01,1000.0,1.01,1000.0,1.01,1000.0,1.01,1000.0,1.01,1000.0,1.01,1000.0,1.01,1000.0,1.01,1000.0,1.01,1000.0,1.01,1000.0,1.01,1000.0,35893351,41895590.0,11819580.0,58805.0,1.260665342,1.260665352,1.260665341,1.260665351,2.42,1000.0,1.01,1.7,2.66,26.0,1.04,1.6,2.66,4.2,1.32,1.6,1.12,1.26,2.06,2.82,1.17,1.44,1.260665333,1.260665345,1.260665346,1.260665356
Chilean Primera B,2026-08-08,13:30:00,Union San Felipe,Deportes Recoleta,1.17,990.0,1.18,990.0,1.18,500.0,1.25,990.0,1.35,6.0,1.11,1000.0,1.11,1000.0,1.01,1000.0,1.01,1000.0,1.01,1000.0,1.01,1000.0,1.01,1000.0,1.01,1000.0,1.01,1000.0,1.01,1000.0,1.01,1000.0,1.01,1000.0,1.01,1000.0,1.01,1000.0,1.01,1000.0,1.01,1000.0,1.01,1000.0,1.01,1000.0,1.01,1000.0,1.01,1000.0,1.01,1000.0,35910170,4966011.0,11386470.0,58805.0,1.260847633,1.260847643,1.260847632,1.260847642,1.01,1000.0,1.01,20.0,1.25,990.0,1.01,7.8,1.25,990.0,1.35,20.0,1.05,9.4,1.06,9.4,1.05,9.0,1.260847624,1.260847636,1.260847637,1.260847647
Dutch Eredivisie,2026-08-08,13:45:00,Go Ahead Eagles,Willem II,1.64,1.75,4.9,5.7,4.2,4.7,2.42,2.68,1.59,1.7,1.64,1.76,2.32,2.56,19.5,25.0,19.5,25.0,7.2,46.0,8.0,130.0,10.0,12.5,9.0,11.0,17.0,21.0,7.6,70.0,10.5,13.0,8.8,11.0,14.5,18.5,7.6,65.0,15.0,18.5,13.5,17.0,6.6,29.0,7.8,85.0,6.2,7.8,7.4,60.0,8.4,640.0,35792374,419123.0,48455.0,58805.0,1.259760520,1.259760530,1.259760519,1.259760529,3.0,110.0,1.29,1.49,15.0,26.0,1.04,1.06,5.0,7.6,1.19,1.25,1.21,1.26,2.32,2.54,1.27,1.32,1.259760511,1.259760523,1.259760524,1.259760534
Portuguese Primeira Liga,2026-08-08,14:00:00,Guimaraes,Arouca,1.92,1.97,4.2,4.6,3.8,3.85,2.0,2.08,1.92,2.0,1.67,1.93,2.08,2.48,13.5,14.5,13.5,15.5,29.0,34.0,14.5,110.0,8.0,9.0,8.0,9.0,15.0,17.0,48.0,55.0,10.5,12.0,9.0,10.5,17.5,19.5,50.0,70.0,19.5,22.0,18.0,20.0,32.0,36.0,16.0,110.0,12.0,13.5,44.0,60.0,16.0,1000.0,35871823,50085.0,3413603.0,58805.0,1.260477454,1.260477464,1.260477453,1.260477463,1.2,110.0,1.01,110.0,13.5,18.0,1.06,1.08,3.75,4.3,1.31,1.37,1.28,1.31,2.02,2.1,1.35,1.36,1.260477445,1.260477457,1.260477458,1.260477468
Portuguese Segunda Liga,2026-08-08,14:00:00,Tondela,Amarante,1.64,1.82,5.1,7.2,3.65,4.1,1.61,1.9,2.12,5.0,1.11,970.0,1.11,970.0,1.01,1000.0,1.01,1000.0,1.01,1000.0,1.01,1000.0,1.01,1000.0,1.01,1000.0,1.01,1000.0,1.01,1000.0,1.01,1000.0,1.01,1000.0,1.01,1000.0,1.01,1000.0,1.01,1000.0,1.01,1000.0,1.01,1000.0,1.01,1000.0,1.01,1000.0,1.01,1000.0,1.01,1000.0,35903101,4240339.0,10309726.0,58805.0,1.260771641,1.260771644,1.260771688,1.260771689,2.48,3.75,1.36,1.67,1.15,110.0,1.01,1.49,1.1,100.0,1.37,1.49,1.16,1.24,2.22,2.54,1.32,1.38,1.260771690,1.260771651,1.260771642,1.260771643
Austrian Bundesliga,2026-08-08,14:30:00,Hartberg,Sturm Graz,5.1,6.4,1.7,1.8,3.95,4.6,2.06,2.28,1.78,1.95,1.72,1.97,1.11,110.0,1.67,21.0,1.57,11.5,1.82,1000.0,1.67,21.0,1.82,1000.0,1.57,11.5,1.82,1000.0,1.68,22.0,1.82,1000.0,1.82,1000.0,1.82,1000.0,1.74,40.0,1.82,1000.0,1.78,85.0,1.78,80.0,1.82,1000.0,1.82,1000.0,7.2,11.5,1.82,1000.0,35893252,345648.0,71085.0,58805.0,1.260662516,1.260662519,1.260662563,1.260662564,1.2,4.1,1.32,110.0,3.9,21.0,1.05,1.34,3.9,21.0,1.25,1.34,2.24,2.44,1.19,1.25,1.27,1.34,1.260662565,1.260662526,1.260662517,1.260662518
Argentinian Primera Division,2026-08-08,14:45:00,Atl Tucuman,Sarmiento de Junin,1.81,2.16,4.8,1000.0,2.82,3.5,1.43,1.64,2.56,3.35,0.0,0.0,0.0,0.0,0.0,0.0,0.0,0.0,0.0,0.0,0.0,0.0,0.0,0.0,0.0,0.0,0.0,0.0,0.0,0.0,0.0,0.0,0.0,0.0,0.0,0.0,0.0,0.0,0.0,0.0,0.0,0.0,0.0,0.0,0.0,0.0,0.0,0.0,0.0,0.0,0.0,0.0,35881489,5181445.0,5971606.0,58805.0,1.260560969,1.260560979,0.0,0.0,0.0,0.0,0.0,0.0,0.0,0.0,0.0,0.0,0.0,0.0,0.0,0.0,0.0,0.0,0.0,0.0,0.0,0.0,0.0,0.0,0.0,0.0
Argentinian Primera Division,2026-08-08,14:45:00,Deportivo Riestra,Estudiantes,1.5,3.65,2.9,1000.0,2.44,3.0,1.25,110.0,1.01,5.8,0.0,0.0,0.0,0.0,0.0,0.0,0.0,0.0,0.0,0.0,0.0,0.0,0.0,0.0,0.0,0.0,0.0,0.0,0.0,0.0,0.0,0.0,0.0,0.0,0.0,0.0,0.0,0.0,0.0,0.0,0.0,0.0,0.0,0.0,0.0,0.0,0.0,0.0,0.0,0.0,0.0,0.0,35885554,5994579.0,194509.0,58805.0,1.260595579,1.260595589,0.0,0.0,0.0,0.0,0.0,0.0,0.0,0.0,0.0,0.0,0.0,0.0,0.0,0.0,0.0,0.0,0.0,0.0,0.0,0.0,0.0,0.0,0.0,0.0
Dutch Eredivisie,2026-08-08,15:00:00,PSV,Fortuna Sittard,1.2,1.22,14.0,16.5,8.8,10.5,4.5,5.2,1.24,1.28,1.75,1.81,2.24,2.32,12.5,85.0,13.0,95.0,13.5,190.0,14.5,560.0,17.5,20.0,21.0,25.0,38.0,60.0,13.5,170.0,10.0,13.5,11.5,13.5,23.0,32.0,13.0,110.0,10.5,12.5,11.0,13.5,9.6,27.0,13.0,95.0,2.36,2.56,13.5,130.0,14.5,550.0,35792534,48451.0,49058.0,58805.0,1.259763691,1.259763701,1.259763690,1.259763700,1.2,110.0,1.13,110.0,50.0,110.0,1.01,1.02,11.0,13.5,1.08,1.09,1.06,1.08,5.5,6.0,1.11,1.13,1.259763682,1.259763694,1.259763695,1.259763705
Uruguayan Primera Division,2026-08-08,15:00:00,Liverpool Montevideo,Albion FC,2.18,2.34,3.9,4.7,3.05,3.45,1.58,1.69,2.44,2.74,1.11,970.0,1.11,10.5,1.01,1000.0,1.01,1000.0,1.01,1000.0,1.01,1000.0,1.01,1000.0,1.01,1000.0,1.01,1000.0,1.01,1000.0,1.01,1000.0,1.01,1000.0,1.01,1000.0,1.01,1000.0,1.01,1000.0,1.01,1000.0,1.01,1000.0,1.01,1000.0,1.01,1000.0,1.01,1000.0,1.01,1000.0,35902286,5789820.0,18466913.0,58805.0,1.260767240,1.260767243,1.260767287,1.260767288,1.01,1000.0,1.01,20.0,5.7,12.0,1.09,1.22,2.38,12.0,1.09,1.73,1.27,1.35,1.74,1.85,1.4,1.49,1.260767289,1.260767250,1.260767241,1.260767242
Serbian Super League,2026-08-08,15:00:00,FK Radnicki 1923,Zemun,1.23,1.44,8.4,990.0,4.6,950.0,1.83,2.42,1.7,2.2,1.11,1000.0,1.11,1000.0,1.01,1000.0,1.01,1000.0,1.01,1000.0,1.01,1000.0,1.01,1000.0,1.01,1000.0,1.01,1000.0,1.01,1000.0,1.01,1000.0,1.01,1000.0,1.01,1000.0,1.01,1000.0,1.01,1000.0,1.01,1000.0,1.01,1000.0,1.01,1000.0,1.01,1000.0,1.01,1000.0,1.01,1000.0,35898966,10465511.0,2020602.0,58805.0,1.260736276,1.260736279,1.260736323,1.260736324,1.01,1000.0,1.01,20.0,1.15,110.0,1.01,1.36,1.1,100.0,1.26,1.36,1.01,1.14,3.25,5.4,1.07,1.28,1.260736325,1.260736286,1.260736277,1.260736278
Argentinian Primera B Metropolitana,2026-08-08,15:00:00,Defensores Unidos,CSD Liniers de Ciudad Evita,1.04,990.0,1.04,990.0,1.04,950.0,1.26,990.0,1.02,5.0,1.11,1000.0,1.11,1000.0,1.01,1000.0,1.01,1000.0,1.01,1000.0,1.01,1000.0,1.01,1000.0,1.01,1000.0,1.01,1000.0,1.01,1000.0,1.01,1000.0,1.01,1000.0,1.01,1000.0,1.01,1000.0,1.01,1000.0,1.01,1000.0,1.01,1000.0,1.01,1000.0,1.01,1000.0,1.01,1000.0,1.01,1000.0,35902988,7108515.0,21273988.0,58805.0,1.260780095,1.260780105,1.260780094,1.260780104,1.01,1000.0,1.01,20.0,1.15,110.0,1.01,990.0,1.26,110.0,1.01,4.8,1.01,36.0,1.01,36.0,1.01,110.0,1.260780086,1.260780098,1.260780099,1.260780109
Argentinian Primera B Metropolitana,2026-08-08,15:00:00,Talleres (RE),Argentino de Merlo,1.04,990.0,1.04,990.0,1.04,950.0,1.25,990.0,1.02,6.0,1.11,1000.0,1.11,1000.0,1.01,1000.0,1.01,1000.0,1.01,1000.0,1.01,1000.0,1.01,1000.0,1.01,1000.0,1.01,1000.0,1.01,1000.0,1.01,1000.0,1.01,1000.0,1.01,1000.0,1.01,1000.0,1.01,1000.0,1.01,1000.0,1.01,1000.0,1.01,1000.0,1.01,1000.0,1.01,1000.0,1.01,1000.0,35903086,10790564.0,9593355.0,58805.0,1.260779742,1.260779752,1.260779741,1.260779751,1.01,1000.0,1.01,20.0,2.74,990.0,1.01,1.57,2.72,990.0,1.01,1.58,1.01,36.0,1.01,36.0,1.01,110.0,1.260779733,1.260779745,1.260779746,1.260779756
Argentinian Primera B Metropolitana,2026-08-08,15:00:00,Flandria,Uai Urquiza,1.04,990.0,1.04,990.0,1.04,950.0,1.25,990.0,1.02,6.0,1.11,1000.0,1.11,1000.0,1.01,1000.0,1.01,1000.0,1.01,1000.0,1.01,1000.0,1.01,1000.0,1.01,1000.0,1.01,1000.0,1.01,1000.0,1.01,1000.0,1.01,1000.0,1.01,1000.0,1.01,1000.0,1.01,1000.0,1.01,1000.0,1.01,1000.0,1.01,1000.0,1.01,1000.0,1.01,1000.0,1.01,1000.0,35903083,9509138.0,12502566.0,58805.0,1.260779944,1.260779955,1.260779942,1.260779953,1.01,1000.0,1.01,20.0,1.26,110.0,1.01,7.8,1.26,110.0,1.01,11.0,1.01,36.0,1.01,36.0,1.01,110.0,1.260779933,1.260779947,1.260779948,1.260779959
Serbian Super League,2026-08-08,15:00:00,Crvena Zvezda,FK Novi Pazar,1.04,990.0,1.05,990.0,4.8,950.0,1.07,990.0,1.07,55.0,1.11,1000.0,1.11,1000.0,1.01,1000.0,1.01,1000.0,1.01,1000.0,1.01,1000.0,1.01,1000.0,1.01,1000.0,1.01,1000.0,1.01,1000.0,1.01,1000.0,1.01,1000.0,1.01,1000.0,1.01,1000.0,1.01,1000.0,1.01,1000.0,1.01,1000.0,1.01,1000.0,1.01,1000.0,1.01,1000.0,1.01,1000.0,35899881,6399.0,9899252.0,58805.0,1.260745183,1.260745186,1.260745230,1.260745231,1.01,1000.0,1.01,20.0,1.15,1000.0,1.01,1.13,1.32,990.0,1.08,1.13,1.01,26.0,1.01,36.0,1.01,1.27,1.260745232,1.260745193,1.260745184,1.260745185
Peruvian Primera Division,2026-08-08,15:00:00,UTC Cajamarca,Asociacion Deportiva Tarma,1.98,2.44,3.2,4.6,2.68,5.5,1.7,2.18,1.84,2.42,1.01,1000.0,1.01,1000.0,1.01,1000.0,1.01,1000.0,1.01,1000.0,1.01,1000.0,1.01,1000.0,1.01,1000.0,1.01,1000.0,1.01,1000.0,1.01,1000.0,1.01,1000.0,1.01,1000.0,1.01,1000.0,1.01,1000.0,1.01,1000.0,1.01,1000.0,1.01,1000.0,1.01,1000.0,1.01,1000.0,1.01,1000.0,35896936,7028659.0,26776138.0,58805.0,1.260708484,1.260708487,1.260708531,1.260708532,1.01,110.0,1.01,110.0,2.84,110.0,1.01,1.55,2.84,100.0,1.34,1.55,1.28,1.46,1.69,2.04,1.22,1.6,1.260708533,1.260708494,1.260708485,1.260708486
Argentinian Primera B Metropolitana,2026-08-08,15:00:00,Argentino de Quilmes,Real Pilar FC,1.04,110.0,1.04,110.0,1.03,950.0,1.24,110.0,1.02,6.4,1.01,1000.0,1.01,1000.0,1.01,1000.0,1.01,1000.0,1.01,1000.0,1.01,1000.0,1.01,1000.0,1.01,1000.0,1.01,1000.0,1.01,1000.0,1.01,1000.0,1.01,1000.0,1.01,1000.0,1.01,1000.0,1.01,1000.0,1.01,1000.0,1.01,1000.0,1.01,1000.0,1.01,1000.0,1.01,1000.0,1.01,1000.0,35902872,9534165.0,14615681.0,58805.0,1.260770286,1.260770296,1.260770285,1.260770295,1.01,1000.0,1.01,1000.0,1.26,110.0,1.01,110.0,1.25,100.0,1.01,110.0,1.01,36.0,1.01,36.0,1.01,110.0,1.260770277,1.260770289,1.260770290,1.260770300
Argentinian Primera B Metropolitana,2026-08-08,15:00:00,Brown de Adrogue,Excursionistas,1.04,990.0,1.04,990.0,1.04,950.0,1.25,990.0,1.02,6.0,1.11,1000.0,1.11,1000.0,1.01,1000.0,1.01,1000.0,1.01,1000.0,1.01,1000.0,1.01,1000.0,1.01,1000.0,1.01,1000.0,1.01,1000.0,1.01,1000.0,1.01,1000.0,1.01,1000.0,1.01,1000.0,1.01,1000.0,1.01,1000.0,1.01,1000.0,1.01,1000.0,1.01,1000.0,1.01,1000.0,1.01,1000.0,35902965,7047340.0,5985077.0,58805.0,1.260780205,1.260780215,1.260780204,1.260780214,1.01,1000.0,1.01,20.0,4.9,110.0,1.01,1.26,2.62,990.0,1.01,1.61,1.01,36.0,1.01,36.0,1.01,110.0,1.260780196,1.260780208,1.260780209,1.260780219
Czech 1 Liga,2026-08-08,15:00:00,Mlada Boleslav,Sparta Prague,3.85,5.6,1.67,1.93,3.9,950.0,2.4,7.0,1.56,1.72,1.11,10.5,1.11,970.0,1.01,1000.0,1.01,1000.0,1.01,1000.0,1.01,1000.0,1.01,1000.0,1.01,1000.0,1.01,1000.0,1.01,1000.0,1.01,1000.0,1.01,1000.0,1.01,1000.0,1.01,1000.0,1.01,1000.0,1.01,1000.0,1.01,1000.0,1.01,1000.0,1.01,1000.0,1.01,1000.0,1.01,1000.0,35895964,886284.0,110475.0,58805.0,1.260696310,1.260696313,1.260696357,1.260696358,1.2,110.0,1.01,110.0,13.5,36.0,1.03,1.07,2.4,36.0,1.17,1.72,2.06,2.52,1.22,1.35,1.18,1.34,1.260696359,1.260696320,1.260696311,1.260696312
Polish Ekstraklasa,2026-08-08,15:15:00,Korona Kielce,Legia Warsaw,2.84,3.2,2.58,2.84,3.25,3.6,1.77,1.91,2.1,2.3,1.57,2.3,1.78,2.74,2.32,1000.0,1.98,13.5,11.5,25.0,2.22,55.0,2.02,15.5,1.89,10.0,2.04,17.5,2.2,46.0,14.0,28.0,2.06,18.5,2.12,24.0,2.24,65.0,2.24,70.0,2.22,50.0,2.24,70.0,2.32,1000.0,2.32,1000.0,2.32,1000.0,2.32,1000.0,35895975,1209555.0,241091.0,58805.0,1.260696619,1.260696622,1.260696666,1.260696667,1.2,110.0,1.01,110.0,9.2,15.5,1.07,1.11,3.0,15.5,1.33,1.49,1.55,1.64,1.45,1.54,1.38,1.44,1.260696668,1.260696629,1.260696620,1.260696621
Slovenian Premier League,2026-08-08,15:15:00,NK Celje,Olimpija,1.96,2.34,2.96,4.3,3.3,4.4,2.14,3.05,1.48,1.87,1.11,970.0,1.11,970.0,1.01,1000.0,1.01,1000.0,1.01,1000.0,1.01,1000.0,1.01,1000.0,1.01,1000.0,1.01,1000.0,1.01,1000.0,1.01,1000.0,1.01,1000.0,1.01,1000.0,1.01,1000.0,1.01,1000.0,1.01,1000.0,1.01,1000.0,1.01,1000.0,1.01,1000.0,1.01,1000.0,1.01,1000.0,35896910,3188553.0,489147.0,58805.0,1.260707972,1.260707975,1.260708019,1.260708020,1.01,1000.0,1.01,20.0,1.15,110.0,1.01,7.8,2.16,7.2,1.16,1.27,1.31,1.51,1.74,2.04,1.29,1.43,1.260708021,1.260707982,1.260707973,1.260707974
Bulgarian A League,2026-08-08,15:15:00,Dunav Ruse,Arda,3.95,4.5,2.08,2.26,3.15,3.45,1.69,1.76,2.32,2.46,1.98,2.18,1.86,2.02,9.0,12.0,6.8,9.0,10.5,14.5,5.2,32.0,10.5,13.5,6.6,7.6,9.8,13.0,5.2,32.0,5.2,32.0,15.0,18.0,18.0,25.0,5.7,60.0,6.0,110.0,5.8,70.0,5.9,85.0,6.0,170.0,5.9,90.0,17.0,26.0,6.2,1000.0,35895085,7739574.0,20731976.0,58805.0,1.260680242,1.260680245,1.260680289,1.260680290,1.2,110.0,1.01,110.0,9.0,11.0,1.1,1.13,2.98,3.3,1.43,1.5,1.79,1.92,1.3,1.34,1.4,1.47,1.260680291,1.260680252,1.260680243,1.260680244
Polish I Liga,2026-08-08,15:15:00,Podbeskidzie B-B,Lechia Gdansk,1.24,1.3,12.5,14.5,6.4,8.6,2.52,3.15,1.47,1.65,1.91,2.62,1.61,2.1,1.01,1000.0,1.01,1000.0,1.01,1000.0,1.01,1000.0,1.01,1000.0,1.01,1000.0,1.01,1000.0,1.01,1000.0,1.01,1000.0,1.01,1000.0,1.01,1000.0,1.01,1000.0,1.01,1000.0,1.01,1000.0,1.01,1000.0,1.01,1000.0,1.01,1000.0,1.01,1000.0,1.01,1000.0,35902840,4135278.0,3143305.0,58805.0,1.260780627,1.260780637,1.260780626,1.260780636,3.2,6.0,1.2,1.46,17.5,55.0,1.03,1.06,5.4,6.6,1.17,1.23,1.07,1.09,4.3,5.2,1.13,1.19,1.260780618,1.260780630,1.260780631,1.260780641
Slovakian Super League,2026-08-08,15:30:00,Spartak Trnava,Dukla Banska Bystrica,1.25,1.38,3.75,110.0,4.4,950.0,1.97,2.34,1.74,2.04,1.01,970.0,1.01,1000.0,1.01,1000.0,1.01,1000.0,1.01,1000.0,1.01,1000.0,1.01,1000.0,1.01,1000.0,1.01,1000.0,1.01,1000.0,1.01,1000.0,1.01,1000.0,1.01,1000.0,1.01,1000.0,1.01,1000.0,1.01,1000.0,1.01,1000.0,1.01,1000.0,1.01,1000.0,1.01,1000.0,1.01,1000.0,35898923,427643.0,8517600.0,58805.0,1.260738558,1.260738568,1.260738557,1.260738567,1.01,1000.0,1.01,1000.0,3.4,110.0,1.01,1.42,3.4,110.0,1.26,1.42,1.01,1.37,3.6,5.0,1.01,1.3,1.260738549,1.260738561,1.260738562,1.260738572
German Bundesliga 2,2026-08-08,15:30:00,Wolfsburg,Kaiserslautern,1.62,1.72,5.0,5.7,4.3,4.9,2.52,3.15,1.46,1.66,1.65,1.75,2.34,2.54,6.0,30.0,19.0,26.0,30.0,55.0,7.2,140.0,10.5,12.5,9.2,12.5,17.5,24.0,6.8,70.0,11.0,13.0,9.2,12.5,15.5,21.0,6.6,55.0,15.0,21.0,14.0,970.0,19.5,34.0,7.0,85.0,5.2,7.0,6.8,60.0,7.6,1000.0,35804017,44521.0,14075.0,58805.0,1.259863837,1.259863847,1.259863836,1.259863846,1.2,110.0,1.01,110.0,15.0,36.0,1.03,1.06,5.4,6.4,1.19,1.23,1.21,1.25,2.38,2.6,1.25,1.31,1.259863828,1.259863840,1.259863841,1.259863851
Romanian Liga I,2026-08-08,15:30:00,Dinamo Bucharest,FC Voluntari,1.54,1.62,6.4,7.4,4.4,4.7,2.04,2.22,1.81,1.97,1.75,2.08,1.94,2.34,12.5,21.0,16.0,27.0,4.0,70.0,4.2,240.0,6.4,10.5,8.4,12.0,18.5,32.0,4.1,120.0,7.0,11.5,7.4,12.5,19.5,28.0,4.1,110.0,10.5,18.0,12.0,21.0,3.9,44.0,4.1,160.0,6.4,10.5,4.1,150.0,4.2,1000.0,35873001,46937.0,8838645.0,58805.0,1.260490223,1.260490233,1.260490222,1.260490232,3.0,110.0,1.01,1.49,12.5,21.0,1.05,1.08,3.5,4.8,1.27,1.4,1.15,1.19,2.62,2.86,1.27,1.3,1.260490214,1.260490226,1.260490227,1.260490237
Argentinian Primera B Metropolitana,2026-08-08,15:30:00,Deportivo Armenio,Villa Dalmine,1.04,990.0,1.04,990.0,1.04,950.0,1.25,990.0,1.02,6.0,1.11,1000.0,1.11,1000.0,1.01,1000.0,1.01,1000.0,1.01,1000.0,1.01,1000.0,1.01,1000.0,1.01,1000.0,1.01,1000.0,1.01,1000.0,1.01,1000.0,1.01,1000.0,1.01,1000.0,1.01,1000.0,1.01,1000.0,1.01,1000.0,1.01,1000.0,1.01,1000.0,1.01,1000.0,1.01,1000.0,1.01,1000.0,35906313,7108497.0,5971695.0,58805.0,1.260810870,1.260810880,1.260810869,1.260810879,1.01,1000.0,1.01,20.0,1.26,110.0,1.01,7.8,1.26,100.0,1.01,11.0,1.01,36.0,1.01,36.0,1.01,110.0,1.260810861,1.260810873,1.260810874,1.260810884
Swiss Super League,2026-08-08,15:30:00,Servette,Grasshoppers Zurich,1.55,1.66,5.5,7.8,4.3,4.8,2.2,2.48,1.67,1.84,1.01,2.16,1.01,2.66,1.1,1000.0,1.1,1000.0,1.1,1000.0,1.1,1000.0,1.1,1000.0,1.1,1000.0,1.1,1000.0,1.09,100.0,1.1,1000.0,1.1,1000.0,1.1,1000.0,1.09,90.0,1.04,20.0,1.1,1000.0,1.07,40.0,1.1,1000.0,1.1,1000.0,1.1,1000.0,1.1,1000.0,35896175,51405.0,373489.0,58805.0,1.260701333,1.260701336,1.260701380,1.260701381,3.0,110.0,1.01,1.5,12.0,26.0,1.04,1.08,1.01,5.8,1.2,110.0,1.16,1.23,2.5,2.82,1.26,1.31,1.260701382,1.260701343,1.260701334,1.260701335
French Ligue 2,2026-08-08,15:45:00,Clermont,Reims,4.1,4.7,1.97,2.16,3.35,3.65,1.72,1.85,2.18,2.4,1.11,110.0,1.11,110.0,1.01,1000.0,1.01,1000.0,1.01,1000.0,1.01,1000.0,1.01,1000.0,1.01,1000.0,1.01,1000.0,1.01,1000.0,1.01,1000.0,1.01,1000.0,1.01,1000.0,1.01,1000.0,1.01,1000.0,1.01,1000.0,1.01,1000.0,1.01,1000.0,1.01,1000.0,1.01,1000.0,1.01,1000.0,35891446,309686.0,298233.0,58805.0,1.260652868,1.260652878,1.260652867,1.260652877,1.2,110.0,1.01,110.0,1.15,110.0,1.01,1.43,3.05,110.0,1.37,1.49,1.86,2.04,1.27,1.33,1.37,1.43,1.260652859,1.260652871,1.260652872,1.260652882
French Ligue 2,2026-08-08,15:45:00,Boulogne,Nancy,2.6,2.84,2.86,3.15,3.2,3.55,1.77,1.89,2.12,2.3,1.79,2.18,1.84,2.28,1.04,1000.0,1.04,1000.0,1.04,1000.0,1.04,1000.0,1.04,1000.0,1.04,1000.0,1.04,1000.0,1.04,1000.0,1.04,1000.0,1.04,1000.0,1.01,22.0,1.04,1000.0,1.04,1000.0,1.04,1000.0,1.04,1000.0,1.04,1000.0,1.04,1000.0,1.04,1000.0,1.04,1000.0,35891443,669346.0,70468.0,58805.0,1.260653070,1.260653087,1.260653069,1.260653083,1.2,110.0,1.01,110.0,8.8,12.5,1.08,1.13,3.1,3.75,1.37,1.48,1.47,1.54,1.54,1.63,1.4,1.46,1.260653057,1.260653076,1.260653077,1.260653092
French Ligue 2,2026-08-08,15:45:00,Dunkerque,Grenoble,2.0,2.22,3.75,4.4,3.35,3.8,1.84,2.16,1.86,2.2,1.67,2.14,1.87,2.48,2.16,16.0,10.0,17.5,2.34,36.0,2.46,100.0,2.04,11.0,1.96,8.8,2.24,20.0,2.52,1000.0,2.12,14.0,2.5,1000.0,2.26,23.0,2.52,1000.0,2.3,28.0,2.28,25.0,2.52,1000.0,2.52,1000.0,2.52,1000.0,2.52,1000.0,2.52,1000.0,35891465,2250259.0,269792.0,58805.0,1.260652495,1.260652505,1.260652494,1.260652504,1.2,110.0,1.01,110.0,1.15,110.0,1.01,1.45,1.1,4.2,1.31,11.0,1.31,1.37,1.83,2.0,1.35,1.4,1.260652486,1.260652498,1.260652499,1.260652509
French Ligue 2,2026-08-08,15:45:00,Montpellier,Dijon,1.98,2.08,4.2,5.0,3.4,3.65,1.78,1.84,2.2,2.28,1.01,2.62,1.01,2.52,2.18,16.0,2.24,19.0,2.4,46.0,2.54,1000.0,2.06,11.0,2.06,11.0,2.3,26.0,2.46,95.0,2.2,17.0,2.18,15.5,2.34,30.0,2.48,100.0,2.36,36.0,2.36,34.0,2.44,65.0,2.54,1000.0,2.54,1000.0,2.54,1000.0,2.54,1000.0,35891447,44797.0,305995.0,58805.0,1.260652758,1.260652768,1.260652757,1.260652767,1.01,110.0,1.01,110.0,8.0,110.0,1.01,1.15,3.25,4.2,1.39,1.45,1.25,1.32,1.92,2.04,1.37,1.42,1.260652749,1.260652761,1.260652762,1.260652772
French Ligue 2,2026-08-08,15:45:00,Pau,Annecy,2.56,3.05,2.62,2.96,1.05,4.6,2.0,2.34,1.74,2.0,1.11,1000.0,1.11,1000.0,2.18,18.0,2.12,14.5,2.26,24.0,2.38,50.0,2.12,14.0,1.98,9.6,2.14,15.0,2.5,1000.0,2.24,23.0,2.14,15.0,2.5,1000.0,2.36,48.0,2.38,50.0,2.5,1000.0,2.36,48.0,2.5,1000.0,2.5,1000.0,2.5,1000.0,2.5,1000.0,35891451,4364244.0,10572632.0,58805.0,1.260652609,1.260652619,1.260652608,1.260652618,3.0,110.0,1.01,1.49,3.75,110.0,1.01,1.36,3.75,100.0,1.28,1.36,1.52,1.62,1.53,1.64,1.35,1.4,1.260652599,1.260652612,1.260652613,1.260652626
French Ligue 2,2026-08-08,15:45:00,Metz,Guingamp,1.96,2.36,3.2,4.7,2.74,4.3,1.72,2.04,1.96,2.4,1.11,1000.0,1.11,1000.0,1.01,1000.0,1.01,1000.0,1.01,1000.0,1.01,1000.0,1.01,1000.0,1.01,1000.0,1.01,1000.0,1.01,1000.0,1.01,1000.0,1.01,1000.0,1.01,1000.0,1.01,1000.0,1.01,1000.0,1.01,1000.0,1.01,1000.0,1.01,1000.0,1.01,1000.0,1.01,1000.0,1.01,1000.0,35891467,44795.0,44801.0,58805.0,1.260652275,1.260652285,1.260652274,1.260652284,1.2,3.75,1.36,110.0,2.72,110.0,1.01,1.42,2.72,4.3,1.3,1.42,1.27,1.46,1.73,2.04,1.3,1.56,1.260652266,1.260652278,1.260652279,1.260652289
French Ligue 2,2026-08-08,15:45:00,Rodez,Laval,2.06,2.24,3.7,4.1,3.45,3.8,1.81,2.04,1.96,2.24,1.01,1000.0,1.01,1000.0,1.01,1000.0,1.01,1000.0,1.01,1000.0,1.01,1000.0,1.01,1000.0,1.01,1000.0,1.01,1000.0,1.01,1000.0,1.01,1000.0,1.01,1000.0,1.01,1000.0,1.01,1000.0,1.01,1000.0,1.01,1000.0,1.01,1000.0,1.01,1000.0,1.01,1000.0,1.01,1000.0,1.01,1000.0,35891466,1029663.0,77585.0,58805.0,1.260652385,1.260652395,1.260652384,1.260652394,1.01,110.0,1.01,110.0,3.35,110.0,1.01,1.41,3.35,100.0,1.3,1.41,1.33,1.38,1.81,1.94,1.36,1.4,1.260652376,1.260652388,1.260652389,1.260652399
French Ligue 2,2026-08-08,15:45:00,Nantes,Red Star,1.9,2.04,4.4,5.4,3.45,4.1,1.8,1.94,2.06,2.26,1.01,1000.0,1.01,1000.0,1.01,1000.0,1.01,1000.0,1.01,1000.0,1.01,1000.0,1.01,1000.0,1.01,1000.0,1.01,1000.0,1.01,1000.0,1.01,1000.0,1.01,1000.0,1.01,1000.0,1.01,1000.0,1.01,1000.0,1.01,1000.0,1.01,1000.0,1.01,1000.0,1.01,1000.0,1.01,1000.0,1.01,1000.0,35892926,10774.0,496950.0,58805.0,1.260662020,1.260662030,1.260662019,1.260662029,1.01,110.0,1.01,110.0,3.25,110.0,1.01,1.45,3.25,100.0,1.34,1.45,1.23,1.3,1.96,2.12,1.35,1.41,1.260662011,1.260662023,1.260662024,1.260662034
French Ligue 2,2026-08-08,15:45:00,Sochaux,St Etienne,3.75,4.2,2.1,2.24,3.3,3.7,1.79,1.92,2.08,2.26,1.11,1000.0,1.11,1000.0,1.01,1000.0,1.01,1000.0,1.01,1000.0,1.01,1000.0,1.01,1000.0,1.01,1000.0,1.01,1000.0,1.01,1000.0,1.01,1000.0,1.01,1000.0,1.01,1000.0,1.01,1000.0,1.01,1000.0,1.01,1000.0,1.01,1000.0,1.01,1000.0,1.01,1000.0,1.01,1000.0,1.01,1000.0,35891550,44796.0,309689.0,58805.0,1.260654033,1.260654043,1.260654032,1.260654042,1.2,110.0,1.01,110.0,2.82,110.0,1.01,1.55,2.82,4.0,1.33,1.55,1.8,1.91,1.31,1.37,1.37,1.44,1.260654024,1.260654036,1.260654037,1.260654047
Chilean Primera B,2026-08-08,16:00:00,Santiago Wanderers,San Marcos,2.4,2.92,2.88,3.65,2.6,4.3,1.73,2.0,2.0,2.36,1.11,1000.0,1.11,1000.0,1.01,1000.0,1.01,1000.0,1.01,1000.0,1.01,1000.0,1.01,1000.0,1.01,1000.0,1.01,1000.0,1.01,1000.0,1.01,1000.0,1.01,1000.0,1.01,1000.0,1.01,1000.0,1.01,1000.0,1.01,1000.0,1.01,1000.0,1.01,1000.0,1.01,1000.0,1.01,1000.0,1.01,1000.0,35910157,913363.0,7000095.0,58805.0,1.260847853,1.260847863,1.260847852,1.260847862,1.01,1000.0,1.01,20.0,3.15,110.0,1.01,1.46,3.15,4.0,1.36,1.46,1.37,1.54,1.52,1.72,1.3,1.63,1.260847844,1.260847856,1.260847857,1.260847867
Brazilian Serie B,2026-08-08,16:00:00,Vila Nova,Sport Recife,2.24,2.62,3.6,110.0,1.01,3.6,1.7,2.14,1.88,2.42,1.7,970.0,1.83,970.0,1.01,1000.0,1.01,1000.0,1.01,1000.0,1.01,1000.0,1.01,1000.0,1.01,1000.0,1.01,1000.0,1.01,1000.0,1.01,1000.0,1.01,1000.0,1.01,1000.0,1.01,1000.0,1.01,1000.0,1.01,1000.0,1.01,1000.0,1.01,1000.0,1.01,1000.0,1.01,1000.0,1.01,1000.0,35880254,376829.0,2405306.0,58805.0,1.260552431,1.260552434,1.260552478,1.260552479,1.01,110.0,1.01,110.0,1.01,110.0,1.01,1.5,1.01,100.0,1.02,1.5,1.01,1.38,1.63,1.81,1.39,110.0,1.260552480,1.260552441,1.260552432,1.260552433
Bolivian Liga de Futbol Profesional,2026-08-08,16:00:00,San Antonio Bulo Bulo,Nacional Potosi,1.36,600.0,1.28,990.0,1.21,6.6,1.33,10.5,1.15,4.1,1.11,1000.0,1.11,1000.0,1.01,1000.0,1.01,1000.0,1.01,1000.0,1.01,1000.0,1.01,1000.0,1.01,1000.0,1.01,1000.0,1.01,1000.0,1.01,1000.0,1.01,1000.0,1.01,1000.0,1.01,1000.0,1.01,1000.0,1.01,1000.0,1.01,1000.0,1.01,1000.0,1.01,1000.0,1.01,1000.0,1.01,1000.0,35908467,82392723.0,5885611.0,58805.0,1.260825724,1.260825734,1.260825723,1.260825733,1.2,110.0,1.01,110.0,1.33,110.0,1.01,1.18,1.33,100.0,1.11,1.18,1.12,1.87,1.06,3.85,1.18,1.88,1.260825715,1.260825727,1.260825728,1.260825738
Dutch Eredivisie,2026-08-08,16:00:00,AZ Alkmaar,ADO Den Haag,1.51,1.52,6.8,7.4,5.0,5.3,2.62,2.94,1.51,1.61,1.69,1.82,2.22,2.44,22.0,30.0,27.0,34.0,55.0,70.0,9.6,190.0,10.5,12.5,10.5,12.5,23.0,26.0,9.0,90.0,9.8,11.0,9.4,11.5,18.0,21.0,55.0,75.0,13.0,14.0,12.5,16.0,22.0,30.0,9.0,95.0,5.0,5.6,50.0,70.0,10.0,1000.0,35795212,9220660.0,315069.0,58805.0,1.259796815,1.259796825,1.259796814,1.259796824,1.2,110.0,1.01,110.0,13.5,36.0,1.03,1.07,5.9,6.6,1.18,1.21,1.16,1.18,2.92,2.98,1.23,1.25,1.259796806,1.259796818,1.259796819,1.259796829
Brazilian Serie A,2026-08-08,16:00:00,Gremio,Sao Paulo,2.48,2.56,3.1,3.45,3.3,3.45,1.75,1.88,2.12,2.32,1.11,970.0,1.11,970.0,9.6,12.5,1.73,1000.0,1.73,1000.0,1.73,1000.0,1.73,1000.0,1.43,8.2,1.55,15.0,1.73,1000.0,1.57,17.5,1.52,13.0,1.73,1000.0,1.73,1000.0,1.73,1000.0,1.73,1000.0,1.67,50.0,1.73,1000.0,1.73,1000.0,1.73,1000.0,1.73,1000.0,35872776,198134.0,198126.0,58805.0,1.260486184,1.260486187,1.260486231,1.260486232,1.2,110.0,1.01,110.0,9.2,13.5,1.08,1.11,3.2,3.65,1.38,1.46,1.41,1.46,1.64,1.68,1.4,1.44,1.260486233,1.260486194,1.260486185,1.260486186
Paraguayan Primera Division,2026-08-08,16:00:00,Club Sportivo Ameliano,Cerro Porteno,0.0,0.0,0.0,0.0,0.0,0.0,1.24,1000.0,1.01,6.4,1.11,1000.0,1.11,1000.0,1.01,1000.0,1.01,1000.0,1.01,1000.0,1.01,1000.0,1.01,1000.0,1.01,1000.0,1.01,1000.0,1.01,1000.0,1.01,1000.0,1.01,1000.0,1.01,1000.0,1.01,1000.0,1.01,1000.0,1.01,1000.0,1.01,1000.0,1.01,1000.0,1.01,1000.0,1.01,1000.0,1.01,1000.0,35904682,0.0,0.0,0.0,0.0,1.260798838,1.260798882,1.260798883,1.2,110.0,1.01,110.0,1.15,1000.0,1.01,970.0,1.1,970.0,1.42,970.0,1.01,1000.0,1.01,1000.0,1.01,1000.0,1.260798884,1.260798845,1.260798836,1.260798837
Chilean Primera Division,2026-08-08,16:00:00,Huachipato,Everton De Vina,2.32,2.6,3.0,3.7,3.35,3.9,1.93,2.14,1.88,2.08,1.11,1000.0,1.11,1000.0,1.01,1000.0,1.01,1000.0,1.01,1000.0,1.01,1000.0,1.01,1000.0,1.01,1000.0,1.01,1000.0,1.01,1000.0,1.01,1000.0,1.01,1000.0,1.01,1000.0,1.01,1000.0,1.01,1000.0,1.01,1000.0,1.01,1000.0,1.01,1000.0,1.01,1000.0,1.01,1000.0,1.01,1000.0,35896950,2019917.0,3677851.0,58805.0,1.260709842,1.260709921,1.260709841,1.260709901,1.2,110.0,1.01,110.0,3.05,110.0,1.01,1.49,3.05,100.0,1.3,1.49,1.37,1.5,1.62,1.76,1.34,1.43,1.260709833,1.260709861,1.260709869,1.260709930
Colombian Primera A,2026-08-08,16:00:00,Santa Fe,Boyaca Chico,1.35,1.41,12.5,17.5,4.7,5.3,1.79,1.95,2.06,2.26,1.11,970.0,1.47,10.5,1.01,1000.0,1.01,1000.0,1.01,1000.0,1.01,1000.0,1.01,1000.0,1.01,1000.0,1.01,1000.0,1.01,1000.0,1.01,1000.0,1.01,1000.0,1.01,1000.0,1.01,1000.0,1.01,1000.0,1.01,1000.0,1.01,1000.0,1.01,1000.0,1.01,1000.0,1.01,1000.0,1.01,1000.0,35904664,4908158.0,3636902.0,58805.0,1.260798417,1.260798420,1.260798464,1.260798465,1.2,110.0,1.01,110.0,1.15,110.0,1.01,20.0,2.92,4.5,1.35,1.52,1.06,1.09,3.4,3.9,1.23,1.28,1.260798466,1.260798427,1.260798418,1.260798419
Portuguese Primeira Liga,2026-08-08,16:30:00,Club Football Estrela,Sporting Lisbon,15.0,17.5,1.26,1.29,6.4,7.2,2.48,2.72,1.58,1.68,1.01,970.0,1.01,1.9,2.9,32.0,2.5,11.5,6.4,10.0,2.64,15.0,3.05,70.0,2.74,19.5,2.62,14.5,10.5,18.5,3.2,1000.0,3.05,75.0,3.0,50.0,3.0,50.0,3.2,1000.0,3.2,1000.0,3.2,1000.0,3.2,1000.0,3.2,1000.0,3.1,6.2,3.2,1000.0,35871939,36362918.0,52495073.0,58805.0,1.260479897,1.260479900,1.260479944,1.260479945,1.01,110.0,1.01,110.0,15.0,36.0,1.03,1.06,4.7,6.2,1.19,1.28,4.4,4.9,1.06,1.08,1.16,1.19,1.260479946,1.260479907,1.260479898,1.260479899
Brazilian Serie C,2026-08-08,17:00:00,Botafogo PB,Santa Cruz PE,1.96,2.62,2.94,5.0,3.05,6.8,1.54,2.04,1.97,2.84,1.11,970.0,1.11,970.0,1.01,1000.0,1.01,1000.0,1.01,1000.0,1.01,1000.0,1.01,1000.0,1.01,1000.0,1.01,1000.0,1.01,1000.0,1.01,1000.0,1.01,1000.0,1.01,1000.0,1.01,1000.0,1.01,1000.0,1.01,1000.0,1.01,1000.0,1.01,1000.0,1.01,1000.0,1.01,1000.0,1.01,1000.0,35910465,5310328.0,6132724.0,58805.0,1.260844364,1.260844374,1.260844363,1.260844373,1.01,1000.0,1.01,20.0,2.42,110.0,1.01,1.51,2.42,100.0,1.02,1.51,1.25,1.52,1.62,2.04,1.17,1.49,1.260844355,1.260844367,1.260844368,1.260844378
Argentinian Primera Division,2026-08-08,17:00:00,Tigre,River Plate,3.9,4.6,2.26,2.4,2.92,3.15,1.42,1.56,2.78,3.4,0.0,0.0,0.0,0.0,0.0,0.0,0.0,0.0,0.0,0.0,0.0,0.0,0.0,0.0,0.0,0.0,0.0,0.0,0.0,0.0,0.0,0.0,0.0,0.0,0.0,0.0,0.0,0.0,0.0,0.0,0.0,0.0,0.0,0.0,0.0,0.0,0.0,0.0,0.0,0.0,0.0,0.0,35881461,2451815.0,194515.0,58805.0,1.260560812,1.260560822,0.0,0.0,0.0,0.0,0.0,0.0,0.0,0.0,0.0,0.0,0.0,0.0,0.0,0.0,0.0,0.0,0.0,0.0,0.0,0.0,0.0,0.0,0.0,0.0
Brazilian Serie C,2026-08-08,17:00:00,Figueirense,Ferroviaria,2.12,2.56,3.3,5.6,2.72,4.4,1.5,1.94,2.06,3.0,1.11,970.0,1.11,970.0,1.01,1000.0,1.01,1000.0,1.01,1000.0,1.01,1000.0,1.01,1000.0,1.01,1000.0,1.01,1000.0,1.01,1000.0,1.01,1000.0,1.01,1000.0,1.01,1000.0,1.01,1000.0,1.01,1000.0,1.01,1000.0,1.01,1000.0,1.01,1000.0,1.01,1000.0,1.01,1000.0,1.01,1000.0,35910471,198125.0,6987860.0,58805.0,1.260844233,1.260844243,1.260844232,1.260844242,2.26,3.3,1.43,1.8,3.05,110.0,1.01,1.49,2.72,5.1,1.24,1.58,1.21,1.43,1.64,1.9,1.29,1.59,1.260844224,1.260844236,1.260844237,1.260844247
US MLS,2026-08-08,17:30:00,New England Revolution,Houston Dynamo,2.5,2.56,2.98,3.1,3.6,3.75,2.14,2.22,1.82,1.88,1.65,1.75,2.34,2.54,15.0,18.5,12.0,14.5,18.0,27.0,34.0,150.0,11.0,13.0,7.4,8.4,11.5,13.5,23.0,38.0,15.0,18.0,10.5,12.0,14.0,17.0,29.0,48.0,26.0,44.0,19.5,30.0,22.0,44.0,34.0,1000.0,16.0,18.5,20.0,27.0,55.0,1000.0,35868043,408103.0,1432923.0,58805.0,1.260445163,1.260445173,1.260445162,1.260445172,3.55,3.75,1.36,1.4,15.0,18.0,1.06,1.07,4.5,4.8,1.27,1.29,1.48,1.51,1.64,1.67,1.36,1.38,1.260445154,1.260445166,1.260445167,1.260445177
Peruvian Primera Division,2026-08-08,17:30:00,Juan Pablo II College,Atletico Grau,2.32,2.72,3.2,4.1,2.86,3.9,1.73,1.96,2.04,2.36,1.11,970.0,1.11,970.0,1.01,1000.0,1.01,1000.0,1.01,1000.0,1.01,1000.0,1.01,1000.0,1.01,1000.0,1.01,1000.0,1.01,1000.0,1.01,1000.0,1.01,1000.0,1.01,1000.0,1.01,1000.0,1.01,1000.0,1.01,1000.0,1.01,1000.0,1.01,1000.0,1.01,1000.0,1.01,1000.0,1.01,1000.0,35896587,62960875.0,16192656.0,58805.0,1.260703665,1.260703668,1.260703712,1.260703713,1.2,110.0,1.01,110.0,3.2,110.0,1.01,1.45,3.2,100.0,1.37,1.45,1.33,1.45,1.58,1.76,1.34,1.54,1.260703714,1.260703675,1.260703666,1.260703667
Honduras Liga Nacional,2026-08-08,18:00:00,Platense FC,CD Marathon,1.02,1000.0,1.02,1000.0,1.02,220.0,1.25,990.0,1.02,6.0,1.11,1000.0,1.11,1000.0,1.01,1000.0,1.01,1000.0,1.01,1000.0,1.01,1000.0,1.01,1000.0,1.01,1000.0,1.01,1000.0,1.01,1000.0,1.01,1000.0,1.01,1000.0,1.01,1000.0,1.01,1000.0,1.01,1000.0,1.01,1000.0,1.01,1000.0,1.01,1000.0,1.01,1000.0,1.01,1000.0,1.01,1000.0,35911228,8244844.0,3379962.0,58805.0,1.260852410,1.260852420,1.260852409,1.260852419,1.01,1000.0,1.01,20.0,1.25,1000.0,1.01,6.0,1.25,990.0,1.01,990.0,1.01,990.0,1.01,990.0,1.01,500.0,1.260852401,1.260852413,1.260852414,1.260852424
Bolivian Liga de Futbol Profesional,2026-08-08,18:15:00,The Strongest,Club Independiente Petrolero,1.02,1.21,1.16,1000.0,1.16,1000.0,1.49,18.0,1.06,3.05,1.01,1000.0,1.01,1000.0,1.01,1000.0,1.01,1000.0,1.01,1000.0,1.01,1000.0,1.01,1000.0,1.01,1000.0,1.01,1000.0,1.01,1000.0,1.01,1000.0,1.01,1000.0,1.01,1000.0,1.01,1000.0,1.01,1000.0,1.01,1000.0,1.01,1000.0,1.01,1000.0,1.01,1000.0,1.01,1000.0,1.01,1000.0,35908479,328205.0,20548267.0,58805.0,1.260825884,1.260825887,1.260825931,1.260825932,1.01,1000.0,1.01,110.0,1.01,1000.0,1.01,1.19,1.49,970.0,1.06,1.19,1.01,1.07,1.15,110.0,1.01,1.14,1.260825933,1.260825894,1.260825885,1.260825886
Colombian Primera A,2026-08-08,18:20:00,Fortaleza FC,Cucuta Deportivo,1.47,1.74,6.0,130.0,2.3,4.3,1.62,2.02,1.98,2.62,1.01,970.0,1.01,1000.0,1.01,1000.0,1.01,1000.0,1.01,1000.0,1.01,1000.0,1.01,1000.0,1.01,1000.0,1.01,1000.0,1.01,1000.0,1.01,1000.0,1.01,1000.0,1.01,1000.0,1.01,1000.0,1.01,1000.0,1.01,1000.0,1.01,1000.0,1.01,1000.0,1.01,1000.0,1.01,1000.0,1.01,1000.0,35904046,8220578.0,2301978.0,58805.0,1.260783003,1.260783006,1.260783050,1.260783051,1.01,110.0,1.01,110.0,8.4,110.0,1.01,1.14,2.66,100.0,1.36,1.6,1.07,1.2,2.34,3.15,1.3,1.77,1.260783052,1.260783013,1.260783004,1.260783005
Uruguayan Primera Division,2026-08-08,18:30:00,Torque,Penarol,3.35,4.5,2.18,2.68,2.94,4.2,1.25,1.96,2.04,5.6,1.01,1000.0,1.01,2.36,1.01,1000.0,1.01,1000.0,1.01,1000.0,1.01,1000.0,1.01,1000.0,1.01,1000.0,1.01,1000.0,1.01,1000.0,1.01,1000.0,1.01,1000.0,1.01,1000.0,1.01,1000.0,1.01,1000.0,1.01,1000.0,1.01,1000.0,1.01,1000.0,1.01,1000.0,1.01,1000.0,1.01,1000.0,35902289,9459683.0,328191.0,58805.0,1.260767150,1.260767153,1.260767197,1.260767198,1.01,1000.0,1.01,1000.0,1.72,110.0,1.01,2.38,1.71,100.0,1.02,2.4,1.59,1.85,1.28,1.43,1.32,1.52,1.260767199,1.260767160,1.260767151,1.260767152
Chilean Primera Division,2026-08-08,18:30:00,Coquimbo Unido,La Serena,1.54,1.64,6.4,7.6,4.2,4.9,2.04,2.3,1.78,1.87,1.11,1000.0,1.11,1000.0,1.01,1000.0,1.01,1000.0,1.01,1000.0,1.01,1000.0,1.01,1000.0,1.01,1000.0,1.01,1000.0,1.01,1000.0,1.01,1000.0,1.01,1000.0,1.01,1000.0,1.01,1000.0,1.01,1000.0,1.01,1000.0,1.01,1000.0,1.01,1000.0,1.01,1000.0,1.01,1000.0,1.01,1000.0,35896947,5800422.0,5129868.0,58805.0,1.260710062,1.260710072,1.260710061,1.260710071,1.2,110.0,1.01,110.0,11.0,21.0,1.05,1.1,1.1,21.0,1.25,1.61,1.15,1.19,2.56,2.86,1.25,1.31,1.260710053,1.260710065,1.260710066,1.260710076
Brazilian Serie A,2026-08-08,18:30:00,Remo,Atletico MG,3.1,3.3,2.48,2.62,3.3,3.4,1.74,1.83,2.2,2.36,1.89,2.0,2.0,2.12,10.0,14.5,8.2,9.2,12.0,16.0,8.4,38.0,9.4,11.0,6.8,7.8,10.5,12.0,8.2,32.0,7.2,21.0,12.0,14.0,15.0,970.0,8.8,48.0,9.2,60.0,8.6,42.0,9.0,55.0,10.0,150.0,30.0,55.0,20.0,29.0,11.0,1000.0,35872787,376830.0,361329.0,58805.0,1.260486334,1.260486337,1.260486381,1.260486382,1.01,3.25,1.44,110.0,10.0,12.5,1.09,1.11,3.15,3.45,1.41,1.47,1.61,1.68,1.43,1.48,1.41,1.44,1.260486383,1.260486344,1.260486335,1.260486336
Brazilian Serie B,2026-08-08,18:30:00,Botafogo SP,America MG,1.89,2.08,4.7,6.2,3.15,3.9,1.51,1.68,2.46,2.94,1.01,1000.0,1.01,1000.0,1.01,1000.0,1.01,1000.0,1.01,1000.0,1.01,1000.0,1.01,1000.0,1.01,1000.0,1.01,1000.0,1.01,1000.0,1.01,1000.0,1.01,1000.0,1.01,1000.0,1.01,1000.0,1.01,1000.0,1.01,1000.0,1.01,1000.0,1.01,1000.0,1.01,1000.0,1.01,1000.0,1.01,1000.0,35880238,4435648.0,4516149.0,58805.0,1.260552076,1.260552079,1.260552123,1.260552124,2.26,3.25,1.44,1.8,2.62,11.0,1.1,1.61,2.62,3.15,1.46,1.61,1.19,1.27,1.94,2.14,1.35,1.47,1.260552125,1.260552086,1.260552077,1.260552078
Chilean Primera B,2026-08-08,18:30:00,Cobreloa Calama,Deportes Iquique,1.81,2.06,3.85,5.3,3.5,5.4,1.92,2.2,1.84,2.08,1.11,1000.0,1.11,1000.0,1.01,1000.0,1.01,1000.0,1.01,1000.0,1.01,1000.0,1.01,1000.0,1.01,1000.0,1.01,1000.0,1.01,1000.0,1.01,1000.0,1.01,1000.0,1.01,1000.0,1.01,1000.0,1.01,1000.0,1.01,1000.0,1.01,1000.0,1.01,1000.0,1.01,1000.0,1.01,1000.0,1.01,1000.0,35910232,5913012.0,5271441.0,58805.0,1.260847413,1.260847423,1.260847412,1.260847422,1.01,1000.0,1.01,20.0,3.45,110.0,1.01,1.4,3.45,100.0,1.26,1.4,1.23,1.35,1.94,2.24,1.23,1.4,1.260847404,1.260847416,1.260847417,1.260847427
Ecuadorian Serie A,2026-08-08,18:30:00,Aucas,CD Leones del Norte,1.76,1.89,5.3,6.4,3.35,3.75,1.62,1.72,2.4,2.62,2.14,2.36,1.73,1.88,9.0,11.0,13.0,15.5,36.0,60.0,10.0,230.0,5.8,6.8,7.0,8.2,20.0,34.0,9.6,130.0,8.2,9.8,9.4,11.0,7.4,38.0,9.6,140.0,6.8,21.0,20.0,34.0,8.6,75.0,10.0,240.0,12.5,20.0,9.8,210.0,10.0,1000.0,35896879,897347.0,67023925.0,58805.0,1.260710877,1.260710887,1.260710876,1.260710886,1.2,110.0,1.01,110.0,7.6,12.5,1.1,1.15,2.86,3.2,1.45,1.54,1.19,1.23,2.12,2.32,1.37,1.4,1.260710868,1.260710880,1.260710881,1.260710891
Argentinian Primera B Metropolitana,2026-08-08,19:00:00,Deportivo Merlo,Sportivo Italiano,1.04,1000.0,1.04,1000.0,1.03,950.0,1.25,990.0,1.02,6.0,1.11,1000.0,1.11,1000.0,1.01,1000.0,1.01,1000.0,1.01,1000.0,1.01,1000.0,1.01,1000.0,1.01,1000.0,1.01,1000.0,1.01,1000.0,1.01,1000.0,1.01,1000.0,1.01,1000.0,1.01,1000.0,1.01,1000.0,1.01,1000.0,1.01,1000.0,1.01,1000.0,1.01,1000.0,1.01,1000.0,1.01,1000.0,35906328,5181458.0,5971717.0,58805.0,1.260810988,1.260811007,1.260810986,1.260811004,1.01,1000.0,1.01,20.0,1.26,110.0,1.01,7.8,1.26,990.0,1.01,990.0,1.01,36.0,1.01,36.0,1.01,500.0,1.260810972,1.260810994,1.260810995,1.260811015
Argentinian Primera Division,2026-08-08,19:15:00,Boca Juniors,Velez Sarsfield,1.87,1.99,5.4,6.8,3.1,3.45,1.55,1.58,2.72,2.8,0.0,0.0,0.0,0.0,0.0,0.0,0.0,0.0,0.0,0.0,0.0,0.0,0.0,0.0,0.0,0.0,0.0,0.0,0.0,0.0,0.0,0.0,0.0,0.0,0.0,0.0,0.0,0.0,0.0,0.0,0.0,0.0,0.0,0.0,0.0,0.0,0.0,0.0,0.0,0.0,0.0,0.0,35881469,17304.0,192085.0,58805.0,1.260560702,1.260560712,0.0,0.0,0.0,0.0,0.0,0.0,0.0,0.0,0.0,0.0,0.0,0.0,0.0,0.0,0.0,0.0,0.0,0.0,0.0,0.0,0.0,0.0,0.0,0.0
Brazilian Serie C,2026-08-08,19:30:00,Inter Limeira,Volta Redonda,1.83,2.42,3.65,6.0,3.0,5.6,1.44,1.96,2.04,3.25,1.11,970.0,1.11,970.0,1.01,1000.0,1.01,1000.0,1.01,1000.0,1.01,1000.0,1.01,1000.0,1.01,1000.0,1.01,1000.0,1.01,1000.0,1.01,1000.0,1.01,1000.0,1.01,1000.0,1.01,1000.0,1.01,1000.0,1.01,1000.0,1.01,1000.0,1.01,1000.0,1.01,1000.0,1.01,1000.0,1.01,1000.0,35910457,1053183.0,1040271.0,58805.0,1.260844477,1.260844487,1.260844476,1.260844486,1.01,1000.0,1.01,20.0,3.1,110.0,1.01,1.47,2.24,3.45,1.4,1.55,1.2,1.38,1.72,2.2,1.22,1.49,1.260844468,1.260844480,1.260844481,1.260844491
Brazilian Serie C,2026-08-08,19:30:00,Ituano,Barra FC,1.88,2.18,4.2,6.6,3.0,4.4,1.45,1.72,2.38,3.2,1.11,1000.0,1.11,1000.0,1.01,1000.0,1.01,1000.0,1.01,1000.0,1.01,1000.0,1.01,1000.0,1.01,1000.0,1.01,1000.0,1.01,1000.0,1.01,1000.0,1.01,1000.0,1.01,1000.0,1.01,1000.0,1.01,1000.0,1.01,1000.0,1.01,1000.0,1.01,1000.0,1.01,1000.0,1.01,1000.0,1.01,1000.0,35910474,1040280.0,14090130.0,58805.0,1.260844123,1.260844133,1.260844122,1.260844132,1.01,1000.0,1.01,20.0,3.1,110.0,1.01,1.47,2.6,4.2,1.32,1.62,1.18,1.31,1.85,2.14,1.3,1.5,1.260844114,1.260844126,1.260844127,1.260844137
Honduras Liga Nacional,2026-08-08,20:15:00,Lobos UPNFM,Olancho,1.02,1000.0,1.02,1000.0,1.02,320.0,1.24,970.0,1.01,6.4,1.01,1000.0,1.01,1000.0,1.01,1000.0,1.01,1000.0,1.01,1000.0,1.01,1000.0,1.01,1000.0,1.01,1000.0,1.01,1000.0,1.01,1000.0,1.01,1000.0,1.01,1000.0,1.01,1000.0,1.01,1000.0,1.01,1000.0,1.01,1000.0,1.01,1000.0,1.01,1000.0,1.01,1000.0,1.01,1000.0,1.01,1000.0,35911263,13620260.0,38722450.0,58805.0,1.260852300,1.260852310,1.260852299,1.260852309,1.01,1000.0,1.01,1000.0,1.01,1000.0,1.01,970.0,1.23,970.0,1.26,110.0,1.01,320.0,1.01,110.0,1.01,110.0,1.260852291,1.260852303,1.260852304,1.260852314
Colombian Primera A,2026-08-08,20:25:00,Tolima,Internacional de Bogotá,1.64,1.76,5.9,7.2,3.65,4.3,1.76,1.95,2.06,2.32,1.01,970.0,1.01,970.0,2.04,18.5,2.12,28.0,2.22,75.0,2.3,1000.0,1.87,10.0,1.95,13.0,2.16,38.0,2.3,1000.0,1.96,13.5,1.99,15.0,2.14,34.0,2.3,1000.0,2.1,25.0,2.12,29.0,2.22,65.0,2.3,1000.0,2.3,1000.0,2.3,1000.0,2.3,1000.0,35904047,2277370.0,94680813.0,58805.0,1.260788133,1.260788143,1.260788132,1.260788142,1.01,110.0,1.01,110.0,2.7,110.0,1.01,1.46,2.7,4.4,1.34,1.46,1.16,1.21,2.3,2.58,1.3,1.38,1.260788124,1.260788136,1.260788137,1.260788147
Brazilian Serie A,2026-08-08,20:30:00,Coritiba,Chapecoense,1.64,1.68,5.9,6.6,4.0,4.4,1.86,2.0,2.0,2.16,1.98,2.16,1.86,2.02,12.0,15.0,15.5,19.5,40.0,50.0,8.6,220.0,6.8,8.0,8.2,9.8,20.0,25.0,8.2,120.0,8.0,10.0,8.8,10.5,19.5,25.0,8.2,120.0,14.0,17.5,15.5,19.5,32.0,42.0,8.4,180.0,8.4,12.0,8.4,160.0,8.8,1000.0,35872711,198141.0,2909511.0,58805.0,1.260485431,1.260485434,1.260485533,1.260485541,1.01,110.0,1.01,110.0,12.0,15.5,1.07,1.09,3.5,4.1,1.33,1.4,1.17,1.21,2.38,2.58,1.3,1.34,1.260485550,1.260485446,1.260485432,1.260485433
Brazilian Serie A,2026-08-08,21:00:00,Botafogo FR,Fluminense,2.6,2.72,2.94,3.15,3.35,3.5,1.92,2.22,1.82,2.1,1.01,970.0,1.01,970.0,1.4,1000.0,10.0,13.0,1.4,1000.0,1.4,1000.0,1.25,12.0,1.4,1000.0,1.4,1000.0,1.4,1000.0,1.31,19.0,1.4,1000.0,1.3,18.0,1.36,48.0,1.4,1000.0,1.4,1000.0,1.4,1000.0,1.4,1000.0,1.4,1000.0,1.4,1000.0,1.4,1000.0,35872856,11302836.0,198133.0,58805.0,1.260488061,1.260488071,1.260488060,1.260488070,1.01,110.0,1.01,110.0,11.5,110.0,1.01,1.1,3.6,100.0,1.31,1.38,1.46,1.52,1.58,1.63,1.4,1.43,1.260488052,1.260488064,1.260488065,1.260488075
Chilean Primera B,2026-08-08,21:00:00,Deportes Temuco,Magallanes,2.06,2.4,3.15,4.1,3.35,5.1,1.98,2.44,1.69,2.04,1.01,1000.0,1.01,1000.0,1.01,1000.0,1.01,1000.0,1.01,1000.0,1.01,1000.0,1.01,1000.0,1.01,1000.0,1.01,1000.0,1.01,1000.0,1.01,1000.0,1.01,1000.0,1.01,1000.0,1.01,1000.0,1.01,1000.0,1.01,1000.0,1.01,1000.0,1.01,1000.0,1.01,1000.0,1.01,1000.0,1.01,1000.0,35910177,5649151.0,5678438.0,58805.0,1.260847743,1.260847753,1.260847742,1.260847752,1.01,1000.0,1.01,1000.0,3.6,110.0,1.01,1.37,3.6,100.0,1.24,1.37,1.32,1.47,1.71,1.95,1.25,1.43,1.260847734,1.260847746,1.260847747,1.260847757
Ecuadorian Serie A,2026-08-08,21:00:00,Barcelona (Ecu),Macara,1.8,1.84,5.1,6.2,3.5,3.8,1.71,1.88,2.12,2.42,1.94,2.18,1.85,2.06,8.0,13.5,12.5,19.5,30.0,44.0,5.3,200.0,5.5,8.4,6.8,9.6,16.5,24.0,5.2,100.0,7.6,11.5,8.4,12.0,18.0,26.0,5.2,130.0,15.0,22.0,15.5,24.0,34.0,48.0,5.3,210.0,10.0,19.0,5.3,160.0,5.5,1000.0,35897298,13749040.0,6161547.0,58805.0,1.260715139,1.260715149,1.260715138,1.260715148,1.01,3.8,1.35,110.0,9.8,12.5,1.08,1.11,3.0,3.6,1.38,1.5,1.19,1.24,2.18,2.26,1.36,1.4,1.260715130,1.260715142,1.260715143,1.260715153
US United Soccer League,2026-08-08,21:00:00,Louisville FC,San Antonio FC,1.36,1.63,2.64,38.0,4.6,950.0,2.02,2.8,1.56,1.97,1.01,1000.0,1.01,1000.0,1.01,1000.0,1.01,1000.0,1.01,1000.0,1.01,1000.0,1.01,1000.0,1.01,1000.0,1.01,1000.0,1.01,1000.0,1.01,1000.0,1.01,1000.0,1.01,1000.0,1.01,1000.0,1.01,1000.0,1.01,1000.0,1.01,1000.0,1.01,1000.0,1.01,1000.0,1.01,1000.0,1.01,1000.0,35894137,9524915.0,10992747.0,58805.0,1.260675597,1.260675607,1.260675596,1.260675606,1.01,1000.0,1.01,1000.0,2.04,110.0,1.01,1.33,2.02,5.7,1.21,1.33,1.06,1.61,2.58,3.8,1.01,1.28,1.260675588,1.260675600,1.260675601,1.260675611
Argentinian Primera Division,2026-08-08,21:30:00,CA Independiente,CA Platense,1.73,1.87,5.9,7.4,3.25,3.65,1.5,1.64,2.56,3.0,0.0,0.0,0.0,0.0,0.0,0.0,0.0,0.0,0.0,0.0,0.0,0.0,0.0,0.0,0.0,0.0,0.0,0.0,0.0,0.0,0.0,0.0,0.0,0.0,0.0,0.0,0.0,0.0,0.0,0.0,0.0,0.0,0.0,0.0,0.0,0.0,0.0,0.0,0.0,0.0,0.0,0.0,35881493,8015153.0,10305879.0,58805.0,1.260561345,1.260561355,0.0,0.0,0.0,0.0,0.0,0.0,0.0,0.0,0.0,0.0,0.0,0.0,0.0,0.0,0.0,0.0,0.0,0.0,0.0,0.0,0.0,0.0,0.0,0.0
Argentinian Primera Division,2026-08-08,21:30:00,Instituto,Gimnasia Mendoza,1.66,1.77,5.2,1000.0,2.34,4.1,1.52,110.0,1.01,2.92,0.0,0.0,0.0,0.0,0.0,0.0,0.0,0.0,0.0,0.0,0.0,0.0,0.0,0.0,0.0,0.0,0.0,0.0,0.0,0.0,0.0,0.0,0.0,0.0,0.0,0.0,0.0,0.0,0.0,0.0,0.0,0.0,0.0,0.0,0.0,0.0,0.0,0.0,0.0,0.0,0.0,0.0,35885543,897267.0,9229725.0,58805.0,1.260595468,1.260595478,0.0,0.0,0.0,0.0,0.0,0.0,0.0,0.0,0.0,0.0,0.0,0.0,0.0,0.0,0.0,0.0,0.0,0.0,0.0,0.0,0.0,0.0,0.0,0.0
Peruvian Primera Division,2026-08-08,22:00:00,Sport Boys (Per),Alianza Lima,3.9,5.2,1.98,2.22,3.05,3.5,1.63,1.78,2.28,2.68,1.01,1000.0,1.01,1000.0,1.01,1000.0,1.01,1000.0,1.01,1000.0,1.01,1000.0,1.01,1000.0,1.01,1000.0,1.01,1000.0,1.01,1000.0,1.01,1000.0,1.01,1000.0,1.01,1000.0,1.01,1000.0,1.01,1000.0,1.01,1000.0,1.01,1000.0,1.01,1000.0,1.01,1000.0,1.01,1000.0,1.01,1000.0,35894251,7587321.0,219457.0,58805.0,1.260676135,1.260676138,1.260676182,1.260676183,1.01,110.0,1.01,110.0,2.74,110.0,1.01,1.56,2.74,3.3,1.46,1.56,1.81,2.04,1.23,1.34,1.4,1.48,1.260676184,1.260676145,1.260676136,1.260676137
Honduras Liga Nacional,2026-08-08,22:30:00,Real Espana,Genesis Huracan,1.02,1000.0,1.02,1000.0,1.02,410.0,1.25,970.0,1.24,6.0,1.01,1000.0,1.01,1000.0,1.01,1000.0,1.01,1000.0,1.01,1000.0,1.01,1000.0,1.01,1000.0,1.01,1000.0,1.01,1000.0,1.01,1000.0,1.01,1000.0,1.01,1000.0,1.01,1000.0,1.01,1000.0,1.01,1000.0,1.01,1000.0,1.01,1000.0,1.01,1000.0,1.01,1000.0,1.01,1000.0,1.01,1000.0,35911266,4065664.0,41253113.0,58805.0,1.260852080,1.260852090,1.260852079,1.260852089,1.01,1000.0,1.01,1000.0,1.01,1000.0,1.01,970.0,1.25,110.0,1.25,110.0,1.01,110.0,1.01,110.0,1.01,1000.0,1.260852071,1.260852083,1.260852084,1.260852094
Colombian Primera A,2026-08-08,22:30:00,Deportivo Pasto,Deportivo Cali,2.12,3.0,3.2,110.0,2.2,4.6,1.42,1.75,2.34,3.35,1.01,970.0,1.01,970.0,1.01,12.0,1.09,1000.0,1.09,1000.0,1.09,1000.0,1.09,1000.0,1.09,1000.0,1.09,1000.0,1.09,1000.0,1.09,1000.0,1.09,1000.0,1.09,1000.0,1.09,1000.0,1.09,1000.0,1.09,1000.0,1.09,1000.0,1.09,1000.0,1.09,1000.0,1.09,1000.0,1.09,1000.0,35904717,478919.0,328690.0,58805.0,1.260799105,1.260799108,1.260799152,1.260799153,1.01,110.0,1.01,110.0,1.01,110.0,1.01,1.83,2.2,100.0,1.5,1.83,1.29,1.45,1.5,1.89,1.28,1.67,1.260799154,1.260799115,1.260799106,1.260799107
