League,Date,Time,Home,Away,Odd_H_Back,Odd_H_Lay,Odd_A_Back,Odd_A_Lay,Odd_D_Back,Odd_D_Lay,Odd_Under25_FT_Back,Odd_Under25_FT_Lay,Odd_Over25_FT_Back,Odd_Over25_FT_Lay,Odd_BTTS_Yes_Back,Odd_BTTS_Yes_Lay,Odd_BTTS_No_Back,Odd_BTTS_No_Lay,Odd_CS_0x0_Back,Odd_CS_0x0_Lay,Odd_CS_0x1_Back,Odd_CS_0x1_Lay,Odd_CS_0x2_Back,Odd_CS_0x2_Lay,Odd_CS_0x3_Back,Odd_CS_0x3_Lay,Odd_CS_1x0_Back,Odd_CS_1x0_Lay,Odd_CS_1x1_Back,Odd_CS_1x1_Lay,Odd_CS_1x2_Back,Odd_CS_1x2_Lay,Odd_CS_1x3_Back,Odd_CS_1x3_Lay,Odd_CS_2x0_Back,Odd_CS_2x0_Lay,Odd_CS_2x1_Back,Odd_CS_2x1_Lay,Odd_CS_2x2_Back,Odd_CS_2x2_Lay,Odd_CS_2x3_Back,Odd_CS_2x3_Lay,Odd_CS_3x0_Back,Odd_CS_3x0_Lay,Odd_CS_3x1_Back,Odd_CS_3x1_Lay,Odd_CS_3x2_Back,Odd_CS_3x2_Lay,Odd_CS_3x3_Back,Odd_CS_3x3_Lay,Odd_CS_Goleada_H_Back,Odd_CS_Goleada_H_Lay,Odd_CS_Goleada_A_Back,Odd_CS_Goleada_A_Lay,Odd_CS_Goleada_D_Back,Odd_CS_Goleada_D_Lay,ID_Evento,ID_Home,ID_Away,ID_Draw,IDMercado_Match_Odds,IDMercado_Over/Under_25_Goals,IDMercado_Both_teams_to_Score,IDMercado_Correct_Score,Odd_Under05_HT_Back,Odd_Under05_HT_Lay,Odd_Over05_HT_Back,Odd_Over05_HT_Lay,Odd_Under05_FT_Back,Odd_Under05_FT_Lay,Odd_Over05_FT_Back,Odd_Over05_FT_Lay,Odd_Under15_FT_Back,Odd_Under15_FT_Lay,Odd_Over15_FT_Back,Odd_Over15_FT_Lay,Double_Chance_Home_or_Draw_Back,Double_Chance_Home_or_Draw_Lay,Double_Chance_Draw_or_Away_Back,Double_Chance_Draw_or_Away_Lay,Double_Chance_Home_or_Away_Back,Double_Chance_Home_or_Away_Lay,IDMercado_Double_Chance,IDMercado_First_Half_Goals_05,IDMercado_Over/Under_05_Goals,IDMercado_Over/Under_15_Goals
Mexican Liga MX,2026-08-22,00:00:00,FC Juarez,CF America,4.6,4.8,1.8,1.82,4.1,4.3,2.16,2.24,1.81,1.85,1.78,1.84,2.2,2.3,16.5,18.0,9.4,9.8,10.5,12.0,18.0,19.5,16.0,18.0,8.4,9.4,9.2,10.0,16.5,18.0,32.0,38.0,16.5,18.0,16.5,18.5,28.0,32.0,90.0,110.0,50.0,60.0,50.0,60.0,36.0,95.0,48.0,60.0,9.4,10.5,95.0,1000.0,35942395,10002706.0,328952.0,58805.0,1.261136085,1.261136095,1.261136084,1.261136094,3.55,3.75,1.36,1.39,16.0,20.0,1.06,1.07,4.4,4.7,1.27,1.29,2.2,2.26,1.26,1.27,1.31,1.32,1.261136076,1.261136088,1.261136089,1.261136099
Mexican Liga MX,2026-08-22,00:10:00,Queretaro,Toluca,3.95,4.1,1.98,2.02,3.95,4.1,2.36,2.42,1.7,1.74,1.64,1.7,2.44,2.54,18.5,21.0,11.0,12.5,12.5,14.0,20.0,23.0,16.5,22.0,8.4,9.6,9.2,10.5,8.4,19.0,28.0,32.0,14.5,16.0,13.5,16.0,10.0,30.0,12.5,80.0,36.0,44.0,20.0,46.0,12.5,70.0,23.0,36.0,9.4,10.5,12.0,1000.0,35942385,328926.0,230914.0,58805.0,1.261132855,1.261132858,1.261132902,1.261132903,3.9,4.1,1.33,1.35,18.0,22.0,1.05,1.06,5.0,5.3,1.23,1.25,1.98,2.04,1.32,1.34,1.32,1.34,1.261132904,1.261132865,1.261132856,1.261132857
Japanese J League 2,2026-08-22,03:00:00,Sapporo,Omiya,2.78,3.15,2.38,3.0,3.0,950.0,1.88,990.0,1.26,2.14,1.11,1000.0,1.11,1000.0,1.58,950.0,1.6,23.0,11.0,1000.0,1.73,1000.0,1.6,23.0,1.45,9.0,1.63,970.0,1.68,65.0,1.64,34.0,8.6,19.5,1.63,970.0,1.7,100.0,1.73,1000.0,1.73,1000.0,1.73,1000.0,1.73,1000.0,1.73,1000.0,1.73,1000.0,1.73,1000.0,35942429,2245760.0,1080509.0,58805.0,1.261133625,1.261133628,1.261133672,1.261133673,1.05,1000.0,1.01,110.0,11.0,990.0,1.04,1.1,4.0,36.0,1.26,1.33,1.58,1.72,1.47,1.56,1.3,1.44,1.261133674,1.261133635,1.261133626,1.261133627
Romanian Liga II,2026-08-22,05:00:00,Targu Mures,Gloria Bistrita-Nasaud,1.97,2.8,2.82,4.6,2.82,7.4,1.64,2.22,1.81,2.58,1.01,1000.0,1.01,1000.0,1.03,1000.0,1.03,1000.0,1.03,1000.0,1.03,1000.0,1.03,1000.0,1.03,1000.0,1.03,1000.0,1.03,1000.0,1.03,1000.0,1.03,1000.0,1.03,1000.0,1.03,1000.0,1.03,1000.0,1.03,1000.0,1.03,1000.0,1.03,1000.0,1.01,1000.0,1.01,1000.0,1.03,1000.0,35950729,3413079.0,49366436.0,58805.0,1.261371687,1.261371690,1.261371734,1.261371735,1.01,4.1,1.01,1.65,1.02,110.0,1.01,55.0,2.78,100.0,1.33,1.56,1.27,1.55,1.55,2.04,1.16,1.55,1.261371736,1.261371697,1.261371688,1.261371689
Romanian Liga II,2026-08-22,05:00:00,Gloria Popesti-Leordeni,CSM Scolar Resita,3.3,4.4,2.08,2.48,3.05,3.6,1.59,1.84,2.2,2.68,1.01,1000.0,1.01,1000.0,1.03,1000.0,1.03,1000.0,1.03,1000.0,1.03,1000.0,1.03,1000.0,1.03,1000.0,1.03,1000.0,1.03,1000.0,1.03,1000.0,1.03,1000.0,1.03,1000.0,1.03,1000.0,1.03,1000.0,1.03,1000.0,1.03,1000.0,1.03,1000.0,1.01,1000.0,1.01,1000.0,1.03,1000.0,35950622,7707902.0,12623697.0,58805.0,1.261371466,1.261371469,1.261371513,1.261371514,1.01,1000.0,1.01,1000.0,2.66,110.0,1.01,1.6,2.66,100.0,1.02,1.6,1.67,1.92,1.3,1.44,1.38,1.48,1.261371515,1.261371476,1.261371467,1.261371468
Chinese League 2,2026-08-22,05:00:00,Shanghai Port B,Qingdao Red Lions,2.1,2.54,3.4,4.7,2.84,4.3,1.56,1.8,2.26,2.76,1.01,1000.0,1.01,1000.0,1.03,1000.0,1.03,1000.0,1.03,1000.0,1.03,1000.0,1.03,1000.0,1.03,1000.0,1.03,1000.0,1.03,1000.0,1.03,1000.0,1.03,1000.0,1.03,1000.0,1.03,1000.0,1.03,1000.0,1.03,1000.0,1.03,1000.0,1.03,1000.0,1.01,1000.0,1.01,1000.0,1.03,1000.0,35964332,67939087.0,23344678.0,58805.0,1.261352822,1.261352867,1.261352906,1.261352831,2.28,3.45,1.4,1.78,2.6,110.0,1.01,1.62,2.6,3.6,1.38,1.62,1.27,1.41,1.65,1.9,1.3,1.54,1.261352823,1.261352825,1.261352826,1.261352870
Chinese League 2,2026-08-22,05:00:00,Xian Chongde Ronghai,Lanzhou Longyuan Athletic,1.88,2.18,4.2,6.4,2.9,3.55,1.47,1.7,2.44,3.1,1.11,110.0,1.11,110.0,1.03,1000.0,1.03,1000.0,1.03,1000.0,1.03,1000.0,1.03,1000.0,1.03,1000.0,1.03,1000.0,1.03,1000.0,1.03,1000.0,1.03,1000.0,1.03,1000.0,1.03,1000.0,1.03,1000.0,1.03,1000.0,1.03,1000.0,1.03,1000.0,1.01,1000.0,1.01,1000.0,1.03,1000.0,35964546,68158822.0,84266016.0,58805.0,1.261357991,1.261358036,1.261358075,1.261358000,2.18,3.2,1.45,1.85,1.15,110.0,1.01,110.0,2.4,110.0,1.01,1.71,1.19,1.31,1.84,2.14,1.39,1.53,1.261357992,1.261357994,1.261357995,1.261358039
Chinese League 2,2026-08-22,05:00:00,Haimen Codion,Shandong Taishan B,1.1,990.0,1.06,990.0,1.06,110.0,1.07,990.0,1.02,55.0,1.11,970.0,1.11,970.0,1.03,1000.0,1.03,1000.0,1.03,1000.0,1.03,1000.0,1.03,1000.0,1.03,1000.0,1.03,1000.0,1.03,1000.0,1.03,1000.0,1.03,1000.0,1.03,1000.0,1.03,1000.0,1.03,1000.0,1.03,1000.0,1.03,1000.0,1.03,1000.0,1.01,1000.0,1.01,1000.0,1.03,1000.0,35964561,46839858.0,68158837.0,58805.0,1.261357901,1.261357946,1.261357985,1.261357910,1.01,1000.0,1.01,20.0,1.15,110.0,1.01,7.8,1.1,100.0,1.01,15.5,1.01,36.0,1.01,36.0,1.01,110.0,1.261357902,1.261357904,1.261357905,1.261357949
Chinese League 2,2026-08-22,05:00:00,Taian Tiankuang,Shanghai Second,1.54,1.76,5.7,870.0,3.6,5.7,1.72,2.02,1.99,2.38,1.01,1000.0,1.01,1000.0,1.03,1000.0,1.03,1000.0,1.03,1000.0,1.03,1000.0,1.03,1000.0,1.03,1000.0,1.03,1000.0,1.03,1000.0,1.03,1000.0,1.03,1000.0,1.03,1000.0,1.03,1000.0,1.03,1000.0,1.03,1000.0,1.03,1000.0,1.03,1000.0,1.01,1000.0,1.01,1000.0,1.03,1000.0,35964320,47112788.0,97429587.0,58805.0,1.261353092,1.261353137,1.261353176,1.261353101,2.46,4.0,1.33,1.68,3.1,110.0,1.01,1.45,3.1,110.0,1.02,1.45,1.08,1.21,2.32,2.86,1.21,1.39,1.261353093,1.261353095,1.261353096,1.261353140
Chinese League 2,2026-08-22,05:00:00,Changchun Xidu,Dalian Kewei,4.8,6.6,1.89,2.18,2.9,3.5,1.42,1.68,2.48,3.4,1.01,1000.0,1.01,1000.0,1.03,1000.0,1.03,1000.0,1.03,1000.0,1.03,1000.0,1.03,1000.0,1.03,1000.0,1.03,1000.0,1.03,1000.0,1.03,1000.0,1.03,1000.0,1.03,1000.0,1.03,1000.0,1.03,1000.0,1.03,1000.0,1.03,1000.0,1.03,1000.0,1.01,1000.0,1.01,1000.0,1.03,1000.0,35964325,82346037.0,97256573.0,58805.0,1.261352912,1.261352957,1.261352996,1.261352921,1.01,1000.0,1.45,1.85,2.9,9.2,1.12,1.52,2.24,2.88,1.53,1.8,1.85,2.14,1.18,1.27,1.4,1.53,1.261352913,1.261352915,1.261352916,1.261352960
Romanian Liga II,2026-08-22,05:00:00,CSL Stefanestii de Jos,ACSM Cetatea 1932 Suceava,3.3,5.9,1.89,2.36,2.96,5.9,1.71,2.1,1.9,2.42,1.01,1000.0,1.01,1000.0,1.03,1000.0,1.03,1000.0,1.03,1000.0,1.03,1000.0,1.03,1000.0,1.03,1000.0,1.03,1000.0,1.03,1000.0,1.03,1000.0,1.03,1000.0,1.03,1000.0,1.03,1000.0,1.03,1000.0,1.03,1000.0,1.03,1000.0,1.03,1000.0,1.01,1000.0,1.01,1000.0,1.03,1000.0,35950717,75785596.0,101246043.0,58805.0,1.261371556,1.261371559,1.261371603,1.261371604,2.54,4.2,1.01,1000.0,3.5,110.0,1.01,1.4,3.5,100.0,1.32,1.4,1.73,2.14,1.2,1.43,1.2,1.51,1.261371605,1.261371566,1.261371557,1.261371558
Romanian Liga II,2026-08-22,05:00:00,CSM Ramnicu-Valcea,ACS Fotbal Club Bacau,2.42,2.88,2.58,3.1,3.2,4.0,2.04,2.4,1.71,1.95,1.56,1.8,2.24,2.78,13.5,21.0,10.0,15.5,15.5,22.0,1.01,50.0,10.0,15.0,6.6,10.0,9.8,15.0,1.03,32.0,14.0,22.0,9.4,14.5,12.0,17.0,1.01,44.0,1.01,44.0,20.0,29.0,1.01,42.0,1.01,85.0,14.5,23.0,16.5,25.0,1.01,1000.0,35950664,58891141.0,59392231.0,58805.0,1.261218448,1.261218451,1.261218495,1.261218496,2.72,4.6,1.28,1.58,13.5,110.0,1.01,1.08,4.0,90.0,1.26,1.33,1.47,1.63,1.53,1.71,1.33,1.42,1.261218497,1.261218458,1.261218449,1.261218450
Romanian Liga II,2026-08-22,05:00:00,Concordia Chiajna,Politehnica Timisoara,1.92,2.54,2.8,5.0,2.78,8.2,1.64,2.22,1.81,2.56,1.11,1000.0,1.11,1000.0,1.01,1000.0,1.01,1000.0,1.01,1000.0,1.01,1000.0,1.01,1000.0,1.01,1000.0,1.01,1000.0,1.01,1000.0,1.01,1000.0,1.01,1000.0,1.01,1000.0,1.01,1000.0,1.01,1000.0,1.01,1000.0,1.01,1000.0,1.01,1000.0,1.01,1000.0,1.01,1000.0,1.01,1000.0,35950719,5367199.0,5964785.0,58805.0,1.261219113,1.261219116,1.261219160,1.261219161,2.32,4.3,1.31,1.75,3.3,110.0,1.01,1.43,3.3,4.3,1.32,1.43,1.25,1.55,1.64,2.1,1.15,1.56,1.261219162,1.261219123,1.261219114,1.261219115
Romanian Liga II,2026-08-22,05:00:00,CSM Slatina,Metalul Buzau,1.8,2.3,3.2,6.2,3.35,4.0,1.72,2.16,1.86,2.4,1.11,1000.0,1.11,1000.0,1.01,1000.0,1.01,1000.0,1.01,1000.0,1.01,1000.0,1.01,1000.0,1.01,1000.0,1.01,1000.0,1.01,1000.0,1.01,1000.0,1.01,1000.0,1.01,1000.0,1.01,1000.0,1.01,1000.0,1.01,1000.0,1.01,1000.0,1.01,1000.0,1.01,1000.0,1.01,1000.0,1.01,1000.0,35950718,20135213.0,14925624.0,58805.0,1.261219203,1.261219206,1.261219250,1.261219251,2.56,4.2,1.31,1.65,2.86,110.0,1.01,1.42,2.86,100.0,1.34,1.42,1.19,1.46,1.78,2.26,1.33,1.43,1.261219252,1.261219213,1.261219204,1.261219205
Romanian Liga II,2026-08-22,05:00:00,CSM Satu Mare,Bihor Oradea,1.1,990.0,1.22,990.0,1.2,950.0,1.25,90.0,1.31,6.0,1.11,1000.0,1.11,1000.0,1.01,1000.0,1.01,1000.0,1.01,1000.0,1.01,1000.0,1.01,1000.0,1.01,1000.0,1.01,1000.0,1.01,1000.0,1.01,1000.0,1.01,1000.0,1.01,1000.0,1.01,1000.0,1.01,1000.0,1.01,1000.0,1.01,1000.0,1.01,1000.0,1.01,1000.0,1.01,1000.0,1.01,1000.0,35950689,36410400.0,5525110.0,58805.0,1.261218977,1.261218980,1.261219024,1.261219025,1.01,1000.0,1.01,20.0,1.26,110.0,1.01,7.8,1.26,90.0,1.31,11.0,1.01,26.0,1.16,26.0,1.01,110.0,1.261219026,1.261218987,1.261218978,1.261218979
Japanese J League 2,2026-08-22,05:00:00,Vanraure Hachinohe,Sendai,4.4,5.1,1.99,2.14,3.2,3.55,1.6,1.74,2.36,2.66,2.06,2.26,1.79,1.95,7.4,12.0,6.2,7.6,9.8,12.5,21.0,32.0,10.5,15.5,6.4,9.0,9.2,13.0,4.6,28.0,24.0,40.0,14.0,23.0,16.5,28.0,36.0,65.0,5.4,150.0,5.2,80.0,5.3,110.0,5.4,210.0,5.4,140.0,19.0,24.0,5.6,1000.0,35955513,7632116.0,442179.0,58805.0,1.261277867,1.261277870,1.261277914,1.261277915,2.52,3.4,1.41,1.65,8.4,10.5,1.1,1.14,2.82,3.15,1.46,1.55,1.87,2.02,1.25,1.3,1.39,1.46,1.261277916,1.261277877,1.261277868,1.261277869
Hong Kong Premier League,2026-08-22,05:00:00,Southern District,Hong Kong FC,1.45,1.57,5.8,8.6,4.7,6.2,2.54,2.98,1.51,1.65,1.69,1.87,2.14,2.46,20.0,32.0,1.03,36.0,1.01,75.0,1.01,210.0,9.0,13.5,9.4,14.0,20.0,32.0,1.01,95.0,8.6,13.0,8.0,12.0,15.5,24.0,1.01,80.0,10.5,16.5,11.0,17.0,21.0,34.0,1.01,100.0,4.4,6.4,1.01,90.0,1.03,1000.0,35965276,10268893.0,5222607.0,58805.0,1.261362581,1.261362591,1.261362580,1.261362590,1.01,1000.0,1.01,1000.0,5.5,36.0,1.03,1.07,5.5,7.0,1.17,1.23,1.13,1.21,2.74,3.25,1.2,1.27,1.261362572,1.261362584,1.261362585,1.261362595
Chinese League 2,2026-08-22,05:00:00,Dalian Yingbo II,Beijing Tech FC,1.47,1.83,5.5,15.0,3.65,7.2,1.64,2.16,1.86,2.56,1.11,970.0,1.11,970.0,1.03,1000.0,1.03,1000.0,1.03,1000.0,1.03,1000.0,1.03,1000.0,1.03,1000.0,1.03,1000.0,1.03,1000.0,1.03,1000.0,1.03,1000.0,1.03,1000.0,1.03,1000.0,1.03,1000.0,1.03,1000.0,1.03,1000.0,1.03,1000.0,1.01,1000.0,1.01,1000.0,1.03,1000.0,35964324,97450775.0,17824433.0,58805.0,1.261353002,1.261353047,1.261353086,1.261353011,2.46,4.0,1.33,1.69,2.26,110.0,1.01,1.42,2.26,110.0,1.01,1.42,1.07,1.22,2.2,3.1,1.17,1.38,1.261353003,1.261353005,1.261353006,1.261353050
Japanese J League 3,2026-08-22,06:00:00,Nara Club,Renofa Yamaguchi,3.3,5.3,1.82,2.26,3.1,6.8,1.81,2.38,1.73,2.22,1.01,1000.0,1.01,1000.0,1.03,1000.0,1.03,1000.0,1.03,1000.0,1.03,1000.0,1.03,1000.0,1.03,1000.0,1.03,1000.0,1.03,1000.0,1.03,1000.0,1.03,1000.0,1.03,1000.0,1.03,1000.0,1.03,1000.0,1.03,1000.0,1.03,1000.0,1.03,1000.0,1.01,1000.0,1.01,1000.0,1.03,1000.0,35965390,4233883.0,4233875.0,58805.0,1.261368112,1.261368122,1.261368111,1.261368121,1.01,1000.0,1.29,1.58,3.1,110.0,1.01,1.48,3.1,100.0,1.27,1.48,1.79,2.22,1.23,1.44,1.18,1.47,1.261368103,1.261368115,1.261368116,1.261368126
Japanese J League,2026-08-22,06:00:00,Kashima,Fukuoka,1.78,1.83,5.7,6.2,3.45,3.7,1.63,1.7,2.44,2.58,2.3,2.34,1.74,1.77,9.0,10.5,13.5,15.5,9.4,60.0,11.0,240.0,5.9,6.6,7.2,8.2,21.0,30.0,10.5,140.0,8.4,9.6,9.4,11.0,8.2,26.0,10.5,150.0,17.0,20.0,20.0,24.0,26.0,65.0,11.0,250.0,15.5,17.5,11.0,230.0,18.0,1000.0,35942568,441079.0,1405180.0,58805.0,1.261134730,1.261134733,1.261134777,1.261134778,2.34,110.0,1.01,1.74,9.0,10.5,1.11,1.13,2.9,3.05,1.49,1.53,1.19,1.21,2.2,2.3,1.37,1.4,1.261134779,1.261134740,1.261134731,1.261134732
Japanese J League 3,2026-08-22,06:00:00,Matsumoto,Ehime,2.72,3.45,2.28,2.72,3.35,5.2,1.66,2.04,1.96,2.5,1.01,1000.0,1.01,1000.0,1.03,1000.0,1.03,1000.0,1.03,1000.0,1.03,1000.0,1.03,1000.0,1.03,1000.0,1.03,1000.0,1.03,1000.0,1.03,1000.0,1.03,1000.0,1.03,1000.0,1.03,1000.0,1.03,1000.0,1.03,1000.0,1.03,1000.0,1.03,1000.0,1.01,1000.0,1.01,1000.0,1.03,1000.0,35965396,7081210.0,3455675.0,58805.0,1.261367988,1.261367998,1.261367987,1.261367997,1.01,1000.0,1.33,1.65,1.02,110.0,1.01,55.0,3.4,110.0,1.01,1.41,1.59,1.78,1.41,1.59,1.24,1.42,1.261367979,1.261367991,1.261367992,1.261368002
Japanese J League 3,2026-08-22,06:00:00,FC Osaka,FC Ryukyu,1.69,1.95,4.4,6.6,3.5,4.1,1.81,2.22,1.81,2.24,1.01,970.0,1.01,970.0,1.03,1000.0,1.03,1000.0,1.03,1000.0,1.03,1000.0,1.03,1000.0,1.03,1000.0,1.03,1000.0,1.03,1000.0,1.03,1000.0,1.03,1000.0,1.03,1000.0,1.03,1000.0,1.03,1000.0,1.03,1000.0,1.03,1000.0,1.03,1000.0,1.01,1000.0,1.01,1000.0,1.03,1000.0,35965378,9301693.0,7379405.0,58805.0,1.261368222,1.261368232,1.261368221,1.261368231,1.01,1000.0,1.33,1.61,3.0,110.0,1.01,1.5,3.0,100.0,1.01,1.5,1.19,1.29,2.06,2.44,1.32,1.4,1.261368213,1.261368225,1.261368226,1.261368236
Japanese J League 2,2026-08-22,06:00:00,Blaublitz Akita,Kofu,2.32,2.56,3.55,4.0,2.92,3.3,1.24,1.64,2.58,6.0,2.08,2.44,1.7,1.92,1.25,1000.0,8.0,1000.0,1.19,26.0,1.25,1000.0,1.25,1000.0,5.4,9.4,12.0,26.0,1.25,1000.0,9.6,1000.0,9.6,1000.0,1.25,1000.0,1.25,1000.0,1.25,1000.0,1.23,65.0,1.25,1000.0,22.0,1000.0,1.25,1000.0,1.25,1000.0,1.25,1000.0,35942565,5852914.0,1405179.0,58805.0,1.261134458,1.261134462,1.261134506,1.261134507,2.26,3.15,1.47,1.79,6.8,9.2,1.13,1.17,2.68,8.8,1.13,1.59,1.33,1.39,1.64,1.75,1.43,1.53,1.261134508,1.261134469,1.261134459,1.261134460
Japanese J League,2026-08-22,06:30:00,Okayama,Tokyo-V,2.22,2.3,4.0,4.3,3.05,3.25,1.56,1.61,2.66,2.8,2.22,2.3,1.78,1.82,7.6,8.8,9.6,11.0,24.0,30.0,9.4,120.0,6.4,7.2,6.4,7.4,15.5,19.0,9.0,85.0,10.5,13.0,10.5,12.5,20.0,25.0,9.2,110.0,14.5,38.0,14.5,38.0,30.0,70.0,9.2,220.0,8.0,38.0,9.4,120.0,9.6,1000.0,35942571,5561025.0,263080.0,58805.0,1.261135134,1.261135137,1.261135181,1.261135182,1.2,2.8,1.55,110.0,7.6,8.6,1.13,1.16,2.68,2.8,1.56,1.59,1.3,1.33,1.77,1.81,1.44,1.49,1.261135183,1.261135144,1.261135135,1.261135136
Japanese J League 2,2026-08-22,06:30:00,Toyama,FC Imabari,1.96,2.04,4.0,4.5,3.65,3.8,1.97,2.08,1.93,2.04,1.79,1.9,2.1,2.26,13.0,16.5,14.0,18.5,27.0,36.0,6.0,100.0,8.6,11.0,7.6,9.2,15.0,20.0,40.0,55.0,11.0,12.5,9.4,12.0,16.5,21.0,50.0,65.0,20.0,24.0,18.5,24.0,32.0,42.0,6.0,110.0,12.5,14.5,5.9,65.0,6.4,1000.0,35942513,4296466.0,6641602.0,58805.0,1.261134095,1.261134098,1.261134142,1.261134143,2.84,4.3,1.31,1.54,13.0,15.5,1.07,1.09,3.8,4.3,1.31,1.36,1.29,1.33,1.96,2.04,1.35,1.38,1.261134144,1.261134105,1.261134096,1.261134097
Japanese J League 2,2026-08-22,07:00:00,Tosu,Tochigi Uva FC,2.0,2.18,3.85,4.8,3.4,3.8,1.84,2.2,1.84,2.18,1.01,1000.0,1.96,2.32,1.01,1000.0,1.01,26.0,17.0,40.0,1.01,1000.0,1.01,11.5,1.01,1000.0,12.0,26.0,24.0,95.0,9.6,1000.0,8.0,1000.0,1.01,1000.0,1.01,1000.0,1.01,40.0,15.0,1000.0,24.0,1000.0,1.01,1000.0,1.01,1000.0,1.01,1000.0,1.01,1000.0,35955519,3455676.0,9937190.0,58805.0,1.261278265,1.261278268,1.261278312,1.261278313,2.7,4.0,1.01,1000.0,2.98,15.5,1.08,1.51,2.98,4.3,1.3,1.51,1.27,1.35,1.84,2.0,1.35,1.42,1.261278314,1.261278275,1.261278266,1.261278267
Japanese J League 3,2026-08-22,07:00:00,Thespakusatsu Gunma,Mio Biwako Shiga,2.22,2.92,2.52,3.4,3.3,6.6,1.81,2.36,1.73,2.22,1.01,970.0,1.01,110.0,1.01,1000.0,1.01,1000.0,1.01,1000.0,1.01,1000.0,1.01,1000.0,1.01,1000.0,1.01,1000.0,1.01,1000.0,1.01,1000.0,1.01,1000.0,1.01,1000.0,1.01,1000.0,1.01,1000.0,1.01,1000.0,1.01,1000.0,1.01,1000.0,1.01,1000.0,1.01,1000.0,1.01,1000.0,35965403,7078090.0,10244329.0,58805.0,1.261368442,1.261368452,1.261368441,1.261368451,2.68,4.3,1.01,1000.0,1.02,110.0,1.01,55.0,2.98,110.0,1.01,1.51,1.41,1.66,1.52,1.82,1.18,1.43,1.261368433,1.261368445,1.261368446,1.261368456
Japanese J League 3,2026-08-22,07:00:00,Kumamoto,Nagano Parceiro,1.95,2.58,3.1,4.9,2.98,3.75,1.63,2.1,1.91,2.58,1.01,970.0,1.01,970.0,1.01,1000.0,1.01,1000.0,1.01,1000.0,1.01,1000.0,1.01,1000.0,1.01,1000.0,1.01,1000.0,1.01,1000.0,1.01,1000.0,1.01,1000.0,1.01,1000.0,1.01,1000.0,1.01,1000.0,1.01,1000.0,1.01,1000.0,1.01,1000.0,1.01,1000.0,1.01,1000.0,1.01,1000.0,35965402,5021204.0,6641607.0,58805.0,1.261368332,1.261368342,1.261368331,1.261368341,2.46,3.85,1.01,1000.0,2.8,110.0,1.01,1.56,2.8,100.0,1.31,1.56,1.26,1.48,1.65,2.06,1.36,1.51,1.261368323,1.261368335,1.261368336,1.261368346
Japanese J League 3,2026-08-22,07:00:00,Tochigi SC,Kitakyushu,1.81,2.4,3.15,5.7,2.88,8.0,1.54,2.0,2.0,2.84,1.01,1000.0,1.01,1000.0,1.01,1000.0,1.03,1000.0,1.03,1000.0,1.03,1000.0,1.03,1000.0,1.03,1000.0,1.03,1000.0,1.03,1000.0,1.03,1000.0,1.03,1000.0,1.03,1000.0,1.03,1000.0,1.03,1000.0,1.03,1000.0,1.03,1000.0,1.03,1000.0,1.01,1000.0,1.01,1000.0,1.03,1000.0,35965379,5945153.0,5026013.0,58805.0,1.261368662,1.261368672,1.261368661,1.261368671,1.01,3.65,1.01,1.73,1.02,110.0,1.01,55.0,2.5,110.0,1.01,1.67,1.21,1.36,1.71,2.22,1.23,1.53,1.261368653,1.261368665,1.261368666,1.261368676
Japanese J League 3,2026-08-22,07:00:00,Kagoshima Utd,FC Gifu,2.04,2.52,3.05,4.5,2.9,5.5,1.72,2.22,1.81,2.4,1.01,1000.0,1.01,1000.0,1.01,1000.0,1.01,1000.0,1.01,1000.0,1.01,1000.0,1.01,1000.0,1.01,1000.0,1.01,1000.0,1.01,1000.0,1.01,1000.0,1.01,1000.0,1.01,1000.0,1.01,1000.0,1.01,1000.0,1.01,1000.0,1.01,1000.0,1.01,1000.0,1.01,1000.0,1.01,1000.0,1.01,1000.0,35965383,10428848.0,4270387.0,58805.0,1.261368552,1.261368562,1.261368551,1.261368561,1.01,1000.0,1.33,1.64,2.82,110.0,1.01,1.43,2.82,4.2,1.31,1.43,1.28,1.49,1.65,1.96,1.22,1.53,1.261368543,1.261368555,1.261368556,1.261368566
Japanese J League 2,2026-08-22,07:00:00,Albirex Niigata,Fujieda Myfc,2.16,2.8,3.05,4.2,2.98,3.95,1.55,1.85,2.16,2.8,1.8,1000.0,1.01,2.24,1.03,1000.0,7.8,23.0,1.03,1000.0,1.03,1000.0,6.2,14.5,5.4,10.5,9.4,23.0,1.03,1000.0,1.01,1000.0,8.6,19.5,1.03,36.0,1.03,1000.0,1.03,1000.0,16.0,1000.0,1.03,90.0,17.0,1000.0,1.01,1000.0,1.01,1000.0,1.03,1000.0,35955512,5712145.0,14196415.0,58805.0,1.261277579,1.261277582,1.261277626,1.261277627,2.48,3.55,1.01,1000.0,2.54,13.5,1.09,1.65,2.54,11.5,1.42,1.65,1.31,1.48,1.55,1.86,1.33,1.5,1.261277628,1.261277589,1.261277580,1.261277581
Japanese J League 2,2026-08-22,07:00:00,Tegevajaro Miyazaki,Shonan,2.36,2.74,2.88,3.5,3.25,3.8,1.67,1.82,2.22,2.48,1.01,2.1,1.01,1000.0,1.01,1000.0,8.0,13.0,1.01,26.0,27.0,1000.0,7.4,13.0,1.01,1000.0,1.01,1000.0,22.0,55.0,1.01,1000.0,8.8,1000.0,15.0,1000.0,30.0,1000.0,19.0,1000.0,16.5,1000.0,1.01,1000.0,1.01,1000.0,1.01,1000.0,1.01,1000.0,1.01,1000.0,35955518,16139510.0,4546954.0,58805.0,1.261278067,1.261278070,1.261278114,1.261278115,1.01,3.65,1.01,1000.0,8.8,13.5,1.09,1.13,2.96,3.65,1.38,1.51,1.4,1.54,1.57,1.74,1.35,1.45,1.261278116,1.261278077,1.261278068,1.261278069
Japanese J League 2,2026-08-22,07:00:00,Yamagata,Yokohama FC,4.1,4.7,1.98,2.1,3.35,3.7,1.81,1.95,2.06,2.22,1.87,1.99,2.0,2.16,9.8,15.0,7.6,9.8,9.6,13.0,21.0,26.0,12.5,16.5,6.2,9.2,9.4,12.5,20.0,24.0,24.0,38.0,13.0,19.0,17.0,22.0,5.2,48.0,5.6,120.0,5.4,70.0,5.4,80.0,5.6,140.0,5.4,80.0,13.0,18.0,5.9,1000.0,35955506,3718961.0,2319612.0,58805.0,1.261277268,1.261277271,1.261277315,1.261277316,2.66,3.9,1.35,1.6,9.8,13.5,1.09,1.1,3.4,3.75,1.36,1.42,1.9,2.02,1.28,1.32,1.37,1.43,1.261277317,1.261277278,1.261277269,1.261277270
Japanese J League,2026-08-22,07:00:00,Cerezo Osaka,Shimizu,2.32,2.52,3.15,3.4,3.45,3.75,1.97,2.18,1.85,2.04,1.71,1.82,2.2,2.42,3.7,970.0,9.8,70.0,5.2,36.0,11.0,270.0,9.2,48.0,6.0,8.6,10.5,60.0,7.8,170.0,2.1,19.0,2.06,16.0,13.5,80.0,9.4,100.0,7.4,160.0,5.7,42.0,2.3,80.0,2.38,1000.0,2.38,1000.0,2.38,1000.0,2.38,1000.0,35942567,353589.0,441086.0,58805.0,1.261134820,1.261134823,1.261134867,1.261134868,3.0,3.95,1.34,1.49,9.8,990.0,1.06,1.08,3.5,4.5,1.29,1.37,1.41,1.47,1.66,1.75,1.36,1.41,1.261134869,1.261134830,1.261134821,1.261134822
Portuguese Segunda Liga,2026-08-22,07:00:00,Leixoes,Leiria,2.3,2.58,2.96,4.1,3.05,4.4,1.71,2.08,1.94,2.42,1.11,1.93,2.08,1000.0,1.01,1000.0,1.01,1000.0,1.01,1000.0,1.01,1000.0,1.01,1000.0,1.01,1000.0,1.01,1000.0,1.01,1000.0,1.01,1000.0,1.01,1000.0,1.01,1000.0,1.01,1000.0,1.01,1000.0,1.01,1000.0,1.01,1000.0,1.01,1000.0,1.01,1000.0,1.01,1000.0,1.01,1000.0,35948373,146050.0,191603.0,58805.0,1.261195475,1.261195527,1.261195566,1.261195491,2.74,4.2,1.32,1.57,1.15,110.0,1.02,1.51,1.1,100.0,1.3,1.51,1.32,1.51,1.63,1.77,1.29,1.48,1.261195477,1.261195481,1.261195484,1.261195530
Japanese J League,2026-08-22,07:00:00,Nagoya,G-Osaka,2.46,2.58,2.94,3.1,3.55,3.75,2.04,2.18,1.86,1.97,1.69,1.79,2.26,2.46,5.7,970.0,9.8,970.0,4.9,28.0,10.0,260.0,9.0,18.5,6.8,9.8,10.0,970.0,7.4,170.0,1.78,23.0,8.6,970.0,11.0,23.0,9.6,230.0,7.6,100.0,5.9,48.0,7.8,85.0,16.5,1000.0,1.94,1000.0,1.94,1000.0,1.94,1000.0,35942564,441084.0,441083.0,58805.0,1.261134549,1.261134552,1.261134596,1.261134597,3.0,3.8,1.35,1.5,11.5,18.0,1.06,1.1,4.1,4.5,1.29,1.33,1.47,1.51,1.64,1.68,1.36,1.4,1.261134598,1.261134559,1.261134550,1.261134551
Japanese J League 2,2026-08-22,07:00:00,Iwata,Tokushima,2.5,2.94,2.96,990.0,1.1,3.8,1.55,1.8,2.24,2.8,1.89,1000.0,1.11,2.14,1.29,1000.0,8.0,1000.0,1.23,26.0,1.29,1000.0,7.4,13.0,5.4,9.4,1.29,1000.0,1.29,1000.0,1.29,1000.0,9.6,1000.0,16.0,1000.0,1.29,1000.0,1.29,1000.0,20.0,1000.0,1.29,1000.0,1.29,1000.0,1.29,1000.0,1.29,1000.0,1.29,1000.0,35947271,263079.0,5026012.0,58805.0,1.261179590,1.261179593,1.261179637,1.261179638,2.44,3.55,1.39,1.7,9.6,990.0,1.09,1.12,2.84,3.45,1.41,1.5,1.43,1.52,1.53,1.66,1.4,1.54,1.261179639,1.261179600,1.261179591,1.261179592
Japanese J League 2,2026-08-22,07:00:00,Oita,Iwaki SC,4.4,5.6,1.95,2.18,3.05,3.85,1.49,1.65,2.52,3.05,1.11,2.4,1.72,1000.0,1.17,1000.0,1.17,1000.0,7.4,1000.0,1.17,1000.0,1.17,1000.0,1.04,9.4,1.17,1000.0,1.17,1000.0,1.17,1000.0,1.12,26.0,1.17,1000.0,1.17,1000.0,1.17,1000.0,1.17,1000.0,1.17,1000.0,21.0,1000.0,1.17,1000.0,1.17,1000.0,1.17,1000.0,35942566,441089.0,13432059.0,58805.0,1.261134910,1.261134913,1.261134957,1.261134958,2.26,3.15,1.47,1.79,6.8,9.2,1.13,1.17,2.6,2.92,1.52,1.62,1.84,2.06,1.22,1.3,1.35,1.49,1.261134959,1.261134920,1.261134911,1.261134912
Japanese J League 3,2026-08-22,07:00:00,Tottori,Fukushima Utd,2.54,3.15,2.52,3.1,3.15,4.8,2.0,2.3,1.78,2.0,1.01,1000.0,1.01,1000.0,1.01,1000.0,1.01,1000.0,1.01,1000.0,1.01,1000.0,1.01,1000.0,1.01,1000.0,1.01,1000.0,1.01,1000.0,1.01,1000.0,1.01,1000.0,1.01,1000.0,1.01,1000.0,1.01,1000.0,1.01,1000.0,1.01,1000.0,1.01,1000.0,1.01,1000.0,1.01,1000.0,1.01,1000.0,35965375,5759566.0,4271905.0,58805.0,1.261368772,1.261368782,1.261368771,1.261368781,1.01,4.4,1.01,1.58,9.2,110.0,1.01,1.13,4.0,7.0,1.27,1.34,1.48,1.66,1.46,1.65,1.26,1.47,1.261368763,1.261368775,1.261368776,1.261368786
Portuguese Liga 3,2026-08-22,07:00:00,CF Os Belenenses,Santarem,1.69,1.83,5.0,6.8,3.65,4.9,1.69,1.76,2.3,2.44,1.01,110.0,1.01,110.0,1.03,1000.0,1.03,1000.0,1.03,1000.0,1.03,1000.0,1.03,1000.0,1.03,1000.0,1.03,1000.0,1.03,1000.0,1.03,1000.0,1.03,1000.0,1.03,1000.0,1.03,1000.0,1.03,1000.0,1.03,1000.0,1.03,1000.0,1.03,1000.0,1.01,1000.0,1.01,1000.0,1.03,1000.0,35965466,41895590.0,25562184.0,58805.0,1.261372483,1.261372486,1.261372530,1.261372531,2.42,3.7,1.01,1000.0,3.0,110.0,1.01,1.5,3.0,3.9,1.34,1.5,1.17,1.25,2.2,2.46,1.32,1.38,1.261372532,1.261372493,1.261372484,1.261372485
Japanese J League,2026-08-22,07:00:00,Kyoto,Mito,2.16,2.22,3.7,3.9,3.4,3.6,1.74,1.79,2.26,2.34,1.99,2.06,1.95,2.02,10.0,12.0,10.5,14.5,21.0,29.0,30.0,95.0,7.2,8.6,7.0,8.4,13.5,18.5,24.0,65.0,11.0,13.5,9.6,11.5,17.0,22.0,30.0,80.0,13.0,34.0,19.5,27.0,6.8,50.0,7.6,160.0,18.5,23.0,7.2,85.0,8.0,1000.0,35942570,441085.0,3455677.0,58805.0,1.261134639,1.261134642,1.261134686,1.261134687,1.2,110.0,1.01,110.0,10.0,12.5,1.09,1.11,3.15,3.4,1.42,1.46,1.34,1.37,1.81,1.87,1.38,1.41,1.261134688,1.261134649,1.261134640,1.261134641
Japanese J League,2026-08-22,07:15:00,Hiroshima,Kawasaki,1.67,1.74,5.0,5.4,4.4,4.6,2.42,2.58,1.63,1.7,1.7,1.76,2.28,2.44,20.0,27.0,17.0,23.0,7.6,50.0,8.2,130.0,10.0,11.5,9.2,10.5,18.0,21.0,7.6,70.0,10.5,12.0,9.2,10.5,13.5,18.5,7.6,65.0,15.5,21.0,12.5,19.0,21.0,34.0,7.8,90.0,6.8,7.8,7.6,60.0,8.6,1000.0,35942574,744103.0,1080507.0,58805.0,1.261135044,1.261135047,1.261135091,1.261135092,3.25,110.0,1.01,1.44,15.0,110.0,1.02,1.07,5.1,5.6,1.21,1.25,1.22,1.25,2.34,2.48,1.27,1.3,1.261135093,1.261135054,1.261135045,1.261135046
Hong Kong Premier League,2026-08-22,07:30:00,Hong Kong Rangers FC,Kitchee SC,6.0,190.0,1.3,1.64,4.4,15.5,2.56,4.1,1.33,1.64,1.01,1000.0,1.01,1000.0,1.01,1000.0,1.01,1000.0,1.01,1000.0,1.01,1000.0,1.01,1000.0,1.01,1000.0,1.01,1000.0,1.01,1000.0,1.01,1000.0,1.01,1000.0,1.01,1000.0,1.01,1000.0,1.01,1000.0,1.01,1000.0,1.01,1000.0,1.01,1000.0,1.01,1000.0,1.01,1000.0,1.01,1000.0,35965551,6620679.0,5696599.0,58805.0,1.261367584,1.261367587,1.261367631,1.261367632,1.01,1000.0,1.01,1000.0,1.02,55.0,1.02,1.16,2.56,55.0,1.11,1.16,2.58,4.3,1.01,1.2,1.07,1.3,1.261367633,1.261367594,1.261367585,1.261367586
Japanese J League,2026-08-22,07:30:00,Yokohama FM,Kobe,3.5,3.65,2.24,2.32,3.4,3.6,1.8,1.88,2.14,2.24,1.92,1.99,2.02,2.1,11.0,12.5,8.0,9.2,11.5,15.0,6.4,34.0,10.5,12.5,6.8,8.4,10.0,13.0,19.5,30.0,20.0,28.0,13.0,17.0,17.0,20.0,18.5,50.0,27.0,80.0,19.0,55.0,24.0,65.0,7.2,140.0,7.0,60.0,17.5,24.0,7.6,1000.0,35942645,441087.0,441082.0,58805.0,1.261137079,1.261137082,1.261137126,1.261137127,1.2,110.0,1.01,110.0,10.5,13.5,1.08,1.1,3.35,3.6,1.38,1.42,1.76,1.81,1.37,1.4,1.38,1.41,1.261137128,1.261137089,1.261137080,1.261137081
Chinese League 1,2026-08-22,08:00:00,Ningbo Professional,Yanbian Longding,2.16,2.74,3.0,4.4,2.74,5.1,1.51,1.81,2.24,2.94,1.8,2.36,1.74,2.24,1.51,1000.0,7.2,970.0,1.51,1000.0,1.51,1000.0,1.34,970.0,4.8,970.0,1.46,40.0,1.51,1000.0,7.8,30.0,7.8,30.0,1.51,1000.0,1.51,1000.0,1.51,1000.0,1.51,1000.0,1.51,1000.0,1.51,1000.0,1.51,1000.0,1.51,1000.0,1.51,1000.0,35962558,99530646.0,39632858.0,58805.0,1.261339092,1.261339137,1.261339176,1.261339101,2.34,3.45,1.41,1.74,6.6,21.0,1.05,1.18,2.46,3.8,1.35,1.69,1.29,1.49,1.57,1.86,1.25,1.58,1.261339093,1.261339095,1.261339096,1.261339140
Chinese League 1,2026-08-22,08:00:00,Dalian Kun City FC,Wuxi Wugou,2.06,2.32,3.1,4.3,1.1,5.2,2.0,2.24,1.8,2.0,1.66,1.93,2.08,2.5,1.03,1000.0,1.01,26.0,1.03,1000.0,24.0,1000.0,1.01,1000.0,1.03,13.0,1.01,26.0,1.03,80.0,1.01,26.0,1.03,1000.0,1.01,26.0,1.03,1000.0,1.03,1000.0,1.01,1000.0,1.01,1000.0,1.03,1000.0,1.01,1000.0,1.01,1000.0,1.03,1000.0,35962557,68280380.0,39645470.0,58805.0,1.261339182,1.261339227,1.261339266,1.261339191,1.32,4.2,1.32,4.1,9.6,110.0,1.01,1.12,3.4,100.0,1.01,1.42,1.33,1.49,1.75,1.95,1.23,110.0,1.261339183,1.261339185,1.261339186,1.261339230
Chinese Super League,2026-08-22,08:00:00,Wuhan Three Towns,Tianjin Jinmen Tiger FC,2.4,2.52,3.0,3.15,3.5,3.85,2.14,2.26,1.8,1.88,1.67,1.75,2.32,2.52,15.5,17.5,12.5,14.5,19.5,23.0,10.5,50.0,10.5,12.5,7.6,8.6,12.0,13.5,9.4,34.0,15.0,17.5,10.0,12.0,14.0,16.0,10.0,40.0,9.4,34.0,21.0,25.0,9.4,34.0,11.0,75.0,15.0,17.5,19.5,26.0,13.0,1000.0,35942727,23228754.0,50443178.0,58805.0,1.261138785,1.261138795,1.261138784,1.261138794,3.0,110.0,1.01,1.49,1.15,26.0,1.05,1.11,4.1,5.7,1.25,1.31,1.46,1.5,1.65,1.72,1.36,1.4,1.261138776,1.261138788,1.261138789,1.261138799
Swedish Division 1,2026-08-22,08:00:00,Ariana FC,Lunds BK,1.93,2.34,3.15,4.2,3.45,6.0,2.16,2.48,1.68,1.86,1.01,1000.0,1.01,1000.0,1.03,1000.0,1.03,1000.0,1.03,1000.0,1.03,1000.0,1.03,1000.0,1.03,1000.0,1.03,1000.0,1.03,1000.0,1.03,1000.0,1.03,1000.0,1.03,1000.0,1.03,1000.0,1.03,1000.0,1.03,1000.0,1.03,1000.0,1.03,1000.0,1.01,1000.0,1.01,1000.0,1.03,1000.0,35956952,43917177.0,4638301.0,58805.0,1.261292718,1.261292763,1.261292802,1.261292727,1.01,1000.0,1.01,1000.0,1.02,110.0,1.02,110.0,3.65,100.0,1.02,1.38,1.33,1.46,1.75,2.08,1.2,1.41,1.261292719,1.261292721,1.261292722,1.261292766
Swedish Division 1,2026-08-22,08:00:00,BK Olympic,Tvaakers,1.68,1.97,3.75,6.2,1.09,7.2,2.36,3.25,1.45,1.73,1.01,1000.0,1.01,1000.0,1.01,1000.0,1.01,1000.0,1.01,1000.0,1.03,1000.0,1.01,1000.0,1.01,1000.0,1.01,1000.0,1.01,1000.0,1.01,1000.0,1.01,1000.0,1.01,1000.0,1.01,1000.0,1.01,1000.0,1.01,1000.0,1.01,1000.0,1.03,1000.0,1.01,1000.0,1.01,1000.0,1.03,1000.0,35956766,5618747.0,7179560.0,58805.0,1.261288941,1.261288951,1.261288940,1.261288950,1.01,1000.0,1.01,1000.0,1.02,55.0,1.02,110.0,2.36,55.0,1.02,1.73,1.22,1.36,2.04,2.46,1.17,1.44,1.261288932,1.261288944,1.261288945,1.261288955
English National League,2026-08-22,08:30:00,Harrogate Town,Barrow,2.2,2.38,3.15,3.6,3.55,4.4,1.9,2.42,1.7,2.12,1.56,1.91,2.1,2.78,1.01,1000.0,1.01,1000.0,13.5,46.0,1.01,1000.0,8.6,23.0,6.2,13.0,8.6,970.0,1.01,80.0,9.4,970.0,7.8,19.5,1.01,970.0,1.01,1000.0,1.01,1000.0,1.01,50.0,1.01,80.0,1.01,1000.0,1.01,1000.0,1.01,1000.0,1.01,1000.0,35944034,256198.0,62647.0,58805.0,1.261146437,1.261146440,1.261146484,1.261146485,1.05,4.5,1.28,110.0,12.0,21.0,1.06,1.1,4.1,4.8,1.26,1.33,1.39,1.47,1.72,1.84,1.29,1.4,1.261146486,1.261146447,1.261146438,1.261146439
English National League,2026-08-22,08:30:00,Carlisle,Hornchurch,1.47,1.85,4.5,7.4,3.65,13.5,2.06,2.66,1.6,1.95,1.11,970.0,1.11,970.0,1.76,1000.0,13.0,34.0,1.73,100.0,1.76,1000.0,7.2,23.0,6.6,17.0,13.0,36.0,1.76,1000.0,7.2,17.0,7.2,17.0,13.0,970.0,1.76,1000.0,11.0,970.0,11.0,970.0,1.72,75.0,1.76,1000.0,1.63,970.0,1.76,1000.0,1.76,1000.0,35944090,18561.0,598920.0,58805.0,1.261146957,1.261146960,1.261147004,1.261147005,1.05,1000.0,1.01,110.0,3.9,36.0,1.03,1.08,3.9,6.4,1.18,1.35,1.16,1.28,2.18,3.15,1.2,1.38,1.261147006,1.261146967,1.261146958,1.261146959
English National League,2026-08-22,08:30:00,Kidderminster,Aldershot,2.02,2.36,3.1,4.1,3.3,4.8,1.91,2.52,1.65,2.1,1.11,1.89,2.12,970.0,1.03,1000.0,9.4,30.0,1.03,38.0,1.01,1000.0,7.8,23.0,5.4,11.5,8.6,23.0,1.01,1000.0,8.6,30.0,7.2,19.5,1.01,1000.0,1.01,1000.0,1.01,1000.0,1.03,1000.0,17.5,1000.0,1.01,1000.0,1.01,1000.0,1.01,1000.0,1.03,1000.0,35944107,18560.0,62504.0,58805.0,1.261147477,1.261147480,1.261147524,1.261147525,2.92,4.4,1.29,1.52,2.24,36.0,1.03,1.81,2.24,5.5,1.22,1.81,1.32,1.48,1.73,1.99,1.26,1.44,1.261147526,1.261147487,1.261147478,1.261147479
Chinese League 1,2026-08-22,08:30:00,Meizhou Hakka,Guangdong GZ-Power FC,5.2,12.0,1.47,1.69,3.6,5.8,2.16,2.76,1.57,1.86,1.04,2.3,1.76,1000.0,1.03,1000.0,7.2,17.0,7.2,17.0,8.6,40.0,1.03,60.0,7.2,60.0,7.2,30.0,1.03,40.0,1.03,80.0,1.01,40.0,11.0,60.0,1.01,1000.0,3.25,1000.0,1.05,1000.0,1.03,1000.0,1.01,1000.0,1.01,1000.0,1.01,1000.0,1.03,1000.0,35962876,11079690.0,68321885.0,58805.0,1.261338822,1.261338867,1.261338906,1.261338831,1.01,1000.0,1.01,1000.0,11.0,36.0,1.04,1.1,3.4,36.0,1.21,1.3,2.44,3.15,1.14,1.25,1.21,1.38,1.261338823,1.261338825,1.261338826,1.261338870
Chinese League 1,2026-08-22,08:30:00,Guangxi Hengchen,Suzhou Dongwu,1.54,1.72,5.1,11.0,3.85,6.4,1.92,2.14,1.88,2.08,1.75,2.44,1.69,2.34,1.08,1000.0,1.13,1000.0,1.08,1000.0,1.08,1000.0,1.08,1000.0,1.08,1000.0,1.08,1000.0,1.08,1000.0,1.08,1000.0,1.08,1000.0,1.08,1000.0,1.08,1000.0,1.08,1000.0,1.08,1000.0,1.08,1000.0,1.08,1000.0,1.01,15.0,1.07,100.0,1.08,1000.0,35962562,68101080.0,13202951.0,58805.0,1.261339002,1.261339047,1.261339086,1.261339011,1.01,1000.0,1.31,1.6,3.4,110.0,1.01,1.37,3.4,110.0,1.01,1.37,1.13,1.25,2.4,2.82,1.19,1.36,1.261339003,1.261339005,1.261339006,1.261339050
English National League,2026-08-22,08:30:00,Worthing,Wealdstone,2.04,2.18,3.35,3.8,3.9,4.2,2.1,2.42,1.7,1.91,1.64,1.85,2.16,2.58,1.41,1000.0,1.34,26.0,1.41,1000.0,1.41,1000.0,1.41,1000.0,1.27,13.0,1.34,26.0,1.41,1000.0,1.34,26.0,1.41,1000.0,1.41,1000.0,1.41,1000.0,1.38,55.0,1.36,36.0,1.38,55.0,1.41,1000.0,1.34,970.0,1.41,1000.0,1.41,1000.0,35944081,1034116.0,2608900.0,58805.0,1.261146545,1.261146548,1.261146592,1.261146593,3.0,1000.0,1.01,1.49,1.15,990.0,1.04,110.0,3.9,5.4,1.23,1.31,1.37,1.41,1.84,1.97,1.31,1.35,1.261146594,1.261146555,1.261146546,1.261146547
English Premier League,2026-08-22,08:30:00,Hull,Man Utd,10.0,10.5,1.39,1.4,5.3,5.4,2.4,2.44,1.7,1.72,2.04,2.08,1.93,1.95,19.5,21.0,9.0,9.4,7.8,8.2,10.0,11.0,29.0,32.0,11.0,12.0,9.8,10.0,13.0,14.0,70.0,90.0,32.0,34.0,24.0,27.0,32.0,34.0,120.0,360.0,120.0,160.0,95.0,130.0,120.0,150.0,150.0,210.0,5.2,5.4,60.0,1000.0,35737540,70385.0,48351.0,58805.0,1.259300833,1.259300772,1.259300832,1.259300843,3.8,4.0,1.33,1.36,19.0,21.0,1.05,1.06,5.1,5.4,1.22,1.24,3.5,3.6,1.1,1.12,1.22,1.24,1.259300835,1.259300837,1.259300838,1.259300776
English National League,2026-08-22,08:30:00,Yeovil,Gateshead,1.95,2.12,3.85,4.5,3.5,3.95,1.9,2.1,1.9,2.12,1.78,1.93,2.06,2.3,10.5,18.0,11.0,16.0,1.03,32.0,1.01,110.0,8.0,9.4,7.2,8.8,12.5,21.0,1.01,65.0,9.2,13.5,7.8,12.5,13.5,19.5,1.01,75.0,1.03,26.0,18.5,26.0,1.03,38.0,1.01,130.0,11.0,16.0,1.01,70.0,1.01,1000.0,35944087,132555.0,18571.0,58805.0,1.261147045,1.261147048,1.261147092,1.261147093,2.72,4.2,1.31,1.59,10.5,15.5,1.07,1.11,3.55,4.8,1.26,1.38,1.29,1.35,1.89,2.06,1.33,1.4,1.261147094,1.261147055,1.261147046,1.261147047
Swedish Division 1,2026-08-22,08:30:00,Utsiktens,Eskilsminne,4.4,10.5,1.51,1.93,3.65,9.0,2.14,3.15,1.47,1.87,1.11,1000.0,1.11,1000.0,1.03,1000.0,1.03,1000.0,1.03,1000.0,1.03,1000.0,1.03,1000.0,1.03,1000.0,1.03,1000.0,1.03,1000.0,1.03,1000.0,1.03,1000.0,1.03,1000.0,1.03,1000.0,1.03,1000.0,1.03,1000.0,1.03,1000.0,1.03,1000.0,1.01,1000.0,1.01,23.0,1.03,1000.0,35956990,2382931.0,6415384.0,58805.0,1.261292627,1.261292672,1.261292711,1.261292636,1.01,1000.0,1.01,20.0,2.56,36.0,1.03,1.65,2.56,36.0,1.03,1.64,2.08,2.94,1.11,1.3,1.13,1.38,1.261292628,1.261292630,1.261292631,1.261292675
English National League,2026-08-22,08:30:00,Boston Utd,Altrincham,1.78,1.88,4.4,5.1,3.8,4.5,2.1,2.26,1.8,1.91,1.53,3.95,1.33,2.9,1.72,1000.0,9.8,970.0,1.67,50.0,1.73,1000.0,6.2,11.5,5.4,11.5,11.0,970.0,1.73,1000.0,7.2,1000.0,6.2,970.0,1.9,970.0,1.69,90.0,12.0,29.0,13.5,970.0,16.5,1000.0,1.73,1000.0,1.72,1000.0,1.69,90.0,1.73,1000.0,35944104,256306.0,62505.0,58805.0,1.261147369,1.261147372,1.261147416,1.261147417,1.05,1000.0,1.01,110.0,11.0,21.0,1.05,1.1,3.95,4.6,1.27,1.34,1.25,1.28,2.12,2.3,1.29,1.33,1.261147418,1.261147379,1.261147370,1.261147371
English National League,2026-08-22,08:30:00,Forest Green,Boreham Wood,2.44,2.74,2.66,3.05,3.6,4.7,2.48,3.0,1.5,1.67,1.11,1.57,2.44,970.0,1.03,1000.0,1.03,29.0,1.03,1000.0,1.03,1000.0,1.03,26.0,1.03,13.0,8.8,1000.0,1.03,1000.0,14.0,1000.0,8.8,1000.0,1.03,26.0,1.03,1000.0,1.03,1000.0,14.5,1000.0,1.03,1000.0,1.03,1000.0,1.01,1000.0,1.01,1000.0,1.03,1000.0,35944080,36033.0,256120.0,58805.0,1.261146633,1.261146636,1.261146680,1.261146681,3.5,1000.0,1.01,1.4,1.15,36.0,1.03,1.67,2.48,7.4,1.16,1.67,1.49,1.61,1.57,1.7,1.29,1.38,1.261146682,1.261146643,1.261146634,1.261146635
English National League,2026-08-22,08:30:00,Eastleigh,Scunthorpe,3.05,3.85,2.0,2.14,3.65,5.0,2.1,2.6,1.62,1.91,1.11,110.0,1.11,110.0,1.03,1000.0,5.7,1000.0,1.83,1000.0,1.01,1000.0,1.01,40.0,4.4,60.0,4.8,60.0,7.6,1000.0,8.0,44.0,7.2,30.0,1.68,1000.0,9.0,1000.0,1.03,1000.0,1.01,1000.0,9.8,1000.0,11.5,1000.0,1.01,1000.0,1.01,1000.0,1.03,1000.0,35944105,1222691.0,18566.0,58805.0,1.261147261,1.261147264,1.261147308,1.261147309,1.05,1000.0,1.01,110.0,7.8,36.0,1.03,1.15,2.28,36.0,1.23,1.32,1.87,2.0,1.35,1.45,1.25,1.38,1.261147310,1.261147271,1.261147262,1.261147263
English National League,2026-08-22,08:30:00,Sutton Utd,Hartlepool,2.32,2.62,2.76,3.15,3.65,4.2,2.2,2.64,1.6,1.83,1.45,2.02,1.98,3.25,14.5,22.0,11.0,17.0,16.5,25.0,1.01,55.0,10.5,15.0,7.6,9.4,11.0,15.5,22.0,36.0,13.5,19.0,10.0,13.5,13.5,18.5,1.01,44.0,1.03,40.0,18.5,29.0,1.03,38.0,1.01,80.0,12.5,19.5,16.5,26.0,1.01,1000.0,35944106,1034133.0,48303.0,58805.0,1.261147695,1.261147698,1.261147742,1.261147743,1.01,1000.0,1.01,1.49,4.3,26.0,1.04,1.22,4.1,5.1,1.24,1.33,1.47,1.57,1.61,1.74,1.31,1.38,1.261147744,1.261147705,1.261147696,1.261147697
English National League,2026-08-22,08:30:00,Solihull Moors,Southend,4.6,5.2,1.75,1.83,4.1,4.4,2.18,2.38,1.72,1.85,1.68,1.84,2.2,2.46,16.0,19.5,9.4,11.0,10.0,12.5,17.0,21.0,15.5,22.0,8.2,10.0,9.0,10.0,15.5,18.0,30.0,50.0,15.0,19.5,15.0,19.0,26.0,32.0,10.0,120.0,42.0,60.0,44.0,60.0,65.0,90.0,9.4,55.0,8.4,11.0,9.8,1000.0,35944071,2437395.0,69719.0,58805.0,1.261146849,1.261146852,1.261146896,1.261146897,3.0,1000.0,1.01,1.49,14.0,21.0,1.05,1.07,4.4,5.0,1.25,1.3,2.2,2.32,1.25,1.28,1.29,1.33,1.261146898,1.261146859,1.261146850,1.261146851
English National League,2026-08-22,08:30:00,Woking,AFC Fylde,2.34,2.68,2.8,3.3,3.5,4.7,2.0,2.74,1.59,1.99,1.11,10.5,1.11,970.0,1.46,1000.0,9.4,30.0,1.46,1000.0,1.46,1000.0,8.6,23.0,1.46,1000.0,8.6,23.0,1.43,70.0,9.4,30.0,8.6,23.0,9.4,30.0,1.43,90.0,18.0,1000.0,1.46,1000.0,16.5,1000.0,1.46,1000.0,1.38,25.0,1.42,50.0,1.46,1000.0,35944082,41998.0,4317866.0,58805.0,1.261147153,1.261147156,1.261147200,1.261147201,1.05,1000.0,1.01,110.0,3.9,26.0,1.04,1.1,3.9,26.0,1.22,1.34,1.45,1.56,1.6,1.75,1.27,1.4,1.261147202,1.261147163,1.261147154,1.261147155
Chinese League 1,2026-08-22,08:30:00,Nantong Zhiyun F.C,Shaanxi Union FC,2.04,2.32,3.55,4.5,3.15,3.8,1.69,1.91,2.1,2.44,1.01,110.0,1.01,110.0,8.8,13.0,1.03,26.0,1.03,1000.0,1.01,1000.0,1.03,13.0,5.7,9.4,1.03,1000.0,24.0,1000.0,8.0,26.0,1.01,1000.0,1.03,1000.0,1.03,1000.0,14.5,1000.0,1.01,1000.0,23.0,1000.0,1.01,1000.0,1.01,1000.0,1.01,1000.0,1.03,1000.0,35962563,13107045.0,68158828.0,58805.0,1.261338912,1.261338957,1.261338996,1.261338921,1.01,3.75,1.37,1.52,2.92,36.0,1.04,1.52,2.92,34.0,1.04,1.52,1.28,1.4,1.75,1.97,1.35,1.47,1.261338913,1.261338915,1.261338916,1.261338960
English National League,2026-08-22,08:30:00,FC Halifax Town,Tamworth FC,2.3,2.48,3.1,3.45,3.5,3.8,1.98,2.18,1.85,2.04,1.11,970.0,1.13,970.0,1.01,1000.0,1.01,1000.0,1.01,1000.0,1.01,1000.0,1.01,26.0,1.01,11.5,1.01,26.0,1.01,80.0,1.01,26.0,8.8,26.0,2.0,26.0,1.01,1000.0,1.01,1000.0,1.01,1000.0,1.01,1000.0,18.0,1000.0,1.01,1000.0,1.01,1000.0,1.01,1000.0,35944075,4231683.0,21944374.0,58805.0,1.261146741,1.261146744,1.261146788,1.261146789,2.88,4.4,1.29,1.53,9.6,36.0,1.04,1.12,3.6,25.0,1.04,1.36,1.41,1.48,1.67,1.77,1.35,1.4,1.261146790,1.261146751,1.261146742,1.261146743
Chinese League 1,2026-08-22,08:30:00,Jiangxi Dingnan United,Shijiazhuang Gongfu FC,2.32,2.62,3.05,3.85,3.05,3.55,1.7,1.9,2.1,2.44,1.82,2.08,1.92,2.22,1.01,1000.0,1.01,26.0,13.0,1000.0,1.01,1000.0,7.4,1000.0,5.7,9.4,1.01,1000.0,1.01,1000.0,1.01,26.0,1.01,26.0,1.01,1000.0,1.01,1000.0,1.01,1000.0,1.01,1000.0,1.01,1000.0,1.01,1000.0,1.01,1000.0,1.01,1000.0,1.01,1000.0,35964239,85226388.0,56616763.0,58805.0,1.261351304,1.261351349,1.261351388,1.261351313,2.42,3.75,1.36,1.7,8.8,13.5,1.08,1.13,2.94,3.65,1.37,1.52,1.35,1.47,1.61,1.76,1.39,1.49,1.261351305,1.261351307,1.261351308,1.261351352
Chinese Super League,2026-08-22,08:35:00,Shenzhen Peng City,Zhejiang Greentown,2.5,2.58,2.82,2.9,3.75,4.1,2.54,2.74,1.58,1.65,1.52,1.57,2.76,2.94,18.0,32.0,13.5,60.0,16.0,75.0,25.0,130.0,13.5,60.0,7.6,27.0,11.0,44.0,18.0,42.0,15.0,24.0,10.5,13.0,11.5,48.0,20.0,55.0,23.0,75.0,16.0,32.0,20.0,46.0,28.0,210.0,10.5,970.0,12.5,970.0,4.1,1000.0,35942900,84995278.0,23257633.0,58805.0,1.261139404,1.261139414,1.261139403,1.261139413,3.35,1000.0,1.01,1.42,15.5,36.0,1.04,1.07,5.7,7.0,1.18,1.22,1.52,1.55,1.63,1.68,1.32,1.37,1.261139395,1.261139407,1.261139408,1.261139418
Chinese Super League,2026-08-22,08:35:00,Chengdu Rongcheng,Shanghai Shenhua,1.85,1.89,3.9,4.1,4.4,4.7,3.1,3.35,1.43,1.47,1.46,1.5,3.0,3.2,23.0,42.0,21.0,28.0,27.0,50.0,38.0,95.0,15.0,18.0,10.0,12.0,15.5,21.0,27.0,42.0,15.0,21.0,10.0,12.0,13.0,15.0,22.0,40.0,20.0,24.0,14.5,17.0,19.0,23.0,30.0,55.0,5.9,6.6,19.5,23.0,9.4,1000.0,35951274,50443280.0,1550828.0,58805.0,1.261232113,1.261232116,1.261232160,1.261232161,4.1,1000.0,1.01,1.32,21.0,55.0,1.02,1.05,7.4,8.4,1.14,1.16,1.32,1.35,2.12,2.18,1.27,1.3,1.261232162,1.261232123,1.261232114,1.261232115
Chinese Super League,2026-08-22,09:00:00,Qingdao Youth Island,Shandong Taishan,2.58,2.7,2.74,2.82,3.65,3.95,2.32,2.46,1.69,1.75,1.58,1.64,2.56,2.74,15.5,23.0,12.5,55.0,15.5,28.0,27.0,95.0,11.5,970.0,7.4,27.0,10.5,42.0,19.5,40.0,15.0,24.0,10.5,13.0,12.0,55.0,3.75,65.0,26.0,80.0,18.5,40.0,3.75,60.0,3.95,260.0,13.0,22.0,13.5,24.0,4.0,1000.0,35943109,40285964.0,50443279.0,58805.0,1.261139294,1.261139304,1.261139293,1.261139303,3.25,110.0,1.01,1.44,14.0,26.0,1.04,1.08,4.9,5.8,1.21,1.25,1.54,1.58,1.59,1.64,1.33,1.38,1.261139285,1.261139297,1.261139298,1.261139308
French Ligue 2,2026-08-22,09:00:00,Metz,Laval,1.79,1.86,4.9,5.6,3.5,4.1,1.84,2.06,1.96,2.2,1.87,2.06,1.94,2.14,1.01,1000.0,9.4,30.0,1.01,80.0,15.5,1000.0,5.4,11.5,5.4,13.0,1.01,30.0,1.01,1000.0,6.6,14.5,7.2,17.0,14.0,40.0,1.01,1000.0,12.0,40.0,1.01,38.0,1.01,100.0,16.5,1000.0,1.01,20.0,1.01,1000.0,1.01,1000.0,35951792,44795.0,77585.0,58805.0,1.261238975,1.261238978,1.261239022,1.261239023,2.78,4.1,1.33,1.56,3.4,19.5,1.05,1.39,3.4,4.1,1.32,1.39,1.21,1.26,2.16,2.28,1.32,1.4,1.261239024,1.261238985,1.261238976,1.261238977
Chinese Super League,2026-08-22,09:00:00,Beijing Guoan,Yunnan Yukun,1.53,1.56,5.4,6.4,5.0,5.7,3.75,4.1,1.32,1.36,1.43,1.49,3.0,3.35,3.9,270.0,3.75,140.0,3.95,430.0,36.0,1000.0,15.0,75.0,11.5,55.0,16.5,28.0,3.85,160.0,12.5,55.0,9.8,13.0,12.5,60.0,26.0,160.0,13.5,70.0,11.0,48.0,15.0,75.0,29.0,130.0,3.75,40.0,21.0,65.0,3.95,1000.0,35951267,2955487.0,55896077.0,58805.0,1.261231899,1.261231902,1.261231946,1.261231947,4.5,1000.0,1.01,1.28,8.6,75.0,1.02,1.05,8.6,13.5,1.08,1.14,1.19,1.23,2.74,2.9,1.21,1.24,1.261231948,1.261231909,1.261231900,1.261231901
Danish 2nd Division,2026-08-22,09:00:00,Middelfart,Nykobing FC,2.16,3.0,2.42,3.45,3.35,8.0,1.98,2.74,1.57,2.02,1.01,970.0,1.01,1000.0,1.03,1000.0,1.03,1000.0,1.03,1000.0,1.03,1000.0,1.03,1000.0,1.03,1000.0,1.03,1000.0,1.03,1000.0,1.03,1000.0,1.03,1000.0,1.03,1000.0,1.03,1000.0,1.03,1000.0,1.03,1000.0,1.03,1000.0,1.03,1000.0,1.01,30.0,1.01,40.0,1.03,1000.0,35957170,4886887.0,7459726.0,58805.0,1.261295566,1.261295576,1.261295565,1.261295575,1.01,1000.0,1.01,1000.0,5.5,110.0,1.01,1.22,3.35,95.0,1.01,1.43,1.41,1.7,1.5,1.87,1.14,1.42,1.261295557,1.261295569,1.261295570,1.261295580
Danish 2nd Division,2026-08-22,09:00:00,Frederiksberg 2000,Brabrand,1.94,2.64,3.0,4.8,1.08,6.6,1.6,2.1,1.92,2.64,1.01,1000.0,1.01,1000.0,1.01,1000.0,1.01,1000.0,1.01,1000.0,1.01,1000.0,1.01,1000.0,1.01,1000.0,1.01,1000.0,1.01,1000.0,1.01,1000.0,1.01,1000.0,1.01,1000.0,1.01,1000.0,1.01,1000.0,1.01,1000.0,1.01,1000.0,1.01,1000.0,1.01,26.0,1.01,1000.0,1.01,1000.0,35957237,25922353.0,579439.0,58805.0,1.261372728,1.261372731,1.261372775,1.261372776,1.01,1000.0,1.01,1000.0,2.78,110.0,1.01,1.56,2.78,4.5,1.29,1.56,1.27,1.5,1.6,2.06,1.19,110.0,1.261372777,1.261372738,1.261372729,1.261372730
French Ligue 2,2026-08-22,09:00:00,Nantes,Rodez,1.88,1.98,4.1,4.9,3.75,4.5,1.9,2.32,1.76,2.12,1.01,1.93,2.06,110.0,1.01,1000.0,1.01,29.0,1.01,1000.0,1.01,1000.0,7.4,13.0,1.01,11.5,13.0,1000.0,1.01,1000.0,8.0,1000.0,8.0,1000.0,1.01,29.0,1.01,1000.0,1.01,1000.0,1.01,26.0,1.01,1000.0,19.0,1000.0,1.01,24.0,1.01,1000.0,1.01,1000.0,35951794,10774.0,1029663.0,58805.0,1.261239083,1.261239086,1.261239130,1.261239131,1.01,1000.0,1.01,1000.0,9.4,110.0,1.01,1.1,3.55,4.7,1.27,1.38,1.27,1.32,2.02,2.14,1.33,1.37,1.261239132,1.261239093,1.261239084,1.261239085
Polish Ekstraklasa,2026-08-22,09:45:00,Korona Kielce,LKP Motor Lublin,1.98,2.12,3.45,4.8,3.4,4.9,1.98,2.56,1.64,2.02,1.56,1.98,1.01,1000.0,1.01,1000.0,4.4,60.0,4.6,46.0,1.83,1000.0,6.2,30.0,4.8,11.5,6.2,40.0,4.9,1000.0,4.8,40.0,5.4,30.0,8.6,60.0,9.6,1000.0,7.8,1000.0,7.2,1000.0,8.4,1000.0,9.8,1000.0,1.01,1000.0,1.01,1000.0,1.01,1000.0,35948114,1209555.0,6635878.0,58805.0,1.261188791,1.261188794,1.261188838,1.261188839,1.01,1000.0,1.01,1000.0,4.2,21.0,1.05,1.11,4.2,5.2,1.24,1.31,1.27,1.41,1.89,2.04,1.27,1.42,1.261188840,1.261188801,1.261188792,1.261188793
Portuguese Segunda Liga,2026-08-22,10:00:00,Vizela,Amarante,1.87,2.22,4.0,5.2,3.25,4.7,1.8,2.04,1.96,2.24,1.01,2.28,1.01,2.3,1.01,1000.0,1.01,1000.0,1.01,1000.0,1.01,1000.0,1.01,1000.0,1.01,1000.0,1.01,1000.0,1.01,1000.0,1.01,1000.0,1.01,1000.0,1.01,1000.0,1.01,1000.0,1.01,1000.0,1.01,1000.0,1.01,1000.0,1.01,1000.0,1.01,24.0,1.01,1000.0,1.01,1000.0,35955719,1358404.0,10309726.0,58805.0,1.261279898,1.261279901,1.261279945,1.261279946,1.01,1000.0,1.36,1.63,8.2,110.0,1.01,1.14,3.35,3.8,1.36,1.43,1.23,1.34,1.82,2.16,1.27,1.45,1.261279947,1.261279908,1.261279899,1.261279900
Swedish Allsvenskan,2026-08-22,10:00:00,Orgryte,Halmstads,2.04,2.12,3.6,3.85,3.8,4.1,2.24,2.36,1.74,1.81,1.64,1.73,2.38,2.54,2.26,21.0,13.5,23.0,7.8,36.0,15.5,210.0,9.4,970.0,7.4,9.8,11.0,970.0,10.5,70.0,12.0,970.0,8.8,13.5,12.0,970.0,10.0,90.0,7.0,36.0,12.5,30.0,8.4,50.0,17.0,1000.0,7.6,970.0,2.56,1000.0,2.56,1000.0,35946256,30686.0,10765.0,58805.0,1.261171287,1.261171290,1.261171334,1.261171335,1.32,110.0,1.01,3.05,13.5,26.0,1.05,1.07,4.5,5.0,1.25,1.28,1.35,1.38,1.89,1.97,1.32,1.36,1.261171336,1.261171297,1.261171288,1.261171289
Polish I Liga,2026-08-22,10:30:00,Nieciecza,Polonia Warszawa,2.62,3.35,2.5,3.1,3.2,4.6,2.1,2.52,1.65,1.91,1.01,110.0,1.01,1000.0,1.01,1000.0,1.01,1000.0,1.01,1000.0,1.01,1000.0,1.01,1000.0,1.01,1000.0,1.01,1000.0,1.01,1000.0,1.01,1000.0,1.01,1000.0,1.01,1000.0,1.01,1000.0,1.01,1000.0,1.01,1000.0,1.01,1000.0,1.01,1000.0,1.01,1000.0,1.01,1000.0,1.01,1000.0,35952200,4871645.0,10490469.0,58805.0,1.261243421,1.261243424,1.261243468,1.261243469,1.01,1000.0,1.01,1000.0,6.4,36.0,1.03,1.12,4.4,5.4,1.23,1.29,1.48,1.67,1.43,1.62,1.28,1.46,1.261243470,1.261243431,1.261243422,1.261243423
Hungarian NB I,2026-08-22,10:30:00,Vasas,Puskas Akademia,2.14,2.32,3.15,3.6,3.65,4.1,2.12,2.96,1.51,1.9,1.46,1.83,2.2,970.0,1.01,1000.0,11.0,23.0,17.0,38.0,1.01,75.0,9.4,18.0,6.2,13.0,9.4,20.0,1.01,46.0,11.0,22.0,7.6,15.0,9.8,21.0,1.01,50.0,18.0,40.0,13.5,29.0,18.5,40.0,1.01,85.0,8.0,16.5,16.0,32.0,1.01,1000.0,35948269,886340.0,8526875.0,58805.0,1.261193488,1.261193498,1.261193487,1.261193497,1.01,1000.0,1.01,1.47,4.8,26.0,1.04,1.27,4.8,5.8,1.21,1.27,1.38,1.47,1.75,1.88,1.32,1.38,1.261193479,1.261193491,1.261193492,1.261193502
Polish I Liga,2026-08-22,10:30:00,Polonia Bytom,Pogon Grodzisk Mazowiecki,1.81,2.26,3.35,5.0,3.55,6.8,1.97,95.0,1.19,2.04,1.11,1.84,2.2,970.0,1.01,1000.0,1.01,1000.0,1.01,1000.0,1.01,1000.0,1.01,1000.0,1.01,1000.0,1.01,1000.0,1.01,1000.0,1.01,1000.0,1.01,1000.0,1.01,1000.0,1.01,1000.0,1.01,1000.0,1.01,1000.0,1.01,1000.0,1.01,1000.0,1.01,1000.0,1.01,1000.0,1.01,1000.0,35948507,2486928.0,10490468.0,58805.0,1.261196060,1.261196063,1.261196107,1.261196108,1.01,1000.0,1.01,20.0,1.15,110.0,1.01,7.4,1.1,95.0,1.19,1.75,1.25,1.43,1.79,2.24,1.19,1.4,1.261196109,1.261196070,1.261196061,1.261196062
Scottish League One,2026-08-22,11:00:00,Airdrieonians,Ross Co,4.1,5.1,1.84,1.99,3.5,4.1,1.88,2.12,1.9,2.14,1.8,2.02,1.99,2.26,10.5,16.5,8.2,10.5,9.0,12.5,17.0,22.0,11.5,18.0,7.0,8.8,9.6,12.0,17.0,22.0,1.01,38.0,15.0,21.0,15.5,20.0,32.0,44.0,1.01,130.0,1.01,70.0,1.01,65.0,1.01,120.0,1.01,75.0,10.5,13.5,1.01,1000.0,35943481,7394884.0,674742.0,58805.0,1.261143572,1.261143582,1.261143571,1.261143581,2.58,4.2,1.32,1.63,11.5,15.5,1.07,1.1,3.6,4.3,1.3,1.39,2.0,2.2,1.25,1.32,1.33,1.4,1.261143563,1.261143575,1.261143576,1.261143586
Scottish League Two,2026-08-22,11:00:00,Clyde,Forfar,1.61,1.84,4.3,6.2,3.95,7.2,1.98,2.26,1.8,2.02,1.11,1000.0,1.11,1000.0,1.01,1000.0,1.01,1000.0,1.01,1000.0,1.01,1000.0,1.01,1000.0,1.01,1000.0,1.01,1000.0,1.01,1000.0,1.01,1000.0,1.01,1000.0,1.01,1000.0,1.01,1000.0,1.01,1000.0,1.01,1000.0,1.01,1000.0,1.01,1000.0,1.01,25.0,1.01,80.0,1.01,1000.0,35944190,328050.0,729805.0,58805.0,1.261149976,1.261149986,1.261149975,1.261149985,2.72,4.4,1.29,1.58,3.5,990.0,1.01,1.4,3.5,110.0,1.01,1.4,1.2,1.31,2.2,2.64,1.2,1.34,1.261149967,1.261149979,1.261149980,1.261149990
Finnish Veikkausliiga,2026-08-22,11:00:00,Ilves,VPS,2.3,2.36,3.05,3.2,3.8,4.1,2.34,2.42,1.7,1.74,1.61,1.68,2.48,2.62,18.5,25.0,12.5,16.5,19.5,24.0,27.0,60.0,12.0,14.0,8.0,10.5,12.0,16.0,19.5,34.0,14.5,20.0,10.5,14.0,12.0,17.5,22.0,75.0,20.0,50.0,19.5,29.0,20.0,34.0,40.0,80.0,11.5,17.0,18.5,23.0,8.2,540.0,35948180,1229635.0,139511.0,58805.0,1.261190211,1.261190214,1.261190258,1.261190259,3.25,1000.0,1.01,1.44,18.0,25.0,1.04,1.06,4.9,5.4,1.22,1.26,1.45,1.49,1.73,1.77,1.32,1.36,1.261190260,1.261190221,1.261190212,1.261190213
Scottish League Two,2026-08-22,11:00:00,Kelty Hearts,Dumbarton,1.57,1.97,4.1,7.2,3.75,9.2,2.08,3.0,1.5,1.93,1.11,1000.0,1.11,2.8,1.01,1000.0,1.01,1000.0,1.01,1000.0,1.01,1000.0,1.01,1000.0,1.01,1000.0,1.01,1000.0,1.01,1000.0,1.01,1000.0,1.01,1000.0,1.01,1000.0,1.01,1000.0,1.01,1000.0,1.01,1000.0,1.01,1000.0,1.01,1000.0,1.01,25.0,1.01,1000.0,1.01,1000.0,35944191,10317903.0,2152.0,58805.0,1.261149738,1.261149765,1.261149736,1.261149756,1.01,1000.0,1.01,20.0,3.05,110.0,1.01,1.49,3.05,100.0,1.01,1.49,1.16,1.33,2.02,2.74,1.13,1.37,1.261149726,1.261149744,1.261149746,1.261149797
Scottish Championship,2026-08-22,11:00:00,Queens Park,Stenhousemuir,2.28,2.48,3.3,3.9,3.25,3.9,1.71,1.97,2.02,2.42,1.81,970.0,1.01,1000.0,1.01,1000.0,1.01,1000.0,1.01,1000.0,1.01,1000.0,1.01,1000.0,1.01,1000.0,1.01,1000.0,1.01,1000.0,1.01,1000.0,1.01,1000.0,1.01,1000.0,1.01,1000.0,1.01,1000.0,1.01,1000.0,1.01,1000.0,1.01,1000.0,1.01,1000.0,1.01,1000.0,1.01,1000.0,35918410,729809.0,729806.0,58805.0,1.260905230,1.260905240,1.260905229,1.260905239,2.52,3.75,1.01,1000.0,3.2,26.0,1.04,1.45,3.2,3.55,1.39,1.45,1.34,1.44,1.67,1.79,1.35,1.45,1.260905221,1.260905233,1.260905234,1.260905244
Norwegian 1st Division,2026-08-22,11:00:00,Sandnes Ulf,Bryne,3.6,3.9,2.0,2.1,3.9,4.3,2.4,2.58,1.64,1.71,1.61,1.69,2.46,2.64,16.0,27.0,11.0,13.5,11.5,16.0,19.0,29.0,16.5,22.0,8.4,10.0,9.2,13.0,14.5,23.0,26.0,34.0,12.0,18.5,13.5,19.0,20.0,34.0,42.0,75.0,25.0,44.0,28.0,46.0,44.0,75.0,22.0,36.0,8.4,12.5,1.01,530.0,35948512,778909.0,7033.0,58805.0,1.261196261,1.261196264,1.261196308,1.261196309,1.01,1000.0,1.01,20.0,15.5,26.0,1.04,1.06,5.0,5.7,1.21,1.25,1.91,2.0,1.34,1.39,1.31,1.35,1.261196310,1.261196271,1.261196262,1.261196263
Icelandic 1 Deild,2026-08-22,11:00:00,Fylkir,Grindavik,1.45,1.59,5.0,9.8,4.8,9.8,2.78,10.5,1.11,1.56,1.11,970.0,1.11,970.0,1.01,1000.0,1.01,1000.0,1.01,1000.0,1.01,1000.0,1.01,1000.0,1.01,1000.0,1.01,1000.0,1.01,1000.0,1.01,1000.0,1.01,1000.0,1.01,1000.0,1.01,1000.0,1.01,1000.0,1.01,1000.0,1.01,1000.0,1.01,1000.0,1.01,20.0,1.01,1000.0,1.01,1000.0,35962237,46954.0,399802.0,58805.0,1.261335427,1.261335472,1.261335511,1.261335436,1.01,1000.0,1.01,20.0,1.15,110.0,1.01,1.17,2.78,110.0,1.11,1.17,1.11,1.25,2.68,3.25,1.12,1.26,1.261335428,1.261335430,1.261335431,1.261335475
Swedish Division 1,2026-08-22,11:00:00,FC Trollhattan,Trelleborgs,3.85,6.2,1.73,2.04,3.75,6.2,1.95,2.68,1.59,2.06,1.01,1000.0,1.01,1000.0,1.01,1000.0,1.01,1000.0,1.01,1000.0,1.01,1000.0,1.01,1000.0,1.01,1000.0,1.01,1000.0,1.01,1000.0,1.01,1000.0,1.01,1000.0,1.01,1000.0,1.01,1000.0,1.01,1000.0,1.01,1000.0,1.01,1000.0,1.01,1000.0,1.01,1000.0,1.01,30.0,1.01,1000.0,35957118,9233132.0,767907.0,58805.0,1.261293458,1.261293503,1.261293542,1.261293467,1.01,1000.0,1.01,1000.0,3.0,110.0,1.01,1.5,3.0,100.0,1.01,1.5,1.97,2.38,1.19,1.35,1.19,1.37,1.261293459,1.261293461,1.261293462,1.261293506
Swedish Division 1,2026-08-22,11:00:00,Jonkopings Sodra,Rosengard,2.24,2.82,2.66,3.95,2.96,5.6,1.75,2.2,1.84,2.32,1.01,1000.0,1.01,1000.0,1.01,1000.0,1.01,1000.0,1.01,1000.0,1.01,1000.0,1.01,1000.0,1.01,1000.0,1.01,1000.0,1.01,1000.0,1.01,1000.0,1.01,1000.0,1.01,1000.0,1.01,1000.0,1.01,1000.0,1.01,1000.0,1.01,1000.0,1.01,1000.0,1.01,1000.0,1.01,1000.0,1.01,1000.0,35957097,503361.0,4619836.0,58805.0,1.261293548,1.261293593,1.261293632,1.261293557,2.66,4.3,1.31,1.6,3.8,1000.0,1.01,1.36,3.8,110.0,1.01,1.36,1.34,1.6,1.55,1.81,1.22,1.52,1.261293549,1.261293551,1.261293552,1.261293596
Swedish Division 1,2026-08-22,11:00:00,Aatvidabergs Ff,Angelholms,1.66,1.9,4.1,5.9,3.85,6.4,2.12,2.52,1.65,1.9,1.11,1000.0,1.11,1000.0,1.01,1000.0,1.01,1000.0,1.01,1000.0,1.01,1000.0,1.01,1000.0,1.01,1000.0,1.01,1000.0,1.01,1000.0,1.01,1000.0,1.01,1000.0,1.01,1000.0,1.01,1000.0,1.01,1000.0,1.01,1000.0,1.01,1000.0,1.01,1000.0,4.0,20.0,1.01,60.0,1.01,1000.0,35957003,14199985.0,502386.0,58805.0,1.261292808,1.261292853,1.261292892,1.261292817,1.01,1000.0,1.01,20.0,3.6,990.0,1.01,1.38,3.6,110.0,1.01,1.38,1.2,1.32,2.12,2.5,1.18,1.35,1.261292809,1.261292811,1.261292812,1.261292856
Uruguayan Primera Division,2026-08-22,11:00:00,Central Espanol,Juventud De Las Piedras,3.45,4.0,2.28,2.48,3.1,3.4,1.63,1.73,2.38,2.76,1.11,2.3,1.78,10.5,6.8,1000.0,2.12,11.5,8.8,110.0,17.0,210.0,8.8,110.0,2.04,60.0,9.6,26.0,3.55,230.0,3.1,150.0,2.66,26.0,3.25,170.0,29.0,350.0,32.0,380.0,3.85,230.0,32.0,410.0,2.0,1000.0,1.01,1000.0,1.01,1000.0,1.01,1000.0,35949098,5330852.0,8947595.0,58805.0,1.261202227,1.261202237,1.261202226,1.261202236,2.34,3.4,1.41,1.75,7.4,990.0,1.11,1.16,2.7,3.3,1.46,1.54,1.68,1.78,1.35,1.4,1.42,1.48,1.261202218,1.261202230,1.261202231,1.261202241
English Premier League,2026-08-22,11:00:00,Ipswich,Sunderland,2.92,2.94,2.7,2.72,3.4,3.45,1.88,1.9,2.1,2.14,1.83,1.87,2.16,2.22,12.0,13.0,10.0,11.0,16.0,17.0,34.0,40.0,10.5,11.0,7.2,7.4,11.5,12.0,28.0,30.0,17.0,19.0,12.0,13.0,16.5,17.5,40.0,46.0,40.0,46.0,30.0,32.0,40.0,48.0,80.0,100.0,28.0,30.0,24.0,28.0,140.0,1000.0,35737550,48324.0,62783.0,58805.0,1.259301798,1.259301737,1.259301797,1.259301808,3.05,3.15,1.46,1.49,12.0,13.0,1.08,1.09,3.65,3.75,1.36,1.38,1.58,1.59,1.51,1.53,1.4,1.42,1.259301800,1.259301802,1.259301803,1.259301741
Swedish Division 1,2026-08-22,11:00:00,Sollentuna FF,IF Karlstad,3.45,5.8,1.77,2.22,3.3,4.0,1.75,2.28,1.78,2.34,1.01,1000.0,1.01,1000.0,1.01,1000.0,1.01,1000.0,1.01,1000.0,1.01,1000.0,1.01,1000.0,1.01,1000.0,1.01,1000.0,1.01,1000.0,1.01,1000.0,1.01,1000.0,1.01,1000.0,1.01,1000.0,1.01,1000.0,1.01,1000.0,1.01,1000.0,1.01,1000.0,1.01,1000.0,1.01,25.0,1.01,1000.0,35956919,8438639.0,36938262.0,58805.0,1.261292898,1.261292943,1.261292982,1.261292907,1.01,1000.0,1.32,1.62,2.88,110.0,1.01,1.53,2.88,110.0,1.01,1.53,1.81,2.3,1.21,1.41,1.33,1.44,1.261292899,1.261292901,1.261292902,1.261292946
Egyptian Premier,2026-08-22,11:00:00,El Geish,Al Mokawloon,2.78,3.2,2.96,3.5,2.72,3.35,1.38,1.43,3.3,3.65,2.4,10.5,1.55,1.71,1.59,1000.0,6.4,970.0,1.59,1000.0,1.59,1000.0,5.4,7.8,1.31,7.4,1.59,1000.0,1.59,1000.0,1.59,1000.0,1.59,1000.0,1.59,1000.0,1.59,1000.0,1.59,1000.0,1.59,1000.0,1.59,1000.0,1.59,1000.0,1.59,1000.0,1.59,1000.0,1.59,1000.0,35944193,7024303.0,6754306.0,58805.0,1.261162591,1.261162601,1.261162590,1.261162600,1.01,1000.0,1.62,2.06,3.15,110.0,1.01,1.46,2.04,2.36,1.73,1.96,1.4,1.51,1.45,1.57,1.43,1.58,1.261162582,1.261162594,1.261162595,1.261162605
Scottish League One,2026-08-22,11:00:00,Montrose,East Kilbride,4.5,5.3,1.69,1.79,4.3,4.8,2.54,2.84,1.54,1.65,1.61,1.73,2.36,2.64,20.0,27.0,10.0,15.5,9.8,13.5,13.0,18.5,18.0,25.0,8.6,11.5,8.6,11.5,12.0,970.0,30.0,48.0,15.0,20.0,13.5,20.0,21.0,29.0,1.01,120.0,38.0,60.0,36.0,50.0,1.01,80.0,30.0,48.0,6.2,7.2,1.01,550.0,35943350,674746.0,8831169.0,58805.0,1.261142102,1.261142112,1.261142101,1.261142111,1.01,1000.0,1.01,1000.0,5.6,110.0,1.01,1.12,5.6,6.6,1.18,1.22,2.26,2.46,1.25,1.28,1.26,1.31,1.261142093,1.261142105,1.261142106,1.261142116
Scottish Championship,2026-08-22,11:00:00,Raith,Ayr,1.94,2.0,4.1,4.5,3.6,3.85,1.54,3.05,1.48,2.86,1.01,1000.0,1.01,2.34,1.01,1000.0,1.01,1000.0,1.01,1000.0,1.01,1000.0,1.01,8.6,1.01,1000.0,1.01,1000.0,1.01,1000.0,1.01,1000.0,1.01,1000.0,1.01,1000.0,1.01,1000.0,1.01,1000.0,1.01,1000.0,1.01,1000.0,1.01,1000.0,1.01,25.0,1.01,1000.0,1.01,1000.0,35918524,674747.0,48005.0,58805.0,1.260908711,1.260908721,1.260908710,1.260908720,2.58,3.9,1.35,1.63,2.7,55.0,1.02,1.59,2.7,4.4,1.29,1.59,1.28,1.31,2.0,2.08,1.35,1.38,1.260908702,1.260908714,1.260908715,1.260908725
English Premier League,2026-08-22,11:00:00,Nottm Forest,Leeds,2.42,2.46,3.25,3.3,3.5,3.55,1.95,1.97,2.04,2.06,1.8,1.83,2.2,2.26,12.5,13.5,12.0,13.0,20.0,22.0,50.0,60.0,9.8,10.5,7.2,7.6,13.0,14.0,32.0,36.0,14.0,15.0,10.5,11.5,16.0,17.0,42.0,48.0,30.0,34.0,23.0,25.0,34.0,38.0,65.0,90.0,19.0,21.0,32.0,36.0,60.0,1000.0,35737546,39674645.0,48317.0,58805.0,1.259300556,1.259300495,1.259300555,1.259300566,3.2,3.3,1.43,1.46,12.5,13.5,1.08,1.09,3.8,3.9,1.34,1.36,1.43,1.45,1.68,1.71,1.39,1.4,1.259300558,1.259300560,1.259300561,1.259300499
English Premier League,2026-08-22,11:00:00,Everton,Crystal Palace,2.3,2.34,3.45,3.5,3.55,3.6,1.96,1.99,2.0,2.04,1.79,1.82,2.2,2.26,13.0,14.0,12.5,13.0,22.0,23.0,55.0,65.0,9.6,10.0,7.4,7.8,13.5,14.5,34.0,38.0,13.0,14.0,10.5,11.0,16.0,17.5,44.0,50.0,28.0,29.0,22.0,23.0,34.0,38.0,75.0,90.0,17.0,19.0,34.0,38.0,29.0,1000.0,35737544,56343.0,62523.0,58805.0,1.259300695,1.259300634,1.259300694,1.259300705,3.2,3.35,1.43,1.45,13.0,14.0,1.07,1.09,3.9,4.0,1.33,1.35,1.4,1.41,1.75,1.77,1.38,1.4,1.259300697,1.259300699,1.259300700,1.259300638
Finnish Veikkausliiga,2026-08-22,11:00:00,Jaro,AC Oulu,3.3,3.5,2.2,2.3,3.65,3.9,2.08,2.26,1.79,1.93,1.69,1.77,2.28,2.46,15.0,17.5,10.0,11.5,13.5,15.5,17.0,29.0,13.0,15.0,7.6,8.6,9.8,11.5,20.0,23.0,14.5,26.0,13.0,15.0,14.5,16.5,20.0,34.0,27.0,100.0,19.0,38.0,22.0,80.0,11.0,95.0,9.2,34.0,13.0,15.5,12.5,1000.0,35948177,139508.0,396699.0,58805.0,1.261190094,1.261190097,1.261190141,1.261190142,2.96,4.5,1.29,1.51,12.5,18.0,1.06,1.08,4.2,4.7,1.27,1.3,1.76,1.83,1.4,1.44,1.34,1.38,1.261190143,1.261190104,1.261190095,1.261190096
Scottish Championship,2026-08-22,11:00:00,Morton,Arbroath,3.9,4.2,2.08,2.16,3.4,3.6,1.76,1.87,2.16,2.32,1.91,2.08,1.94,2.1,10.5,12.5,7.4,8.8,10.5,12.5,21.0,27.0,12.0,14.0,7.0,8.4,9.6,11.5,20.0,24.0,24.0,29.0,14.5,20.0,18.0,24.0,38.0,46.0,9.8,90.0,9.2,60.0,55.0,75.0,10.0,150.0,42.0,70.0,15.0,20.0,10.0,1000.0,35918411,46283.0,306045.0,58805.0,1.260905120,1.260905130,1.260905119,1.260905129,2.5,3.75,1.01,1000.0,10.5,13.0,1.09,1.11,3.25,3.65,1.38,1.45,1.86,1.93,1.31,1.35,1.38,1.41,1.260905111,1.260905123,1.260905124,1.260905134
Scottish Championship,2026-08-22,11:00:00,Livingston,Dunfermline,1.78,1.93,4.6,5.4,3.75,4.1,1.86,2.08,1.92,2.16,1.11,1000.0,1.17,110.0,1.01,1000.0,1.01,1000.0,1.01,1000.0,1.01,1000.0,1.01,1000.0,1.01,1000.0,1.01,1000.0,1.01,1000.0,1.01,1000.0,1.01,1000.0,1.01,1000.0,1.01,1000.0,1.01,1000.0,1.01,1000.0,1.01,1000.0,1.01,1000.0,1.01,1000.0,1.01,1000.0,1.01,1000.0,35918379,57423.0,48812.0,58805.0,1.260904596,1.260904716,1.260904595,1.260904605,2.72,4.2,1.32,1.58,1.15,970.0,1.06,110.0,1.1,4.1,1.32,110.0,1.01,1000.0,1.01,1000.0,1.01,1000.0,1.260904697,1.260904599,1.260904600,1.260904610
Scottish League Two,2026-08-22,11:00:00,Spartans,Elgin City FC,2.06,2.2,3.45,4.1,3.35,4.1,1.94,2.24,1.81,2.06,1.01,1.99,1.01,1000.0,12.0,18.0,11.0,17.0,20.0,32.0,50.0,80.0,8.0,12.0,6.6,9.6,11.5,16.0,32.0,50.0,11.0,16.5,8.4,12.5,13.0,20.0,36.0,60.0,20.0,32.0,17.0,26.0,26.0,42.0,60.0,100.0,11.5,17.5,30.0,46.0,1.01,1000.0,35944188,66266.0,46277118.0,58805.0,1.261150086,1.261150096,1.261150085,1.261150095,2.74,4.5,1.29,1.57,3.5,970.0,1.03,1.4,3.5,55.0,1.03,1.4,1.33,1.41,1.83,1.95,1.32,1.42,1.261150077,1.261150089,1.261150090,1.261150100
Scottish League One,2026-08-22,11:00:00,Cove Rangers,Peterhead,2.42,3.3,2.2,2.64,3.35,7.6,1.98,2.3,1.78,2.02,1.01,1000.0,1.01,1000.0,1.01,1000.0,1.01,1000.0,1.01,1000.0,1.01,1000.0,1.01,1000.0,1.01,1000.0,1.01,1000.0,1.01,1000.0,1.01,1000.0,1.01,1000.0,1.01,1000.0,1.01,1000.0,1.01,1000.0,1.01,1000.0,1.01,1000.0,1.01,1000.0,1.01,40.0,1.01,34.0,1.01,1000.0,35943483,284608.0,729810.0,58805.0,1.261143442,1.261143452,1.261143441,1.261143451,1.01,1000.0,1.32,1.63,3.45,110.0,1.01,1.41,3.45,110.0,1.01,1.41,1.61,1.84,1.44,1.7,1.15,1.43,1.261143433,1.261143445,1.261143446,1.261143456
Scottish League One,2026-08-22,11:00:00,East Fife,Hamilton,3.7,5.4,1.94,2.16,3.35,4.7,1.7,2.12,1.89,2.42,1.11,2.2,1.11,1000.0,1.01,1000.0,1.01,1000.0,1.01,1000.0,1.01,1000.0,1.01,1000.0,1.01,1000.0,1.01,1000.0,1.01,1000.0,1.01,1000.0,1.01,1000.0,1.01,1000.0,1.01,1000.0,1.01,1000.0,1.01,1000.0,1.01,1000.0,1.01,1000.0,1.01,1000.0,1.01,25.0,1.01,1000.0,35943486,674743.0,203716.0,58805.0,1.261143078,1.261143088,1.261143077,1.261143087,2.6,4.0,1.33,1.63,8.6,990.0,1.01,1.13,2.86,110.0,1.01,1.54,1.86,2.08,1.23,1.38,1.27,1.43,1.261143069,1.261143081,1.261143082,1.261143092
Scottish League One,2026-08-22,11:00:00,Queen of South,Alloa,2.5,3.25,2.32,2.8,3.0,5.9,1.78,2.34,1.75,2.28,1.11,110.0,1.11,110.0,1.01,1000.0,1.01,1000.0,1.01,1000.0,1.01,1000.0,1.01,1000.0,1.01,1000.0,1.01,1000.0,1.01,1000.0,1.01,1000.0,1.01,1000.0,1.01,1000.0,1.01,1000.0,1.01,1000.0,1.01,1000.0,1.01,1000.0,1.01,1000.0,1.01,1000.0,1.01,1000.0,1.01,1000.0,35943484,674744.0,203715.0,58805.0,1.261143305,1.261143315,1.261143304,1.261143314,2.66,4.3,1.3,1.61,9.0,990.0,1.01,1.12,3.65,110.0,1.01,1.38,1.55,1.76,1.45,1.66,1.2,1.5,1.261143296,1.261143308,1.261143309,1.261143319
Scottish League Two,2026-08-22,11:00:00,Stirling,Stranraer,2.94,3.3,2.24,2.52,3.5,3.95,1.86,2.54,1.64,2.16,1.11,2.0,1.11,1000.0,1.01,1000.0,1.01,1000.0,1.01,1000.0,1.01,1000.0,1.01,1000.0,1.01,1000.0,1.01,1000.0,1.01,1000.0,1.01,1000.0,1.01,1000.0,1.01,1000.0,1.01,1000.0,1.01,1000.0,1.01,1000.0,1.01,1000.0,1.01,1000.0,1.01,1000.0,1.01,1000.0,1.01,1000.0,35944148,729811.0,122903.0,58805.0,1.261150196,1.261150206,1.261150195,1.261150205,2.78,4.5,1.28,1.57,2.94,990.0,1.01,1.52,2.94,110.0,1.01,1.52,1.65,1.8,1.44,1.52,1.33,1.4,1.261150187,1.261150199,1.261150200,1.261150210
Scottish League Two,2026-08-22,11:00:00,Edinburgh City,Annan,2.38,2.74,2.68,3.15,3.6,4.2,2.02,2.36,1.73,1.99,1.01,1000.0,1.01,1000.0,1.01,1000.0,1.01,1000.0,1.01,1000.0,1.01,1000.0,1.01,1000.0,1.01,1000.0,1.01,1000.0,1.01,1000.0,1.01,1000.0,1.01,1000.0,1.01,1000.0,1.01,1000.0,1.01,1000.0,1.01,1000.0,1.01,1000.0,1.01,1000.0,1.01,1000.0,1.01,1000.0,1.01,1000.0,35944194,615040.0,11386623.0,58805.0,1.261149604,1.261149614,1.261149603,1.261149613,2.84,4.6,1.27,1.55,3.55,26.0,1.04,1.4,3.55,26.0,1.04,1.4,1.47,1.6,1.57,1.73,1.32,1.39,1.261149595,1.261149607,1.261149608,1.261149618
Estonian Premier League,2026-08-22,11:00:00,Tammeka Tartu,Kuressaare,1.4,990.0,2.2,990.0,1.32,950.0,1.44,2.64,1.62,3.3,1.11,110.0,1.11,110.0,1.01,1000.0,1.04,1000.0,1.01,1000.0,1.01,1000.0,1.04,1000.0,1.04,1000.0,1.04,1000.0,1.01,1000.0,1.03,1000.0,1.04,1000.0,1.04,1000.0,1.01,1000.0,1.01,1000.0,1.04,1000.0,1.01,1000.0,1.01,1000.0,1.01,20.0,1.01,1000.0,1.01,1000.0,35952165,5407303.0,5407305.0,58805.0,1.261242946,1.261242956,1.261242945,1.261242955,1.05,1000.0,1.01,110.0,2.14,990.0,1.04,1.87,1.44,6.0,1.21,1.88,1.02,1.84,1.02,3.5,1.13,4.2,1.261242937,1.261242949,1.261242950,1.261242960
Icelandic 1 Deild,2026-08-22,11:00:00,HK Kopavogur,Throttur,2.82,3.45,2.12,2.42,3.85,5.8,3.0,11.0,1.1,1.49,1.01,1000.0,1.01,1000.0,1.01,1000.0,1.01,1000.0,1.01,1000.0,1.01,1000.0,1.01,1000.0,1.01,1000.0,1.01,1000.0,1.01,1000.0,1.01,1000.0,1.01,1000.0,1.01,1000.0,1.01,1000.0,1.01,1000.0,1.01,1000.0,1.01,1000.0,1.01,1000.0,1.01,1000.0,1.01,1000.0,1.01,1000.0,35953348,2405036.0,3968882.0,58805.0,1.261254029,1.261254039,1.261254028,1.261254038,1.01,1000.0,1.01,1000.0,6.0,110.0,1.01,1.16,6.0,110.0,1.1,1.16,1.7,1.9,1.41,1.55,1.21,1.35,1.261254020,1.261254032,1.261254033,1.261254043
Armenian Premier League,2026-08-22,11:00:00,FC Shirak,FC Urartu,4.1,5.7,1.8,2.14,3.45,3.95,1.02,2.14,1.87,970.0,1.01,1000.0,1.01,1000.0,1.01,1000.0,1.01,1000.0,1.01,1000.0,1.01,1000.0,1.01,1000.0,1.01,1000.0,1.01,1000.0,1.01,1000.0,1.01,1000.0,1.01,1000.0,1.01,1000.0,1.01,1000.0,1.01,1000.0,1.01,1000.0,1.01,1000.0,1.01,1000.0,1.01,1000.0,1.01,30.0,1.01,1000.0,35962218,866231.0,25800263.0,58805.0,1.261334783,1.261334829,1.261334869,1.261334793,2.48,3.9,1.01,1000.0,3.35,26.0,1.04,1.42,3.35,26.0,1.04,1.42,1.87,2.26,1.21,1.33,1.34,1.41,1.261334784,1.261334786,1.261334787,1.261334833
Portuguese Primeira Liga,2026-08-22,11:30:00,Maritimo,Academico de Viseu,2.16,2.2,3.95,4.1,3.35,3.45,1.73,1.77,2.28,2.38,1.98,2.06,1.95,2.04,10.0,11.5,11.5,12.5,24.0,32.0,14.0,90.0,7.6,8.2,7.0,7.6,15.0,16.5,13.5,60.0,11.0,12.5,10.0,11.0,19.0,21.0,60.0,70.0,24.0,28.0,23.0,27.0,42.0,50.0,15.5,140.0,20.0,23.0,55.0,70.0,16.0,1000.0,35951247,46964.0,7611327.0,58805.0,1.261231555,1.261231558,1.261231602,1.261231603,1.2,110.0,1.01,110.0,10.0,12.5,1.09,1.11,3.15,3.35,1.42,1.46,1.32,1.34,1.83,1.87,1.41,1.42,1.261231604,1.261231565,1.261231556,1.261231557
Azerbaijan Premier League,2026-08-22,11:30:00,FK Qabala,Shafa Baku FC,1.91,2.18,3.6,5.3,3.2,5.1,1.7,1.94,2.06,2.42,1.01,1000.0,1.01,1000.0,1.01,1000.0,1.04,1000.0,1.01,1000.0,1.01,1000.0,1.04,1000.0,1.04,1000.0,1.04,1000.0,1.01,1000.0,1.04,1000.0,1.04,1000.0,1.04,1000.0,1.04,1000.0,1.01,1000.0,1.04,1000.0,1.04,1000.0,1.04,1000.0,1.01,1000.0,1.01,1000.0,1.01,1000.0,35962902,6586894.0,88651207.0,58805.0,1.261339351,1.261339396,1.261339435,1.261339360,1.01,3.8,1.01,1.7,2.96,55.0,1.03,1.51,2.96,50.0,1.36,1.51,1.23,1.39,1.84,2.1,1.24,1.46,1.261339352,1.261339354,1.261339355,1.261339399
Dutch Eredivisie,2026-08-22,11:30:00,Fortuna Sittard,AZ Alkmaar,5.4,5.5,1.66,1.69,4.5,4.7,2.74,2.9,1.54,1.58,1.61,1.65,2.52,2.64,23.0,28.0,11.5,14.0,11.5,13.0,15.5,17.5,23.0,28.0,9.8,11.5,9.6,10.5,13.5,16.0,38.0,48.0,18.5,21.0,15.0,17.5,22.0,25.0,11.0,130.0,48.0,60.0,44.0,55.0,55.0,70.0,32.0,44.0,5.8,7.6,9.8,520.0,35944631,49058.0,9220660.0,58805.0,1.261162261,1.261162271,1.261162260,1.261162270,3.6,110.0,1.01,1.38,16.5,36.0,1.03,1.07,6.0,6.8,1.17,1.2,2.44,2.52,1.22,1.23,1.27,1.29,1.261162252,1.261162264,1.261162265,1.261162275
Dutch Eerste Divisie,2026-08-22,11:30:00,NAC Breda,Jong Ajax Amsterdam,1.27,1.33,10.5,13.0,6.4,7.6,3.4,3.9,1.35,1.42,1.71,1.88,2.14,2.4,7.2,55.0,7.4,80.0,7.8,140.0,8.2,400.0,11.0,16.5,14.5,18.0,7.2,55.0,8.0,160.0,10.0,12.5,10.0,12.5,21.0,38.0,7.8,120.0,8.8,12.5,9.8,14.0,17.5,29.0,7.8,110.0,2.98,3.45,7.8,130.0,8.4,1000.0,35951313,1328613.0,10698710.0,58805.0,1.261234346,1.261234349,1.261234393,1.261234394,1.01,1000.0,1.01,1.32,8.2,110.0,1.01,1.1,8.2,11.5,1.09,1.14,1.08,1.11,4.0,4.8,1.15,1.19,1.261234395,1.261234356,1.261234347,1.261234348
Icelandic 1 Deild,2026-08-22,12:00:00,IF Vestri,Leiknir R,2.12,2.72,2.9,4.0,3.25,5.5,2.36,3.25,1.44,1.74,1.01,1000.0,1.01,1000.0,1.01,1000.0,1.01,1000.0,1.01,1000.0,1.01,1000.0,1.01,1000.0,1.01,1000.0,1.01,1000.0,1.01,1000.0,1.01,1000.0,1.01,1000.0,1.01,1000.0,1.01,1000.0,1.01,1000.0,1.01,1000.0,1.01,1000.0,1.01,1000.0,1.01,1000.0,1.01,1000.0,1.01,1000.0,35962319,10891674.0,4744864.0,58805.0,1.261335337,1.261335382,1.261335421,1.261335346,1.01,1000.0,1.01,1000.0,2.68,110.0,1.01,1.25,2.68,10.0,1.14,1.25,1.33,1.53,1.58,1.89,1.22,1.44,1.261335338,1.261335340,1.261335341,1.261335385
Czech 1 Liga,2026-08-22,12:00:00,Zlin,Slovan Liberec,4.0,4.4,2.0,2.04,3.6,3.8,1.9,1.99,2.0,2.1,1.74,2.12,2.02,2.18,11.5,15.0,8.2,9.8,11.0,12.5,21.0,26.0,12.0,14.5,7.4,8.4,9.6,10.5,20.0,24.0,27.0,32.0,15.0,17.0,17.0,19.5,34.0,42.0,1.01,100.0,46.0,60.0,50.0,65.0,1.01,120.0,1.01,70.0,14.0,17.0,1.01,1000.0,35943524,367580.0,10503.0,58805.0,1.261142483,1.261142486,1.261142530,1.261142531,2.58,3.9,1.34,1.64,12.0,13.5,1.08,1.09,3.5,3.85,1.35,1.4,1.96,2.0,1.29,1.33,1.35,1.39,1.261142532,1.261142493,1.261142484,1.261142485
Spanish Segunda Division,2026-08-22,12:00:00,Oviedo,Leganes,1.97,2.0,4.8,5.1,3.35,3.45,1.66,1.71,2.42,2.52,2.12,2.2,1.84,1.9,9.0,10.0,12.5,16.0,28.0,36.0,11.0,130.0,6.6,7.4,7.2,7.8,18.0,24.0,14.0,80.0,9.6,11.0,10.0,11.0,21.0,23.0,12.5,100.0,20.0,23.0,22.0,29.0,44.0,55.0,11.0,170.0,17.5,20.0,11.0,120.0,11.0,1000.0,35952166,21678.0,309109.0,58805.0,1.261242415,1.261242418,1.261242462,1.261242463,1.2,110.0,1.01,110.0,9.2,10.5,1.11,1.13,2.98,3.15,1.47,1.5,1.24,1.26,2.0,2.04,1.4,1.43,1.261242464,1.261242425,1.261242416,1.261242417
Spanish La Liga,2026-08-22,12:00:00,Athletic Bilbao,Sevilla,1.77,1.79,5.6,5.8,3.8,3.85,1.7,1.73,2.38,2.42,2.24,2.3,1.77,1.81,9.8,10.5,14.0,15.0,40.0,44.0,44.0,180.0,6.4,6.8,8.2,8.4,21.0,23.0,90.0,110.0,8.6,9.0,9.8,10.5,24.0,26.0,95.0,110.0,16.5,17.0,20.0,22.0,46.0,50.0,55.0,190.0,14.0,15.5,110.0,170.0,24.0,1000.0,35895522,9162.0,52480974.0,58805.0,1.260688234,1.260688255,1.260688232,1.260688251,2.8,2.92,1.52,1.56,9.8,11.0,1.1,1.12,3.1,3.2,1.46,1.48,1.2,1.22,2.26,2.3,1.35,1.36,1.260688217,1.260688239,1.260688241,1.260688262
Czech 1 Liga,2026-08-22,12:00:00,SK Artis Brno,Sparta Prague,8.2,10.5,1.37,1.46,5.0,5.9,2.42,3.0,1.5,1.7,1.87,2.06,1.94,2.16,1.01,1000.0,7.4,1000.0,1.01,970.0,8.8,1000.0,1.01,1000.0,8.8,26.0,7.4,1000.0,1.01,26.0,1.01,1000.0,1.01,1000.0,1.01,1000.0,1.01,1000.0,1.01,1000.0,1.01,1000.0,1.01,1000.0,1.01,1000.0,1.01,1000.0,1.01,6.8,1.01,1000.0,35948106,85908106.0,110475.0,58805.0,1.261189772,1.261189782,1.261189771,1.261189781,1.01,1000.0,1.01,20.0,4.9,110.0,1.01,1.07,5.0,5.9,1.2,1.25,3.15,3.75,1.1,1.14,1.2,1.25,1.261189763,1.261189775,1.261189776,1.261189786
Czech 1 Liga,2026-08-22,12:00:00,Mlada Boleslav,Slovacko,1.77,2.1,4.1,6.6,3.0,4.1,2.12,3.2,1.45,1.88,1.01,1000.0,1.01,1000.0,1.01,1000.0,1.01,60.0,1.8,1000.0,1.83,1000.0,1.71,970.0,1.01,970.0,1.77,60.0,1.83,1000.0,1.83,970.0,1.6,970.0,1.65,970.0,1.83,1000.0,1.77,80.0,1.83,55.0,1.8,1000.0,1.83,1000.0,1.01,970.0,1.01,1000.0,1.01,1000.0,35944140,886284.0,1533861.0,58805.0,1.261147935,1.261147938,1.261147982,1.261147983,2.96,4.6,1.28,1.51,1.02,55.0,1.04,1.3,2.26,5.5,1.22,1.77,1.18,1.32,1.91,2.3,1.32,1.5,1.261147984,1.261147945,1.261147936,1.261147937
Azerbaijan Premier League,2026-08-22,12:00:00,FC Sabah,FK Sumqayit,1.28,1.54,5.7,870.0,4.6,320.0,2.28,3.45,1.4,1.77,1.01,1000.0,1.01,1000.0,1.01,1000.0,1.01,1000.0,1.01,1000.0,1.01,1000.0,1.01,1000.0,1.01,1000.0,1.01,1000.0,1.01,1000.0,1.01,1000.0,1.01,1000.0,1.01,1000.0,1.01,1000.0,1.01,1000.0,1.01,1000.0,1.01,1000.0,1.01,1000.0,1.01,16.0,1.01,1000.0,1.01,1000.0,35962936,15293881.0,7547173.0,58805.0,1.261340079,1.261340124,1.261340163,1.261340088,1.01,1000.0,1.01,1000.0,1.02,110.0,1.01,1.27,2.64,100.0,1.15,1.27,1.01,1.21,2.86,4.5,1.05,1.28,1.261340080,1.261340082,1.261340083,1.261340127
Azerbaijan Premier League,2026-08-22,12:00:00,Qarabag FK,Kapaz Ganja,1.17,1.37,8.6,870.0,1.1,500.0,2.04,3.4,1.41,1.95,1.01,1000.0,1.01,1000.0,1.01,1000.0,1.01,1000.0,1.01,1000.0,1.01,1000.0,1.01,1000.0,1.01,1000.0,1.01,1000.0,1.01,1000.0,1.01,1000.0,1.01,1000.0,1.01,1000.0,1.01,1000.0,1.01,1000.0,1.01,1000.0,1.01,1000.0,1.01,1000.0,1.01,10.0,1.01,1000.0,1.01,1000.0,35962899,10583858.0,10135605.0,58805.0,1.261339441,1.261339486,1.261339525,1.261339450,1.01,1000.0,1.01,1000.0,1.02,110.0,1.01,1.61,2.64,100.0,1.15,1.61,1.01,1.13,2.96,6.6,1.03,1.29,1.261339442,1.261339444,1.261339445,1.261339489
Austrian Bundesliga,2026-08-22,12:00:00,SCR Altach,Hartberg,1.98,2.06,4.1,4.5,3.5,3.8,1.89,2.06,1.96,2.14,1.68,2.1,1.9,2.48,1.01,1000.0,1.01,1000.0,18.5,60.0,1.01,1000.0,6.6,14.5,5.7,10.5,1.01,40.0,25.0,1000.0,1.01,23.0,6.6,17.0,12.5,1000.0,27.0,1000.0,13.5,40.0,13.0,36.0,20.0,85.0,1.73,1000.0,1.01,1000.0,1.01,1000.0,1.01,1000.0,35947052,872710.0,345648.0,58805.0,1.261176618,1.261176621,1.261176665,1.261176666,2.74,4.2,1.32,1.57,3.75,990.0,1.07,1.37,3.75,4.2,1.31,1.37,1.28,1.33,1.94,2.04,1.35,1.4,1.261176667,1.261176628,1.261176619,1.261176620
French Ligue 1,2026-08-22,12:15:00,Lens,Auxerre,1.58,1.6,6.2,6.6,4.6,4.8,2.32,2.44,1.71,1.76,1.82,1.87,2.16,2.22,18.5,20.0,22.0,25.0,48.0,55.0,22.0,170.0,9.2,10.0,9.4,10.5,21.0,24.0,65.0,80.0,9.4,10.5,9.0,9.8,17.5,21.0,60.0,85.0,13.5,15.5,14.0,16.0,27.0,32.0,36.0,120.0,6.6,7.2,34.0,80.0,17.5,1000.0,35785399,44793.0,44800.0,58805.0,1.259705525,1.259705509,1.259705524,1.259705534,3.4,110.0,1.01,1.41,17.5,21.0,1.05,1.06,5.0,5.2,1.23,1.25,1.17,1.19,2.66,2.74,1.27,1.28,1.259705527,1.259705529,1.259705530,1.259705512
Hungarian NB I,2026-08-22,12:30:00,MTK Budapest,Nyiregyhaza,2.26,2.52,2.84,3.3,3.65,4.3,2.08,2.76,1.57,1.92,1.11,1.75,2.32,970.0,1.01,1000.0,1.01,1000.0,13.0,48.0,1.01,1000.0,1.01,30.0,6.2,970.0,8.6,30.0,1.01,1000.0,11.0,1000.0,7.8,23.0,9.4,1000.0,1.01,1000.0,15.5,85.0,1.01,1000.0,15.0,1000.0,1.01,1000.0,1.01,1000.0,1.01,1000.0,1.01,1000.0,35944132,473659.0,886335.0,58805.0,1.261147845,1.261147848,1.261147892,1.261147893,3.25,1000.0,1.01,1.44,12.0,990.0,1.05,1.1,4.5,990.0,1.21,1.28,1.43,1.55,1.65,1.8,1.31,1.38,1.261147894,1.261147855,1.261147846,1.261147847
Slovenian Premier League,2026-08-22,12:30:00,Mura,Koper,2.98,4.4,2.06,2.34,3.35,5.5,1.93,2.6,1.62,2.08,1.01,110.0,1.01,110.0,1.01,1000.0,1.01,23.0,1.01,30.0,1.01,55.0,1.01,30.0,1.01,19.5,1.01,23.0,1.01,40.0,1.01,50.0,1.01,30.0,1.01,40.0,1.02,75.0,1.01,1000.0,1.01,80.0,5.3,100.0,1.07,1000.0,1.01,1000.0,1.01,30.0,1.01,1000.0,35949315,503236.0,166903.0,58805.0,1.261199912,1.261199915,1.261199959,1.261199960,1.01,1000.0,1.01,1.49,11.0,23.0,1.04,1.1,3.6,5.7,1.23,1.39,1.74,1.95,1.3,1.51,1.25,1.42,1.261199961,1.261199922,1.261199913,1.261199914
Polish Ekstraklasa,2026-08-22,12:30:00,Piast Gliwice,Legia Warsaw,3.75,4.0,2.08,2.12,3.6,3.9,1.98,2.18,1.85,2.04,1.7,1.85,2.16,2.44,14.0,16.0,9.0,10.5,12.0,13.5,22.0,26.0,13.5,15.5,7.6,8.4,9.4,10.5,19.0,22.0,25.0,28.0,14.0,18.5,15.5,17.5,30.0,34.0,60.0,75.0,38.0,46.0,44.0,55.0,75.0,85.0,36.0,42.0,13.0,14.5,1.01,1000.0,35943763,3157365.0,241091.0,58805.0,1.261145907,1.261145910,1.261145954,1.261145955,2.94,4.4,1.29,1.52,3.7,36.0,1.03,1.38,3.7,4.7,1.27,1.38,1.89,1.93,1.33,1.37,1.34,1.39,1.261145956,1.261145917,1.261145908,1.261145909
Romanian Liga I,2026-08-22,12:30:00,UTA Arad,FC Hunedoara,2.22,2.4,3.5,3.9,3.25,3.8,1.68,1.91,2.08,2.48,1.01,1000.0,1.01,1000.0,1.01,1000.0,1.01,1000.0,1.01,1000.0,1.01,1000.0,1.01,1000.0,1.01,1000.0,1.01,1000.0,1.01,1000.0,1.01,1000.0,1.01,1000.0,1.01,1000.0,1.01,1000.0,1.01,1000.0,1.01,1000.0,1.01,1000.0,1.01,1000.0,1.01,1000.0,1.01,1000.0,1.01,1000.0,35938942,2311174.0,7223889.0,58805.0,1.261106825,1.261106835,1.261106824,1.261106834,1.01,110.0,1.01,110.0,1.02,15.5,1.07,1.46,3.05,3.8,1.36,1.46,1.34,1.4,1.71,1.82,1.35,1.45,1.261106816,1.261106828,1.261106829,1.261106839
Saudi Professional League,2026-08-22,12:45:00,Al-Fateh (KSA),Al-Ettifaq,2.3,2.54,2.88,3.15,3.55,4.5,2.24,2.72,1.62,1.8,1.57,1.64,2.52,2.86,1.47,30.0,1.51,70.0,1.5,48.0,1.55,1000.0,1.51,60.0,1.4,14.5,1.47,30.0,1.5,50.0,1.49,38.0,1.45,23.0,1.51,60.0,1.52,75.0,1.52,80.0,1.5,50.0,1.51,60.0,1.55,1000.0,1.55,1000.0,1.55,1000.0,1.55,1000.0,35945206,7196232.0,6160611.0,58805.0,1.261161873,1.261161894,1.261161871,1.261161891,3.35,110.0,1.01,1.42,4.5,110.0,1.01,1.28,4.5,7.4,1.16,1.28,1.49,1.54,1.65,1.77,1.29,1.37,1.261161827,1.261161879,1.261161881,1.261161903
Italian Serie C,2026-08-22,13:00:00,FC Guidonia Montecelio 1937,Gubbio,1.04,2.52,2.5,990.0,1.69,500.0,1.45,1.7,2.42,3.25,1.11,970.0,1.11,970.0,1.01,1000.0,1.01,1000.0,1.01,1000.0,1.01,1000.0,1.01,1000.0,1.01,1000.0,1.01,1000.0,1.01,1000.0,1.01,1000.0,1.01,1000.0,1.01,1000.0,1.01,1000.0,1.01,1000.0,1.01,1000.0,1.01,1000.0,1.01,1000.0,1.01,1000.0,1.01,1000.0,1.01,1000.0,35944095,73074439.0,4893592.0,58805.0,1.261160369,1.261160379,1.261160368,1.261160378,1.01,1000.0,1.01,20.0,2.22,990.0,1.01,1.81,2.22,990.0,1.01,1.81,1.01,1.66,1.65,36.0,1.01,1.57,1.261160360,1.261160372,1.261160373,1.261160383
Icelandic 1 Deild,2026-08-22,13:00:00,Njardvik,Volsungur,1.34,1.52,3.75,870.0,5.1,950.0,2.94,12.5,1.09,1.52,1.01,1000.0,1.01,1000.0,1.01,1000.0,1.01,1000.0,1.01,1000.0,1.01,1000.0,1.01,1000.0,1.01,1000.0,1.01,1000.0,1.01,1000.0,1.01,1000.0,1.01,1000.0,1.01,1000.0,1.01,1000.0,1.01,1000.0,1.01,1000.0,1.01,1000.0,1.01,1000.0,1.01,970.0,1.01,1000.0,1.01,1000.0,35953357,3968879.0,4742657.0,58805.0,1.261254249,1.261254259,1.261254248,1.261254258,1.01,1000.0,1.01,1000.0,1.02,110.0,1.01,1.15,2.94,100.0,1.09,1.15,1.06,1.37,2.92,4.0,1.01,1.25,1.261254240,1.261254252,1.261254253,1.261254263
Peruvian Primera Division,2026-08-22,13:00:00,Sport Huancayo,Cesar Vallejo Moquegua,1.36,1.49,7.0,17.5,4.8,8.4,2.02,2.34,1.74,1.99,1.11,1000.0,1.11,1000.0,1.67,1000.0,1.67,1000.0,1.67,1000.0,1.67,1000.0,5.4,970.0,1.67,1000.0,1.64,950.0,1.67,1000.0,1.36,970.0,1.67,1000.0,1.67,1000.0,1.67,1000.0,7.4,970.0,8.8,26.0,1.67,1000.0,1.67,1000.0,1.5,970.0,1.67,1000.0,1.67,1000.0,35949311,4972227.0,62939001.0,58805.0,1.261205785,1.261205795,1.261205784,1.261205794,1.01,1000.0,1.01,20.0,12.0,36.0,1.03,1.1,3.65,34.0,1.25,1.38,1.06,1.17,3.0,3.8,1.13,1.26,1.261205776,1.261205788,1.261205789,1.261205799
Turkish Super League,2026-08-22,13:00:00,Corum Belediyespor,Kasimpasa,2.34,2.38,3.3,3.45,3.5,3.65,1.96,2.06,1.97,2.06,1.78,1.85,2.18,2.28,12.5,14.5,12.0,13.5,20.0,24.0,50.0,60.0,9.4,12.0,7.2,9.0,12.5,16.5,10.0,46.0,13.5,15.5,10.0,11.5,15.0,17.5,40.0,48.0,28.0,32.0,22.0,26.0,32.0,46.0,11.0,110.0,17.0,23.0,30.0,42.0,9.0,1000.0,35952137,6781499.0,2080735.0,58805.0,1.261243386,1.261243396,1.261243385,1.261243395,3.0,110.0,1.01,1.49,12.5,15.5,1.07,1.09,3.85,4.1,1.32,1.36,1.41,1.44,1.72,1.75,1.37,1.4,1.261243377,1.261243389,1.261243390,1.261243400
Swiss Challenge League,2026-08-22,13:00:00,FC Wil,Kriens,1.89,3.6,2.16,5.0,1.83,200.0,2.56,3.3,1.44,1.64,1.01,1000.0,1.01,3.15,1.01,1000.0,1.01,1000.0,1.01,1000.0,1.01,1000.0,1.01,1000.0,1.01,1000.0,1.01,1000.0,1.01,1000.0,1.01,1000.0,1.01,1000.0,1.01,1000.0,1.01,1000.0,1.01,1000.0,1.01,1000.0,1.01,1000.0,1.01,1000.0,1.01,25.0,1.01,1000.0,1.01,1000.0,35965111,179085.0,328828.0,58805.0,1.261360459,1.261360462,1.261360506,1.261360507,1.01,1000.0,1.01,1000.0,2.56,110.0,1.01,1.64,2.56,100.0,1.15,1.64,1.25,1.87,1.86,2.14,1.01,1.51,1.261360508,1.261360469,1.261360460,1.261360461
Turkish 1 Lig,2026-08-22,13:00:00,76 Igdir Belediyespor,Kayserispor,2.68,3.3,2.38,2.84,3.15,4.8,1.79,2.04,1.97,2.26,1.01,1000.0,2.0,2.32,1.01,1000.0,1.01,26.0,1.01,1000.0,1.01,65.0,1.01,1000.0,1.01,1000.0,1.01,26.0,1.01,1000.0,1.01,1000.0,1.01,26.0,1.01,1000.0,1.01,95.0,1.01,1000.0,1.01,1000.0,1.01,95.0,1.01,1000.0,1.01,55.0,1.01,30.0,1.01,1000.0,35965148,41144710.0,508789.0,58805.0,1.261360700,1.261360703,1.261360747,1.261360748,1.01,1000.0,1.32,1.62,2.94,110.0,1.01,1.52,2.94,100.0,1.34,1.52,1.54,1.72,1.43,1.59,1.32,1.47,1.261360749,1.261360710,1.261360701,1.261360702
Italian Serie C,2026-08-22,13:00:00,Juventus B,Novara,2.34,3.2,2.74,3.85,2.74,3.5,1.52,1.93,2.08,2.9,1.11,970.0,1.11,970.0,1.01,1000.0,1.01,1000.0,1.01,1000.0,1.01,1000.0,1.01,1000.0,1.01,1000.0,1.01,1000.0,1.01,1000.0,1.01,1000.0,1.01,1000.0,1.01,1000.0,1.01,1000.0,1.01,1000.0,1.01,1000.0,1.01,1000.0,1.01,1000.0,1.01,30.0,1.01,1000.0,1.01,1000.0,35962220,5470963.0,522045.0,58805.0,1.261332439,1.261332442,1.261332486,1.261332487,2.3,3.4,1.41,1.77,1.15,110.0,1.01,7.8,2.42,100.0,1.02,1.7,1.35,1.58,1.45,1.75,1.4,1.58,1.261332488,1.261332449,1.261332440,1.261332441
Turkish Super League,2026-08-22,13:00:00,Rizespor,Samsunspor,2.22,2.26,3.65,3.75,3.5,3.6,2.06,2.14,1.89,1.95,1.71,1.77,2.3,2.42,13.5,15.5,13.5,18.5,6.4,34.0,7.2,80.0,9.6,11.0,7.0,7.8,13.5,16.0,6.8,50.0,13.0,15.0,9.8,11.0,14.0,15.5,21.0,60.0,24.0,34.0,20.0,28.0,6.6,42.0,7.4,95.0,13.5,19.0,6.8,44.0,8.0,1000.0,35952091,113643.0,113124.0,58805.0,1.261240904,1.261240907,1.261240951,1.261240952,3.0,110.0,1.01,1.49,13.5,18.0,1.06,1.08,4.1,4.5,1.29,1.32,1.36,1.38,1.79,1.82,1.38,1.4,1.261240953,1.261240914,1.261240905,1.261240906
Estonian Premier League,2026-08-22,13:00:00,Harju JK Laagri,Nomme Kalju,5.9,6.8,1.52,1.58,4.7,5.3,2.74,3.1,1.48,1.58,1.64,1.76,2.3,2.58,1.01,32.0,9.8,13.5,9.2,14.5,11.5,18.0,21.0,36.0,10.5,15.0,7.8,11.5,12.5,15.5,1.01,65.0,16.5,26.0,13.5,19.5,18.0,32.0,1.01,160.0,1.01,75.0,1.01,65.0,1.01,85.0,1.01,70.0,4.3,5.7,1.01,550.0,35952269,28525699.0,4007449.0,58805.0,1.261244317,1.261244320,1.261244364,1.261244365,1.01,1000.0,1.01,1000.0,6.0,110.0,1.01,1.2,6.0,7.2,1.16,1.2,2.72,2.98,1.17,1.21,1.23,1.28,1.261244366,1.261244327,1.261244318,1.261244319
Swiss Super League,2026-08-22,13:00:00,Luzern,Lausanne,2.12,2.18,3.25,3.5,4.0,4.3,2.66,2.9,1.52,1.61,1.52,1.6,2.44,3.25,20.0,32.0,18.0,21.0,22.0,34.0,42.0,70.0,12.0,15.5,9.0,10.5,11.5,15.5,25.0,34.0,13.0,17.5,10.0,12.0,11.0,15.0,25.0,34.0,23.0,32.0,17.0,23.0,22.0,30.0,44.0,60.0,8.4,11.0,18.0,21.0,240.0,380.0,35944551,65784.0,2093796.0,58805.0,1.261153956,1.261153959,1.261154003,1.261154004,1.01,1000.0,1.01,1.38,1.02,110.0,1.01,1.12,5.7,6.8,1.17,1.21,1.4,1.45,1.84,1.92,1.31,1.34,1.261154005,1.261153966,1.261153957,1.261153958
Slovakian Super League,2026-08-22,13:00:00,Dunajska Streda,Podbrezova,1.75,1.91,4.1,5.4,3.7,5.2,2.42,2.86,1.53,1.71,1.54,1.7,2.44,970.0,1.01,1000.0,14.0,1000.0,1.01,1000.0,1.01,1000.0,8.8,26.0,1.01,1000.0,1.01,1000.0,1.01,1000.0,1.01,26.0,7.4,1000.0,1.01,1000.0,1.01,1000.0,13.5,1000.0,1.01,1000.0,1.01,1000.0,1.01,1000.0,1.01,1000.0,1.01,1000.0,1.01,1000.0,35949103,3176495.0,8672708.0,58805.0,1.261206225,1.261206235,1.261206224,1.261206234,1.01,1000.0,1.01,1.4,5.0,110.0,1.01,1.25,5.0,100.0,1.17,1.25,1.23,1.33,2.08,2.34,1.25,1.38,1.261206216,1.261206228,1.261206229,1.261206239
Italian Serie C,2026-08-22,13:00:00,AC Ospitaletto,Lumezzane,1.6,2.58,3.25,4.2,3.0,500.0,1.6,1.8,2.26,2.64,1.11,970.0,1.11,970.0,1.01,1000.0,1.01,1000.0,1.01,1000.0,1.01,1000.0,1.01,1000.0,1.01,1000.0,1.01,1000.0,1.01,1000.0,1.01,1000.0,1.01,1000.0,1.01,1000.0,1.01,1000.0,1.01,1000.0,1.01,1000.0,1.01,1000.0,1.01,1000.0,1.01,29.0,1.01,1000.0,1.01,1000.0,35944094,74130989.0,522043.0,58805.0,1.261160479,1.261160489,1.261160478,1.261160488,2.32,3.5,1.4,1.75,2.74,110.0,1.01,1.58,2.74,3.6,1.38,1.58,1.31,1.44,1.63,2.68,1.33,1.5,1.261160470,1.261160482,1.261160483,1.261160493
Italian Serie C,2026-08-22,13:00:00,Cittadella,Pergolettese,1.61,1.97,4.7,7.8,3.5,6.0,1.61,2.0,2.0,2.64,1.01,970.0,1.01,970.0,1.01,1000.0,1.01,1000.0,1.01,1000.0,1.01,1000.0,1.01,1000.0,1.01,1000.0,1.01,1000.0,1.01,1000.0,1.01,1000.0,1.01,1000.0,1.01,1000.0,1.01,1000.0,1.01,1000.0,1.01,1000.0,1.01,1000.0,1.01,1000.0,1.01,1000.0,1.01,1000.0,1.01,1000.0,35944109,60295.0,8215986.0,58805.0,1.261160259,1.261160269,1.261160258,1.261160268,1.01,3.65,1.01,1.72,1.02,18.0,1.06,1.49,2.9,17.5,1.39,1.49,1.14,1.27,2.04,2.62,1.2,1.4,1.261160250,1.261160262,1.261160263,1.261160273
Bulgarian A League,2026-08-22,13:00:00,Ludogorets,Slavia Sofia,1.37,1.42,7.6,19.0,4.6,7.2,2.16,3.05,1.48,1.87,1.11,1000.0,1.11,110.0,1.01,1000.0,1.01,1000.0,8.2,1000.0,1.4,1000.0,1.01,1000.0,1.01,1000.0,1.01,1000.0,1.01,1000.0,1.01,1000.0,1.01,1000.0,1.01,1000.0,1.01,1000.0,1.01,1000.0,1.01,1000.0,1.01,1000.0,1.01,1000.0,1.01,1000.0,1.01,1000.0,1.01,1000.0,35945414,5112599.0,1255221.0,58805.0,1.261163121,1.261163131,1.261163120,1.261163130,3.1,1000.0,1.01,1.47,1.15,110.0,1.02,1.3,2.56,100.0,1.21,1.65,1.05,1.15,3.25,3.7,1.16,1.28,1.261163112,1.261163124,1.261163125,1.261163135
Slovakian Super League,2026-08-22,13:00:00,Zemplin,MFK Skalica,2.08,2.32,3.4,4.1,3.5,3.95,2.0,2.22,1.82,1.99,1.11,1000.0,1.11,1000.0,1.01,1000.0,1.01,1000.0,1.04,1000.0,1.03,1000.0,1.04,1000.0,1.04,1000.0,1.01,1000.0,1.04,1000.0,1.01,1000.0,1.03,1000.0,1.03,1000.0,1.04,1000.0,1.01,1000.0,1.01,1000.0,1.04,1000.0,1.03,1000.0,1.01,1000.0,1.01,1000.0,1.01,1000.0,35948505,4985275.0,12690369.0,58805.0,1.261196982,1.261196992,1.261196981,1.261196991,2.92,4.5,1.29,1.52,3.6,36.0,1.04,1.38,3.6,34.0,1.04,1.38,1.32,1.42,1.76,1.93,1.34,1.4,1.261196973,1.261196985,1.261196986,1.261196996
Turkish 1 Lig,2026-08-22,13:00:00,Umraniyespor,Erokspor A.S,3.45,4.8,1.99,2.5,3.15,4.9,1.81,2.18,1.86,2.22,1.62,1000.0,1.11,2.6,11.0,17.5,8.4,9.6,9.8,13.5,18.5,38.0,12.5,18.0,7.4,8.4,8.0,11.0,16.0,26.0,17.5,42.0,14.0,24.0,15.5,22.0,22.0,50.0,7.8,100.0,7.4,60.0,7.6,70.0,8.0,120.0,7.4,60.0,11.0,22.0,8.6,1000.0,35944542,6250160.0,20929178.0,58805.0,1.261162701,1.261162711,1.261162700,1.261162710,2.84,4.4,1.3,1.54,3.4,21.0,1.06,1.42,3.35,4.8,1.27,1.42,1.67,2.02,1.26,1.41,1.3,1.47,1.261162692,1.261162704,1.261162705,1.261162715
Slovakian Super League,2026-08-22,13:00:00,Ruzomberok,Dukla Banska Bystrica,1.57,1.86,4.1,7.0,3.75,5.2,2.02,2.66,1.6,1.99,1.01,1000.0,1.98,2.74,1.01,1000.0,11.0,60.0,17.0,100.0,1.01,1000.0,7.2,23.0,6.6,19.5,12.0,40.0,22.0,1000.0,7.8,23.0,6.6,19.5,11.0,40.0,22.0,1000.0,1.01,40.0,9.4,40.0,15.0,80.0,28.0,1000.0,1.01,23.0,1.01,1000.0,1.01,1000.0,35952199,52764.0,8517600.0,58805.0,1.261246497,1.261246507,1.261246496,1.261246506,1.01,1000.0,1.01,1.49,12.0,110.0,1.05,1.1,2.32,5.4,1.23,1.35,1.19,1.33,1.99,2.46,1.23,1.38,1.261246488,1.261246500,1.261246501,1.261246511
Saudi Professional League,2026-08-22,13:10:00,Al-Kholood Club,Al-Taawoun Buraidah,3.05,3.55,2.28,2.46,3.2,4.2,2.04,2.2,1.84,1.97,1.01,970.0,1.01,970.0,1.16,1000.0,1.16,1000.0,1.11,26.0,1.16,1000.0,1.11,26.0,1.16,1000.0,1.16,1000.0,1.16,1000.0,1.16,1000.0,1.11,26.0,1.16,1000.0,1.16,1000.0,1.15,95.0,1.14,55.0,1.16,1000.0,1.16,1000.0,1.16,1000.0,1.16,1000.0,1.16,1000.0,35945439,40846946.0,12157288.0,58805.0,1.261161581,1.261161591,1.261161580,1.261161590,3.0,110.0,1.01,1.49,1.02,110.0,1.01,1.33,1.02,4.6,1.28,1.37,1.68,1.77,1.4,1.45,1.34,1.43,1.261161572,1.261161584,1.261161585,1.261161595
Chilean Primera B,2026-08-22,13:30:00,Deportes Recoleta,Deportes Copiapo,2.14,2.52,3.05,3.95,3.25,4.9,1.87,2.12,1.89,2.16,1.01,1000.0,1.01,1000.0,1.01,1000.0,1.01,1000.0,1.01,1000.0,1.04,1000.0,1.04,1000.0,1.04,1000.0,1.04,1000.0,1.01,1000.0,1.01,1000.0,1.01,1000.0,1.01,1000.0,1.04,1000.0,1.04,1000.0,1.01,1000.0,1.04,1000.0,1.04,1000.0,1.01,1000.0,1.01,1000.0,1.01,1000.0,35962203,11386470.0,5663001.0,58805.0,1.261334239,1.261334284,1.261334323,1.261334248,1.01,1000.0,1.32,1.62,3.3,55.0,1.02,1.43,3.3,4.4,1.29,1.43,1.34,1.49,1.66,1.88,1.25,1.44,1.261334240,1.261334242,1.261334243,1.261334287
Serbian Super League,2026-08-22,13:30:00,Macva Sabac,Radnicki Nis,3.3,4.4,2.1,2.44,2.78,4.5,1.62,1.87,2.16,2.6,1.88,2.32,1.01,1000.0,2.68,1000.0,1.8,250.0,8.0,440.0,2.02,65.0,8.0,440.0,1.56,13.0,8.0,440.0,14.5,580.0,12.0,530.0,9.6,460.0,2.16,400.0,2.32,460.0,2.48,1000.0,2.3,460.0,2.52,1000.0,1.26,1000.0,1.01,1000.0,1.01,1000.0,1.01,1000.0,35952237,13082371.0,6555084.0,58805.0,1.261246277,1.261246287,1.261246276,1.261246286,2.34,3.6,1.38,1.75,1.02,110.0,1.01,55.0,2.72,110.0,1.39,1.58,1.69,1.91,1.29,1.44,1.35,1.47,1.261246268,1.261246280,1.261246281,1.261246291
Danish 1st Division,2026-08-22,13:30:00,AB,Hvidovre,2.52,2.84,2.5,3.2,3.0,4.9,1.98,2.22,1.81,2.04,1.11,1.82,1.11,970.0,1.01,1000.0,1.01,1000.0,1.01,1000.0,1.01,1000.0,1.01,1000.0,1.01,1000.0,1.01,1000.0,1.01,1000.0,1.01,1000.0,1.01,1000.0,1.01,1000.0,1.01,1000.0,1.01,1000.0,1.01,1000.0,1.01,1000.0,1.01,1000.0,1.01,1000.0,1.01,1000.0,1.01,1000.0,35948859,113194.0,151007.0,58805.0,1.261207923,1.261207933,1.261207922,1.261207932,2.84,4.4,1.3,1.54,3.7,110.0,1.01,1.36,3.7,4.5,1.28,1.36,1.46,1.67,1.54,1.66,1.25,1.5,1.261207914,1.261207926,1.261207927,1.261207937
English Premier League,2026-08-22,13:30:00,Brentford,Tottenham,2.42,2.44,2.96,2.98,3.9,3.95,2.28,2.32,1.75,1.78,1.64,1.67,2.48,2.56,17.5,19.0,13.5,14.5,20.0,21.0,42.0,46.0,12.5,13.0,8.2,8.6,13.0,13.5,26.0,28.0,16.0,17.0,11.0,12.0,14.5,15.5,32.0,36.0,30.0,34.0,22.0,23.0,29.0,32.0,60.0,65.0,14.0,15.5,20.0,22.0,55.0,550.0,35737558,78864.0,48224.0,58805.0,1.259301106,1.259301045,1.259301105,1.259301116,3.7,3.9,1.36,1.37,17.5,19.5,1.05,1.06,4.8,5.0,1.25,1.26,1.5,1.51,1.69,1.7,1.33,1.35,1.259301108,1.259301110,1.259301111,1.259301049
Italian Serie A,2026-08-22,13:30:00,Udinese,Como,5.0,5.1,1.87,1.89,3.7,3.75,1.78,1.81,2.24,2.28,2.08,2.14,1.89,1.93,10.5,11.5,7.0,7.6,9.2,10.0,18.5,20.0,12.5,14.5,7.6,8.2,9.8,10.5,19.5,22.0,32.0,38.0,18.5,20.0,21.0,23.0,40.0,46.0,40.0,140.0,65.0,80.0,75.0,85.0,44.0,150.0,85.0,120.0,14.5,15.5,60.0,1000.0,35737570,215821.0,60298.0,58805.0,1.259302076,1.259302014,1.259302075,1.259302086,2.94,3.1,1.48,1.52,10.5,11.5,1.09,1.11,3.3,3.4,1.42,1.43,2.12,2.16,1.24,1.25,1.36,1.38,1.259302078,1.259302080,1.259302081,1.259302018
Italian Serie A,2026-08-22,13:30:00,Inter,AC Monza,1.21,1.22,17.5,18.5,7.8,8.2,2.5,2.56,1.64,1.67,2.52,2.6,1.63,1.66,24.0,27.0,38.0,48.0,44.0,200.0,20.0,1000.0,8.2,8.8,16.5,17.5,50.0,70.0,55.0,410.0,6.4,7.0,11.0,12.5,42.0,48.0,50.0,270.0,8.0,8.4,13.5,15.0,46.0,55.0,70.0,360.0,3.95,4.1,90.0,1000.0,75.0,1000.0,35734727,63347.0,13659467.0,58805.0,1.259286414,1.259286424,1.259286413,1.259286423,3.95,4.2,1.31,1.34,21.0,27.0,1.04,1.05,5.5,5.7,1.21,1.23,1.05,1.07,5.4,5.7,1.13,1.15,1.259286405,1.259286417,1.259286418,1.259286428
Azerbaijan Premier League,2026-08-22,13:45:00,Zira,Imisli FK,1.44,1.62,7.2,870.0,2.68,6.0,1.64,1.87,2.16,2.56,1.01,1000.0,1.54,1.69,1.01,1000.0,1.01,1000.0,1.01,1000.0,1.01,1000.0,1.01,1000.0,1.01,1000.0,1.01,1000.0,1.01,1000.0,1.01,1000.0,1.01,1000.0,1.01,1000.0,1.01,1000.0,1.01,1000.0,1.01,1000.0,1.01,1000.0,1.01,1000.0,1.01,1000.0,1.01,1000.0,1.01,1000.0,35962953,10135613.0,79843326.0,58805.0,1.261339989,1.261340034,1.261340073,1.261339998,1.01,1000.0,1.01,1000.0,2.72,110.0,1.01,1.59,2.72,100.0,1.4,1.59,1.01,1.17,2.6,3.25,1.2,1.6,1.261339990,1.261339992,1.261339993,1.261340037
Scottish Premiership,2026-08-22,13:45:00,Dundee Utd,Dundee,2.36,2.46,3.25,3.4,3.45,3.6,2.02,2.14,1.89,1.98,1.71,1.79,2.28,2.42,13.0,15.0,12.5,14.5,20.0,24.0,9.8,60.0,10.0,14.0,7.2,8.0,12.5,14.5,12.0,42.0,13.0,15.5,10.5,11.5,14.0,18.5,9.2,55.0,27.0,32.0,21.0,26.0,30.0,40.0,15.5,85.0,14.5,21.0,13.0,34.0,10.0,1000.0,35953657,48818.0,13133.0,58805.0,1.261256833,1.261256843,1.261256832,1.261256842,3.0,110.0,1.01,1.49,13.0,15.0,1.07,1.09,4.0,4.4,1.29,1.34,1.42,1.45,1.69,1.74,1.38,1.41,1.261256824,1.261256836,1.261256837,1.261256847
Dutch Eredivisie,2026-08-22,13:45:00,Sparta Rotterdam,FC Utrecht,2.68,2.76,2.7,2.8,3.65,3.8,2.16,2.28,1.79,1.85,1.64,1.71,2.42,2.58,16.0,18.5,12.0,15.5,4.6,23.0,5.2,46.0,11.5,15.5,7.6,8.8,11.0,14.5,4.9,32.0,17.0,23.0,11.0,14.5,13.5,18.0,5.1,42.0,5.2,48.0,4.9,32.0,5.1,40.0,5.4,80.0,18.0,23.0,17.0,23.0,5.8,1000.0,35944538,111703.0,50349.0,58805.0,1.261153719,1.261153722,1.261153767,1.261153768,3.1,110.0,1.01,1.47,15.5,21.0,1.05,1.07,4.4,4.9,1.26,1.3,1.55,1.59,1.56,1.6,1.35,1.38,1.261153769,1.261153729,1.261153720,1.261153721
Portuguese Segunda Liga,2026-08-22,14:00:00,Lusitania Futebol Clube,Torreense,3.15,3.7,2.2,2.76,3.05,4.4,1.64,1.94,2.06,2.56,1.69,2.16,1.86,2.44,1.01,1000.0,1.01,1000.0,1.01,1000.0,1.01,1000.0,1.01,1000.0,1.01,1000.0,1.01,1000.0,1.01,1000.0,1.01,1000.0,1.01,1000.0,1.01,1000.0,1.01,1000.0,1.01,1000.0,1.01,1000.0,1.01,1000.0,1.01,1000.0,1.01,1000.0,1.01,1000.0,1.01,1000.0,35948158,20570627.0,2694162.0,58805.0,1.261189494,1.261189497,1.261189541,1.261189542,1.05,1000.0,1.01,110.0,2.8,110.0,1.01,1.55,2.8,4.0,1.34,1.55,1.57,1.83,1.37,1.47,1.29,1.48,1.261189543,1.261189504,1.261189495,1.261189496
Greek Super League,2026-08-22,14:00:00,Kalamata,Aris,3.4,3.75,2.34,2.52,3.1,3.4,1.6,1.9,2.1,2.66,1.96,2.34,1.75,2.04,9.0,12.5,7.4,8.4,12.5,18.0,4.8,44.0,9.6,11.0,6.4,8.8,10.0,14.5,4.8,38.0,4.4,24.0,13.0,18.5,14.5,21.0,5.0,65.0,5.1,90.0,5.0,65.0,5.1,85.0,5.3,180.0,5.1,80.0,21.0,38.0,5.5,1000.0,35850511,650859.0,244704.0,58805.0,1.260288764,1.260288774,1.260288763,1.260288773,1.01,110.0,1.01,110.0,2.44,15.5,1.07,1.7,2.44,15.0,1.45,1.7,1.65,1.75,1.37,1.42,1.41,1.48,1.260288755,1.260288767,1.260288768,1.260288778
Greek Super League,2026-08-22,14:00:00,AEK Athens,Iraklis,1.23,1.26,14.5,19.5,6.6,7.6,1.25,3.25,1.45,5.0,2.26,2.5,1.67,1.8,7.4,27.0,40.0,55.0,9.8,200.0,10.0,1000.0,8.6,10.5,13.5,16.5,8.8,65.0,10.0,370.0,7.0,8.2,11.0,13.0,8.2,40.0,9.8,250.0,7.8,9.2,13.0,15.5,8.4,48.0,9.8,250.0,3.5,4.1,10.0,1000.0,10.0,1000.0,35848421,10758.0,14076.0,58805.0,1.260269092,1.260269102,1.260269091,1.260269101,3.35,1000.0,1.01,1.42,1.02,110.0,1.01,1.25,4.6,7.6,1.15,1.25,1.05,1.07,4.8,5.4,1.15,1.18,1.260269083,1.260269095,1.260269096,1.260269106
Spanish Segunda Division,2026-08-22,14:00:00,Albacete,Sociedad B,1.86,1.91,4.7,5.0,3.7,3.9,1.98,2.08,1.93,2.04,1.81,1.93,2.08,2.26,1.81,15.0,1.96,40.0,1.94,80.0,1.99,1000.0,1.75,14.5,1.71,10.5,1.94,32.0,1.99,1000.0,1.86,19.5,1.84,17.0,1.95,36.0,1.99,1000.0,1.89,40.0,1.92,55.0,1.94,80.0,1.99,1000.0,2.06,1000.0,1.99,1000.0,1.99,1000.0,35949417,309089.0,2250345.0,58805.0,1.261201491,1.261201494,1.261201538,1.261201539,3.0,110.0,1.01,1.49,8.6,110.0,1.07,1.13,3.5,4.4,1.3,1.35,1.25,1.28,2.08,2.18,1.34,1.37,1.261201540,1.261201501,1.261201492,1.261201493
Egyptian Premier,2026-08-22,14:00:00,Ghazl El Mahallah,Pyramids,8.6,9.8,1.51,1.55,4.1,4.4,1.7,1.98,2.02,2.44,2.34,2.54,1.64,1.75,8.6,14.0,5.5,7.4,6.8,9.0,10.0,14.0,15.5,26.0,7.2,12.0,9.2,12.0,14.5,24.0,4.9,100.0,4.5,950.0,4.5,40.0,4.8,70.0,5.1,480.0,5.0,240.0,5.0,220.0,5.0,310.0,5.0,460.0,8.4,13.0,5.1,1000.0,35944539,10562474.0,19918253.0,58805.0,1.261162481,1.261162491,1.261162480,1.261162490,2.46,3.65,1.38,1.68,8.6,11.5,1.09,1.12,2.9,3.5,1.4,1.51,2.8,2.98,1.11,1.14,1.3,1.33,1.261162472,1.261162484,1.261162485,1.261162495
Spanish Segunda Division,2026-08-22,14:00:00,AD Ceuta FC,Las Palmas,3.0,3.1,2.56,2.58,3.45,3.55,1.82,1.84,2.18,2.22,1.89,1.95,2.06,2.14,11.0,12.0,9.2,9.8,14.5,17.5,32.0,38.0,9.4,11.0,7.0,7.8,11.0,12.0,26.0,30.0,18.0,20.0,12.0,13.5,17.0,18.5,38.0,46.0,14.0,55.0,32.0,38.0,42.0,50.0,16.0,110.0,32.0,38.0,22.0,28.0,18.5,1000.0,35949418,8179917.0,9163.0,58805.0,1.261201383,1.261201386,1.261201430,1.261201431,1.2,110.0,1.01,20.0,11.0,13.5,1.09,1.1,3.35,3.6,1.39,1.43,1.63,1.65,1.47,1.5,1.39,1.41,1.261201432,1.261201393,1.261201384,1.261201385
Israeli Premier League,2026-08-22,14:00:00,Ironi Tiberias,Hapoel Petach Tikva,2.78,3.3,2.4,2.82,2.98,4.4,1.85,2.06,1.94,2.18,1.72,2.0,2.0,2.38,1.01,16.0,1.01,12.5,1.01,20.0,1.01,50.0,8.0,12.5,1.01,9.0,1.01,13.0,1.01,32.0,1.01,22.0,8.6,14.0,13.5,18.0,1.01,55.0,1.01,70.0,1.01,46.0,1.01,65.0,1.01,110.0,1.01,34.0,1.01,28.0,1.01,1000.0,35944215,6064987.0,6094761.0,58805.0,1.261161471,1.261161481,1.261161470,1.261161480,2.72,1000.0,1.01,1.58,10.5,14.5,1.07,1.1,3.55,4.1,1.32,1.4,1.55,1.71,1.44,1.56,1.29,1.51,1.261161462,1.261161474,1.261161475,1.261161485
Portuguese Primeira Liga,2026-08-22,14:00:00,Estoril Praia,Rio Ave,2.02,2.06,4.0,4.2,3.7,3.75,2.04,2.14,1.89,1.97,1.77,1.82,2.22,2.3,13.5,16.0,14.0,16.0,26.0,32.0,13.0,85.0,9.4,10.5,7.6,8.4,14.5,16.5,11.5,48.0,11.5,13.5,9.6,11.0,15.5,17.5,44.0,55.0,21.0,25.0,18.5,22.0,30.0,36.0,6.8,90.0,12.0,970.0,36.0,46.0,7.2,1000.0,35948376,8942696.0,495321.0,58805.0,1.261195371,1.261195374,1.261195418,1.261195419,3.0,110.0,1.01,1.49,13.0,18.0,1.06,1.09,4.1,4.3,1.3,1.33,1.31,1.33,1.94,1.98,1.36,1.38,1.261195420,1.261195381,1.261195372,1.261195373
Italian Serie B,2026-08-22,14:00:00,Sudtirol,Entella,2.12,2.26,4.1,5.0,3.0,3.3,1.56,1.61,2.58,3.05,2.1,2.5,1.67,1.9,1.36,1000.0,1.36,1000.0,1.36,1000.0,1.36,1000.0,5.7,970.0,1.19,9.4,1.36,1000.0,1.36,1000.0,1.36,1000.0,1.3,26.0,1.36,1000.0,1.36,1000.0,1.36,1000.0,1.33,55.0,1.36,1000.0,1.36,1000.0,1.36,1000.0,1.36,1000.0,1.36,1000.0,35857399,4893599.0,4893589.0,58805.0,1.260345805,1.260345815,1.260345804,1.260345814,1.2,2.92,1.52,110.0,2.64,110.0,1.14,1.61,2.48,3.0,1.54,1.61,1.26,1.31,1.79,1.88,1.43,1.5,1.260345796,1.260345808,1.260345809,1.260345819
Italian Serie B,2026-08-22,14:00:00,Carrarese,Mantova,2.5,2.64,3.15,3.35,3.25,3.3,1.83,1.94,2.06,2.22,1.78,1.89,2.12,2.3,10.0,15.0,10.5,14.0,19.5,23.0,7.0,65.0,8.8,10.5,5.8,7.4,12.5,16.0,30.0,44.0,14.0,18.5,10.5,12.0,15.5,17.5,32.0,60.0,23.0,50.0,6.2,29.0,32.0,50.0,7.4,120.0,21.0,25.0,6.6,44.0,8.0,1000.0,35857386,5727549.0,924269.0,58805.0,1.260346135,1.260346145,1.260346134,1.260346144,1.01,3.7,1.37,110.0,11.0,13.0,1.08,1.1,3.45,3.85,1.36,1.41,1.42,1.46,1.61,1.67,1.43,1.45,1.260346126,1.260346138,1.260346139,1.260346149
Serbian Super League,2026-08-22,14:00:00,FK Radnicki 1923,FK IMT Novi Beograd,2.46,2.74,2.78,3.2,3.4,3.8,1.92,2.08,1.92,2.08,1.6,2.02,1.98,2.68,1.01,1000.0,1.01,970.0,1.01,60.0,1.01,1000.0,1.01,970.0,5.4,970.0,1.01,970.0,1.01,100.0,1.01,60.0,7.2,970.0,1.01,60.0,1.01,1000.0,1.01,1000.0,1.01,85.0,1.01,1000.0,1.01,1000.0,1.01,1000.0,1.01,1000.0,1.01,1000.0,35952235,10465511.0,17203916.0,58805.0,1.261243746,1.261243749,1.261243793,1.261243794,2.66,4.3,1.3,1.61,9.4,23.0,1.04,1.12,3.1,4.4,1.3,1.4,1.45,1.57,1.57,1.69,1.36,1.42,1.261243795,1.261243756,1.261243747,1.261243748
Portuguese Liga 3,2026-08-22,14:00:00,Covilha,Atletico Clube de Portugal,2.96,3.65,2.5,3.0,2.54,3.85,1.38,1.68,2.46,3.85,1.01,2.42,1.01,1000.0,1.01,1000.0,1.01,1000.0,1.01,1000.0,1.01,1000.0,1.01,1000.0,1.01,1000.0,1.01,1000.0,1.01,1000.0,1.01,1000.0,1.01,1000.0,1.01,1000.0,1.01,1000.0,1.01,1000.0,1.01,1000.0,1.01,1000.0,1.01,1000.0,1.01,1000.0,1.01,1000.0,1.01,1000.0,35965467,336269.0,36187194.0,58805.0,1.261372593,1.261372596,1.261372640,1.261372641,1.01,3.15,1.01,1.84,3.25,1000.0,1.01,1.45,2.56,4.3,1.3,1.64,1.5,1.67,1.38,1.51,1.35,1.65,1.261372642,1.261372603,1.261372594,1.261372595
Egyptian Premier,2026-08-22,14:00:00,Al-Masry,Smouha,1.98,2.16,4.4,5.4,3.0,3.4,1.45,1.61,2.62,3.2,1.01,110.0,1.66,970.0,1.13,1000.0,1.13,1000.0,1.14,1000.0,1.14,1000.0,5.4,970.0,1.13,1000.0,1.13,1000.0,1.14,1000.0,7.4,1000.0,1.13,1000.0,1.13,1000.0,1.14,1000.0,1.14,1000.0,1.14,1000.0,1.14,1000.0,1.14,1000.0,1.14,1000.0,1.14,1000.0,1.14,1000.0,35944540,11162123.0,5170871.0,58805.0,1.261162371,1.261162381,1.261162370,1.261162380,1.01,1000.0,1.48,1.85,2.52,990.0,1.01,1.6,2.52,2.9,1.52,1.65,1.22,1.3,1.86,2.04,1.41,1.5,1.261162362,1.261162374,1.261162375,1.261162385
Spanish La Liga,2026-08-22,14:30:00,Valencia,Celta Vigo,2.46,2.5,3.3,3.35,3.35,3.4,1.71,1.74,2.34,2.4,1.97,2.04,1.97,2.04,9.8,10.5,10.0,11.0,19.5,22.0,50.0,65.0,8.4,8.8,6.8,7.4,13.0,14.0,40.0,44.0,13.5,15.0,11.0,11.5,18.5,20.0,50.0,60.0,32.0,36.0,28.0,32.0,44.0,50.0,60.0,130.0,26.0,30.0,44.0,55.0,70.0,1000.0,35895529,66183.0,66483.0,58805.0,1.260687791,1.260687801,1.260687790,1.260687800,2.84,2.98,1.51,1.55,9.8,10.5,1.1,1.12,3.15,3.3,1.44,1.47,1.42,1.44,1.66,1.69,1.41,1.43,1.260687778,1.260687794,1.260687795,1.260687805
Austrian Bundesliga,2026-08-22,14:30:00,Sturm Graz,SC Austria Lustenau,1.38,1.4,9.2,10.5,5.4,5.9,2.62,2.84,1.56,1.62,1.87,1.97,2.02,2.16,19.5,34.0,26.0,50.0,55.0,110.0,200.0,350.0,8.0,13.0,11.5,15.5,25.0,40.0,70.0,150.0,7.0,9.8,8.0,11.0,17.5,29.0,70.0,120.0,8.8,12.0,10.0,14.0,22.0,32.0,75.0,130.0,4.2,4.8,80.0,160.0,90.0,1000.0,35947051,71085.0,8522727.0,58805.0,1.261176726,1.261176729,1.261176773,1.261176774,3.5,1000.0,1.01,1.4,5.7,55.0,1.02,1.14,5.7,6.6,1.18,1.22,1.11,1.13,3.45,3.65,1.2,1.23,1.261176775,1.261176736,1.261176727,1.261176728
Israeli Premier League,2026-08-22,14:30:00,Maccabi Haifa,Hapoel Ramat Gan,1.4,1.57,5.7,11.5,4.8,9.6,2.42,3.3,1.44,1.71,1.01,1000.0,2.12,2.56,1.01,1000.0,1.01,65.0,1.01,1000.0,1.01,1000.0,1.01,26.0,1.01,26.0,1.01,55.0,30.0,1000.0,8.0,1000.0,1.01,1000.0,1.01,1000.0,1.01,1000.0,1.01,26.0,1.01,1000.0,1.01,65.0,1.01,1000.0,1.01,1000.0,1.01,1000.0,1.01,1000.0,35965524,52465647.0,542944.0,58805.0,1.261367099,1.261367102,1.261367146,1.261367147,1.01,1000.0,1.01,1.4,18.0,110.0,1.03,1.06,5.3,970.0,1.15,1.23,1.13,1.22,2.76,3.45,1.12,1.33,1.261367148,1.261367109,1.261367100,1.261367101
Argentinian Primera C,2026-08-22,15:00:00,Justo Jose de Urquiza,CA Argentino de Rosario,1.04,600.0,1.04,870.0,1.09,950.0,1.24,110.0,1.02,6.4,1.01,1000.0,1.01,1000.0,1.01,1000.0,1.01,1000.0,1.01,1000.0,1.01,1000.0,1.01,1000.0,1.01,1000.0,1.01,1000.0,1.01,1000.0,1.01,1000.0,1.01,1000.0,1.01,1000.0,1.01,1000.0,1.01,1000.0,1.01,1000.0,1.01,1000.0,1.01,1000.0,1.01,1000.0,1.01,1000.0,1.01,1000.0,35956508,9544197.0,10865167.0,58805.0,1.261287411,1.261287421,1.261287410,1.261287420,1.01,1000.0,1.01,1000.0,1.24,1000.0,1.01,6.4,1.24,1000.0,1.01,6.4,1.01,110.0,1.01,110.0,1.01,110.0,1.261287402,1.261287414,1.261287415,1.261287425
Argentinian Primera C,2026-08-22,15:00:00,Victoriano Arenas,AD Berazategui,1.04,990.0,1.04,990.0,1.09,950.0,1.24,990.0,1.02,6.0,1.11,1000.0,1.11,1000.0,1.01,1000.0,1.01,1000.0,1.01,1000.0,1.01,1000.0,1.01,1000.0,1.01,1000.0,1.01,1000.0,1.01,1000.0,1.01,1000.0,1.01,1000.0,1.01,1000.0,1.01,1000.0,1.01,1000.0,1.01,1000.0,1.01,1000.0,1.01,1000.0,1.01,1000.0,1.01,1000.0,1.01,1000.0,35956844,9456631.0,9544209.0,58805.0,1.261290178,1.261290188,1.261290177,1.261290187,1.01,1000.0,1.01,20.0,1.25,990.0,1.01,7.8,1.25,1000.0,1.01,6.0,1.01,990.0,1.01,990.0,1.01,110.0,1.261290169,1.261290181,1.261290182,1.261290192
Argentinian Primera C,2026-08-22,15:00:00,Club Mercedes,Sacachispas,1.04,600.0,1.04,870.0,1.09,950.0,1.24,110.0,1.02,6.4,1.01,1000.0,1.01,1000.0,1.01,1000.0,1.01,1000.0,1.01,1000.0,1.01,1000.0,1.01,1000.0,1.01,1000.0,1.01,1000.0,1.01,1000.0,1.01,1000.0,1.01,1000.0,1.01,1000.0,1.01,1000.0,1.01,1000.0,1.01,1000.0,1.01,1000.0,1.01,1000.0,1.01,1000.0,1.01,1000.0,1.01,1000.0,35956629,13813919.0,5985091.0,58805.0,1.261288586,1.261288596,1.261288585,1.261288595,1.01,1000.0,1.01,1000.0,1.24,1000.0,1.01,6.4,1.24,1000.0,1.01,6.4,1.01,110.0,1.01,110.0,1.01,110.0,1.261288577,1.261288589,1.261288590,1.261288600
Saudi Professional League,2026-08-22,15:00:00,Al Ahli,Abha,1.24,1.28,12.5,15.5,7.4,7.8,2.88,3.2,1.46,1.52,2.0,2.18,1.85,1.99,4.1,42.0,4.2,60.0,4.4,160.0,4.5,1000.0,10.0,14.5,14.5,21.0,4.2,60.0,4.4,250.0,8.0,11.0,10.0,14.5,4.0,40.0,4.4,170.0,8.6,12.0,10.0,17.0,4.1,44.0,4.4,190.0,3.3,4.3,4.4,290.0,4.5,1000.0,35955014,1252792.0,10732580.0,58805.0,1.261273149,1.261273159,1.261273148,1.261273158,1.2,110.0,1.01,110.0,6.4,55.0,1.02,1.12,6.4,7.8,1.15,1.17,1.06,1.09,4.6,5.2,1.14,1.16,1.261273140,1.261273152,1.261273153,1.261273163
Argentinian Primera C,2026-08-22,15:00:00,Leandro N Alem,CA Lugano,1.04,600.0,1.04,870.0,1.09,950.0,1.24,110.0,1.02,6.4,1.01,1000.0,1.01,1000.0,1.01,1000.0,1.01,1000.0,1.01,1000.0,1.01,1000.0,1.01,1000.0,1.01,1000.0,1.01,1000.0,1.01,1000.0,1.01,1000.0,1.01,1000.0,1.01,1000.0,1.01,1000.0,1.01,1000.0,1.01,1000.0,1.01,1000.0,1.01,1000.0,1.01,1000.0,1.01,1000.0,1.01,1000.0,35956243,9456635.0,9509339.0,58805.0,1.261286427,1.261286437,1.261286426,1.261286436,1.01,1000.0,1.01,1000.0,1.24,1000.0,1.01,6.4,1.24,1000.0,1.01,6.4,1.01,110.0,1.01,110.0,1.01,110.0,1.261286418,1.261286430,1.261286431,1.261286441
Saudi Professional League,2026-08-22,15:00:00,Al-Khaleej Saihat,Al-Shabab (KSA),2.66,2.8,2.58,2.72,3.9,4.0,2.26,2.56,1.67,1.75,1.59,1.66,2.5,2.8,17.5,22.0,13.5,19.5,17.5,22.0,34.0,48.0,12.5,15.0,7.6,11.0,11.5,14.0,22.0,27.0,17.0,21.0,11.0,13.0,12.5,18.0,8.2,34.0,34.0,42.0,22.0,27.0,26.0,34.0,48.0,65.0,14.0,17.5,14.0,17.5,7.4,510.0,35945203,10369569.0,5344868.0,58805.0,1.261161245,1.261161255,1.261161244,1.261161254,3.25,110.0,1.01,1.44,14.0,26.0,1.04,1.08,4.8,5.8,1.21,1.27,1.58,1.64,1.55,1.61,1.33,1.35,1.261161236,1.261161248,1.261161249,1.261161259
French Ligue 2,2026-08-22,15:00:00,St Etienne,Grenoble,1.43,1.48,6.8,17.5,4.5,6.6,2.14,2.46,1.69,1.82,1.11,1000.0,1.11,1000.0,1.01,1000.0,1.01,1000.0,1.34,1000.0,1.01,1000.0,1.01,1000.0,1.01,1000.0,1.01,1000.0,1.01,1000.0,1.01,14.5,1.01,970.0,1.01,1000.0,1.01,1000.0,1.01,1000.0,1.01,30.0,1.01,100.0,1.01,1000.0,1.01,1000.0,1.01,1000.0,1.01,1000.0,35945201,309689.0,269792.0,58805.0,1.261161135,1.261161145,1.261161134,1.261161144,1.01,1000.0,1.01,20.0,4.4,55.0,1.02,1.1,2.4,5.9,1.2,1.3,1.09,1.16,3.05,3.85,1.22,1.28,1.261161126,1.261161138,1.261161139,1.261161149
Uruguayan Primera Division,2026-08-22,15:00:00,Cerro Largo FC,Defensor Sporting,3.15,3.55,2.5,2.74,2.9,3.35,1.55,1.65,2.3,5.2,2.04,2.5,1.66,1.97,7.6,9.4,6.8,8.6,11.0,19.0,28.0,55.0,7.2,10.0,5.4,7.4,10.5,15.0,27.0,50.0,17.5,26.0,10.5,15.5,20.0,25.0,46.0,85.0,46.0,80.0,38.0,70.0,55.0,95.0,120.0,220.0,50.0,85.0,29.0,55.0,85.0,1000.0,35949102,10573041.0,1222679.0,58805.0,1.261202117,1.261202127,1.261202116,1.261202126,2.26,3.2,1.45,1.8,1.15,110.0,1.01,110.0,1.1,110.0,1.5,1.59,1.41,1000.0,1.01,1.53,1.01,1.56,1.261202108,1.261202120,1.261202121,1.261202131
Czech 1 Liga,2026-08-22,15:00:00,Slavia Prague,Bohemians 1905,1.24,1.29,13.0,17.0,6.4,7.4,2.44,2.8,1.56,1.69,2.14,2.38,1.72,1.88,20.0,32.0,36.0,55.0,1.01,160.0,1.01,1000.0,8.0,10.0,12.0,17.0,1.01,65.0,1.01,290.0,6.8,8.4,9.8,12.0,1.01,36.0,1.01,210.0,8.4,10.5,12.0,15.0,32.0,42.0,1.01,220.0,3.75,4.5,1.01,380.0,1.01,1000.0,35949247,10777.0,2467701.0,58805.0,1.261199290,1.261199293,1.261199339,1.261199340,1.01,1000.0,1.01,1000.0,1.01,38.0,1.02,1.14,5.3,6.4,1.18,1.24,1.06,1.09,4.4,5.1,1.15,1.19,1.261199341,1.261199301,1.261199291,1.261199292
Dutch Eredivisie,2026-08-22,15:00:00,NEC Nijmegen,Excelsior,1.53,600.0,1.23,1000.0,1.19,950.0,1.25,970.0,1.02,5.4,0.0,0.0,0.0,0.0,0.0,0.0,0.0,0.0,0.0,0.0,0.0,0.0,0.0,0.0,0.0,0.0,0.0,0.0,0.0,0.0,0.0,0.0,0.0,0.0,0.0,0.0,0.0,0.0,0.0,0.0,0.0,0.0,0.0,0.0,0.0,0.0,0.0,0.0,0.0,0.0,0.0,0.0,35945481.0,48456.0,67164.0,58805.0,1.261160727,1.26116073,0.0,0.0,0.0,0.0,0.0,0.0,0.0,0.0,0.0,0.0,0.0,0.0,0.0,0.0,0.0,0.0,0.0,0.0,0.0,0.0,0.0,0.0,0.0,0.0
Slovenian Premier League,2026-08-22,15:15:00,NK Celje,NK Radomlje,0.0,0.0,0.0,0.0,0.0,0.0,1.24,1000.0,1.01,6.4,0.0,0.0,0.0,0.0,0.0,0.0,0.0,0.0,0.0,0.0,0.0,0.0,0.0,0.0,0.0,0.0,0.0,0.0,0.0,0.0,0.0,0.0,0.0,0.0,0.0,0.0,0.0,0.0,0.0,0.0,0.0,0.0,0.0,0.0,0.0,0.0,0.0,0.0,0.0,0.0,0.0,0.0,35948555.0,0.0,0.0,0.0,0.0,1.261196805,0.0,0.0,0.0,0.0,0.0,0.0,0.0,0.0,0.0,0.0,0.0,0.0,0.0,0.0,0.0,0.0,0.0,0.0,0.0,0.0,0.0,0.0,0.0,0.0
Polish Ekstraklasa,2026-08-22,15:15:00,Slask Wroclaw,Widzew Lodz,2.88,3.7,2.3,2.66,3.15,4.6,1.87,2.22,1.82,2.14,1.01,1.91,1.01,1000.0,1.01,1000.0,1.01,1000.0,1.01,1000.0,1.01,1000.0,1.01,1000.0,1.01,1000.0,1.01,1000.0,1.01,1000.0,1.01,1000.0,1.01,1000.0,1.01,1000.0,1.01,1000.0,1.01,1000.0,1.01,1000.0,1.01,1000.0,1.01,1000.0,1.01,1000.0,1.01,1000.0,1.01,1000.0,35945330,3143307.0,502304.0,58805.0,1.261158240,1.261158243,1.261158287,1.261158288,2.88,4.5,1.28,1.54,4.0,110.0,1.01,1.33,4.0,4.7,1.27,1.33,1.6,1.77,1.4,1.53,1.28,1.43,1.261158289,1.261158250,1.261158241,1.261158242
Bulgarian A League,2026-08-22,15:15:00,PFC Levski Sofia,Spartak Varna,1.26,1.28,14.0,16.5,6.2,7.2,2.18,2.44,1.7,1.85,2.3,2.52,1.65,1.77,18.5,22.0,38.0,48.0,9.8,190.0,10.5,990.0,7.0,8.4,12.5,15.0,44.0,70.0,10.0,430.0,6.4,7.6,9.4,11.5,32.0,46.0,10.0,350.0,8.4,10.0,13.0,15.5,38.0,60.0,10.0,370.0,4.5,5.5,10.0,670.0,10.5,1000.0,35947369,21868583.0,1557407.0,58805.0,1.261182003,1.261182006,1.261182050,1.261182051,1.01,1000.0,1.01,1000.0,15.0,26.0,1.04,1.07,4.4,5.2,1.24,1.3,1.06,1.08,4.5,5.0,1.16,1.19,1.261182052,1.261182013,1.261182004,1.261182005
Peruvian Primera Division,2026-08-22,15:15:00,UTC Cajamarca,Comerciantes Unidos,1.84,2.3,3.65,5.7,3.3,3.65,1.54,1.99,2.02,2.82,1.11,1000.0,1.11,1000.0,1.01,1000.0,1.01,1000.0,1.01,1000.0,1.01,1000.0,1.01,1000.0,1.01,1000.0,1.01,1000.0,1.01,1000.0,1.01,1000.0,1.01,1000.0,1.01,1000.0,1.01,1000.0,1.01,1000.0,1.01,1000.0,1.01,1000.0,1.01,1000.0,1.01,1000.0,1.01,1000.0,1.01,1000.0,35949503,7028659.0,10778457.0,58805.0,1.261205231,1.261205241,1.261205230,1.261205240,1.01,1000.0,1.01,1000.0,3.0,110.0,1.01,1.46,3.0,100.0,1.42,1.46,1.21,1.38,1.77,2.2,1.37,1.44,1.261205222,1.261205234,1.261205235,1.261205245
Turkish 1 Lig,2026-08-22,15:30:00,Bodrum Belediyesi Bodrumspor,Muglaspor,1.75,1.99,4.6,6.4,3.45,3.85,1.65,1.87,2.14,2.54,1.01,1000.0,1.01,1000.0,1.01,1000.0,1.01,1000.0,1.01,1000.0,1.01,1000.0,1.01,1000.0,1.01,1000.0,1.01,1000.0,1.01,1000.0,1.01,1000.0,1.01,1000.0,1.01,1000.0,1.01,1000.0,1.01,1000.0,1.01,1000.0,1.01,1000.0,1.01,1000.0,1.01,1000.0,1.01,1000.0,1.01,1000.0,35965114,10408670.0,11730006.0,58805.0,1.261360549,1.261360552,1.261360596,1.261360597,2.38,3.6,1.01,1000.0,2.72,110.0,1.01,1.58,2.72,100.0,1.39,1.58,1.18,1.28,2.0,2.34,1.35,1.41,1.261360598,1.261360559,1.261360550,1.261360551
Turkish 1 Lig,2026-08-22,15:30:00,Antalyaspor,Pendikspor,2.16,2.94,2.44,3.5,3.35,7.8,1.69,2.3,1.77,2.44,1.01,1000.0,1.01,1000.0,1.01,1000.0,1.01,1000.0,1.01,1000.0,1.01,1000.0,1.01,1000.0,1.01,1000.0,1.01,1000.0,1.01,1000.0,1.01,1000.0,1.01,1000.0,1.01,1000.0,1.01,1000.0,1.01,1000.0,1.01,1000.0,1.01,1000.0,1.01,1000.0,1.01,1000.0,1.01,1000.0,1.01,1000.0,35965103,113188.0,5342556.0,58805.0,1.261360369,1.261360372,1.261360416,1.261360417,2.72,4.6,1.01,1000.0,1.01,110.0,1.01,110.0,2.36,100.0,1.3,1.73,1.4,1.7,1.51,1.85,1.15,1.43,1.261360418,1.261360379,1.261360370,1.261360371
Romanian Liga I,2026-08-22,15:30:00,Dinamo Bucharest,Universitatea Cluj,1.8,2.04,4.0,5.3,3.1,5.2,1.87,2.1,1.92,2.14,1.11,10.5,1.89,10.5,1.01,1000.0,1.01,1000.0,1.01,1000.0,1.01,1000.0,1.01,1000.0,1.01,1000.0,1.01,1000.0,1.01,1000.0,1.01,1000.0,1.01,1000.0,1.01,1000.0,1.01,1000.0,1.01,1000.0,1.01,1000.0,1.01,1000.0,1.01,1000.0,1.01,1000.0,1.01,1000.0,1.01,1000.0,35938939,46937.0,2487034.0,58805.0,1.261106937,1.261106947,1.261106936,1.261106946,2.96,110.0,1.01,1.51,3.3,110.0,1.01,1.4,3.3,100.0,1.3,1.39,1.24,1.33,1.96,2.26,1.24,1.46,1.261106928,1.261106940,1.261106941,1.261106951
Turkish Super League,2026-08-22,15:30:00,Fenerbahce,Konyaspor,1.33,1.35,10.5,12.5,6.0,6.4,2.62,2.8,1.57,1.61,1.99,2.06,1.95,2.02,23.0,32.0,34.0,48.0,38.0,1000.0,15.5,500.0,9.6,11.0,12.5,14.0,34.0,40.0,15.5,170.0,8.0,9.0,9.8,11.0,19.0,42.0,40.0,140.0,9.8,11.0,12.5,13.5,29.0,36.0,42.0,150.0,4.2,4.5,46.0,190.0,13.5,1000.0,35945417,46726.0,482032.0,58805.0,1.261161023,1.261161033,1.261161022,1.261161032,1.2,110.0,1.01,110.0,22.0,36.0,1.03,1.05,5.7,6.4,1.19,1.21,1.09,1.11,3.85,4.1,1.18,1.2,1.261161014,1.261161026,1.261161027,1.261161037
Irish Division 1,2026-08-22,15:30:00,Longford,Bray Wanderers,2.88,4.3,2.04,2.58,3.3,6.2,2.14,2.82,1.54,1.88,1.11,970.0,1.11,970.0,1.01,1000.0,1.01,1000.0,1.01,1000.0,1.01,1000.0,1.01,1000.0,1.01,1000.0,1.01,1000.0,1.01,1000.0,1.01,1000.0,1.01,1000.0,1.01,1000.0,1.01,1000.0,1.01,1000.0,1.01,1000.0,1.01,1000.0,1.01,1000.0,1.01,1000.0,1.01,1000.0,1.01,1000.0,35945426,184330.0,298591.0,58805.0,1.261158980,1.261158983,1.261159027,1.261159028,1.01,1000.0,1.01,20.0,3.75,110.0,1.01,1.36,3.75,95.0,1.21,1.36,1.63,1.97,1.3,1.53,1.21,1.43,1.261159029,1.261158990,1.261158981,1.261158982
Slovakian Super League,2026-08-22,15:30:00,FC Kosice,Slovan Bratislava,3.25,3.7,2.02,2.14,4.1,4.7,2.7,3.15,1.47,1.59,1.48,1.61,2.64,3.05,21.0,32.0,11.0,16.5,12.5,18.0,18.0,32.0,15.5,23.0,8.2,11.5,8.4,12.0,13.5,23.0,1.01,32.0,11.5,16.5,11.0,16.0,18.0,26.0,1.01,65.0,1.01,42.0,1.01,36.0,1.01,55.0,15.0,22.0,6.4,9.0,1.01,390.0,35945411,1539445.0,46933.0,58805.0,1.261160913,1.261160923,1.261160912,1.261160922,1.01,1000.0,1.01,20.0,6.0,110.0,1.01,1.15,6.0,7.4,1.16,1.2,1.87,1.99,1.37,1.45,1.27,1.33,1.261160904,1.261160916,1.261160917,1.261160927
Greek Super League,2026-08-22,15:30:00,Olympiakos,Atromitos,1.27,1.3,14.5,18.0,5.7,6.6,2.1,2.32,1.75,1.91,2.4,2.68,1.6,1.71,16.0,19.0,34.0,42.0,10.0,170.0,10.5,1000.0,6.8,8.0,11.5,14.5,9.0,65.0,10.0,380.0,6.2,7.4,10.0,12.0,32.0,42.0,10.0,300.0,8.0,9.6,13.5,16.5,44.0,60.0,10.0,300.0,4.7,5.6,10.5,760.0,10.5,1000.0,35850566,55243.0,1234639.0,58805.0,1.260290860,1.260290870,1.260290859,1.260290869,3.0,4.4,1.3,1.49,13.5,19.0,1.05,1.07,4.2,4.9,1.26,1.32,1.05,1.08,4.3,4.8,1.17,1.22,1.260290851,1.260290863,1.260290864,1.260290874
Swiss Super League,2026-08-22,15:30:00,FC Zurich,FC Basel,3.55,3.8,2.04,2.08,3.9,4.2,2.32,2.52,1.66,1.73,1.61,1.7,2.42,2.64,16.5,25.0,11.0,13.0,11.5,21.0,17.0,38.0,13.5,25.0,8.0,10.5,10.0,11.5,15.5,29.0,17.5,38.0,12.0,16.0,13.5,16.0,22.0,40.0,38.0,90.0,27.0,50.0,25.0,55.0,46.0,90.0,20.0,38.0,8.6,11.0,85.0,520.0,35945480,65783.0,2939090.0,58805.0,1.261160619,1.261160622,1.261160666,1.261160667,1.01,1000.0,1.01,20.0,15.0,55.0,1.02,1.07,4.9,5.6,1.22,1.26,1.92,1.96,1.35,1.4,1.31,1.35,1.261160668,1.261160629,1.261160620,1.261160621
French Ligue 1,2026-08-22,15:45:00,Toulouse,Lyon,2.92,2.96,2.64,2.66,3.55,3.6,2.04,2.12,1.9,1.97,1.72,1.76,2.32,2.38,14.0,15.0,11.0,12.0,16.0,18.0,32.0,38.0,11.5,12.5,7.2,7.8,11.0,12.0,25.0,28.0,18.0,21.0,11.5,13.0,14.5,16.5,34.0,38.0,40.0,46.0,22.0,32.0,34.0,42.0,50.0,1000.0,22.0,26.0,17.5,21.0,55.0,1000.0,35785979,305969.0,55271.0,58805.0,1.259710594,1.259710639,1.259710678,1.259710603,3.0,110.0,1.01,1.49,13.5,15.5,1.07,1.08,4.1,4.4,1.3,1.33,1.6,1.61,1.51,1.53,1.38,1.4,1.259710595,1.259710597,1.259710598,1.259710642
French Ligue 1,2026-08-22,15:45:00,ESTAC Troyes,Paris FC,3.25,3.3,2.36,2.38,3.7,3.75,2.2,2.28,1.78,1.83,1.65,1.7,2.44,2.54,16.5,18.0,11.0,12.0,15.0,16.5,29.0,32.0,14.0,15.0,7.8,8.4,10.5,11.5,20.0,23.0,21.0,24.0,12.5,14.0,14.5,15.5,22.0,34.0,48.0,55.0,30.0,34.0,36.0,40.0,32.0,70.0,23.0,26.0,13.5,15.5,17.5,1000.0,35785985,4864974.0,5168454.0,58805.0,1.259710502,1.259710547,1.259710586,1.259710511,1.01,110.0,1.01,110.0,15.5,18.0,1.06,1.07,4.5,4.9,1.26,1.28,1.73,1.74,1.44,1.45,1.36,1.38,1.259710503,1.259710505,1.259710506,1.259710550
French Ligue 1,2026-08-22,15:45:00,Nice,Lorient,2.22,2.24,3.6,3.65,3.6,3.7,2.02,2.1,1.9,1.99,1.75,1.8,2.26,2.34,14.0,15.0,13.5,14.5,23.0,26.0,55.0,1000.0,9.6,10.5,7.4,8.2,13.5,15.5,36.0,42.0,13.0,14.5,10.0,11.0,15.5,17.0,42.0,50.0,25.0,28.0,20.0,23.0,30.0,36.0,36.0,990.0,14.5,16.0,32.0,38.0,95.0,1000.0,35785402,189829.0,44794.0,58805.0,1.259705401,1.259705385,1.259705400,1.259705410,3.0,110.0,1.01,1.49,13.5,15.5,1.07,1.08,4.0,4.3,1.31,1.33,1.37,1.39,1.8,1.82,1.37,1.39,1.259705403,1.259705405,1.259705406,1.259705388
French Ligue 1,2026-08-22,15:45:00,Le Mans,Brest,2.66,2.68,2.88,2.94,3.55,3.6,1.99,2.04,1.96,2.02,1.75,1.81,2.24,2.34,13.5,15.0,11.5,12.0,17.5,19.5,40.0,46.0,10.5,11.5,7.2,7.8,11.5,13.0,28.0,32.0,16.0,17.5,11.0,12.0,15.5,16.5,38.0,55.0,34.0,40.0,26.0,34.0,36.0,40.0,36.0,110.0,21.0,23.0,23.0,27.0,19.0,1000.0,35785403,269791.0,669348.0,58805.0,1.259705276,1.259705260,1.259705275,1.259705285,3.0,110.0,1.01,1.49,13.0,15.5,1.07,1.09,3.95,4.2,1.32,1.34,1.52,1.54,1.59,1.61,1.38,1.4,1.259705278,1.259705280,1.259705281,1.259705263
Italian Serie A,2026-08-22,15:45:00,Genoa,Napoli,4.9,5.1,1.97,1.98,3.4,3.45,1.64,1.66,2.52,2.58,2.18,2.26,1.8,1.85,9.4,9.6,6.8,7.0,9.2,10.5,20.0,23.0,12.0,13.5,7.2,7.6,10.5,11.0,22.0,25.0,32.0,34.0,18.5,21.0,21.0,25.0,46.0,55.0,42.0,140.0,34.0,90.0,38.0,110.0,46.0,1000.0,40.0,130.0,16.5,19.5,19.5,1000.0,35734730,60310.0,676464.0,58805.0,1.259286102,1.259286086,1.259286101,1.259286111,2.76,2.88,1.53,1.57,9.0,9.6,1.11,1.13,2.98,3.05,1.49,1.51,2.02,2.04,1.24,1.25,1.41,1.42,1.259286104,1.259286106,1.259286107,1.259286089
Bosnian Premier League,2026-08-22,15:45:00,Siroki Brijeg,Radnik Bijeljina,1.94,2.24,5.3,9.0,2.36,3.4,1.42,1.61,2.62,3.4,1.01,1000.0,1.01,1000.0,1.01,1000.0,1.01,1000.0,1.01,1000.0,1.01,1000.0,1.01,1000.0,1.01,1000.0,1.01,1000.0,1.01,1000.0,1.01,1000.0,1.01,1000.0,1.01,1000.0,1.01,1000.0,1.01,1000.0,1.01,1000.0,1.01,1000.0,1.01,1000.0,1.01,1000.0,1.01,1000.0,1.01,1000.0,35966649,198684.0,8390754.0,58805.0,1.261374644,1.261374654,1.261374643,1.261374653,1.01,1000.0,1.5,1.9,3.0,110.0,1.01,1.5,2.36,100.0,1.01,1.73,1.12,1.24,1.81,2.06,1.42,1.73,1.261374635,1.261374647,1.261374648,1.261374658
Bosnian Premier League,2026-08-22,15:45:00,Fk Velez Mostar,Sloga Doboj,2.02,3.2,1.62,3.55,2.84,1000.0,1.42,1.61,2.66,3.35,1.01,1000.0,1.01,1000.0,1.01,1000.0,1.01,1000.0,1.01,1000.0,1.01,1000.0,1.01,1000.0,1.01,1000.0,1.01,1000.0,1.01,1000.0,1.01,1000.0,1.01,1000.0,1.01,1000.0,1.01,1000.0,1.01,1000.0,1.01,1000.0,1.01,1000.0,1.01,1000.0,1.01,1000.0,1.01,1000.0,1.01,1000.0,35966656,15020693.0,14508297.0,58805.0,1.261374534,1.261374544,1.261374533,1.261374543,2.14,3.05,1.01,1000.0,1.01,110.0,1.01,110.0,2.28,3.95,1.34,1.78,1.39,1.68,1.46,1.95,1.12,1.54,1.261374525,1.261374537,1.261374538,1.261374548
Italian Serie A,2026-08-22,15:45:00,Parma,Cagliari,2.62,2.64,3.3,3.4,3.1,3.15,1.6,1.62,2.6,2.66,2.08,2.16,1.87,1.92,8.4,9.0,8.8,9.6,18.0,21.0,50.0,65.0,7.6,8.2,6.6,7.0,13.5,15.0,42.0,50.0,14.0,15.0,11.5,13.0,19.5,22.0,60.0,70.0,36.0,42.0,32.0,36.0,50.0,60.0,46.0,1000.0,34.0,40.0,50.0,65.0,90.0,1000.0,35734736,191607.0,60297.0,58805.0,1.259285827,1.259285810,1.259285826,1.259285836,2.66,2.74,1.58,1.6,8.4,9.2,1.12,1.14,2.84,2.92,1.52,1.54,1.41,1.44,1.6,1.62,1.46,1.48,1.259285829,1.259285831,1.259285832,1.259285814
Serbian Super League,2026-08-22,16:00:00,OFK Beograd,Zemun,1.28,1.54,7.8,1000.0,4.0,11.5,1.74,2.3,1.76,2.34,1.01,1000.0,1.01,1000.0,2.82,1000.0,2.28,390.0,3.6,1000.0,1.01,1000.0,1.67,200.0,2.04,320.0,2.58,480.0,1.01,1000.0,1.67,200.0,2.04,320.0,2.58,480.0,1.37,1000.0,2.04,320.0,2.06,320.0,2.88,1000.0,1.01,1000.0,1.01,1000.0,1.01,1000.0,1.01,1000.0,35952230,9790651.0,2020602.0,58805.0,1.261243836,1.261243839,1.261243883,1.261243884,2.66,1000.0,1.3,1000.0,1.01,110.0,1.01,1.54,2.86,100.0,1.31,1.54,1.01,1.15,2.84,4.6,1.09,1.33,1.261243885,1.261243846,1.261243837,1.261243838
Chilean Primera B,2026-08-22,16:00:00,Puerto Montt,Deportes Iquique,2.38,2.64,2.94,3.35,3.1,4.2,1.76,2.18,1.84,2.3,1.01,1000.0,1.01,1000.0,1.01,17.0,1.01,14.5,1.01,25.0,1.01,60.0,1.01,12.5,1.01,9.2,1.01,16.0,1.01,42.0,1.01,19.5,1.01,13.5,1.01,19.5,1.01,55.0,1.01,42.0,1.01,32.0,1.01,46.0,1.01,110.0,1.01,25.0,1.01,38.0,1.01,1000.0,35964269,5684078.0,5271441.0,58805.0,1.261351608,1.261351653,1.261351692,1.261351617,2.62,4.3,1.31,1.61,2.7,26.0,1.04,1.39,3.5,4.4,1.29,1.39,1.42,1.52,1.6,1.73,1.31,1.43,1.261351609,1.261351611,1.261351612,1.261351656
Italian Serie C,2026-08-22,16:00:00,Pescara,Pesaro,1.04,600.0,1.04,870.0,1.09,500.0,1.25,970.0,1.01,6.0,1.01,1000.0,1.01,1000.0,1.01,1000.0,1.01,1000.0,1.01,1000.0,1.01,1000.0,1.01,1000.0,1.01,1000.0,1.01,1000.0,1.01,1000.0,1.01,1000.0,1.01,1000.0,1.01,1000.0,1.01,1000.0,1.01,1000.0,1.01,1000.0,1.01,1000.0,1.01,1000.0,1.01,1000.0,1.01,1000.0,1.01,1000.0,35962240,201327.0,20089186.0,58805.0,1.261335718,1.261335763,1.261335802,1.261335727,1.01,1000.0,1.01,1000.0,3.5,110.0,1.01,1.4,3.5,970.0,1.01,1.4,1.01,36.0,1.01,36.0,1.01,1.38,1.261335719,1.261335721,1.261335722,1.261335766
Italian Serie B,2026-08-22,16:00:00,Calcio Avellino SSD,Arezzo,2.26,2.44,3.55,3.85,3.2,3.35,1.64,1.8,2.24,2.58,1.11,970.0,1.11,970.0,1.15,1000.0,1.15,1000.0,1.15,1000.0,1.15,1000.0,1.15,1000.0,1.01,7.4,1.15,1000.0,1.15,1000.0,1.15,1000.0,1.15,1000.0,1.15,1000.0,1.15,1000.0,1.15,1000.0,1.15,1000.0,1.15,1000.0,1.15,1000.0,1.15,1000.0,1.15,1000.0,1.15,1000.0,35857373,20530702.0,522048.0,58805.0,1.260346355,1.260346365,1.260346354,1.260346364,1.2,110.0,1.01,110.0,2.92,13.5,1.08,1.52,2.92,13.5,1.41,1.52,1.37,1.4,1.69,1.75,1.42,1.46,1.260346346,1.260346358,1.260346359,1.260346369
Italian Serie B,2026-08-22,16:00:00,Empoli,US Cremonese,3.2,3.35,2.56,2.68,3.15,3.25,1.77,1.88,2.14,2.3,1.81,1.95,2.06,2.24,10.0,12.0,8.8,10.5,14.5,17.0,32.0,40.0,10.0,12.0,6.4,7.6,10.5,12.5,26.0,32.0,18.0,22.0,11.5,14.5,15.5,17.5,40.0,50.0,42.0,60.0,30.0,46.0,44.0,55.0,9.8,700.0,30.0,42.0,20.0,32.0,10.5,1000.0,35857390,60294.0,10513040.0,58805.0,1.260345915,1.260345925,1.260345914,1.260345924,1.2,110.0,1.01,110.0,10.0,12.5,1.09,1.11,3.35,3.65,1.38,1.43,1.59,1.65,1.42,1.46,1.44,1.47,1.260345906,1.260345918,1.260345919,1.260345929
Italian Serie B,2026-08-22,16:00:00,Benevento,Modena,2.54,2.62,3.1,3.3,3.3,3.5,1.86,1.99,2.0,2.18,1.75,1.9,2.12,2.32,9.6,15.5,9.2,14.5,16.5,24.0,5.0,70.0,7.8,12.5,6.4,9.0,10.5,15.0,4.8,42.0,11.5,19.5,10.0,12.5,14.5,18.0,5.0,60.0,4.8,42.0,20.0,29.0,4.9,55.0,5.2,120.0,16.5,28.0,4.8,44.0,5.4,1000.0,35857383,522054.0,60293.0,58805.0,1.260346245,1.260346255,1.260346244,1.260346254,2.92,110.0,1.01,1.52,11.0,13.5,1.08,1.1,3.55,3.95,1.34,1.39,1.43,1.48,1.62,1.65,1.4,1.44,1.260346236,1.260346248,1.260346249,1.260346259
Argentinian Primera Division,2026-08-22,16:00:00,Gimnasia La Plata,Gimnasia Mendoza,1.87,2.08,4.3,5.8,3.3,4.1,1.45,1.78,2.28,3.25,1.11,1000.0,1.59,1.99,8.6,1000.0,9.6,1000.0,23.0,1000.0,75.0,1000.0,5.7,1000.0,6.2,1000.0,16.0,1000.0,48.0,1000.0,8.8,1000.0,9.2,1000.0,18.5,1000.0,65.0,1000.0,18.0,1000.0,19.0,1000.0,40.0,1000.0,100.0,1000.0,1.01,1000.0,1.01,1000.0,1.01,1000.0,35922870,1213581.0,9229725.0,58805.0,1.260950103,1.260950113,1.260950102,1.260950112,1.2,110.0,1.01,110.0,2.32,110.0,1.01,1.75,2.32,100.0,1.02,1.75,1.21,1.31,1.92,2.16,1.34,1.44,1.260950094,1.260950106,1.260950107,1.260950117
Brazilian Serie A,2026-08-22,16:00:00,Fluminense,Remo,1.46,1.51,8.0,9.0,4.7,5.0,2.04,2.16,1.86,1.96,1.89,2.26,1.8,2.12,15.0,19.5,19.5,29.0,5.9,85.0,6.2,340.0,7.0,8.0,9.4,12.5,5.9,38.0,6.0,160.0,7.6,8.6,9.0,12.0,19.0,30.0,6.0,140.0,11.5,15.0,14.5,19.0,6.0,46.0,6.0,180.0,6.8,8.8,6.0,220.0,6.2,1000.0,35925591,198133.0,376830.0,58805.0,1.260981743,1.260981746,1.260981790,1.260981791,3.0,110.0,1.01,1.49,4.0,18.0,1.06,1.08,4.0,4.5,1.29,1.33,1.12,1.15,3.0,3.2,1.25,1.28,1.260981792,1.260981753,1.260981744,1.260981745
Paraguayan Primera Division,2026-08-22,16:00:00,Club Sportivo Ameliano,Deportivo Recoleta,1.96,2.46,2.96,4.3,3.5,6.6,1.76,3.65,1.38,2.3,1.11,10.5,1.11,110.0,1.01,1000.0,1.01,1000.0,1.01,1000.0,1.01,1000.0,1.01,1000.0,1.01,1000.0,1.01,1000.0,1.01,1000.0,1.01,1000.0,1.01,1000.0,1.01,1000.0,1.01,1000.0,1.01,1000.0,1.01,1000.0,1.01,1000.0,1.01,1000.0,1.01,1000.0,1.01,1000.0,1.01,1000.0,35957371,39325793.0,19840150.0,58805.0,1.261303531,1.261303541,1.261303530,1.261303540,2.74,4.2,1.32,1.57,3.4,110.0,1.01,1.39,3.15,95.0,1.29,1.39,1.3,1.51,1.68,2.06,1.2,1.4,1.261303522,1.261303534,1.261303535,1.261303545
Dutch Eredivisie,2026-08-22,16:00:00,Heerenveen,PEC Zwolle,1.62,1.68,5.2,5.5,4.7,5.0,2.64,3.3,1.44,1.61,1.55,1.68,2.46,2.82,1.38,1000.0,2.42,1000.0,1.39,1000.0,1.39,1000.0,1.38,1000.0,1.32,970.0,1.38,1000.0,1.39,1000.0,1.33,36.0,1.28,18.5,1.38,1000.0,1.38,1000.0,1.38,1000.0,1.38,1000.0,2.0,1000.0,1.39,1000.0,1.16,970.0,1.39,1000.0,1.39,1000.0,35944715,3630179.0,8750569.0,58805.0,1.261156369,1.261156372,1.261156416,1.261156417,1.2,110.0,1.22,1.5,5.7,55.0,1.02,1.18,5.7,11.5,1.14,1.18,1.22,1.24,2.46,2.62,1.25,1.28,1.261156418,1.261156379,1.261156370,1.261156371
Italian Serie C,2026-08-22,16:00:00,Giana Erminio,Albinoleffe,2.3,3.2,2.44,3.5,2.78,6.4,1.42,1.79,2.28,3.35,1.11,970.0,1.11,970.0,1.01,1000.0,1.01,1000.0,1.01,1000.0,1.01,1000.0,1.01,1000.0,1.01,1000.0,1.01,1000.0,1.01,1000.0,1.01,1000.0,1.01,1000.0,1.01,1000.0,1.01,1000.0,1.01,1000.0,1.01,1000.0,1.01,1000.0,1.01,1000.0,1.01,1000.0,1.01,1000.0,1.01,1000.0,35945444,8802590.0,201255.0,58805.0,1.261160149,1.261160159,1.261160148,1.261160158,2.18,3.1,1.47,1.85,2.96,110.0,1.01,1.51,2.14,2.98,1.5,1.88,1.4,1.7,1.45,1.76,1.19,1.56,1.261160140,1.261160152,1.261160153,1.261160163
Italian Serie C,2026-08-22,16:00:00,Lecco,Arzignanochiampo,1.92,2.34,3.35,5.5,2.74,5.5,1.46,1.84,2.18,3.2,1.01,970.0,1.01,970.0,1.01,1000.0,1.01,1000.0,1.01,1000.0,1.01,1000.0,1.01,1000.0,1.01,1000.0,1.01,1000.0,1.01,1000.0,1.01,1000.0,1.01,1000.0,1.01,1000.0,1.01,1000.0,1.01,1000.0,1.01,1000.0,1.01,1000.0,1.01,1000.0,1.01,1000.0,1.01,1000.0,1.01,1000.0,35945448,2519553.0,15304043.0,58805.0,1.261160039,1.261160049,1.261160038,1.261160048,1.01,3.25,1.01,1.8,3.05,110.0,1.01,1.48,2.28,5.1,1.24,1.78,1.22,1.42,1.74,2.08,1.22,1.57,1.261160030,1.261160042,1.261160043,1.261160053
Ecuadorian Serie A,2026-08-22,16:00:00,Univ Catolica (Ecu),Manta FC,1.27,1.39,1.09,560.0,5.1,950.0,2.1,2.34,1.75,1.91,1.11,970.0,1.63,10.5,1.01,1000.0,1.01,1000.0,1.01,1000.0,1.01,1000.0,1.01,1000.0,1.01,1000.0,1.01,1000.0,1.01,1000.0,1.01,1000.0,1.01,1000.0,1.01,1000.0,1.01,1000.0,1.01,1000.0,1.01,1000.0,1.01,1000.0,1.01,1000.0,1.01,1000.0,1.01,1000.0,1.01,1000.0,35949610,7005170.0,5366102.0,58805.0,1.261207737,1.261207740,1.261207784,1.261207785,2.92,4.6,1.27,1.52,4.2,110.0,1.01,1.32,4.2,5.0,1.25,1.32,1.02,1.37,3.6,4.6,1.01,1.24,1.261207786,1.261207747,1.261207738,1.261207739
Chilean Primera B,2026-08-22,16:00:00,Magallanes,Club Deportes Santa Cruz,1.86,2.1,3.45,5.1,3.05,5.8,2.04,2.4,1.71,1.96,1.01,1000.0,1.01,1000.0,1.01,1000.0,1.01,1000.0,1.01,1000.0,1.01,1000.0,1.01,1000.0,1.01,1000.0,1.01,1000.0,1.01,1000.0,1.01,1000.0,1.01,1000.0,1.01,1000.0,1.01,1000.0,1.01,1000.0,1.01,1000.0,1.01,1000.0,1.01,1000.0,1.01,1000.0,1.01,1000.0,1.01,1000.0,35962204,5678438.0,11023627.0,58805.0,1.261334148,1.261334193,1.261334232,1.261334157,2.8,4.8,1.27,1.55,3.6,110.0,1.01,1.33,3.6,110.0,1.25,1.34,1.26,1.41,1.9,2.18,1.21,1.49,1.261334149,1.261334151,1.261334152,1.261334196
Bolivian Liga de Futbol Profesional,2026-08-22,16:00:00,Academia de Balompie Bo,CD Gualberto Villarroel,1.78,990.0,1.04,990.0,1.04,110.0,1.26,990.0,1.12,4.9,1.11,1000.0,1.11,1000.0,1.01,1000.0,1.01,1000.0,1.01,1000.0,1.01,1000.0,1.01,1000.0,1.01,1000.0,1.01,1000.0,1.01,1000.0,1.01,1000.0,1.01,1000.0,1.01,1000.0,1.01,1000.0,1.01,1000.0,1.01,1000.0,1.01,1000.0,1.01,1000.0,1.01,1000.0,1.01,1000.0,1.01,1000.0,35964479,84630047.0,61511713.0,58805.0,1.261355430,1.261355440,1.261355429,1.261355439,1.01,1000.0,1.01,20.0,1.28,990.0,1.01,1.19,1.27,990.0,1.12,1.19,1.02,36.0,1.02,26.0,1.01,110.0,1.261355421,1.261355433,1.261355434,1.261355444
Argentinian Primera Division,2026-08-22,16:00:00,Atl Tucuman,Instituto,2.8,2.96,3.0,3.15,2.96,3.25,1.51,1.58,2.74,2.98,2.16,2.3,1.78,1.87,7.6,8.2,7.8,10.5,13.5,23.0,27.0,75.0,7.4,9.8,6.4,8.4,13.0,18.0,25.0,60.0,15.0,21.0,12.5,17.0,21.0,29.0,6.2,95.0,26.0,65.0,25.0,55.0,6.2,90.0,6.4,1000.0,28.0,65.0,28.0,80.0,5.7,1000.0,35922867,5181445.0,897267.0,58805.0,1.260949869,1.260949879,1.260949868,1.260949878,2.26,110.0,1.01,1.79,6.8,10.5,1.11,1.18,2.56,2.76,1.57,1.63,1.46,1.5,1.51,1.56,1.45,1.5,1.260949860,1.260949872,1.260949873,1.260949884
Spanish La Liga,2026-08-22,16:30:00,Espanyol,Real Madrid,8.4,8.8,1.46,1.48,4.9,5.0,2.28,2.32,1.76,1.78,2.0,2.06,1.95,2.0,17.0,18.0,8.2,8.8,8.2,8.6,11.5,12.0,25.0,28.0,10.0,11.0,9.4,9.8,14.0,15.0,65.0,75.0,27.0,30.0,23.0,25.0,32.0,36.0,48.0,280.0,100.0,130.0,40.0,110.0,42.0,140.0,110.0,160.0,6.2,6.8,120.0,1000.0,35895520,59044.0,2426.0,58805.0,1.260688661,1.260688682,1.260688659,1.260688679,3.6,3.8,1.36,1.39,17.0,18.5,1.05,1.07,4.7,4.9,1.26,1.27,3.05,3.2,1.13,1.14,1.25,1.26,1.260688636,1.260688667,1.260688669,1.260688690
Spanish Segunda Division,2026-08-22,16:30:00,Eldense,Cadiz,2.36,2.48,3.5,3.75,3.15,3.3,1.72,1.79,2.28,2.4,1.92,2.02,1.98,2.1,1.35,13.5,1.43,28.0,1.51,1000.0,1.51,1000.0,1.35,13.0,1.28,8.6,1.51,1000.0,1.51,1000.0,1.51,1000.0,1.44,29.0,1.51,1000.0,1.51,1000.0,1.51,1000.0,1.51,1000.0,1.51,1000.0,1.51,1000.0,1.51,1000.0,1.51,1000.0,1.51,1000.0,35952167,2250350.0,516259.0,58805.0,1.261242613,1.261242616,1.261242660,1.261242661,1.01,110.0,1.01,110.0,9.2,11.0,1.1,1.12,3.25,3.45,1.42,1.45,1.36,1.4,1.67,1.73,1.43,1.47,1.261242662,1.261242623,1.261242614,1.261242615
Venezuelan Primera Division,2026-08-22,16:30:00,Rayo Zuliano,Deportivo La Guaira,4.8,9.0,1.6,2.02,3.1,3.95,1.53,1.97,2.04,2.86,1.11,1000.0,1.11,1000.0,1.01,1000.0,1.01,1000.0,1.01,1000.0,1.01,1000.0,1.01,1000.0,1.01,1000.0,1.01,1000.0,1.01,1000.0,1.01,1000.0,1.01,1000.0,1.01,1000.0,1.01,1000.0,1.01,1000.0,1.01,1000.0,1.01,1000.0,1.01,1000.0,1.01,1000.0,1.01,1000.0,1.01,1000.0,35964490,46783501.0,7658015.0,58805.0,1.261356560,1.261356570,1.261356559,1.261356569,2.38,3.6,1.39,1.72,1.15,110.0,1.01,7.8,2.38,95.0,1.02,1.72,1.98,2.66,1.12,1.26,1.33,1.48,1.261356551,1.261356563,1.261356564,1.261356574
Portuguese Primeira Liga,2026-08-22,16:30:00,Sporting Lisbon,Alverca,1.24,1.25,14.5,17.0,7.4,8.0,2.58,3.1,1.47,1.62,2.06,2.56,1.64,1.95,8.4,34.0,44.0,65.0,8.6,170.0,8.0,870.0,9.6,11.0,15.0,22.0,46.0,60.0,7.8,290.0,7.4,10.5,10.0,11.5,30.0,40.0,8.6,200.0,8.4,9.8,12.0,14.5,30.0,42.0,7.8,190.0,3.45,3.95,7.8,310.0,8.0,1000.0,35945509,52495073.0,48789.0,58805.0,1.261161361,1.261161371,1.261161360,1.261161370,1.01,110.0,1.01,110.0,8.6,55.0,1.02,1.13,6.0,7.2,1.16,1.17,1.06,1.08,5.0,5.2,1.14,1.16,1.261161352,1.261161364,1.261161365,1.261161375
Venezuelan Primera Division,2026-08-22,17:00:00,Monagas,Portuguesa FC,1.99,2.72,2.9,4.5,3.15,6.6,1.59,2.04,1.96,2.68,1.11,1000.0,1.11,1000.0,1.01,1000.0,1.01,1000.0,1.01,1000.0,1.01,1000.0,1.01,1000.0,1.01,1000.0,1.01,1000.0,1.01,1000.0,1.01,1000.0,1.01,1000.0,1.01,1000.0,1.01,1000.0,1.01,1000.0,1.01,1000.0,1.01,1000.0,1.01,1000.0,1.01,1000.0,1.01,1000.0,1.01,1000.0,35964491,224547.0,10939060.0,58805.0,1.261356404,1.261356414,1.261356403,1.261356413,2.5,3.8,1.35,1.67,1.15,110.0,1.01,1.59,2.56,100.0,1.36,1.64,1.29,1.53,1.58,2.02,1.18,1.46,1.261356395,1.261356407,1.261356408,1.261356418
Venezuelan Primera Division,2026-08-22,17:00:00,Zamora FC,Universidad de Venezuela,2.76,3.45,2.36,2.74,3.15,4.7,1.72,1.99,2.02,2.38,1.11,110.0,1.11,110.0,1.01,1000.0,1.01,1000.0,1.01,1000.0,1.01,1000.0,1.01,1000.0,1.01,1000.0,1.01,1000.0,1.01,1000.0,1.01,1000.0,1.01,1000.0,1.01,1000.0,1.01,1000.0,1.01,1000.0,1.01,1000.0,1.01,1000.0,1.01,1000.0,1.01,1000.0,1.01,1000.0,1.01,1000.0,35964500,4129326.0,39170146.0,58805.0,1.261356248,1.261356258,1.261356247,1.261356257,2.48,3.9,1.34,1.68,3.0,21.0,1.06,1.5,3.0,21.0,1.36,1.5,1.57,1.73,1.41,1.57,1.27,1.46,1.261356239,1.261356251,1.261356252,1.261356262
Venezuelan Primera Division,2026-08-22,17:00:00,Estudiantes de Merida,Puerto Cabello,3.75,5.3,2.02,2.3,2.92,4.2,1.59,1.8,2.24,2.7,1.01,1000.0,1.01,1000.0,1.01,1000.0,1.01,1000.0,1.01,1000.0,1.01,1000.0,1.01,1000.0,1.01,1000.0,1.01,1000.0,1.01,1000.0,1.01,1000.0,1.01,1000.0,1.01,1000.0,1.01,1000.0,1.01,1000.0,1.01,1000.0,1.01,1000.0,1.01,1000.0,1.01,1000.0,1.01,1000.0,1.01,1000.0,35964428,7838019.0,13442344.0,58805.0,1.261354407,1.261354417,1.261354406,1.261354416,2.32,3.45,1.41,1.75,2.7,110.0,1.01,1.59,2.7,3.35,1.42,1.59,1.76,1.99,1.23,1.36,1.32,1.53,1.261354398,1.261354410,1.261354411,1.261354421
Brazilian Serie C,2026-08-22,17:00:00,Botafogo PB,Guarani,2.02,2.6,3.1,5.1,2.6,5.5,1.7,2.12,1.89,2.44,1.01,1000.0,1.01,1000.0,1.01,1000.0,1.01,1000.0,1.01,1000.0,1.01,1000.0,1.01,1000.0,1.01,1000.0,1.01,1000.0,1.01,1000.0,1.01,1000.0,1.01,1000.0,1.01,1000.0,1.01,1000.0,1.01,1000.0,1.01,1000.0,1.01,1000.0,1.01,1000.0,1.01,1000.0,1.01,1000.0,1.01,1000.0,35955455,5310328.0,200603.0,58805.0,1.261370705,1.261370708,1.261370752,1.261370753,2.54,4.1,1.01,1000.0,2.9,110.0,1.01,1.53,2.9,100.0,1.32,1.53,1.24,1.48,1.62,1.98,1.22,1.62,1.261370754,1.261370715,1.261370706,1.261370707
Brazilian Serie C,2026-08-22,17:00:00,Volta Redonda,Floresta EC,1.74,2.26,4.3,9.2,2.48,5.1,1.33,1.64,2.56,4.0,1.01,1000.0,1.01,1000.0,1.01,1000.0,1.01,1000.0,1.01,1000.0,1.01,1000.0,1.01,1000.0,1.01,1000.0,1.01,1000.0,1.01,1000.0,1.01,1000.0,1.01,1000.0,1.01,1000.0,1.01,1000.0,1.01,1000.0,1.01,1000.0,1.01,1000.0,1.01,1000.0,1.01,1000.0,1.01,1000.0,1.01,1000.0,35955480,1040271.0,14754815.0,58805.0,1.261371105,1.261371108,1.261371152,1.261371153,2.04,2.9,1.01,1000.0,4.3,110.0,1.01,1.3,1.98,2.74,1.57,2.02,1.12,1.3,1.79,2.36,1.24,1.67,1.261371154,1.261371115,1.261371106,1.261371107
Colombian Primera A,2026-08-22,17:30:00,Aguilas Doradas,Millonarios,3.85,4.1,2.1,2.26,3.15,3.6,1.72,1.91,2.1,2.38,1.01,1000.0,1.01,1000.0,1.01,1000.0,1.01,1000.0,1.01,1000.0,1.01,1000.0,1.01,1000.0,1.01,1000.0,1.01,1000.0,1.01,1000.0,1.01,1000.0,1.01,1000.0,1.01,1000.0,1.01,1000.0,1.01,1000.0,1.01,1000.0,1.01,1000.0,1.01,1000.0,1.01,1000.0,1.01,1000.0,1.01,1000.0,35937575,8717595.0,900849.0,58805.0,1.261091682,1.261091692,1.261091681,1.261091691,1.01,110.0,1.01,110.0,3.15,26.0,1.04,1.46,3.15,25.0,1.38,1.46,1.79,1.91,1.32,1.35,1.38,1.46,1.261091673,1.261091685,1.261091686,1.261091696
Peruvian Primera Division,2026-08-22,17:30:00,Juan Pablo II College,Asociacion Deportiva Tarma,1.98,2.68,3.15,4.6,2.44,5.7,1.74,2.0,2.0,2.36,1.11,1000.0,1.11,1000.0,1.01,1000.0,1.01,1000.0,1.01,1000.0,1.01,1000.0,1.01,1000.0,1.01,1000.0,1.01,1000.0,1.01,1000.0,1.01,1000.0,1.01,1000.0,1.01,1000.0,1.01,1000.0,1.01,1000.0,1.01,1000.0,1.01,1000.0,1.01,1000.0,1.01,1000.0,1.01,1000.0,1.01,1000.0,35945658,62960875.0,26776138.0,58805.0,1.261164065,1.261164068,1.261164112,1.261164113,1.01,1000.0,1.01,20.0,3.0,36.0,1.04,1.38,3.0,32.0,1.3,1.38,1.29,1.47,1.6,2.02,1.22,1.69,1.261164114,1.261164075,1.261164066,1.261164067
Brazilian Serie B,2026-08-22,18:00:00,Ceara SC Fortaleza,Londrina,1.85,2.04,4.4,6.2,3.4,3.9,1.76,1.95,2.04,2.3,1.8,2.36,1.73,2.26,1.01,1000.0,1.01,1000.0,1.01,1000.0,1.01,1000.0,1.01,1000.0,1.01,1000.0,1.01,1000.0,1.01,1000.0,1.01,1000.0,1.01,1000.0,1.01,1000.0,1.01,1000.0,1.01,1000.0,1.01,1000.0,1.01,1000.0,1.01,1000.0,1.01,1000.0,1.01,1000.0,1.01,1000.0,35952620,5287019.0,4525642.0,58805.0,1.261246091,1.261246094,1.261246138,1.261246139,1.01,110.0,1.01,110.0,2.84,110.0,1.01,1.55,2.84,95.0,1.35,1.55,1.19,1.29,1.96,2.18,1.35,1.42,1.261246140,1.261246101,1.261246092,1.261246093
Colombian Primera A,2026-08-22,18:05:00,Tolima,Atletico Bucaramanga,2.32,2.46,3.65,3.95,3.0,3.3,1.57,1.67,2.48,2.76,1.87,2.22,1.68,1.95,8.2,10.5,9.4,13.0,18.0,32.0,4.3,100.0,6.8,9.2,6.4,8.6,12.0,20.0,4.3,75.0,10.0,17.0,10.0,14.5,18.0,27.0,4.3,100.0,4.1,44.0,4.1,40.0,4.2,70.0,4.4,210.0,4.1,42.0,4.3,100.0,4.5,1000.0,35945659,2277370.0,7227021.0,58805.0,1.261164366,1.261164376,1.261164365,1.261164375,1.01,110.0,1.01,110.0,6.8,9.4,1.11,1.17,1.01,9.4,1.11,1.54,1.34,1.38,1.68,1.76,1.43,1.48,1.261164357,1.261164369,1.261164370,1.261164380
Bolivian Liga de Futbol Profesional,2026-08-22,18:15:00,Aurora,Real Potosi,1.72,1.93,3.65,5.4,4.0,4.8,1.26,110.0,1.18,4.9,1.01,1000.0,1.01,1000.0,1.01,1000.0,1.01,1000.0,1.01,1000.0,1.01,1000.0,1.01,1000.0,1.01,1000.0,1.01,1000.0,1.01,1000.0,1.01,1000.0,1.01,1000.0,1.01,1000.0,1.01,1000.0,1.01,1000.0,1.01,1000.0,1.01,1000.0,1.01,1000.0,1.01,1000.0,1.01,1000.0,1.01,1000.0,35964439,893608.0,2295425.0,58805.0,1.261354543,1.261354546,1.261354590,1.261354591,1.01,1000.0,1.01,1000.0,1.02,110.0,1.01,2.98,1.26,110.0,1.18,2.98,1.22,1.33,2.06,2.4,1.26,1.34,1.261354592,1.261354553,1.261354544,1.261354545
Brazilian Serie A,2026-08-22,18:30:00,Internacional,Atletico MG,2.14,2.22,3.9,4.1,3.4,3.55,1.81,1.85,2.16,2.24,1.91,1.96,2.04,2.1,11.0,12.5,11.5,13.5,19.5,32.0,40.0,95.0,7.6,8.6,7.0,7.8,14.5,17.5,34.0,630.0,11.5,13.0,10.0,11.5,17.5,21.0,9.6,75.0,18.5,34.0,21.0,29.0,34.0,46.0,10.5,1000.0,17.0,21.0,32.0,70.0,10.0,1000.0,35925590,198137.0,361329.0,58805.0,1.260981851,1.260981854,1.260981898,1.260981899,1.01,110.0,1.01,110.0,10.0,13.5,1.08,1.1,3.3,3.6,1.4,1.43,1.32,1.35,1.82,1.88,1.39,1.42,1.260981900,1.260981861,1.260981852,1.260981853
Brazilian Serie B,2026-08-22,18:30:00,Cuiaba,Goias,2.28,2.52,3.7,4.3,2.94,3.3,1.44,1.63,2.58,5.4,1.11,2.36,1.73,970.0,1.01,1000.0,1.01,1000.0,1.01,1000.0,1.01,1000.0,1.01,1000.0,1.01,1000.0,1.01,1000.0,1.01,1000.0,1.01,1000.0,1.01,1000.0,1.01,1000.0,1.01,1000.0,1.01,1000.0,1.01,1000.0,1.01,1000.0,1.01,1000.0,1.01,1000.0,1.01,1000.0,1.01,1000.0,35952653,5327095.0,198131.0,58805.0,1.261246897,1.261246900,1.261246944,1.261246945,2.26,110.0,1.01,1.79,2.26,990.0,1.01,1.67,2.26,100.0,1.12,1.79,1.3,1.38,1.66,1.77,1.44,1.52,1.261246946,1.261246907,1.261246898,1.261246899
Argentinian Primera Division,2026-08-22,18:30:00,CA Independiente,Independiente Rivadavia,2.06,2.18,4.2,4.8,3.1,3.4,1.6,1.68,2.48,2.68,2.14,2.26,1.8,2.06,8.4,11.0,10.5,14.0,24.0,40.0,38.0,1000.0,6.4,8.2,6.8,8.8,14.0,23.0,32.0,1000.0,10.0,12.0,10.0,13.0,21.0,27.0,6.8,1000.0,17.0,29.0,18.5,34.0,32.0,75.0,7.0,1000.0,21.0,27.0,38.0,1000.0,6.4,1000.0,35922968,8015153.0,5333044.0,58805.0,1.260953182,1.260953192,1.260953181,1.260953191,1.01,110.0,1.01,110.0,8.4,9.8,1.12,1.14,2.8,3.05,1.49,1.55,1.27,1.32,1.84,1.95,1.41,1.47,1.260953173,1.260953185,1.260953186,1.260953196
Chilean Primera Division,2026-08-22,18:30:00,Huachipato,Deportes Limache,2.52,2.7,2.7,2.82,3.6,4.2,2.28,2.54,1.65,1.79,1.55,1.68,2.48,2.82,16.0,32.0,11.5,18.0,15.0,27.0,1.01,110.0,12.0,18.5,7.6,9.8,9.8,14.0,17.5,40.0,14.0,25.0,10.0,14.5,12.0,19.0,21.0,60.0,22.0,80.0,17.0,36.0,21.0,60.0,1.01,1000.0,12.5,20.0,14.0,24.0,1.01,1000.0,35943497,2019917.0,7391333.0,58805.0,1.261143682,1.261143692,1.261143681,1.261143691,1.01,1000.0,1.01,1000.0,15.0,36.0,1.03,1.08,4.7,5.5,1.22,1.28,1.55,1.59,1.59,1.65,1.32,1.37,1.261143673,1.261143685,1.261143686,1.261143696
Ecuadorian Serie A,2026-08-22,18:30:00,Tecnico Universitario,Guayaquil City,1.86,2.3,3.9,6.6,2.42,4.8,1.45,1.75,2.32,3.2,1.01,1000.0,1.01,1000.0,1.01,1000.0,1.01,1000.0,1.01,1000.0,1.01,1000.0,1.01,1000.0,1.01,1000.0,1.01,1000.0,1.01,1000.0,1.01,1000.0,1.01,1000.0,1.01,1000.0,1.01,1000.0,1.01,1000.0,1.01,1000.0,1.01,1000.0,1.01,1000.0,1.01,1000.0,1.01,1000.0,1.01,1000.0,35949598,6290900.0,15116449.0,58805.0,1.261207247,1.261207250,1.261207294,1.261207295,1.01,1000.0,1.01,1000.0,1.01,110.0,1.01,970.0,1.01,95.0,1.02,970.0,1.19,1.34,1.76,2.18,1.26,1.7,1.261207296,1.261207257,1.261207248,1.261207249
Uruguayan Primera Division,2026-08-22,18:30:00,Deportivo Maldonado,Penarol,4.1,4.8,1.95,2.12,3.35,3.65,1.68,1.84,2.2,2.46,1.95,2.12,1.74,2.26,8.2,13.5,6.8,8.2,8.8,12.5,18.0,30.0,10.0,14.0,6.8,8.2,8.0,13.0,17.5,30.0,23.0,40.0,13.5,23.0,15.0,22.0,32.0,55.0,75.0,130.0,48.0,85.0,55.0,95.0,100.0,170.0,60.0,110.0,14.0,24.0,1.01,1000.0,35949105,10932747.0,328191.0,58805.0,1.261202007,1.261202017,1.261202006,1.261202016,1.01,1000.0,1.01,1000.0,9.6,12.5,1.09,1.12,3.05,3.45,1.41,1.49,1.89,2.06,1.26,1.32,1.37,1.42,1.261201998,1.261202010,1.261202011,1.261202021
Chilean Primera B,2026-08-22,18:30:00,Cobreloa Calama,Union Espanola,1.89,2.14,3.6,4.9,3.4,5.2,1.94,2.22,1.82,2.06,1.01,1000.0,1.01,1000.0,1.01,1000.0,1.01,1000.0,1.01,1000.0,1.01,1000.0,1.01,1000.0,1.01,1000.0,1.01,1000.0,1.01,1000.0,1.01,1000.0,1.01,1000.0,1.01,1000.0,1.01,1000.0,1.01,1000.0,1.01,1000.0,1.01,1000.0,1.01,1000.0,1.01,1000.0,1.01,1000.0,1.01,1000.0,35962205,5913012.0,1388376.0,58805.0,1.261334058,1.261334103,1.261334142,1.261334067,2.68,4.4,1.3,1.59,3.5,110.0,1.01,1.39,3.5,110.0,1.01,1.39,1.26,1.38,1.87,2.14,1.24,1.41,1.261334059,1.261334061,1.261334062,1.261334106
Venezuelan Primera Division,2026-08-22,19:00:00,Metropolitanos,Deportivo Tachira,3.0,4.8,2.06,2.88,2.76,5.4,1.48,1.77,2.3,3.05,1.01,1000.0,1.01,1000.0,1.01,1000.0,1.01,1000.0,1.01,1000.0,1.01,1000.0,1.01,1000.0,1.01,1000.0,1.01,1000.0,1.01,1000.0,1.01,1000.0,1.01,1000.0,1.01,1000.0,1.01,1000.0,1.01,1000.0,1.01,1000.0,1.01,1000.0,1.01,1000.0,1.01,1000.0,1.01,1000.0,1.01,1000.0,35964483,8761113.0,712865.0,58805.0,1.261355561,1.261355571,1.261355560,1.261355570,2.28,3.35,1.42,1.79,2.36,110.0,1.01,1.73,2.36,95.0,1.02,1.73,1.53,1.95,1.27,1.49,1.22,1.57,1.261355552,1.261355564,1.261355565,1.261355575
Brazilian Serie C,2026-08-22,19:30:00,Confianca,Anapolis GO,1.92,2.18,3.95,5.6,3.05,3.55,1.57,1.79,2.28,2.74,1.01,1000.0,1.01,1000.0,1.01,1000.0,1.01,1000.0,1.01,1000.0,1.01,1000.0,1.01,1000.0,1.01,1000.0,1.01,1000.0,1.01,1000.0,1.01,1000.0,1.01,1000.0,1.01,1000.0,1.01,1000.0,1.01,1000.0,1.01,1000.0,1.01,1000.0,1.01,1000.0,1.01,1000.0,1.01,1000.0,1.01,1000.0,35957234,3806543.0,16829788.0,58805.0,1.261370881,1.261370884,1.261370928,1.261370929,1.01,3.4,1.01,1.77,2.54,110.0,1.01,1.65,2.54,100.0,1.43,1.65,1.22,1.34,1.84,2.1,1.39,1.49,1.261370930,1.261370891,1.261370882,1.261370883
Brazilian Serie C,2026-08-22,19:30:00,Santa Cruz PE,SER Caxias do Sul,2.14,3.0,2.84,4.5,2.6,5.6,1.43,1.81,2.24,3.3,1.01,1000.0,1.01,1000.0,1.01,1000.0,1.01,1000.0,1.01,1000.0,1.01,1000.0,1.01,1000.0,1.01,1000.0,1.01,1000.0,1.01,1000.0,1.01,1000.0,1.01,1000.0,1.01,1000.0,1.01,1000.0,1.01,1000.0,1.01,1000.0,1.01,1000.0,1.01,1000.0,1.01,1000.0,1.01,1000.0,1.01,1000.0,35955436,6132724.0,5278233.0,58805.0,1.261370993,1.261370996,1.261371040,1.261371041,1.01,1000.0,1.45,1.83,2.92,110.0,1.01,1.52,2.16,4.9,1.26,1.86,1.28,1.55,1.5,1.88,1.22,1.62,1.261371042,1.261371003,1.261370994,1.261370995
Mexican Liga MX,2026-08-22,20:07:00,Guadalajara,Tijuana,1.54,1.57,6.2,7.2,4.7,5.0,2.34,2.48,1.68,1.75,1.86,1.93,2.08,2.18,19.5,25.0,20.0,25.0,4.9,65.0,5.2,200.0,9.0,12.0,10.0,12.0,19.5,29.0,5.1,110.0,9.0,12.5,9.2,12.5,19.0,24.0,5.0,90.0,12.0,14.5,13.5,18.5,4.7,38.0,5.1,130.0,6.0,8.0,5.1,110.0,5.3,1000.0,35942380,230909.0,5687741.0,58805.0,1.261136307,1.261136317,1.261136306,1.261136316,1.01,110.0,1.01,110.0,17.0,24.0,1.04,1.06,4.9,5.3,1.23,1.26,1.16,1.2,2.74,2.9,1.25,1.27,1.261136298,1.261136310,1.261136311,1.261136321
Colombian Primera A,2026-08-22,20:10:00,Santa Fe,America de Cali S.A,2.86,2.98,2.88,3.05,3.05,3.2,1.58,1.66,2.52,2.74,2.06,2.2,1.83,1.95,8.0,9.0,8.0,9.6,16.0,18.0,40.0,55.0,7.6,9.0,6.6,7.2,11.5,14.0,36.0,50.0,14.5,21.0,12.0,15.0,20.0,23.0,55.0,75.0,40.0,60.0,9.4,46.0,55.0,80.0,9.8,170.0,9.4,60.0,38.0,55.0,10.0,1000.0,35945775,4908158.0,26076470.0,58805.0,1.261165085,1.261165095,1.261165084,1.261165094,1.01,110.0,1.01,110.0,7.0,9.4,1.12,1.17,2.68,2.92,1.52,1.59,1.48,1.54,1.5,1.54,1.46,1.49,1.261165076,1.261165088,1.261165089,1.261165099
Honduras Liga Nacional,2026-08-22,20:15:00,Estrella Roja,Juticalpa,1.04,600.0,1.04,870.0,1.09,950.0,1.28,4.8,1.29,4.6,1.01,1000.0,1.01,1000.0,1.01,1000.0,1.01,1000.0,1.01,1000.0,1.01,1000.0,1.01,1000.0,1.01,1000.0,1.01,1000.0,1.01,1000.0,1.01,1000.0,1.01,1000.0,1.01,1000.0,1.01,1000.0,1.01,1000.0,1.01,1000.0,1.01,1000.0,1.01,1000.0,1.01,1000.0,1.01,1000.0,1.01,1000.0,35958437,41241892.0,10160888.0,58805.0,1.261308435,1.261308445,1.261308434,1.261308444,1.01,1000.0,1.01,1000.0,1.29,110.0,1.01,110.0,1.28,100.0,1.26,4.5,1.02,36.0,1.02,36.0,1.01,110.0,1.261308426,1.261308438,1.261308439,1.261308449
US MLS,2026-08-22,20:30:00,FC Cincinnati,Seattle Sounders,1.67,1.69,4.8,5.1,4.9,5.1,3.3,3.45,1.41,1.44,1.49,1.55,2.84,3.05,32.0,40.0,28.0,32.0,44.0,60.0,38.0,120.0,15.5,16.5,11.5,13.0,18.5,21.0,40.0,55.0,13.5,15.0,9.8,10.5,14.5,16.0,36.0,42.0,18.0,19.5,13.5,15.0,18.5,21.0,42.0,55.0,5.2,5.6,24.0,36.0,21.0,1000.0,35947154,10962520.0,4019787.0,58805.0,1.261179758,1.261179768,1.261179757,1.261179767,5.0,5.4,1.22,1.25,26.0,55.0,1.02,1.04,7.6,8.8,1.13,1.15,1.25,1.26,2.44,2.5,1.24,1.26,1.261179749,1.261179761,1.261179762,1.261179772
US MLS,2026-08-22,20:30:00,CF Montreal,LA Galaxy,2.22,2.28,3.2,3.35,3.85,4.1,2.44,2.52,1.65,1.69,1.55,1.63,2.6,2.8,16.5,34.0,13.5,23.0,17.5,38.0,4.2,340.0,12.0,14.5,7.6,9.2,12.5,16.0,20.0,55.0,12.5,18.0,9.8,12.5,12.0,16.5,23.0,80.0,19.5,50.0,17.5,28.0,19.0,48.0,4.2,850.0,11.0,13.5,16.5,34.0,4.2,1000.0,35947121,42741189.0,2658589.0,58805.0,1.261180088,1.261180098,1.261180087,1.261180097,3.95,4.3,1.31,1.34,18.0,26.0,1.04,1.06,5.2,5.7,1.22,1.24,1.42,1.45,1.78,1.82,1.32,1.36,1.261180079,1.261180091,1.261180092,1.261180102
US MLS,2026-08-22,20:30:00,Charlotte FC,DC Utd,1.89,1.93,4.2,4.4,4.0,4.3,2.32,2.38,1.72,1.75,1.68,1.74,2.36,2.48,18.0,23.0,16.5,23.0,21.0,34.0,34.0,95.0,10.0,11.5,8.4,9.4,15.0,22.0,38.0,55.0,11.5,13.0,9.4,10.5,15.0,17.0,40.0,55.0,19.0,22.0,15.5,21.0,25.0,38.0,34.0,80.0,9.2,10.5,25.0,40.0,10.5,1000.0,35947156,42741188.0,436099.0,58805.0,1.261179558,1.261179568,1.261179557,1.261179567,3.8,4.1,1.33,1.36,18.0,21.0,1.05,1.06,4.9,5.2,1.24,1.26,1.3,1.32,2.06,2.14,1.3,1.33,1.261179549,1.261179561,1.261179562,1.261179572
US MLS,2026-08-22,20:30:00,Orlando City,Real Salt Lake,2.04,2.06,3.45,3.55,4.3,4.5,3.05,3.2,1.46,1.49,1.47,1.49,3.05,3.15,22.0,32.0,21.0,25.0,29.0,34.0,50.0,950.0,16.0,18.0,10.0,11.0,13.5,15.0,29.0,32.0,16.0,18.0,10.0,11.5,13.0,15.0,28.0,32.0,24.0,29.0,16.0,19.0,20.0,23.0,38.0,150.0,7.4,8.0,16.5,19.0,18.0,1000.0,35947147,5640226.0,1101610.0,58805.0,1.261179868,1.261179878,1.261179867,1.261179877,4.7,5.1,1.24,1.27,26.0,55.0,1.02,1.04,7.0,7.8,1.15,1.17,1.39,1.41,1.94,1.97,1.28,1.31,1.261179859,1.261179871,1.261179872,1.261179882
US MLS,2026-08-22,20:30:00,Inter Miami CF,Toronto FC,1.38,1.41,7.6,8.2,6.0,6.8,4.3,4.5,1.28,1.31,1.5,1.57,2.76,2.98,29.0,630.0,27.0,230.0,36.0,1000.0,50.0,1000.0,18.0,22.0,15.0,18.0,20.0,55.0,34.0,1000.0,13.5,19.5,11.0,13.0,17.0,19.5,29.0,410.0,13.5,16.5,11.5,15.5,14.5,22.0,29.0,580.0,3.05,3.35,27.0,200.0,50.0,1000.0,35947115,27785243.0,2362969.0,58805.0,1.261180198,1.261180208,1.261180197,1.261180207,6.0,6.6,1.18,1.2,40.0,55.0,1.02,1.03,11.0,12.5,1.08,1.1,1.13,1.15,3.4,3.65,1.17,1.2,1.261180189,1.261180201,1.261180202,1.261180212
US MLS,2026-08-22,20:30:00,New York Red Bulls,Chicago Fire,2.74,2.78,2.48,2.54,4.1,4.3,3.25,3.4,1.42,1.44,1.4,1.42,3.4,3.5,30.0,34.0,19.0,22.0,20.0,25.0,32.0,40.0,21.0,23.0,10.0,11.0,11.5,13.5,18.5,23.0,24.0,27.0,12.0,13.5,12.0,13.5,21.0,29.0,42.0,55.0,21.0,24.0,23.0,27.0,34.0,40.0,11.0,12.0,9.0,10.0,15.0,1000.0,35947145,2362970.0,226469.0,58805.0,1.261179978,1.261179988,1.261179977,1.261179987,4.9,5.3,1.23,1.26,26.0,55.0,1.02,1.04,7.8,8.8,1.13,1.15,1.64,1.68,1.56,1.58,1.31,1.33,1.261179969,1.261179981,1.261179982,1.261179992
Brazilian Serie A,2026-08-22,20:30:00,Cruzeiro MG,Flamengo,3.1,3.25,2.44,2.5,3.45,3.6,1.85,1.95,2.06,2.18,1.82,1.91,2.1,2.22,11.5,13.0,9.0,10.0,13.5,28.0,11.0,36.0,11.0,12.0,7.0,8.0,10.0,12.0,23.0,29.0,19.0,22.0,12.0,14.0,16.0,18.5,36.0,42.0,13.0,60.0,32.0,38.0,38.0,55.0,13.5,110.0,25.0,38.0,20.0,25.0,13.5,1000.0,35925593,10901767.0,198138.0,58805.0,1.260982090,1.260982093,1.260982137,1.260982138,3.0,110.0,1.01,1.5,11.5,36.0,1.04,1.1,3.45,3.8,1.36,1.41,1.66,1.7,1.44,1.48,1.38,1.41,1.260982139,1.260982100,1.260982091,1.260982092
Chilean Primera Division,2026-08-22,21:00:00,Univ Catolica (Chile),Nublense,1.65,1.76,4.9,6.0,4.0,4.5,2.1,26.0,1.24,1.9,1.01,1000.0,1.91,2.54,1.01,1000.0,1.01,1000.0,1.01,1000.0,1.01,1000.0,1.01,1000.0,1.01,1000.0,1.01,1000.0,1.01,1000.0,1.01,1000.0,1.01,1000.0,1.01,1000.0,1.01,1000.0,1.01,1000.0,1.01,1000.0,1.01,1000.0,1.01,1000.0,1.01,1000.0,1.01,1000.0,1.01,1000.0,35943346,7029037.0,3303740.0,58805.0,1.261141760,1.261141770,1.261141759,1.261141769,1.01,1000.0,1.01,1000.0,4.1,36.0,1.04,1.32,4.1,36.0,1.24,1.32,1.2,1.26,2.3,2.54,1.28,1.33,1.261141751,1.261141763,1.261141764,1.261141774
Ecuadorian Serie A,2026-08-22,21:00:00,Barcelona (ECU),Orense Sporting Club,1.86,1.95,4.6,5.4,3.45,3.85,1.72,1.85,2.18,2.4,2.02,2.18,1.74,2.14,9.0,13.5,11.0,15.5,1.01,40.0,1.01,160.0,6.8,8.8,7.2,9.4,16.5,21.0,1.01,85.0,9.0,11.0,9.6,12.5,1.01,24.0,1.01,90.0,15.0,24.0,17.0,26.0,1.01,55.0,1.01,180.0,14.0,18.0,1.01,140.0,1.01,1000.0,35949354,13749040.0,17583926.0,58805.0,1.261208253,1.261208373,1.261208252,1.261208372,2.5,3.75,1.37,1.66,10.0,12.0,1.09,1.11,3.05,3.5,1.4,1.48,1.2,1.31,1.91,2.34,1.3,1.41,1.261208354,1.261208256,1.261208257,1.261208267
Argentinian Primera Division,2026-08-22,21:00:00,Newells,Banfield,1.63,1000.0,1.1,6.0,1.1,100.0,1.25,110.0,1.47,5.4,1.01,1000.0,1.01,1000.0,1.01,1000.0,1.01,1000.0,1.01,1000.0,1.01,1000.0,1.01,1000.0,6.0,1000.0,1.01,1000.0,1.01,1000.0,1.01,1000.0,1.01,1000.0,18.0,1000.0,1.01,1000.0,1.01,1000.0,1.01,1000.0,1.01,1000.0,100.0,1000.0,1.01,1000.0,1.01,1000.0,1.01,1000.0,35922835,194506.0,194508.0,58805.0,1.260949333,1.260949343,1.260949332,1.260949342,1.01,110.0,1.01,110.0,2.72,110.0,1.01,1.58,2.72,95.0,1.02,1.58,1.2,1.59,1.01,2.58,1.18,12.5,1.260949324,1.260949336,1.260949337,1.260949347
Argentinian Primera Division,2026-08-22,21:00:00,CA Huracan,Deportivo Riestra,2.1,2.22,4.7,5.2,2.88,3.05,1.28,1.45,3.25,4.6,2.38,3.35,1.01,1000.0,1.01,1000.0,1.01,1000.0,1.01,1000.0,1.01,1000.0,1.01,1000.0,5.9,1000.0,1.01,1000.0,1.01,1000.0,1.01,1000.0,1.01,1000.0,25.0,1000.0,1.01,1000.0,1.01,1000.0,1.01,1000.0,1.01,1000.0,100.0,1000.0,1.01,1000.0,1.01,1000.0,1.01,1000.0,35922906,12545982.0,5994579.0,58805.0,1.260952191,1.260952201,1.260952190,1.260952200,1.01,2.46,1.68,110.0,4.6,8.2,1.14,1.28,2.02,2.4,1.72,1.99,1.23,1.28,1.81,1.91,1.48,1.54,1.260952182,1.260952194,1.260952195,1.260952205
Peruvian Primera Division,2026-08-22,21:00:00,Deportivo Garcilaso,Cusco FC,2.72,2.98,2.78,2.96,3.05,3.65,1.76,1.89,2.12,2.32,1.01,1000.0,1.01,1000.0,9.2,14.0,8.8,12.0,14.0,22.0,34.0,55.0,8.0,12.0,6.0,8.8,9.6,14.5,26.0,40.0,14.0,21.0,11.0,15.0,14.0,22.0,36.0,60.0,32.0,55.0,26.0,40.0,42.0,60.0,85.0,130.0,24.0,34.0,26.0,40.0,1.01,1000.0,35949502,12104874.0,27767097.0,58805.0,1.261203050,1.261203053,1.261203097,1.261203098,1.01,1000.0,1.01,1000.0,9.2,12.5,1.09,1.12,3.25,3.6,1.39,1.45,1.51,1.57,1.5,1.59,1.38,1.45,1.261203099,1.261203060,1.261203051,1.261203052
US MLS,2026-08-22,21:30:00,Nashville SC,Columbus,1.73,1.76,5.0,5.3,4.1,4.4,2.18,2.24,1.81,1.85,1.79,1.85,2.18,2.28,16.0,18.0,18.5,20.0,36.0,100.0,38.0,1000.0,8.8,9.6,8.6,9.6,18.0,20.0,50.0,720.0,10.0,11.5,8.8,9.6,17.0,21.0,55.0,70.0,17.0,19.0,15.5,18.0,28.0,32.0,36.0,120.0,9.0,10.0,50.0,70.0,16.0,1000.0,35947141,17790476.0,171903.0,58805.0,1.261180352,1.261180362,1.261180351,1.261180361,3.55,3.8,1.36,1.39,15.5,21.0,1.05,1.07,4.4,4.6,1.27,1.3,1.23,1.25,2.3,2.38,1.29,1.33,1.261180343,1.261180355,1.261180356,1.261180366
US MLS,2026-08-22,21:30:00,St Louis City SC,Houston Dynamo,2.2,2.24,3.45,3.65,3.6,3.85,2.06,2.14,1.88,1.93,1.73,1.78,2.28,2.38,15.0,17.5,13.0,15.0,17.0,27.0,40.0,1000.0,9.8,11.0,7.4,8.4,13.0,15.0,23.0,85.0,13.0,15.0,10.0,11.0,14.5,17.0,26.0,160.0,21.0,44.0,15.5,24.0,22.0,70.0,13.0,1000.0,13.5,16.0,22.0,70.0,15.0,1000.0,35947131,52290449.0,1432923.0,58805.0,1.261180463,1.261180473,1.261180462,1.261180472,3.45,3.65,1.38,1.41,14.0,18.0,1.06,1.08,4.3,4.5,1.29,1.31,1.38,1.41,1.8,1.84,1.35,1.39,1.261180454,1.261180466,1.261180467,1.261180477
US MLS,2026-08-22,22:00:00,Austin FC,Philadelphia,3.35,3.5,2.16,2.22,3.85,4.1,2.36,2.46,1.69,1.73,1.61,1.67,2.5,2.62,19.0,22.0,11.5,16.0,14.0,16.0,5.9,34.0,15.0,17.5,8.2,10.5,10.0,11.5,18.0,24.0,5.9,34.0,13.0,15.0,13.5,18.5,6.0,36.0,6.6,70.0,6.2,42.0,32.0,40.0,6.6,80.0,18.0,32.0,11.0,12.5,7.2,580.0,35947117,39013198.0,4589333.0,58805.0,1.261180573,1.261180583,1.261180572,1.261180582,3.85,4.2,1.31,1.35,17.5,26.0,1.04,1.06,5.0,5.4,1.23,1.25,1.81,1.87,1.4,1.43,1.32,1.35,1.261180564,1.261180576,1.261180577,1.261180587
Mexican Liga MX,2026-08-22,22:00:00,Puebla,Santos Laguna,2.08,2.2,3.45,3.75,3.8,4.4,2.3,2.42,1.7,1.77,1.56,1.69,2.46,2.8,17.0,1000.0,12.5,1000.0,18.0,1000.0,38.0,1000.0,9.6,1000.0,7.8,1000.0,10.5,1000.0,24.0,1000.0,10.5,1000.0,8.8,1000.0,11.5,1000.0,27.0,1000.0,19.0,1000.0,15.5,1000.0,21.0,1000.0,38.0,1000.0,7.6,1000.0,1.01,1000.0,1.01,1000.0,35942365,328956.0,328957.0,58805.0,1.261136417,1.261136427,1.261136416,1.261136426,1.01,110.0,1.01,110.0,14.0,36.0,1.03,1.08,4.6,5.8,1.21,1.28,1.36,1.41,1.83,1.93,1.32,1.36,1.261136408,1.261136420,1.261136421,1.261136431
Colombian Primera A,2026-08-22,22:15:00,Ind Medellin,Cucuta Deportivo,1.47,1.54,7.6,11.0,4.2,5.4,1.86,2.08,1.94,2.18,1.01,1000.0,1.01,1000.0,1.01,1000.0,1.01,1000.0,1.01,1000.0,1.01,1000.0,1.01,1000.0,1.01,1000.0,1.01,1000.0,1.01,1000.0,1.01,1000.0,1.01,1000.0,1.01,1000.0,1.01,1000.0,1.01,1000.0,1.01,1000.0,1.01,1000.0,1.01,1000.0,1.01,1000.0,1.01,1000.0,1.01,1000.0,35946024,1067444.0,2301978.0,58805.0,1.261169358,1.261169368,1.261169357,1.261169367,1.01,110.0,1.01,110.0,9.2,110.0,1.01,1.13,2.76,4.4,1.32,1.4,1.12,1.15,2.84,3.15,1.25,1.32,1.261169349,1.261169361,1.261169362,1.261169372
US MLS,2026-08-22,22:30:00,Vancouver Whitecaps,FC Dallas,1.51,1.54,6.4,7.0,5.0,5.4,2.8,2.9,1.52,1.56,1.69,1.74,2.36,2.44,20.0,34.0,20.0,38.0,36.0,570.0,12.5,1000.0,11.0,13.0,10.5,12.0,17.5,26.0,32.0,90.0,10.0,12.0,9.4,10.5,17.0,19.5,30.0,1000.0,13.0,15.0,13.0,14.5,17.5,29.0,32.0,95.0,5.0,5.3,30.0,80.0,13.0,1000.0,35947155,5383053.0,2937353.0,58805.0,1.261180684,1.261180694,1.261180683,1.261180693,4.4,4.8,1.26,1.3,22.0,36.0,1.03,1.05,6.4,6.8,1.17,1.19,1.17,1.19,2.84,2.98,1.23,1.25,1.261180675,1.261180687,1.261180688,1.261180698
US MLS,2026-08-22,23:30:00,San Jose Earthquakes,Minnesota Utd,2.24,2.3,3.15,3.25,3.95,4.2,2.72,2.84,1.54,1.58,1.51,1.56,2.78,2.98,9.6,28.0,17.5,20.0,9.8,29.0,11.0,55.0,14.0,16.0,9.0,10.5,12.5,14.5,10.0,32.0,16.5,19.0,10.0,11.5,12.5,14.5,10.0,32.0,9.8,30.0,18.0,21.0,9.4,26.0,10.5,48.0,9.2,10.5,16.0,18.5,13.0,360.0,35947158,408102.0,7533070.0,58805.0,1.261180905,1.261180915,1.261180904,1.261180914,4.4,4.7,1.27,1.3,8.4,36.0,1.03,1.05,6.0,6.6,1.18,1.2,1.44,1.47,1.76,1.81,1.31,1.34,1.261180896,1.261180908,1.261180909,1.261180919
US MLS,2026-08-22,23:30:00,San Diego FC,Colorado,2.12,2.14,3.6,3.65,3.95,4.0,2.6,2.72,1.58,1.62,0.0,0.0,0.0,0.0,0.0,0.0,0.0,0.0,0.0,0.0,0.0,0.0,0.0,0.0,0.0,0.0,0.0,0.0,0.0,0.0,0.0,0.0,0.0,0.0,0.0,0.0,0.0,0.0,0.0,0.0,0.0,0.0,0.0,0.0,0.0,0.0,0.0,0.0,0.0,0.0,0.0,0.0,35947148,79351400.0,171911.0,58805.0,1.261181015,1.261181025,0.0,0.0,0.0,0.0,0.0,0.0,0.0,0.0,0.0,0.0,0.0,0.0,0.0,0.0,0.0,0.0,0.0,0.0,0.0,0.0,0.0,0.0,0.0,0.0
US MLS,2026-08-22,23:30:00,Los Angeles FC,Portland Timbers,1.62,1.64,5.2,5.6,4.9,5.1,3.05,3.2,1.46,1.49,1.56,1.6,2.68,2.78,22.0,34.0,28.0,32.0,44.0,55.0,40.0,1000.0,13.0,15.0,11.0,12.5,19.5,22.0,48.0,55.0,12.0,13.5,9.4,10.5,15.5,17.5,42.0,150.0,16.0,17.5,13.0,14.5,20.0,24.0,50.0,60.0,5.2,5.6,30.0,38.0,55.0,420.0,35947162,17268707.0,4004854.0,58805.0,1.261180794,1.261180804,1.261180793,1.261180803,4.7,5.1,1.24,1.27,26.0,55.0,1.03,1.04,7.0,7.8,1.14,1.17,1.21,1.24,2.56,2.62,1.24,1.26,1.261180785,1.261180797,1.261180798,1.261180808
