League,Date,Time,Home,Away,Odd_H_Back,Odd_H_Lay,Odd_A_Back,Odd_A_Lay,Odd_D_Back,Odd_D_Lay,Odd_Under25_FT_Back,Odd_Under25_FT_Lay,Odd_Over25_FT_Back,Odd_Over25_FT_Lay,Odd_BTTS_Yes_Back,Odd_BTTS_Yes_Lay,Odd_BTTS_No_Back,Odd_BTTS_No_Lay,Odd_CS_0x0_Back,Odd_CS_0x0_Lay,Odd_CS_0x1_Back,Odd_CS_0x1_Lay,Odd_CS_0x2_Back,Odd_CS_0x2_Lay,Odd_CS_0x3_Back,Odd_CS_0x3_Lay,Odd_CS_1x0_Back,Odd_CS_1x0_Lay,Odd_CS_1x1_Back,Odd_CS_1x1_Lay,Odd_CS_1x2_Back,Odd_CS_1x2_Lay,Odd_CS_1x3_Back,Odd_CS_1x3_Lay,Odd_CS_2x0_Back,Odd_CS_2x0_Lay,Odd_CS_2x1_Back,Odd_CS_2x1_Lay,Odd_CS_2x2_Back,Odd_CS_2x2_Lay,Odd_CS_2x3_Back,Odd_CS_2x3_Lay,Odd_CS_3x0_Back,Odd_CS_3x0_Lay,Odd_CS_3x1_Back,Odd_CS_3x1_Lay,Odd_CS_3x2_Back,Odd_CS_3x2_Lay,Odd_CS_3x3_Back,Odd_CS_3x3_Lay,Odd_CS_Goleada_H_Back,Odd_CS_Goleada_H_Lay,Odd_CS_Goleada_A_Back,Odd_CS_Goleada_A_Lay,Odd_CS_Goleada_D_Back,Odd_CS_Goleada_D_Lay,ID_Evento,ID_Home,ID_Away,ID_Draw,IDMercado_Match_Odds,IDMercado_Over/Under_25_Goals,IDMercado_Both_teams_to_Score,IDMercado_Correct_Score,Odd_Under05_HT_Back,Odd_Under05_HT_Lay,Odd_Over05_HT_Back,Odd_Over05_HT_Lay,Odd_Under05_FT_Back,Odd_Under05_FT_Lay,Odd_Over05_FT_Back,Odd_Over05_FT_Lay,Odd_Under15_FT_Back,Odd_Under15_FT_Lay,Odd_Over15_FT_Back,Odd_Over15_FT_Lay,Double_Chance_Home_or_Draw_Back,Double_Chance_Home_or_Draw_Lay,Double_Chance_Draw_or_Away_Back,Double_Chance_Draw_or_Away_Lay,Double_Chance_Home_or_Away_Back,Double_Chance_Home_or_Away_Lay,IDMercado_Double_Chance,IDMercado_First_Half_Goals_05,IDMercado_Over/Under_05_Goals,IDMercado_Over/Under_15_Goals
Mexican Liga MX,2026-09-19,00:00:00,FC Juarez,Tigres,4.7,5.1,1.82,1.86,3.9,4.1,2.1,2.22,1.82,1.91,1.78,1.85,2.18,2.28,15.5,18.5,9.0,10.0,10.5,12.0,17.0,20.0,16.5,19.0,8.2,9.2,9.2,10.5,16.0,19.0,8.4,40.0,16.5,20.0,16.0,19.0,8.2,34.0,9.8,130.0,9.2,70.0,9.4,75.0,9.8,110.0,9.2,70.0,9.2,10.5,10.5,1000.0,36070125,10002706.0,328916.0,58805.0,1.262410656,1.262410659,1.262410703,1.262410704,3.15,4.1,1.34,1.46,15.0,20.0,1.06,1.08,4.4,4.7,1.27,1.3,2.16,2.22,1.24,1.28,1.32,1.35,1.262410705,1.262410666,1.262410657,1.262410658
Japanese J League 2,2026-09-19,02:00:00,Sapporo,Oita,2.46,2.64,3.1,3.45,3.2,3.45,1.65,1.81,2.24,2.54,1.91,2.04,1.98,2.1,9.8,12.0,9.6,13.0,16.0,27.0,4.4,75.0,8.0,11.0,6.6,9.0,10.5,17.5,4.3,55.0,13.0,19.0,10.0,14.5,16.0,24.0,4.4,75.0,4.3,46.0,4.2,38.0,4.3,60.0,4.4,160.0,21.0,36.0,4.3,60.0,4.5,1000.0,36067538,2245760.0,441089.0,58805.0,1.262371393,1.262371396,1.262371440,1.262371441,2.44,110.0,1.01,1.69,8.6,12.5,1.09,1.12,2.92,3.5,1.42,1.47,1.41,1.48,1.61,1.68,1.41,1.46,1.262371442,1.262371403,1.262371394,1.262371395
Romanian Liga II,2026-09-19,05:00:00,CSM Slatina,CSC 1599 Selimbar,1.15,2.6,3.0,110.0,3.55,920.0,1.31,110.0,1.21,4.2,1.01,1000.0,1.01,1000.0,1.01,1000.0,1.01,1000.0,1.01,1000.0,1.01,1000.0,1.01,1000.0,1.01,1000.0,1.01,1000.0,1.01,1000.0,1.01,1000.0,1.01,1000.0,1.01,1000.0,1.01,1000.0,1.01,1000.0,1.01,1000.0,1.01,1000.0,1.01,1000.0,1.01,1000.0,1.01,1000.0,1.01,1000.0,36063969,20135213.0,48459989.0,58805.0,1.262330199,1.262330209,1.262330198,1.262330208,1.01,1000.0,1.01,1000.0,1.32,110.0,1.01,4.2,1.31,100.0,1.21,4.2,1.02,1.5,1.62,7.8,1.01,1.4,1.262330190,1.262330202,1.262330203,1.262330213
Romanian Liga II,2026-09-19,05:00:00,Concordia Chiajna,Metalul Buzau,1.45,110.0,2.1,110.0,1.1,930.0,1.25,970.0,1.21,6.0,1.01,1000.0,1.01,1000.0,1.01,1000.0,1.01,1000.0,1.01,1000.0,1.01,1000.0,1.01,1000.0,1.01,1000.0,1.01,1000.0,1.01,1000.0,1.01,1000.0,1.01,1000.0,1.01,1000.0,1.01,1000.0,1.01,1000.0,1.01,1000.0,1.01,1000.0,1.01,1000.0,1.01,1000.0,1.01,1000.0,1.01,1000.0,36065254,5367199.0,14925624.0,58805.0,1.262346070,1.262346073,1.262346117,1.262346118,1.01,1000.0,1.01,1000.0,1.33,110.0,1.01,1.29,1.33,100.0,1.21,4.1,1.02,1.91,1.02,3.25,1.01,110.0,1.262346119,1.262346080,1.262346071,1.262346072
Romanian Liga II,2026-09-19,05:00:00,CSA Steaua Bucuresti,CS Gloria 2018 Bistrita-Na,1.45,110.0,2.1,110.0,1.1,900.0,1.25,100.0,1.27,6.0,1.01,1000.0,1.01,1000.0,1.01,1000.0,1.01,1000.0,1.01,1000.0,1.01,1000.0,1.01,1000.0,1.01,1000.0,1.01,1000.0,1.01,1000.0,1.01,1000.0,1.01,1000.0,1.01,1000.0,1.01,1000.0,1.01,1000.0,1.01,1000.0,1.01,1000.0,1.01,1000.0,1.01,1000.0,1.01,1000.0,1.01,1000.0,36063456,18120525.0,92429229.0,58805.0,1.262328948,1.262328958,1.262328947,1.262328957,1.01,1000.0,1.01,1000.0,1.26,110.0,1.01,110.0,1.26,100.0,1.27,5.0,1.02,1.91,1.02,3.25,1.01,110.0,1.262328939,1.262328951,1.262328952,1.262328962
Romanian Liga II,2026-09-19,05:00:00,Unirea Slobozia,Chindia Targoviste,2.1,110.0,1.4,110.0,1.12,920.0,1.25,110.0,1.31,6.0,1.01,1000.0,1.01,1000.0,1.01,1000.0,1.01,1000.0,1.01,1000.0,1.01,1000.0,1.01,1000.0,1.01,1000.0,1.01,1000.0,1.01,1000.0,1.01,1000.0,1.01,1000.0,1.01,1000.0,1.01,1000.0,1.01,1000.0,1.01,1000.0,1.01,1000.0,1.01,1000.0,1.01,1000.0,1.01,1000.0,1.01,1000.0,36063956,6803100.0,5823182.0,58805.0,1.262330312,1.262330323,1.262330311,1.262330322,1.01,1000.0,1.01,1000.0,1.26,110.0,1.01,970.0,1.01,110.0,1.31,970.0,1.02,3.5,1.02,1.91,1.02,110.0,1.262330302,1.262330316,1.262330317,1.262330327
Romanian Liga II,2026-09-19,05:00:00,CSL Stefanestii de Jos,FC Metaloglobus Bucuresti,2.1,110.0,1.4,110.0,1.1,930.0,1.29,970.0,1.23,5.0,1.01,1000.0,1.01,1000.0,1.01,1000.0,1.01,1000.0,1.01,1000.0,1.01,1000.0,1.01,1000.0,1.01,1000.0,1.01,1000.0,1.01,1000.0,1.01,1000.0,1.01,1000.0,1.01,1000.0,1.01,1000.0,1.01,1000.0,1.01,1000.0,1.01,1000.0,1.01,1000.0,1.01,1000.0,1.01,1000.0,1.01,1000.0,36064307,75785596.0,10805935.0,58805.0,1.262363599,1.262363644,1.262363683,1.262363608,1.01,1000.0,1.01,1000.0,1.29,110.0,1.01,4.4,1.29,100.0,1.23,4.4,1.02,3.5,1.02,1.9,1.01,110.0,1.262363600,1.262363602,1.262363603,1.262363647
Chinese League 2,2026-09-19,05:00:00,Shanghai Second,Hubei Istar,1.04,1000.0,1.04,1000.0,1.01,1000.0,1.24,110.0,1.01,6.4,1.01,1000.0,1.01,1000.0,1.01,1000.0,1.01,1000.0,1.01,1000.0,1.01,1000.0,1.01,1000.0,1.01,1000.0,1.01,1000.0,1.01,1000.0,1.01,1000.0,1.01,1000.0,1.01,1000.0,1.01,1000.0,1.01,1000.0,1.01,1000.0,1.01,1000.0,1.01,1000.0,1.01,1000.0,1.01,1000.0,1.01,1000.0,36085037,97429587.0,56607002.0,58805.0,1.262587003,1.262587048,1.262587087,1.262587012,1.01,1000.0,1.01,1000.0,1.25,1000.0,1.01,5.0,1.24,110.0,1.01,110.0,1.01,36.0,1.01,36.0,1.01,1000.0,1.262587004,1.262587006,1.262587007,1.262587051
Japanese J League,2026-09-19,06:00:00,Fukuoka,Hiroshima,4.7,5.4,1.73,1.79,3.95,4.8,2.06,2.22,1.82,1.95,1.83,1.93,2.08,2.22,10.5,1000.0,7.0,970.0,7.4,970.0,11.0,1000.0,11.0,1000.0,6.4,970.0,7.4,970.0,10.5,1000.0,1.44,1000.0,11.5,1000.0,12.0,1000.0,1.44,1000.0,1.44,1000.0,1.44,1000.0,1.44,1000.0,1.44,1000.0,1.44,1000.0,7.0,970.0,1.44,1000.0,36063213,1405180.0,744103.0,58805.0,1.262324449,1.262324452,1.262324496,1.262324497,2.96,110.0,1.36,1.46,12.5,26.0,1.05,1.09,4.1,4.9,1.26,1.33,2.26,2.42,1.23,1.27,1.27,1.33,1.262324498,1.262324459,1.262324450,1.262324451
Japanese J League,2026-09-19,06:00:00,Kawasaki,Kashima,2.64,2.9,2.54,2.74,3.6,4.0,2.28,2.54,1.65,1.78,1.5,1.68,2.48,2.98,1.18,1000.0,1.18,1000.0,1.18,1000.0,1.18,1000.0,1.18,1000.0,6.4,970.0,1.13,970.0,1.18,1000.0,1.18,1000.0,1.13,970.0,1.18,1000.0,1.18,1000.0,1.18,1000.0,1.18,1000.0,1.18,1000.0,1.18,1000.0,1.18,1000.0,1.18,1000.0,1.18,1000.0,36062945,1080507.0,441079.0,58805.0,1.262323498,1.262323501,1.262323545,1.262323546,1.01,110.0,1.29,1.46,1.01,55.0,1.03,1.28,4.5,5.8,1.22,1.27,1.58,1.65,1.53,1.61,1.34,1.37,1.262323547,1.262323508,1.262323499,1.262323500
Chinese League 2,2026-09-19,06:00:00,Dalian Kewei,Shenzhen 2028,1.1,1000.0,1.1,1000.0,1.1,1000.0,1.09,110.0,1.01,18.0,1.01,1000.0,1.01,1000.0,1.01,1000.0,1.01,1000.0,1.01,1000.0,1.01,1000.0,1.01,1000.0,1.01,1000.0,1.01,1000.0,1.01,1000.0,1.01,1000.0,1.01,1000.0,1.01,1000.0,1.01,1000.0,1.01,1000.0,1.01,1000.0,1.01,1000.0,1.01,1000.0,1.01,1000.0,1.01,1000.0,1.01,1000.0,36084970,97256573.0,82312901.0,58805.0,1.262586841,1.262586886,1.262586925,1.262586850,1.01,1000.0,1.01,1000.0,1.01,1000.0,1.01,110.0,1.09,110.0,1.01,110.0,1.01,36.0,1.01,36.0,1.01,110.0,1.262586842,1.262586844,1.262586845,1.262586889
Japanese J League 3,2026-09-19,06:30:00,Ehime,Kamatamare Sanuki,1.21,2.66,3.0,150.0,3.45,870.0,1.25,970.0,1.24,6.0,1.01,1000.0,1.01,1000.0,1.01,1000.0,1.01,1000.0,1.01,1000.0,1.01,1000.0,1.01,1000.0,1.01,1000.0,1.01,1000.0,1.01,1000.0,1.01,1000.0,1.01,1000.0,1.01,1000.0,1.01,1000.0,1.01,1000.0,1.01,1000.0,1.01,1000.0,1.01,1000.0,1.01,1000.0,1.01,1000.0,1.01,1000.0,36083492,3455675.0,4233864.0,58805.0,1.262574756,1.262574766,1.262574755,1.262574765,1.01,1000.0,1.01,1000.0,1.27,110.0,1.01,4.8,1.26,110.0,1.01,4.9,1.02,1.5,1.6,6.0,1.01,1.41,1.262574747,1.262574759,1.262574760,1.262574770
Romanian Liga II,2026-09-19,06:30:00,Gloria Popesti-Leordeni,Politehnica Timisoara,2.1,110.0,1.4,110.0,1.12,3.85,1.25,110.0,1.31,6.0,1.01,1000.0,1.01,1000.0,1.01,1000.0,1.01,1000.0,1.01,1000.0,1.01,1000.0,1.01,1000.0,1.01,1000.0,1.01,1000.0,1.01,1000.0,1.01,1000.0,1.01,1000.0,1.01,1000.0,1.01,1000.0,1.01,1000.0,1.01,1000.0,1.01,1000.0,1.01,1000.0,1.01,1000.0,1.01,1000.0,1.01,1000.0,36064064,7707902.0,5964785.0,58805.0,1.262363689,1.262363734,1.262363773,1.262363698,1.01,1000.0,1.01,1000.0,1.26,110.0,1.01,970.0,1.26,100.0,1.31,5.0,1.01,3.5,1.01,1.91,1.35,110.0,1.262363690,1.262363692,1.262363693,1.262363737
Japanese J League 2,2026-09-19,06:30:00,Fujieda Myfc,Omiya,3.3,4.1,2.06,2.3,3.6,4.0,2.0,2.3,1.76,2.0,1.66,1.95,2.06,2.5,1.01,1000.0,1.01,1000.0,1.01,1000.0,1.01,1000.0,1.01,1000.0,1.01,1000.0,1.01,1000.0,1.01,1000.0,1.01,1000.0,1.01,1000.0,1.01,1000.0,1.01,1000.0,1.01,1000.0,1.01,1000.0,1.01,1000.0,1.01,1000.0,1.01,1000.0,1.01,1000.0,1.01,1000.0,36063225,14196415.0,1080509.0,58805.0,1.262324824,1.262324827,1.262324871,1.262324872,2.96,110.0,1.01,1.51,1.01,970.0,1.06,1.12,2.68,7.0,1.26,1.34,1.77,1.95,1.33,1.43,1.33,1.38,1.262324873,1.262324834,1.262324825,1.262324826
Japanese J League,2026-09-19,06:30:00,Urawa,Tokyo-V,1.82,1.94,4.8,5.4,3.5,3.85,1.77,1.9,2.12,2.3,1.98,2.14,1.88,2.02,10.0,12.0,12.5,15.5,7.8,46.0,8.8,160.0,6.6,7.6,7.2,8.4,17.0,22.0,8.4,90.0,9.4,11.0,9.2,11.0,18.5,25.0,8.4,95.0,17.5,24.0,18.5,26.0,7.8,50.0,8.8,160.0,13.5,16.0,8.6,120.0,9.4,1000.0,36067620,441088.0,263080.0,58805.0,1.262372941,1.262372944,1.262372988,1.262372989,2.6,3.3,1.44,1.61,8.6,12.5,1.09,1.12,3.15,3.45,1.41,1.46,1.22,1.26,2.06,2.22,1.35,1.4,1.262372990,1.262372951,1.262372942,1.262372943
Japanese J League,2026-09-19,06:30:00,Nagasaki,Cerezo Osaka,3.6,3.9,2.06,2.18,3.7,3.95,2.0,2.38,1.73,1.99,1.71,1.78,2.28,2.42,15.5,22.0,9.8,13.0,12.5,17.5,18.5,32.0,14.0,19.5,7.8,9.8,9.6,13.0,18.5,26.0,20.0,34.0,13.5,19.0,14.5,21.0,23.0,40.0,4.5,85.0,30.0,50.0,4.4,60.0,4.5,95.0,4.3,44.0,11.5,16.5,4.8,1000.0,36063226,7081211.0,353589.0,58805.0,1.262324934,1.262324937,1.262324981,1.262324982,3.05,3.95,1.35,1.48,3.8,970.0,1.05,1.11,3.8,4.8,1.27,1.36,1.86,1.94,1.34,1.37,1.34,1.38,1.262324983,1.262324944,1.262324935,1.262324936
Japanese J League,2026-09-19,06:30:00,Shimizu,Jef Utd Chiba,1.84,2.02,3.95,5.2,3.65,4.6,1.86,2.14,1.89,2.16,1.74,2.0,2.0,2.34,9.8,970.0,10.0,970.0,1.47,1000.0,1.47,1000.0,6.8,970.0,6.0,970.0,10.5,1000.0,1.47,1000.0,8.0,970.0,7.4,970.0,11.5,1000.0,1.47,1000.0,1.47,1000.0,12.0,1000.0,1.47,1000.0,1.47,1000.0,9.0,970.0,1.47,1000.0,1.47,1000.0,36067530,441086.0,5021203.0,58805.0,1.262371069,1.262371072,1.262371116,1.262371117,2.88,110.0,1.37,1.52,9.6,36.0,1.06,1.11,3.45,4.4,1.3,1.41,1.25,1.34,1.98,2.2,1.28,1.38,1.262371118,1.262371079,1.262371070,1.262371071
Japanese J League 2,2026-09-19,07:00:00,Tosu,Iwaki SC,1.94,2.18,3.85,4.9,3.4,4.8,1.84,2.1,1.91,2.18,1.01,1000.0,1.01,1000.0,1.01,1000.0,1.01,1000.0,1.01,1000.0,1.01,1000.0,1.01,1000.0,1.01,1000.0,1.01,1000.0,1.01,1000.0,1.01,1000.0,1.01,1000.0,1.01,1000.0,1.01,1000.0,1.01,1000.0,1.01,1000.0,1.01,1000.0,1.01,1000.0,1.01,1000.0,1.01,1000.0,1.01,1000.0,36063354,3455676.0,13432059.0,58805.0,1.262327055,1.262327065,1.262327054,1.262327064,1.01,1000.0,1.01,1000.0,3.25,110.0,1.01,1.44,3.2,100.0,1.31,1.45,1.25,1.36,1.86,2.06,1.29,1.42,1.262327046,1.262327058,1.262327059,1.262327069
Japanese J League 3,2026-09-19,07:00:00,Tottori,Nara Club,1.1,110.0,1.1,950.0,1.1,910.0,1.29,2.38,1.73,4.5,1.01,1000.0,1.01,1000.0,1.01,1000.0,1.01,1000.0,1.01,1000.0,1.01,1000.0,1.01,1000.0,1.01,1000.0,1.01,1000.0,1.01,1000.0,1.01,1000.0,1.01,1000.0,1.01,1000.0,1.01,1000.0,1.01,1000.0,1.01,1000.0,1.01,1000.0,1.01,1000.0,1.01,1000.0,1.01,1000.0,1.01,1000.0,36083353,5759566.0,4233883.0,58805.0,1.262572754,1.262572775,1.262572751,1.262572771,1.01,1000.0,1.01,1000.0,1.29,110.0,1.01,4.4,1.29,100.0,1.25,4.4,1.02,970.0,1.01,970.0,1.01,110.0,1.262572735,1.262572760,1.262572761,1.262572784
Japanese J League 3,2026-09-19,07:00:00,Kagoshima Utd,Tochigi SC,1.1,110.0,1.1,950.0,1.1,930.0,1.26,100.0,1.36,5.0,1.01,1000.0,1.01,1000.0,1.01,1000.0,1.01,1000.0,1.01,1000.0,1.01,1000.0,1.01,1000.0,1.01,1000.0,1.01,1000.0,1.01,1000.0,1.01,1000.0,1.01,1000.0,1.01,1000.0,1.01,1000.0,1.01,1000.0,1.01,1000.0,1.01,1000.0,1.01,1000.0,1.01,1000.0,1.01,1000.0,1.01,1000.0,36083352,10428848.0,5945153.0,58805.0,1.262573194,1.262573211,1.262573192,1.262573208,1.01,1000.0,1.01,1000.0,1.26,110.0,1.01,4.8,1.26,110.0,1.36,4.8,1.02,970.0,1.02,970.0,1.01,110.0,1.262573176,1.262573198,1.262573200,1.262573218
Japanese J League 3,2026-09-19,07:00:00,Thespakusatsu Gunma,Kochi United,1.1,110.0,1.1,950.0,1.1,910.0,1.32,2.1,1.9,4.3,1.01,1000.0,1.01,1000.0,1.01,1000.0,1.01,1000.0,1.01,1000.0,1.01,1000.0,1.01,1000.0,1.01,1000.0,1.01,1000.0,1.01,1000.0,1.01,1000.0,1.01,1000.0,1.01,1000.0,1.01,1000.0,1.01,1000.0,1.01,1000.0,1.01,1000.0,1.01,1000.0,1.01,1000.0,1.01,1000.0,1.01,1000.0,36083347,7078090.0,26982171.0,58805.0,1.262573424,1.262573434,1.262573423,1.262573433,1.01,1000.0,1.01,1000.0,1.32,110.0,1.01,4.2,1.32,110.0,1.3,4.1,1.02,970.0,1.02,970.0,1.01,110.0,1.262573415,1.262573427,1.262573428,1.262573438
Japanese J League 2,2026-09-19,07:00:00,Yokohama FC,FC Imabari,1.56,2.02,4.4,13.0,3.55,7.6,0.0,0.0,0.0,0.0,0.0,0.0,0.0,0.0,0.0,0.0,0.0,0.0,0.0,0.0,0.0,0.0,0.0,0.0,0.0,0.0,0.0,0.0,0.0,0.0,0.0,0.0,0.0,0.0,0.0,0.0,0.0,0.0,0.0,0.0,0.0,0.0,0.0,0.0,0.0,0.0,0.0,0.0,0.0,0.0,0.0,0.0,36063353,2319612.0,6641602.0,58805.0,1.262326669,0.0,0.0,0.0,0.0,0.0,0.0,0.0,0.0,0.0,0.0,0.0,0.0,0.0,0.0,0.0,0.0,0.0,0.0,0.0,0.0,0.0,0.0,0.0,0.0,0.0
Japanese J League 2,2026-09-19,07:00:00,Shonan,Blaublitz Akita,1.97,2.42,3.25,4.6,3.25,5.5,1.6,1.88,2.0,2.68,1.01,1000.0,1.01,970.0,1.01,1000.0,1.01,1000.0,1.01,1000.0,1.01,1000.0,1.01,970.0,1.01,1000.0,1.01,1000.0,1.01,1000.0,1.01,1000.0,1.01,1000.0,1.01,1000.0,1.01,1000.0,1.01,1000.0,1.01,1000.0,1.01,1000.0,1.01,1000.0,1.01,1000.0,1.01,1000.0,1.01,1000.0,36063357,4546954.0,5852914.0,58805.0,1.262326758,1.262326761,1.262326805,1.262326806,2.52,110.0,1.01,1.65,2.58,21.0,1.05,1.63,2.58,20.0,1.39,1.63,1.28,1.44,1.7,2.04,1.23,1.45,1.262326807,1.262326768,1.262326759,1.262326760
Japanese J League,2026-09-19,07:00:00,Okayama,Kyoto,1.9,1.97,4.3,4.7,3.7,3.9,1.98,2.06,1.94,2.02,1.83,1.91,2.1,2.2,13.0,15.0,14.0,16.0,7.8,40.0,8.8,120.0,8.2,9.2,7.6,8.4,15.5,18.0,8.4,70.0,10.5,12.5,9.4,10.5,16.5,23.0,8.4,75.0,18.0,26.0,17.5,25.0,7.6,38.0,9.0,130.0,11.5,13.0,8.4,75.0,9.4,1000.0,36067621,5561025.0,441085.0,58805.0,1.262373049,1.262373052,1.262373096,1.262373097,2.88,110.0,1.37,1.52,13.0,15.5,1.07,1.08,3.9,4.1,1.32,1.34,1.27,1.3,2.02,2.1,1.34,1.37,1.262373098,1.262373059,1.262373050,1.262373051
Ukrainian Premier League,2026-09-19,07:00:00,Fc Kharkiv,FC Bukovyna,1.65,2.02,4.2,7.2,3.35,4.1,1.76,2.02,1.98,2.32,1.01,970.0,1.01,970.0,1.01,1000.0,1.01,1000.0,1.01,1000.0,1.01,1000.0,1.01,1000.0,1.01,1000.0,1.01,1000.0,1.01,1000.0,1.01,1000.0,1.01,1000.0,1.01,1000.0,1.01,1000.0,1.01,1000.0,1.01,1000.0,1.01,1000.0,1.01,1000.0,1.01,1000.0,1.01,1000.0,1.01,1000.0,36075828,100224128.0,19510124.0,58805.0,1.262478342,1.262478352,1.262478341,1.262478351,2.68,110.0,1.01,1.59,3.15,26.0,1.04,1.46,3.15,25.0,1.34,1.46,1.18,1.31,1.99,2.54,1.33,1.43,1.262478333,1.262478345,1.262478346,1.262478356
Japanese J League 2,2026-09-19,07:00:00,Yamagata,Toyama,2.68,3.5,2.38,2.96,3.2,4.9,2.02,2.7,1.59,1.98,1.01,1000.0,1.01,1000.0,1.01,1000.0,1.01,1000.0,1.01,1000.0,1.01,1000.0,1.01,1000.0,1.01,1000.0,1.01,1000.0,1.01,1000.0,1.01,1000.0,1.01,1000.0,1.01,1000.0,1.01,1000.0,1.01,1000.0,1.01,1000.0,1.01,1000.0,1.01,1000.0,1.01,1000.0,1.01,1000.0,1.01,1000.0,36067539,3718961.0,4296466.0,58805.0,1.262371285,1.262371288,1.262371332,1.262371333,1.01,1000.0,1.01,1000.0,4.3,110.0,1.01,1.3,4.3,7.2,1.2,1.3,1.51,1.73,1.4,1.59,1.26,1.46,1.262371334,1.262371295,1.262371286,1.262371287
Japanese J League 2,2026-09-19,07:00:00,Kofu,Tokushima,3.1,3.8,2.22,2.62,3.15,4.4,1.57,1.79,2.24,2.76,1.98,1000.0,1.01,2.02,1.01,1000.0,1.01,1000.0,1.01,1000.0,1.01,1000.0,1.01,1000.0,1.01,1000.0,1.01,1000.0,1.01,1000.0,1.01,1000.0,1.01,1000.0,1.01,1000.0,1.01,1000.0,1.01,1000.0,1.01,1000.0,1.01,1000.0,1.01,1000.0,1.01,1000.0,1.01,1000.0,1.01,1000.0,36063351,1405179.0,5026012.0,58805.0,1.262326561,1.262326564,1.262326608,1.262326609,2.32,3.4,1.42,1.75,2.72,970.0,1.1,1.59,2.72,3.4,1.43,1.59,1.62,1.82,1.35,1.47,1.3,1.46,1.262326610,1.262326571,1.262326562,1.262326563
Japanese J League,2026-09-19,07:00:00,FC Tokyo,Nagoya,1.71,1.88,4.3,5.4,4.1,5.0,2.36,2.7,1.59,1.73,1.6,1.78,2.28,2.68,1.37,1000.0,1.37,1000.0,1.37,1000.0,1.37,1000.0,1.3,24.0,7.0,970.0,1.37,1000.0,1.37,1000.0,1.3,27.0,7.4,970.0,1.37,1000.0,1.37,1000.0,1.37,1000.0,1.37,1000.0,1.37,1000.0,1.37,1000.0,1.24,970.0,1.37,1000.0,1.37,1000.0,36063356,350849.0,441084.0,58805.0,1.262326866,1.262326869,1.262326913,1.262326914,1.01,110.0,1.28,1.46,4.8,110.0,1.02,1.26,4.9,6.6,1.19,1.25,1.24,1.31,2.12,2.4,1.25,1.33,1.262326915,1.262326876,1.262326867,1.262326868
Japanese J League 2,2026-09-19,07:00:00,Albirex Niigata,Iwata,3.05,4.1,2.16,2.74,3.15,4.3,1.71,1.98,2.02,2.4,1.78,970.0,1.01,970.0,1.01,1000.0,1.01,1000.0,1.01,1000.0,1.01,1000.0,1.01,1000.0,1.01,1000.0,1.01,1000.0,1.01,1000.0,1.01,1000.0,1.01,1000.0,1.01,1000.0,1.01,1000.0,1.01,1000.0,1.01,1000.0,1.01,1000.0,1.01,1000.0,1.01,1000.0,1.01,1000.0,1.01,1000.0,36067540,5712145.0,263079.0,58805.0,1.262371177,1.262371180,1.262371224,1.262371225,2.56,110.0,1.01,1.65,1.01,970.0,1.07,1.15,2.76,3.9,1.36,1.45,1.58,1.83,1.37,1.48,1.33,1.46,1.262371226,1.262371187,1.262371178,1.262371179
Japanese J League,2026-09-19,07:30:00,Yokohama FM,Mito,2.04,2.16,3.65,4.0,3.75,4.0,1.96,2.32,1.76,2.06,1.64,1.88,2.12,2.56,2.22,1000.0,12.0,55.0,19.5,40.0,2.18,100.0,8.2,15.0,7.2,10.0,9.6,55.0,2.14,55.0,10.5,40.0,9.0,970.0,13.5,23.0,2.16,65.0,18.5,34.0,17.0,28.0,2.12,44.0,2.18,100.0,10.5,46.0,2.14,50.0,2.22,1000.0,36063418,441087.0,3455677.0,58805.0,1.262327558,1.262327561,1.262327605,1.262327606,1.01,110.0,1.33,1.5,14.0,20.0,1.05,1.08,4.1,5.2,1.25,1.32,1.33,1.38,1.86,1.97,1.33,1.37,1.262327607,1.262327568,1.262327559,1.262327560
Polish I Liga,2026-09-19,07:30:00,Lechia Gdansk,Stal Mielec,1.99,2.26,3.2,4.1,3.4,5.0,2.44,2.96,1.51,1.69,1.49,1.68,2.44,3.1,1.01,1000.0,12.0,1000.0,1.01,1000.0,1.01,1000.0,9.8,1000.0,6.8,15.5,9.8,1000.0,1.01,1000.0,10.0,1000.0,7.8,25.0,10.0,1000.0,1.01,1000.0,1.01,1000.0,11.0,1000.0,1.01,1000.0,1.01,1000.0,7.2,17.5,1.01,1000.0,1.01,1000.0,36073244,3143305.0,10133739.0,58805.0,1.262454208,1.262454211,1.262454255,1.262454256,1.01,1000.0,1.01,1.4,4.8,110.0,1.02,1.22,4.8,8.2,1.17,1.22,1.32,1.46,1.81,2.02,1.26,1.42,1.262454257,1.262454218,1.262454209,1.262454210
Swedish Superettan,2026-09-19,08:00:00,Osters,Norrkoping,3.8,5.2,1.74,2.02,3.75,5.5,2.42,2.96,1.51,1.7,1.5,1.73,2.38,3.0,1.01,1000.0,1.01,34.0,1.01,46.0,1.01,1000.0,1.01,1000.0,1.01,970.0,1.01,970.0,1.01,1000.0,1.01,1000.0,1.01,1000.0,1.01,1000.0,1.01,1000.0,1.01,1000.0,1.01,1000.0,1.01,1000.0,1.01,1000.0,1.01,1000.0,5.7,970.0,1.01,1000.0,36075069,780885.0,30683.0,58805.0,1.262469678,1.262469681,1.262469725,1.262469726,1.01,5.0,1.01,1.38,5.0,110.0,1.02,1.21,4.8,7.8,1.16,1.25,1.99,2.36,1.24,1.36,1.24,1.36,1.262469727,1.262469688,1.262469679,1.262469680
Chinese League 1,2026-09-19,08:00:00,Shaanxi Union FC,Suzhou Dongwu,1.63,1.87,4.6,6.8,3.6,4.4,1.94,2.28,1.78,2.06,1.01,1000.0,1.01,1000.0,1.01,1000.0,1.01,1000.0,1.01,1000.0,1.01,1000.0,1.01,1000.0,1.01,1000.0,1.01,1000.0,1.01,1000.0,1.01,1000.0,1.01,1000.0,1.01,1000.0,1.01,1000.0,1.01,1000.0,1.01,1000.0,1.01,1000.0,1.01,1000.0,1.01,1000.0,1.01,1000.0,1.01,1000.0,36079501,68158828.0,13202951.0,58805.0,1.262543050,1.262543060,1.262543049,1.262543059,2.76,4.4,1.29,1.57,3.6,110.0,1.01,1.37,3.6,100.0,1.01,1.38,1.17,1.28,2.14,2.58,1.29,1.39,1.262543041,1.262543053,1.262543054,1.262543064
Chinese League 1,2026-09-19,08:00:00,Shenzhen Juniors FC,Changchun Yatai,1.82,1.95,4.1,5.4,3.8,4.7,2.1,2.56,1.64,1.91,1.63,1.84,2.2,970.0,1.01,1000.0,1.01,1000.0,1.01,1000.0,1.01,1000.0,1.01,1000.0,1.01,1000.0,1.01,1000.0,1.01,1000.0,1.01,1000.0,1.01,1000.0,1.01,1000.0,1.01,1000.0,1.01,1000.0,1.01,1000.0,1.01,1000.0,1.01,1000.0,1.01,1000.0,1.01,1000.0,1.01,1000.0,36079502,67744862.0,2899297.0,58805.0,1.262542940,1.262542950,1.262542939,1.262542949,1.01,110.0,1.01,110.0,1.01,110.0,1.01,970.0,3.6,970.0,1.23,1.29,1.24,1.32,2.04,2.22,1.29,1.35,1.262542931,1.262542943,1.262542944,1.262542954
Swedish Superettan,2026-09-19,08:00:00,United IK Nordic,Landskrona,2.38,2.5,2.88,3.1,3.75,4.0,2.42,2.6,1.63,1.71,1.57,1.64,2.56,2.76,17.0,1000.0,14.0,17.5,20.0,26.0,36.0,46.0,12.5,16.0,8.2,9.6,12.0,13.5,22.0,32.0,15.5,20.0,10.5,12.0,13.5,16.5,27.0,36.0,24.0,34.0,18.0,22.0,24.0,34.0,48.0,80.0,13.0,18.0,17.0,27.0,85.0,490.0,36072787,55493292.0,130432.0,58805.0,1.262450999,1.262451002,1.262451046,1.262451047,1.01,110.0,1.27,1.44,15.5,24.0,1.05,1.06,5.1,5.6,1.22,1.25,1.48,1.53,1.66,1.73,1.33,1.36,1.262451048,1.262451009,1.262451000,1.262451001
German Bundesliga 2,2026-09-19,08:00:00,Kaiserslautern,Braunschweig,1.96,2.04,3.65,4.2,4.0,4.3,2.48,2.86,1.53,1.68,1.5,1.71,2.42,3.0,1.26,1000.0,1.26,1000.0,1.26,1000.0,1.26,1000.0,9.0,34.0,6.8,970.0,10.0,1000.0,1.26,1000.0,9.6,1000.0,7.6,20.0,10.0,1000.0,1.26,1000.0,1.26,1000.0,1.26,1000.0,1.26,1000.0,1.26,1000.0,6.8,970.0,1.26,1000.0,1.26,1000.0,36063420,14075.0,199184.0,58805.0,1.262328594,1.262328604,1.262328593,1.262328603,3.55,110.0,1.3,1.37,6.0,26.0,1.04,1.06,5.3,6.6,1.19,1.23,1.31,1.38,1.96,2.06,1.31,1.34,1.262328585,1.262328597,1.262328598,1.262328608
Bulgarian A League,2026-09-19,08:00:00,Dunav Ruse,Botev Vratsa,2.98,3.3,2.48,2.78,3.2,3.45,1.59,1.79,2.24,2.72,1.9,2.26,1.8,2.12,1.01,1000.0,1.01,1000.0,1.01,1000.0,1.01,1000.0,1.01,970.0,1.01,970.0,1.01,1000.0,1.01,1000.0,1.01,1000.0,1.01,1000.0,1.01,1000.0,1.01,1000.0,1.01,1000.0,1.01,1000.0,1.01,1000.0,1.01,1000.0,1.01,1000.0,1.01,1000.0,1.01,1000.0,36069060,7739574.0,5618938.0,58805.0,1.262390635,1.262390638,1.262390682,1.262390683,1.01,1000.0,1.01,1.67,3.1,21.0,1.06,1.16,2.74,3.65,1.4,1.49,1.56,1.67,1.43,1.5,1.4,1.46,1.262390684,1.262390645,1.262390636,1.262390637
German Bundesliga 2,2026-09-19,08:00:00,Karlsruhe,Nurnberg,2.94,3.1,2.2,2.32,4.2,4.5,3.25,3.55,1.39,1.45,1.39,1.45,3.25,3.55,1.85,1000.0,1.85,1000.0,1.85,1000.0,1.85,1000.0,1.85,1000.0,7.6,13.5,10.0,15.0,1.72,26.0,1.85,1000.0,9.6,19.0,10.5,15.0,15.0,1000.0,1.85,1000.0,1.85,1000.0,17.0,1000.0,1.85,1000.0,8.4,15.5,6.8,970.0,1.85,1000.0,36063441,113191.0,121724.0,58805.0,1.262328484,1.262328494,1.262328483,1.262328493,4.0,110.0,1.21,1.28,20.0,55.0,1.02,1.04,7.4,10.0,1.11,1.15,1.78,1.83,1.48,1.52,1.28,1.32,1.262328475,1.262328487,1.262328488,1.262328498
German Bundesliga 2,2026-09-19,08:00:00,Holstein Kiel,VfL Osnabruck,1.83,1.85,4.1,4.4,4.3,4.6,2.6,2.9,1.53,1.62,1.58,1.65,2.56,2.7,23.0,28.0,20.0,24.0,32.0,38.0,12.0,85.0,12.0,14.0,9.6,11.0,15.5,17.5,36.0,44.0,13.0,15.0,9.6,10.5,14.5,16.0,34.0,42.0,18.5,21.0,15.0,17.0,23.0,25.0,50.0,60.0,7.2,7.8,9.8,32.0,13.5,450.0,36063452,247830.0,13450471.0,58805.0,1.262328373,1.262328383,1.262328372,1.262328382,3.55,5.1,1.26,1.39,6.0,36.0,1.03,1.05,5.8,6.6,1.18,1.2,1.29,1.32,2.16,2.22,1.28,1.31,1.262328364,1.262328376,1.262328377,1.262328387
Lithuanian A Lyga,2026-09-19,08:15:00,FK Banga Gargzdu,FC Dziugas,1.1,110.0,1.1,110.0,1.12,900.0,1.25,970.0,1.33,6.0,1.01,1000.0,1.01,1000.0,1.01,1000.0,1.01,1000.0,1.01,1000.0,1.01,1000.0,1.01,1000.0,1.01,1000.0,1.01,1000.0,1.01,1000.0,1.01,1000.0,1.01,1000.0,1.01,1000.0,1.01,1000.0,1.01,1000.0,1.01,1000.0,1.01,1000.0,1.01,1000.0,1.01,1000.0,1.01,1000.0,1.01,1000.0,36074917,43402601.0,11572236.0,58805.0,1.262468872,1.262468875,1.262468919,1.262468920,1.01,1000.0,1.01,1000.0,1.28,110.0,1.01,970.0,1.27,110.0,1.01,970.0,1.02,36.0,1.02,36.0,1.01,110.0,1.262468921,1.262468882,1.262468873,1.262468874
English National League,2026-09-19,08:30:00,Tamworth FC,Wealdstone,1.91,2.16,3.3,4.1,4.0,5.8,2.58,3.15,1.47,1.63,1.01,1000.0,1.01,1000.0,1.01,1000.0,1.01,1000.0,1.01,1000.0,1.01,1000.0,1.01,1000.0,1.01,1000.0,1.01,1000.0,1.01,1000.0,1.01,1000.0,1.01,1000.0,1.01,1000.0,1.01,1000.0,1.01,1000.0,1.01,1000.0,1.01,1000.0,1.01,1000.0,1.01,1000.0,1.01,1000.0,1.01,1000.0,36065236,21944374.0,2608900.0,58805.0,1.262345350,1.262345353,1.262345397,1.262345398,1.01,1000.0,1.01,1000.0,1.01,110.0,1.01,1.63,2.58,7.4,1.15,1.63,1.35,1.44,1.86,2.1,1.21,1.33,1.262345399,1.262345360,1.262345351,1.262345352
English Premier League,2026-09-19,08:30:00,Tottenham,Aston Villa,2.1,2.12,3.85,3.9,3.7,3.75,2.08,2.1,1.9,1.92,1.76,1.8,2.26,2.3,14.0,15.0,15.0,16.0,25.0,28.0,60.0,75.0,10.0,10.5,8.0,8.4,14.5,15.5,38.0,44.0,12.5,13.5,10.0,10.5,16.0,17.0,46.0,50.0,24.0,26.0,20.0,21.0,30.0,34.0,75.0,85.0,13.0,14.0,36.0,40.0,300.0,810.0,36036329,48224.0,63908.0,58805.0,1.262040086,1.262040025,1.262040085,1.262040096,3.4,3.6,1.38,1.41,14.0,16.0,1.07,1.08,4.1,4.4,1.29,1.32,1.34,1.36,1.9,1.91,1.36,1.37,1.262040088,1.262040090,1.262040091,1.262040029
Chinese League 1,2026-09-19,08:30:00,Jiangxi Dingnan United,Foshan Nanshi FC,1.64,1.87,4.1,7.4,3.4,4.6,2.02,2.76,1.56,1.99,1.01,1000.0,1.01,970.0,1.01,1000.0,1.01,1000.0,1.01,1000.0,1.01,1000.0,1.01,1000.0,1.01,1000.0,1.01,1000.0,1.01,1000.0,1.01,1000.0,1.01,1000.0,1.01,1000.0,1.01,1000.0,1.01,1000.0,1.01,1000.0,1.01,1000.0,1.01,1000.0,1.01,1000.0,1.01,1000.0,1.01,1000.0,36079504,85226388.0,84959838.0,58805.0,1.262542713,1.262542723,1.262542712,1.262542722,1.01,1000.0,1.01,1.45,1.01,110.0,1.01,1.33,3.2,5.4,1.23,1.45,1.16,1.32,2.14,2.58,1.27,1.42,1.262542704,1.262542716,1.262542717,1.262542727
Chinese League 1,2026-09-19,08:30:00,Nanjing City,Wuxi Wugou,2.24,2.6,2.84,4.4,2.6,4.9,1.65,2.14,1.87,2.54,1.01,1000.0,1.01,1000.0,1.01,1000.0,1.01,1000.0,1.01,1000.0,1.01,1000.0,1.01,1000.0,1.01,1000.0,1.01,1000.0,1.01,1000.0,1.01,1000.0,1.01,1000.0,1.01,1000.0,1.01,1000.0,1.01,1000.0,1.01,1000.0,1.01,1000.0,1.01,1000.0,1.01,1000.0,1.01,1000.0,1.01,1000.0,36079503,56606961.0,39645470.0,58805.0,1.262542823,1.262542833,1.262542822,1.262542832,2.5,3.9,1.34,1.66,2.74,110.0,1.01,1.57,2.74,4.0,1.33,1.57,1.3,1.54,1.62,1.81,1.27,1.63,1.262542814,1.262542826,1.262542827,1.262542838
Chinese League 2,2026-09-19,08:30:00,Xiamen Feilu,Beijing Tech FC,1.04,1000.0,1.04,1000.0,1.01,1000.0,1.24,110.0,1.01,6.4,1.01,1000.0,1.01,1000.0,1.01,1000.0,1.01,1000.0,1.01,1000.0,1.01,1000.0,1.01,1000.0,1.01,1000.0,1.01,1000.0,1.01,1000.0,1.01,1000.0,1.01,1000.0,1.01,1000.0,1.01,1000.0,1.01,1000.0,1.01,1000.0,1.01,1000.0,1.01,1000.0,1.01,1000.0,1.01,1000.0,1.01,1000.0,36085019,97272380.0,17824433.0,58805.0,1.262587093,1.262587138,1.262587177,1.262587102,1.01,1000.0,1.01,1000.0,1.25,1000.0,1.01,5.0,1.24,110.0,1.01,110.0,1.01,36.0,1.01,36.0,1.01,1000.0,1.262587094,1.262587096,1.262587097,1.262587141
German 3 Liga,2026-09-19,09:00:00,Hoffenheim II,SV Meppen,1.96,2.2,3.1,3.95,4.0,4.9,0.0,0.0,0.0,0.0,0.0,0.0,0.0,0.0,0.0,0.0,0.0,0.0,0.0,0.0,0.0,0.0,0.0,0.0,0.0,0.0,0.0,0.0,0.0,0.0,0.0,0.0,0.0,0.0,0.0,0.0,0.0,0.0,0.0,0.0,0.0,0.0,0.0,0.0,0.0,0.0,0.0,0.0,0.0,0.0,0.0,0.0,36071717,5730521.0,5945855.0,58805.0,1.262431257,0.0,0.0,0.0,0.0,0.0,0.0,0.0,0.0,0.0,0.0,0.0,0.0,0.0,0.0,0.0,0.0,0.0,0.0,0.0,0.0,0.0,0.0,0.0,0.0,0.0
Thai League 1,2026-09-19,09:00:00,Chiangrai Utd,Sisaket United,1.79,2.1,4.1,5.9,3.25,100.0,1.61,1.87,2.16,2.62,1.01,970.0,1.01,970.0,1.01,1000.0,1.01,1000.0,1.01,1000.0,1.01,1000.0,1.01,1000.0,1.01,1000.0,1.01,1000.0,1.01,1000.0,1.01,1000.0,1.01,1000.0,1.01,1000.0,1.01,1000.0,1.01,1000.0,1.01,1000.0,1.01,1000.0,1.01,1000.0,1.01,1000.0,1.01,1000.0,1.01,1000.0,36078797,9306470.0,11483930.0,58805.0,1.262540300,1.262540310,1.262540299,1.262540309,1.01,1000.0,1.01,1.67,1.01,18.0,1.06,1.56,2.7,17.5,1.41,1.59,1.22,1.32,1.91,2.26,1.33,1.45,1.262540291,1.262540303,1.262540304,1.262540314
German 3 Liga,2026-09-19,09:00:00,Alemannia Aachen,Fortuna Dusseldorf,2.34,2.64,2.72,3.15,3.25,4.5,2.28,2.7,1.59,1.77,1.01,1000.0,1.01,1000.0,1.01,1000.0,1.01,1000.0,1.01,1000.0,1.01,1000.0,1.01,1000.0,1.01,1000.0,1.01,1000.0,1.01,1000.0,1.01,1000.0,1.01,1000.0,1.01,1000.0,1.01,1000.0,1.01,1000.0,1.01,1000.0,1.01,1000.0,1.01,1000.0,1.01,1000.0,1.01,1000.0,1.01,1000.0,36074289,199607.0,879210.0,58805.0,1.262465048,1.262465051,1.262465095,1.262465096,1.01,1000.0,1.01,1000.0,1.01,110.0,1.01,1.77,2.28,9.0,1.17,1.77,1.46,1.59,1.6,1.75,1.28,1.44,1.262465097,1.262465058,1.262465049,1.262465050
Danish 1st Division,2026-09-19,09:00:00,AB,Esbjerg,2.02,2.26,3.05,3.8,3.6,5.2,2.4,2.92,1.52,1.71,1.47,1.65,2.52,3.15,1.01,1000.0,1.01,1000.0,1.01,1000.0,1.01,1000.0,1.01,1000.0,1.01,970.0,1.01,1000.0,1.01,1000.0,1.01,1000.0,1.01,1000.0,1.01,1000.0,1.01,1000.0,1.01,1000.0,1.01,1000.0,1.01,1000.0,1.01,1000.0,1.01,970.0,1.01,1000.0,1.01,1000.0,36064243,113194.0,113193.0,58805.0,1.262333965,1.262333975,1.262333964,1.262333974,1.01,1000.0,1.01,1.39,5.1,110.0,1.01,1.21,5.0,10.0,1.16,1.21,1.35,1.49,1.79,1.97,1.24,1.39,1.262333956,1.262333968,1.262333969,1.262333979
French Ligue 2,2026-09-19,09:00:00,Guingamp,Red Star,2.32,2.62,2.98,3.5,3.15,3.65,2.0,2.34,1.74,2.0,1.58,1.79,2.26,2.74,1.01,55.0,7.8,40.0,1.01,1000.0,1.01,1000.0,1.01,24.0,6.0,970.0,1.01,32.0,1.01,1000.0,1.01,1000.0,1.01,22.0,1.01,65.0,1.01,1000.0,1.01,1000.0,1.01,1000.0,1.01,1000.0,1.01,1000.0,1.01,1000.0,1.01,1000.0,1.01,1000.0,36071704,44801.0,496950.0,58805.0,1.262431777,1.262431780,1.262431824,1.262431825,1.01,110.0,1.32,1.5,4.4,110.0,1.02,1.1,4.0,5.2,1.24,1.32,1.4,1.5,1.63,1.75,1.38,1.46,1.262431826,1.262431787,1.262431778,1.262431779
French Ligue 2,2026-09-19,09:00:00,Boulogne,Nantes,3.55,4.1,2.16,2.36,3.35,3.95,1.69,1.86,2.16,2.46,1.87,2.18,1.85,2.14,1.01,1000.0,1.01,970.0,1.01,1000.0,1.01,1000.0,1.01,1000.0,1.01,970.0,1.01,1000.0,1.01,1000.0,1.01,1000.0,1.01,1000.0,1.01,1000.0,1.01,1000.0,1.01,1000.0,1.01,1000.0,1.01,1000.0,1.01,1000.0,1.01,1000.0,1.01,1000.0,1.01,1000.0,36064162,669346.0,10774.0,58805.0,1.262332553,1.262332556,1.262332600,1.262332601,2.58,110.0,1.01,1.63,7.2,970.0,1.09,1.14,3.2,3.6,1.4,1.45,1.78,1.87,1.33,1.4,1.34,1.43,1.262332602,1.262332563,1.262332554,1.262332555
Finnish Veikkausliiga,2026-09-19,09:00:00,TPS,Ilves,2.66,2.8,2.6,2.74,3.75,3.9,2.16,2.64,1.61,1.85,1.01,1000.0,1.01,1000.0,1.01,1000.0,1.01,1000.0,1.01,1000.0,1.01,1000.0,1.01,1000.0,1.01,1000.0,1.01,1000.0,1.01,1000.0,1.01,1000.0,1.01,1000.0,1.01,1000.0,1.01,1000.0,1.01,1000.0,1.01,1000.0,1.01,1000.0,1.01,1000.0,1.01,1000.0,1.01,1000.0,1.01,1000.0,36064985,344793.0,1229635.0,58805.0,1.262342719,1.262342722,1.262342766,1.262342767,1.01,1000.0,1.01,1000.0,10.0,110.0,1.01,1.11,4.1,95.0,1.21,1.32,1.57,1.63,1.55,1.61,1.35,1.37,1.262342768,1.262342729,1.262342720,1.262342721
German 3 Liga,2026-09-19,09:00:00,Stuttgart II,Jahn Regensburg,2.3,2.7,2.68,3.1,3.65,4.9,2.58,3.2,1.46,1.63,1.43,1.6,2.68,3.45,1.01,1000.0,1.01,1000.0,1.01,1000.0,1.01,1000.0,1.01,1000.0,1.01,970.0,1.01,44.0,1.01,1000.0,1.01,1000.0,1.01,27.0,1.01,1000.0,1.01,1000.0,1.01,1000.0,1.01,1000.0,1.01,1000.0,1.01,1000.0,1.01,970.0,1.01,38.0,1.01,1000.0,36071721,6507690.0,4855758.0,58805.0,1.262431149,1.262431152,1.262431196,1.262431197,1.01,110.0,1.22,110.0,5.0,110.0,1.01,1.18,5.0,8.8,1.13,1.18,1.47,1.6,1.6,1.77,1.25,1.38,1.262431198,1.262431159,1.262431150,1.262431151
Danish 1st Division,2026-09-19,09:00:00,Aarhus Fremad,Hvidovre,2.54,2.96,2.6,2.98,3.4,3.95,2.1,2.4,1.71,1.91,1.56,1.78,2.28,2.76,1.01,1000.0,1.01,1000.0,1.01,1000.0,1.01,1000.0,1.01,1000.0,1.01,1000.0,1.01,1000.0,1.01,1000.0,1.01,1000.0,1.01,1000.0,1.01,1000.0,1.01,1000.0,1.01,1000.0,1.01,1000.0,1.01,1000.0,1.01,1000.0,1.01,1000.0,1.01,1000.0,1.01,1000.0,36064030,895064.0,151007.0,58805.0,1.262334075,1.262334085,1.262334074,1.262334084,1.01,1000.0,1.01,1.47,4.2,110.0,1.02,1.11,4.2,5.1,1.25,1.31,1.5,1.63,1.51,1.65,1.34,1.41,1.262334066,1.262334078,1.262334079,1.262334089
German 3 Liga,2026-09-19,09:00:00,Viktoria Koln,Ingolstadt,1.95,2.14,3.5,4.2,3.6,5.0,2.42,2.9,1.53,1.7,1.47,1.63,2.58,3.15,1.01,1000.0,12.5,1000.0,1.01,1000.0,1.01,1000.0,9.4,44.0,7.0,16.0,10.0,1000.0,1.01,1000.0,10.0,1000.0,7.6,20.0,9.8,1000.0,1.01,1000.0,1.01,1000.0,11.0,1000.0,1.01,1000.0,1.01,1000.0,6.6,14.5,1.01,1000.0,1.01,1000.0,36071702,6542379.0,1229688.0,58805.0,1.262430859,1.262430862,1.262430906,1.262430907,1.01,1000.0,1.01,1.39,4.8,110.0,1.02,1.21,4.8,7.4,1.16,1.21,1.31,1.4,1.89,2.06,1.25,1.39,1.262430908,1.262430869,1.262430860,1.262430861
Armenian Premier League,2026-09-19,09:00:00,Alashkert,FC Pyunik,2.3,3.35,2.44,3.65,2.8,6.4,1.55,2.26,1.8,2.82,1.01,1000.0,1.01,1000.0,1.01,1000.0,1.01,1000.0,1.01,1000.0,1.01,1000.0,1.01,1000.0,1.01,1000.0,1.01,1000.0,1.01,1000.0,1.01,1000.0,1.01,1000.0,1.01,1000.0,1.01,1000.0,1.01,1000.0,1.01,1000.0,1.01,1000.0,1.01,1000.0,1.01,1000.0,1.01,1000.0,1.01,1000.0,36081370,9686394.0,1526911.0,58805.0,1.262554582,1.262554585,1.262554629,1.262554630,2.36,3.65,1.37,1.74,3.2,110.0,1.01,1.16,1.01,100.0,1.01,1.52,1.38,1.7,1.43,1.77,1.19,1.5,1.262554631,1.262554592,1.262554583,1.262554584
Spanish La Liga,2026-09-19,09:00:00,Osasuna,Rayo Vallecano,2.46,2.54,3.15,3.25,3.4,3.5,1.85,1.87,2.14,2.18,1.86,1.92,2.08,2.18,11.5,12.5,10.5,11.5,19.0,22.0,28.0,60.0,8.8,9.6,7.0,7.6,12.5,14.0,32.0,40.0,14.0,15.5,10.5,12.0,16.5,19.0,42.0,55.0,22.0,36.0,24.0,28.0,36.0,46.0,40.0,110.0,21.0,24.0,32.0,42.0,110.0,1000.0,36071846,10543.0,10779.0,58805.0,1.262437538,1.262437477,1.262437537,1.262437549,3.05,3.2,1.46,1.49,11.5,12.5,1.08,1.1,3.55,3.65,1.38,1.4,1.44,1.47,1.65,1.69,1.4,1.42,1.262437540,1.262437542,1.262437543,1.262437481
Ukrainian Premier League,2026-09-19,09:30:00,Zorya,Dynamo Kiev,4.9,8.2,1.52,1.75,3.9,7.6,2.08,2.48,1.67,1.93,1.01,1000.0,1.01,1000.0,1.03,1000.0,1.03,1000.0,1.03,1000.0,1.03,1000.0,1.03,1000.0,1.03,1000.0,1.03,1000.0,1.03,1000.0,1.03,1000.0,1.03,1000.0,1.03,1000.0,1.03,1000.0,1.03,1000.0,1.03,1000.0,1.03,1000.0,1.03,1000.0,1.01,1000.0,1.01,1000.0,1.03,1000.0,36075815,2017903.0,238549.0,58805.0,1.262477673,1.262477683,1.262477672,1.262477682,1.01,1000.0,1.01,1.47,1.01,55.0,1.02,1.27,3.9,50.0,1.22,1.34,2.32,2.8,1.14,1.26,1.18,1.35,1.262477664,1.262477676,1.262477677,1.262477687
Turkish 2 Lig,2026-09-19,09:30:00,Adana 1954 FK,52 Orduspor,1.1,1000.0,1.1,1000.0,1.1,1000.0,1.24,1000.0,1.01,6.4,1.01,1000.0,1.01,1000.0,1.01,1000.0,1.01,1000.0,1.01,1000.0,1.01,1000.0,1.01,1000.0,1.01,1000.0,1.01,1000.0,1.01,1000.0,1.01,1000.0,1.01,1000.0,1.01,1000.0,1.01,1000.0,1.01,1000.0,1.01,1000.0,1.01,1000.0,1.01,1000.0,1.01,1000.0,1.01,1000.0,1.01,1000.0,36084916,61078081.0,88259212.0,58805.0,1.262586641,1.262586686,1.262586725,1.262586650,1.01,1000.0,1.01,1000.0,1.24,1000.0,1.01,6.4,1.24,1000.0,1.01,6.4,1.01,110.0,1.01,110.0,1.01,110.0,1.262586642,1.262586644,1.262586645,1.262586689
Polish Ekstraklasa,2026-09-19,09:45:00,Korona Kielce,Rakow Czestochowa,2.2,2.32,3.4,3.7,3.6,3.85,2.06,2.2,1.83,1.95,1.71,1.8,2.26,2.42,14.5,19.0,13.0,17.0,19.5,28.0,1.01,75.0,9.8,13.0,7.4,8.6,13.0,17.5,30.0,46.0,13.0,17.5,9.8,11.5,14.5,17.0,1.01,55.0,22.0,34.0,17.0,23.0,26.0,40.0,1.01,95.0,13.5,15.5,1.01,36.0,1.01,1000.0,36064188,1209555.0,5876552.0,58805.0,1.262333037,1.262333040,1.262333084,1.262333085,2.96,110.0,1.34,1.51,10.5,970.0,1.06,1.1,4.1,4.8,1.27,1.32,1.37,1.41,1.76,1.84,1.35,1.39,1.262333086,1.262333047,1.262333038,1.262333039
Swedish Allsvenskan,2026-09-19,10:00:00,Brommapojkarna,IFK Goteborg,3.0,3.2,2.36,2.44,3.75,3.85,2.22,2.52,1.66,1.82,1.55,1.74,2.36,2.82,11.0,55.0,9.0,34.0,10.5,100.0,1.35,1000.0,10.0,55.0,6.2,16.0,7.8,26.0,1.35,1000.0,1.35,1000.0,8.2,36.0,9.0,55.0,1.35,1000.0,1.35,1000.0,1.35,1000.0,1.35,1000.0,1.35,1000.0,1.35,1000.0,9.6,48.0,1.35,1000.0,36068299,151472.0,30689.0,58805.0,1.262379967,1.262379970,1.262380014,1.262380015,3.15,4.4,1.3,1.46,12.0,110.0,1.02,1.08,4.5,5.6,1.22,1.28,1.69,1.74,1.46,1.49,1.35,1.36,1.262380016,1.262379977,1.262379968,1.262379969
Italian Serie B,2026-09-19,10:00:00,US Cremonese,Entella,1.79,1.82,5.0,5.5,3.8,3.95,1.83,1.95,2.06,2.2,1.99,2.06,1.94,2.02,12.0,13.5,14.5,16.5,34.0,40.0,13.5,150.0,7.2,8.2,7.8,8.6,18.0,21.0,60.0,75.0,9.2,10.5,9.2,10.5,19.0,25.0,12.5,80.0,17.0,19.5,17.5,21.0,34.0,50.0,13.5,150.0,11.5,13.5,13.0,110.0,14.5,1000.0,36072489,10513040.0,4893589.0,58805.0,1.262450078,1.262450081,1.262450125,1.262450126,2.78,3.6,1.39,1.55,10.0,15.5,1.08,1.1,3.55,3.8,1.36,1.39,1.22,1.25,2.2,2.28,1.33,1.36,1.262450127,1.262450088,1.262450079,1.262450080
Italian Serie B,2026-09-19,10:00:00,Carrarese,Benevento,3.0,3.2,2.46,2.62,3.4,3.6,1.9,2.14,1.87,2.1,1.72,1.8,2.24,2.38,13.5,15.5,10.0,11.5,14.5,17.0,8.2,44.0,11.5,13.5,6.8,7.6,10.0,12.0,7.6,34.0,18.0,22.0,11.5,13.5,14.5,17.0,8.4,48.0,8.6,60.0,8.0,36.0,8.6,55.0,9.4,110.0,7.6,34.0,17.5,22.0,10.0,1000.0,36072485,5727549.0,522054.0,58805.0,1.262450294,1.262450297,1.262450341,1.262450342,2.92,110.0,1.35,1.49,9.2,15.5,1.07,1.12,3.6,4.5,1.29,1.36,1.61,1.69,1.46,1.5,1.38,1.42,1.262450343,1.262450304,1.262450295,1.262450296
Czech 1 Liga,2026-09-19,10:00:00,Mlada Boleslav,FC Zbrojovka Brno,2.16,2.44,2.98,3.65,3.3,4.4,2.06,2.36,1.73,1.95,1.61,1.81,2.22,2.72,1.01,1000.0,1.01,1000.0,1.01,1000.0,1.01,1000.0,1.01,1000.0,1.01,970.0,1.01,1000.0,1.01,1000.0,1.01,1000.0,1.01,1000.0,1.01,1000.0,1.01,1000.0,1.01,1000.0,1.01,1000.0,1.01,1000.0,1.01,1000.0,1.01,1000.0,1.01,1000.0,1.01,1000.0,36064205,886284.0,9833553.0,58805.0,1.262333302,1.262333305,1.262333349,1.262333350,1.01,1000.0,1.01,110.0,4.4,110.0,1.02,1.11,3.75,5.0,1.26,1.3,1.37,1.51,1.69,1.87,1.29,1.4,1.262333351,1.262333312,1.262333303,1.262333304
Czech 1 Liga,2026-09-19,10:00:00,SK Artis Brno,Slovan Liberec,5.3,6.4,1.67,1.77,3.95,4.3,1.9,2.2,1.84,2.1,1.87,1.99,2.02,2.14,14.0,18.5,7.6,9.0,9.2,11.0,15.0,18.0,16.0,21.0,8.2,9.6,8.8,10.5,15.5,19.5,36.0,55.0,18.5,26.0,17.5,22.0,23.0,50.0,1.01,180.0,1.01,100.0,1.01,100.0,1.01,140.0,1.01,110.0,9.2,11.0,1.01,1000.0,36064209,85908106.0,10503.0,58805.0,1.262334185,1.262334195,1.262334184,1.262334194,1.02,4.4,1.31,110.0,10.0,17.0,1.06,1.08,3.5,4.6,1.28,1.34,2.28,2.5,1.19,1.23,1.3,1.34,1.262334176,1.262334188,1.262334189,1.262334199
Swedish Allsvenskan,2026-09-19,10:00:00,Vasteras SK,Malmo FF,3.25,3.5,2.16,2.28,3.75,4.0,2.22,2.34,1.74,1.82,1.66,1.73,2.36,2.52,16.5,19.0,10.5,12.0,13.5,16.0,8.0,30.0,14.0,16.5,8.0,9.0,10.0,11.5,16.5,23.0,19.5,28.0,13.0,14.5,14.0,16.0,8.6,38.0,9.4,65.0,8.8,42.0,9.0,48.0,9.8,85.0,8.0,32.0,12.0,13.5,11.0,1000.0,36068693,4638399.0,174383.0,58805.0,1.262387854,1.262387857,1.262387901,1.262387902,3.15,4.4,1.3,1.46,14.5,19.5,1.05,1.07,4.6,5.0,1.25,1.28,1.79,1.86,1.4,1.44,1.33,1.37,1.262387903,1.262387864,1.262387855,1.262387856
Czech 1 Liga,2026-09-19,10:00:00,Pardubice,Bohemians 1905,1.88,1.95,4.2,4.5,3.95,4.2,2.1,2.3,1.76,1.91,1.73,1.86,2.16,2.36,15.0,18.0,14.5,21.0,1.01,36.0,1.01,110.0,8.6,10.5,7.8,9.2,15.0,21.0,1.01,60.0,10.5,13.0,8.8,10.5,15.5,21.0,1.01,65.0,18.0,25.0,16.5,19.5,1.01,38.0,1.01,100.0,9.8,11.5,38.0,60.0,1.01,1000.0,36066679,4940265.0,2467701.0,58805.0,1.262367279,1.262367282,1.262367326,1.262367327,1.01,1000.0,1.01,1.51,9.6,970.0,1.05,1.11,4.2,5.3,1.25,1.32,1.28,1.31,2.06,2.14,1.31,1.34,1.262367328,1.262367289,1.262367280,1.262367281
Italian Serie A,2026-09-19,10:00:00,Udinese,Cagliari,2.38,2.4,3.5,3.55,3.35,3.4,1.79,1.81,2.24,2.28,1.93,1.97,2.02,2.08,10.5,11.5,10.5,11.5,21.0,23.0,32.0,70.0,8.4,9.0,7.0,7.4,13.5,14.5,40.0,44.0,13.0,14.5,10.5,11.5,17.5,19.0,50.0,60.0,29.0,32.0,25.0,28.0,40.0,44.0,42.0,120.0,21.0,24.0,42.0,50.0,95.0,1000.0,36041257,215821.0,60297.0,58805.0,1.262102500,1.262102484,1.262102499,1.262102509,2.96,3.05,1.48,1.51,10.5,12.0,1.09,1.1,3.35,3.45,1.41,1.43,1.39,1.4,1.71,1.73,1.41,1.43,1.262102502,1.262102504,1.262102505,1.262102487
Italian Serie A,2026-09-19,10:00:00,Bologna,Torino,2.04,2.06,4.2,4.3,3.6,3.65,1.86,1.91,2.1,2.16,1.92,1.97,2.02,2.1,11.5,13.0,13.5,14.0,27.0,30.0,36.0,100.0,8.2,8.6,7.4,8.0,15.5,17.5,48.0,60.0,10.5,12.0,9.8,10.5,18.0,20.0,55.0,70.0,21.0,23.0,20.0,22.0,36.0,40.0,40.0,120.0,14.5,16.5,50.0,70.0,60.0,1000.0,36041258,199545.0,44503.0,58805.0,1.262102376,1.262102360,1.262102375,1.262102385,3.1,3.25,1.44,1.47,12.0,13.5,1.08,1.09,3.65,3.75,1.37,1.38,1.3,1.32,1.94,1.97,1.37,1.39,1.262102378,1.262102380,1.262102381,1.262102363
Italian Serie B,2026-09-19,10:00:00,Palermo,Padova,1.61,1.67,5.4,7.8,4.0,4.6,2.08,2.42,1.7,1.93,1.73,2.0,2.0,2.36,1.68,1000.0,1.68,1000.0,1.68,1000.0,1.68,1000.0,7.0,970.0,7.0,10.5,1.68,1000.0,1.68,1000.0,7.2,970.0,7.4,970.0,1.68,1000.0,1.68,1000.0,10.0,46.0,10.0,90.0,1.68,1000.0,1.68,1000.0,6.2,12.0,1.68,1000.0,1.68,1000.0,36072474,60307.0,522042.0,58805.0,1.262450834,1.262450837,1.262450881,1.262450882,3.1,110.0,1.31,1.47,10.0,21.0,1.05,1.1,4.4,5.2,1.24,1.3,1.15,1.22,2.48,2.64,1.28,1.32,1.262450883,1.262450844,1.262450835,1.262450836
Swedish Superettan,2026-09-19,10:00:00,Varbergs BoIS,IK Brage,1.63,1.82,4.6,6.6,3.85,4.6,2.16,2.54,1.66,1.85,1.64,1.87,2.14,2.6,1.01,1000.0,1.01,1000.0,1.01,1000.0,1.01,1000.0,1.01,21.0,1.01,970.0,1.01,1000.0,1.01,1000.0,1.01,20.0,1.01,970.0,1.01,1000.0,1.01,1000.0,1.01,1000.0,1.01,1000.0,1.01,1000.0,1.01,1000.0,5.9,970.0,1.01,1000.0,1.01,1000.0,36075071,6225055.0,502308.0,58805.0,1.262469786,1.262469789,1.262469833,1.262469834,1.01,1000.0,1.01,1.45,4.5,36.0,1.04,1.1,4.0,5.9,1.23,1.28,1.2,1.28,2.2,2.6,1.27,1.36,1.262469835,1.262469796,1.262469787,1.262469788
Uruguayan Segunda Division,2026-09-19,10:00:00,Centro Atletico Fenix,Colon FC,2.06,2.6,3.05,5.3,1.12,5.3,1.43,1.85,2.18,3.3,1.01,1000.0,1.01,1000.0,1.01,1000.0,1.01,1000.0,1.01,1000.0,1.01,1000.0,1.01,1000.0,1.01,1000.0,1.01,1000.0,1.01,1000.0,1.01,1000.0,1.01,1000.0,1.01,1000.0,1.01,1000.0,1.01,1000.0,1.01,1000.0,1.01,1000.0,1.01,1000.0,1.01,1000.0,1.01,1000.0,1.01,1000.0,36081480,5313392.0,19339388.0,58805.0,1.262556579,1.262556624,1.262556663,1.262556588,2.22,1000.0,1.45,1000.0,3.0,110.0,1.01,1.5,2.34,4.9,1.26,1.74,1.28,1.49,1.63,1.94,1.23,1.74,1.262556580,1.262556582,1.262556583,1.262556627
Polish I Liga,2026-09-19,10:30:00,Pogon Grodzisk Mazowiecki,LKS Lodz,3.15,4.7,1.95,2.56,3.25,5.9,0.0,0.0,0.0,0.0,0.0,0.0,0.0,0.0,0.0,0.0,0.0,0.0,0.0,0.0,0.0,0.0,0.0,0.0,0.0,0.0,0.0,0.0,0.0,0.0,0.0,0.0,0.0,0.0,0.0,0.0,0.0,0.0,0.0,0.0,0.0,0.0,0.0,0.0,0.0,0.0,0.0,0.0,0.0,0.0,0.0,0.0,36067666,10490468.0,1533911.0,58805.0,1.262373633,0.0,0.0,0.0,0.0,0.0,0.0,0.0,0.0,0.0,0.0,0.0,0.0,0.0,0.0,0.0,0.0,0.0,0.0,0.0,0.0,0.0,0.0,0.0,0.0,0.0
Polish I Liga,2026-09-19,10:30:00,Nieciecza,Odra Opole,1.82,2.18,3.3,5.1,3.45,6.8,1.81,2.42,1.71,2.22,1.01,1000.0,1.01,1000.0,1.01,1000.0,1.01,1000.0,1.01,1000.0,1.01,1000.0,1.01,1000.0,1.01,1000.0,1.01,1000.0,1.01,1000.0,1.01,1000.0,1.01,1000.0,1.01,1000.0,1.01,1000.0,1.01,1000.0,1.01,1000.0,1.01,1000.0,1.01,1000.0,1.01,1000.0,1.01,1000.0,1.01,1000.0,36071936,4871645.0,2618007.0,58805.0,1.262439553,1.262439556,1.262439600,1.262439601,1.01,1000.0,1.01,1000.0,2.72,110.0,1.01,1.36,2.72,100.0,1.27,1.36,1.24,1.44,1.84,2.22,1.18,1.4,1.262439602,1.262439563,1.262439554,1.262439555
German Bundesliga,2026-09-19,10:30:00,Werder Bremen,Augsburg,2.38,2.42,2.92,2.96,4.1,4.2,3.1,3.2,1.45,1.47,1.43,1.46,3.15,3.35,28.0,32.0,21.0,23.0,24.0,27.0,44.0,55.0,18.5,21.0,10.0,10.5,12.5,14.0,23.0,25.0,20.0,22.0,11.0,12.5,12.5,13.5,24.0,27.0,32.0,36.0,18.5,21.0,22.0,24.0,36.0,44.0,9.0,9.8,12.5,13.5,90.0,1000.0,36041093,6555433.0,498560.0,58805.0,1.262095078,1.262095062,1.262095077,1.262095087,4.8,5.1,1.25,1.27,27.0,40.0,1.03,1.04,7.4,8.0,1.14,1.16,1.51,1.53,1.7,1.73,1.31,1.33,1.262095080,1.262095082,1.262095083,1.262095065
German Bundesliga,2026-09-19,10:30:00,Hamburger SV,FC Koln,2.86,2.9,2.52,2.58,3.75,3.85,2.52,2.6,1.63,1.66,1.55,1.59,2.72,2.82,20.0,23.0,14.5,15.5,18.0,20.0,32.0,38.0,15.5,16.5,8.4,9.0,11.0,12.0,21.0,24.0,20.0,23.0,12.0,13.0,13.5,14.5,26.0,29.0,36.0,44.0,24.0,27.0,28.0,32.0,46.0,55.0,15.0,16.5,13.0,14.0,100.0,440.0,36041092,44784.0,44783.0,58805.0,1.262095312,1.262095296,1.262095311,1.262095321,4.0,4.3,1.31,1.33,21.0,25.0,1.04,1.05,5.6,5.8,1.21,1.22,1.63,1.66,1.52,1.54,1.35,1.36,1.262095314,1.262095316,1.262095317,1.262095299
German Bundesliga,2026-09-19,10:30:00,Mgladbach,Mainz,3.1,3.15,2.36,2.4,3.85,3.95,2.64,2.72,1.59,1.61,1.52,1.57,2.78,2.9,21.0,24.0,14.5,16.0,17.0,19.0,29.0,32.0,16.5,18.5,8.8,9.2,10.5,12.0,19.5,22.0,23.0,25.0,12.5,14.0,13.0,14.0,25.0,28.0,42.0,48.0,26.0,29.0,29.0,32.0,44.0,55.0,16.0,18.0,11.0,12.0,100.0,400.0,36041024,84649.0,64374.0,58805.0,1.262095526,1.262095510,1.262095525,1.262095535,4.2,4.5,1.29,1.32,21.0,26.0,1.04,1.05,5.9,6.0,1.2,1.21,1.71,1.74,1.46,1.48,1.33,1.36,1.262095528,1.262095530,1.262095531,1.262095513
Bulgarian A League,2026-09-19,10:30:00,Septemvri,Botev Plovdiv,4.4,5.6,1.77,1.95,3.65,4.7,1.85,2.06,1.94,2.18,1.83,2.1,1.9,2.2,1.01,1000.0,1.01,970.0,1.01,19.0,1.01,1000.0,1.01,1000.0,1.01,970.0,1.01,21.0,1.01,1000.0,1.01,1000.0,1.01,1000.0,1.01,1000.0,1.01,1000.0,1.01,1000.0,1.01,1000.0,1.01,1000.0,1.01,1000.0,1.01,1000.0,1.01,1000.0,1.01,1000.0,36071125,11801202.0,1255220.0,58805.0,1.262431963,1.262431973,1.262431962,1.262431972,2.84,4.2,1.32,1.54,8.8,55.0,1.03,1.11,3.6,4.3,1.31,1.38,2.06,2.3,1.22,1.3,1.27,1.38,1.262431954,1.262431966,1.262431967,1.262431977
Polish I Liga,2026-09-19,10:30:00,Polonia Warszawa,Chrobry Glogow,1.82,2.06,3.65,5.1,3.5,5.5,2.1,2.32,1.75,1.91,1.01,1.99,1.01,2.42,1.01,1000.0,8.4,1000.0,1.01,1000.0,1.01,1000.0,7.4,1000.0,6.2,15.5,8.8,1000.0,1.01,1000.0,8.2,1000.0,7.6,1000.0,9.2,1000.0,1.01,1000.0,1.01,1000.0,9.6,1000.0,1.01,1000.0,1.01,1000.0,7.8,1000.0,1.01,1000.0,1.01,1000.0,36064528,10490469.0,5822815.0,58805.0,1.262338419,1.262338422,1.262338466,1.262338467,1.01,1000.0,1.01,1.47,4.2,110.0,1.02,1.12,4.1,110.0,1.25,1.31,1.26,1.38,1.95,2.22,1.29,1.4,1.262338468,1.262338429,1.262338420,1.262338421
Azerbaijan Premier League,2026-09-19,10:30:00,PFK Turan Tovuz,Zira,2.34,2.88,3.1,4.2,2.66,110.0,1.46,1.65,2.52,3.2,1.01,1000.0,1.01,1000.0,1.01,1000.0,1.01,1000.0,1.01,1000.0,1.01,1000.0,1.01,1000.0,1.01,1000.0,1.01,1000.0,1.01,1000.0,1.01,1000.0,1.01,1000.0,1.01,1000.0,1.01,1000.0,1.01,1000.0,1.01,1000.0,1.01,1000.0,1.01,1000.0,1.01,1000.0,1.01,1000.0,1.01,1000.0,36081638,6658940.0,10135613.0,58805.0,1.262557811,1.262557814,1.262557858,1.262557859,2.16,3.15,1.46,1.87,3.15,110.0,1.01,1.46,2.42,4.3,1.31,1.7,1.31,1.48,1.53,1.74,1.3,1.61,1.262557860,1.262557821,1.262557812,1.262557813
German Bundesliga,2026-09-19,10:30:00,Eintracht Frankfurt,Freiburg,2.5,2.52,2.82,2.86,4.0,4.1,2.96,3.05,1.49,1.51,1.46,1.48,3.1,3.2,19.5,29.0,18.5,21.0,22.0,26.0,40.0,46.0,16.5,19.0,9.4,10.5,12.5,13.5,22.0,26.0,19.0,22.0,11.0,12.5,12.5,14.0,25.0,28.0,34.0,38.0,19.0,22.0,23.0,26.0,40.0,55.0,10.0,11.0,12.5,13.5,48.0,1000.0,36041096,347774.0,44520.0,58805.0,1.262094954,1.262094938,1.262094953,1.262094963,4.6,5.0,1.25,1.28,26.0,34.0,1.03,1.04,6.8,7.4,1.15,1.17,1.53,1.55,1.65,1.67,1.32,1.34,1.262094956,1.262094958,1.262094959,1.262094941
Scottish Championship,2026-09-19,11:00:00,Livingston,Inverness CT,1.92,2.1,3.8,4.9,3.5,3.9,1.86,2.08,1.93,2.18,1.71,2.04,1.96,2.42,1.01,1000.0,1.01,1000.0,1.01,1000.0,1.01,1000.0,1.01,1000.0,1.01,1000.0,1.01,1000.0,1.01,1000.0,1.01,1000.0,1.01,1000.0,1.01,1000.0,1.01,1000.0,1.01,1000.0,1.01,1000.0,1.01,1000.0,1.01,1000.0,1.01,1000.0,1.01,1000.0,1.01,1000.0,36064517,57423.0,56285.0,58805.0,1.262347959,1.262347969,1.262347958,1.262347968,1.01,1000.0,1.01,1.54,3.75,970.0,1.07,1.12,3.7,4.2,1.32,1.37,1.27,1.36,1.9,2.1,1.35,1.4,1.262347950,1.262347962,1.262347963,1.262347973
English National League,2026-09-19,11:00:00,Woking,Kidderminster,2.36,2.78,2.86,3.5,3.1,4.2,1.87,2.12,1.9,2.14,1.67,1.89,2.12,2.5,1.01,1000.0,1.01,1000.0,1.01,1000.0,1.01,1000.0,1.01,20.0,1.01,970.0,1.01,34.0,1.01,1000.0,1.01,1000.0,1.01,24.0,1.01,1000.0,1.01,1000.0,1.01,1000.0,1.01,1000.0,1.01,1000.0,1.01,1000.0,1.01,1000.0,1.01,1000.0,1.01,1000.0,36065238,41998.0,18560.0,58805.0,1.262345242,1.262345245,1.262345289,1.262345290,1.01,1000.0,1.01,1.54,3.7,970.0,1.06,1.13,3.7,4.3,1.31,1.38,1.4,1.54,1.6,1.73,1.32,1.48,1.262345291,1.262345252,1.262345243,1.262345244
English National League,2026-09-19,11:00:00,Barrow,Aldershot,1.82,2.04,3.65,5.0,3.65,4.9,2.2,2.6,1.63,1.83,1.58,1.79,2.26,2.74,1.01,1000.0,1.01,1000.0,1.01,1000.0,1.01,1000.0,1.01,23.0,1.01,970.0,1.01,1000.0,1.01,1000.0,1.01,36.0,1.01,18.0,1.01,1000.0,1.01,1000.0,1.01,1000.0,1.01,1000.0,1.01,1000.0,1.01,1000.0,1.01,970.0,1.01,1000.0,1.01,1000.0,36065250,62647.0,62504.0,58805.0,1.262346502,1.262346505,1.262346549,1.262346550,1.01,1000.0,1.01,1.44,5.0,110.0,1.01,1.09,4.2,6.4,1.22,1.25,1.25,1.36,1.96,2.22,1.25,1.38,1.262346551,1.262346512,1.262346503,1.262346504
English National League,2026-09-19,11:00:00,Boreham Wood,Harrogate Town,1.55,1.72,4.8,7.4,1.03,6.8,2.6,100.0,1.14,1.63,1.01,1000.0,1.01,1000.0,1.01,1000.0,1.01,1000.0,1.01,1000.0,1.01,1000.0,1.01,1000.0,1.01,1000.0,1.01,1000.0,1.01,1000.0,1.01,1000.0,1.01,1000.0,1.01,1000.0,1.01,1000.0,1.01,1000.0,1.01,1000.0,1.01,1000.0,1.01,1000.0,1.01,1000.0,1.01,1000.0,1.01,1000.0,36065202,256120.0,256198.0,58805.0,1.262344681,1.262344684,1.262344728,1.262344729,1.01,1000.0,1.01,1000.0,1.01,110.0,1.01,1.2,2.6,100.0,1.14,1.2,1.17,1.26,2.38,2.82,1.17,1.36,1.262344730,1.262344691,1.262344682,1.262344683
English National League,2026-09-19,11:00:00,AFC Fylde,Altrincham,1.87,1.95,3.8,4.3,4.0,4.6,2.34,2.76,1.57,1.73,1.53,1.73,2.34,2.86,1.01,1000.0,1.01,1000.0,1.01,1000.0,1.01,1000.0,1.01,1000.0,1.01,970.0,1.01,1000.0,1.01,1000.0,1.01,1000.0,1.01,1000.0,1.01,1000.0,1.01,1000.0,1.01,1000.0,1.01,1000.0,1.01,1000.0,1.01,1000.0,1.01,13.0,1.01,1000.0,1.01,1000.0,36065235,4317866.0,62505.0,58805.0,1.262345458,1.262345461,1.262345505,1.262345506,1.01,1000.0,1.01,1.41,4.8,110.0,1.01,1.23,4.7,100.0,1.18,1.24,1.31,1.37,2.04,2.16,1.28,1.34,1.262345507,1.262345468,1.262345459,1.262345460
English National League,2026-09-19,11:00:00,Gateshead,Southend,5.1,7.0,1.56,1.66,4.2,5.2,2.12,2.58,1.66,1.88,1.78,1.96,2.04,2.28,16.0,21.0,8.4,10.0,9.0,11.0,13.0,16.5,19.0,28.0,8.8,11.0,8.6,10.5,14.0,970.0,1.01,65.0,17.0,29.0,17.0,25.0,1.01,40.0,1.01,190.0,1.01,100.0,1.01,90.0,1.01,120.0,1.01,110.0,6.8,8.0,1.01,1000.0,36064816,18571.0,69719.0,58805.0,1.262340913,1.262340916,1.262340960,1.262340961,1.01,1000.0,1.01,1.43,1.01,26.0,1.05,1.11,4.3,6.2,1.24,1.28,2.46,2.8,1.17,1.24,1.24,1.32,1.262340962,1.262340923,1.262340914,1.262340915
English Premier League,2026-09-19,11:00:00,Newcastle,Hull,1.65,1.66,5.4,5.5,4.6,4.7,2.44,2.5,1.67,1.69,1.75,1.8,2.26,2.34,21.0,22.0,21.0,23.0,40.0,46.0,70.0,130.0,11.0,11.5,9.8,10.5,18.5,19.5,55.0,65.0,10.0,11.0,9.8,10.0,17.5,18.5,50.0,60.0,15.0,16.0,14.0,15.0,27.0,30.0,70.0,90.0,6.6,7.0,48.0,65.0,60.0,920.0,36036466,25422.0,70385.0,58805.0,1.262042098,1.262042037,1.262042097,1.262042108,3.95,4.2,1.32,1.34,19.5,25.0,1.04,1.05,5.3,5.7,1.22,1.23,1.22,1.23,2.5,2.54,1.27,1.28,1.262042100,1.262042102,1.262042103,1.262042041
Scottish Championship,2026-09-19,11:00:00,Stenhousemuir,Arbroath,1.94,2.06,4.5,4.9,3.4,3.55,1.66,1.77,2.3,2.5,1.96,2.34,1.77,2.06,7.2,17.5,8.0,1000.0,1.01,1000.0,1.01,1000.0,5.5,11.0,5.5,11.0,10.5,1000.0,1.01,1000.0,7.4,1000.0,7.4,1000.0,1.01,1000.0,1.01,1000.0,1.01,1000.0,1.01,1000.0,1.01,1000.0,1.01,1000.0,11.5,1000.0,1.01,1000.0,1.01,1000.0,36065315,729806.0,306045.0,58805.0,1.262347849,1.262347859,1.262347848,1.262347858,1.01,1000.0,1.01,110.0,6.8,15.5,1.1,1.16,3.0,3.5,1.4,1.5,1.24,1.29,1.95,2.1,1.39,1.41,1.262347840,1.262347852,1.262347853,1.262347863
Scottish League Two,2026-09-19,11:00:00,Kelty Hearts,Edinburgh City,2.5,2.88,2.7,3.6,1.1,3.95,2.04,2.4,1.72,1.97,1.01,1000.0,1.01,1000.0,1.01,1000.0,1.01,1000.0,1.01,1000.0,1.01,1000.0,1.01,1000.0,1.01,1000.0,1.01,1000.0,1.01,1000.0,1.01,1000.0,1.01,1000.0,1.01,1000.0,1.01,1000.0,1.01,1000.0,1.01,1000.0,1.01,1000.0,1.01,1000.0,1.01,1000.0,1.01,1000.0,1.01,1000.0,36067638,10317903.0,615040.0,58805.0,1.262373308,1.262373311,1.262373355,1.262373356,1.01,1000.0,1.01,1000.0,3.9,1000.0,1.01,1.34,3.9,110.0,1.01,1.34,1.38,1.58,1.53,1.67,1.33,110.0,1.262373357,1.262373318,1.262373309,1.262373310
Turkish Super League,2026-09-19,11:00:00,Corum Belediyespor,Alanyaspor,2.08,2.3,3.55,4.3,3.1,4.2,1.76,1.99,2.02,2.3,1.79,2.1,1.92,2.26,8.4,28.0,7.6,34.0,1.45,1000.0,1.45,1000.0,7.0,19.0,5.9,11.5,10.0,90.0,1.45,1000.0,8.6,32.0,8.0,24.0,11.5,1000.0,1.45,1000.0,1.45,1000.0,1.45,1000.0,1.45,1000.0,1.45,1000.0,10.5,100.0,1.45,1000.0,1.45,1000.0,36064340,6781499.0,2080777.0,58805.0,1.262336915,1.262336925,1.262336914,1.262336924,2.72,3.6,1.39,1.51,7.6,23.0,1.04,1.14,3.2,4.4,1.34,1.43,1.32,1.39,1.78,1.92,1.32,1.4,1.262336906,1.262336918,1.262336919,1.262336929
Scottish League One,2026-09-19,11:00:00,Peterhead,Airdrieonians,2.68,4.3,2.1,2.94,2.82,6.8,1.71,2.08,1.92,2.42,1.01,1000.0,1.01,1000.0,1.01,1000.0,1.01,1000.0,1.01,1000.0,1.01,1000.0,1.01,1000.0,1.01,1000.0,1.01,1000.0,1.01,1000.0,1.01,1000.0,1.01,1000.0,1.01,1000.0,1.01,1000.0,1.01,1000.0,1.01,1000.0,1.01,1000.0,1.01,1000.0,1.01,1000.0,1.01,1000.0,1.01,1000.0,36065237,729810.0,7394884.0,58805.0,1.262347278,1.262347288,1.262347277,1.262347287,2.58,4.1,1.01,1000.0,2.88,1000.0,1.01,1.53,2.88,110.0,1.01,1.53,1.51,1.91,1.31,1.6,1.35,1.55,1.262347269,1.262347281,1.262347282,1.262347292
Scottish League One,2026-09-19,11:00:00,Alloa,East Kilbride,2.26,2.76,2.44,3.55,2.94,950.0,2.14,3.5,1.5,1.88,1.01,1000.0,1.01,1000.0,1.01,1000.0,1.01,1000.0,1.01,1000.0,1.01,1000.0,1.01,1000.0,1.01,1000.0,1.01,1000.0,1.01,1000.0,1.01,1000.0,1.01,1000.0,1.01,1000.0,1.01,1000.0,1.01,1000.0,1.01,1000.0,1.01,1000.0,1.01,1000.0,1.01,1000.0,1.01,1000.0,1.01,1000.0,36065169,203715.0,8831169.0,58805.0,1.262347498,1.262347508,1.262347497,1.262347507,1.01,1000.0,1.01,1.45,3.45,36.0,1.04,1.36,3.45,34.0,1.21,1.36,1.42,1.7,1.56,1.8,1.17,1.52,1.262347489,1.262347501,1.262347502,1.262347512
Scottish League One,2026-09-19,11:00:00,Cove Rangers,Ross Co,7.2,680.0,1.32,1.5,3.05,9.6,2.36,3.75,1.37,1.74,1.01,1000.0,1.01,1000.0,1.01,1000.0,1.01,1000.0,1.01,1000.0,1.01,1000.0,1.01,1000.0,1.01,1000.0,1.01,1000.0,1.01,1000.0,1.01,1000.0,1.01,1000.0,1.01,1000.0,1.01,1000.0,1.01,1000.0,1.01,1000.0,1.01,1000.0,1.01,1000.0,1.01,1000.0,1.01,1000.0,1.01,1000.0,36065230,284608.0,674742.0,58805.0,1.262347388,1.262347398,1.262347387,1.262347397,1.01,1000.0,1.01,1000.0,2.8,110.0,1.01,1.55,2.8,100.0,1.01,1.55,3.0,4.2,1.01,1.16,1.12,1.48,1.262347379,1.262347391,1.262347392,1.262347402
Finnish Veikkausliiga,2026-09-19,11:00:00,VPS,KuPS,3.3,3.55,2.26,2.42,3.5,3.7,1.84,2.14,1.88,2.2,1.67,1.93,2.08,2.48,11.5,15.0,9.2,970.0,12.5,15.5,24.0,36.0,8.8,14.5,7.2,8.2,10.0,970.0,18.5,26.0,17.5,25.0,9.4,15.0,15.5,19.0,28.0,46.0,1.01,70.0,28.0,44.0,36.0,60.0,1.01,110.0,25.0,42.0,15.0,21.0,1.01,1000.0,36071186,139511.0,139510.0,58805.0,1.262430627,1.262430637,1.262430626,1.262430636,1.01,3.75,1.37,1.55,8.8,15.5,1.07,1.13,3.4,4.8,1.29,1.42,1.7,1.8,1.38,1.44,1.37,1.4,1.262430618,1.262430630,1.262430631,1.262430641
Turkish 1 Lig,2026-09-19,11:00:00,Sariyer G.K.,Boluspor,1.24,1.35,1.12,110.0,5.9,110.0,2.3,2.74,1.58,1.76,1.01,2.5,1.01,1.91,1.01,1000.0,1.01,1000.0,1.01,1000.0,1.01,1000.0,6.6,1000.0,1.01,1000.0,1.01,1000.0,1.01,1000.0,5.7,11.5,8.0,1000.0,1.01,1000.0,1.01,1000.0,6.6,1000.0,9.0,1000.0,1.01,1000.0,1.01,1000.0,3.35,5.1,1.01,1000.0,1.01,1000.0,36066357,10486194.0,2553026.0,58805.0,1.262360201,1.262360204,1.262360248,1.262360249,1.01,1000.0,1.01,110.0,4.5,110.0,1.01,1.28,4.5,7.0,1.2,1.28,1.03,1.13,3.85,5.6,1.13,1.21,1.262360250,1.262360211,1.262360202,1.262360203
Bosnian Premier League,2026-09-19,11:00:00,FK BSK Banja Luka,Radnik Bijeljina,2.04,2.56,2.9,4.6,2.54,6.2,1.53,1.95,2.04,2.9,1.01,1000.0,1.01,1000.0,1.01,1000.0,1.01,1000.0,1.01,1000.0,1.01,1000.0,1.01,1000.0,1.01,1000.0,1.01,1000.0,1.01,1000.0,1.01,1000.0,1.01,1000.0,1.01,1000.0,1.01,1000.0,1.01,1000.0,1.01,1000.0,1.01,1000.0,1.01,1000.0,1.01,1000.0,1.01,1000.0,1.01,1000.0,36076034,59856642.0,8390754.0,58805.0,1.262483127,1.262483137,1.262483126,1.262483136,2.34,3.6,1.01,1000.0,1.01,1000.0,1.01,1000.0,1.01,3.45,1.4,970.0,1.01,1000.0,1.01,1000.0,1.01,1000.0,1.262483118,1.262483130,1.262483131,1.262483141
Norwegian 1st Division,2026-09-19,11:00:00,Asane,Bryne,3.6,4.5,1.9,2.06,3.95,4.2,2.26,2.64,1.6,1.8,1.01,1000.0,1.01,1000.0,1.01,1000.0,1.01,1000.0,1.01,1000.0,1.01,1000.0,1.01,1000.0,1.01,1000.0,1.01,1000.0,1.01,1000.0,1.01,1000.0,1.01,1000.0,1.01,1000.0,1.01,1000.0,1.01,1000.0,1.01,1000.0,1.01,1000.0,1.01,1000.0,1.01,1000.0,1.01,1000.0,1.01,1000.0,36075065,152573.0,7033.0,58805.0,1.262469570,1.262469573,1.262469617,1.262469618,1.01,1000.0,1.01,1000.0,4.5,110.0,1.01,1.29,4.5,6.2,1.19,1.29,1.94,2.1,1.31,1.39,1.31,1.34,1.262469619,1.262469580,1.262469571,1.262469572
Scottish Premiership,2026-09-19,11:00:00,St Johnstone,Falkirk,2.1,2.2,3.75,4.1,3.55,3.7,1.91,2.12,1.89,2.1,1.76,1.86,2.16,2.32,13.0,17.5,12.5,17.0,20.0,34.0,7.0,90.0,8.8,10.5,7.4,8.4,13.5,18.5,32.0,55.0,12.0,16.0,9.6,11.0,15.5,21.0,36.0,65.0,6.0,32.0,19.0,26.0,6.6,42.0,7.0,110.0,13.0,18.0,32.0,50.0,7.4,1000.0,36071050,57425.0,328049.0,58805.0,1.262427556,1.262427566,1.262427555,1.262427565,2.92,4.3,1.37,1.47,12.0,15.5,1.07,1.09,3.85,4.4,1.29,1.36,1.33,1.37,1.84,1.91,1.37,1.4,1.262427547,1.262427559,1.262427560,1.262427570
Scottish Premiership,2026-09-19,11:00:00,Dundee,Motherwell,3.1,3.35,2.32,2.54,3.45,3.75,2.18,2.44,1.7,1.84,1.57,1.75,2.34,2.76,10.5,980.0,8.8,30.0,10.5,1000.0,1.51,34.0,10.0,1000.0,6.0,12.0,8.0,23.0,1.58,1000.0,1.58,1000.0,9.2,36.0,10.0,990.0,1.52,38.0,1.58,1000.0,1.58,1000.0,1.53,46.0,1.56,95.0,17.5,1000.0,10.0,960.0,1.58,1000.0,36071048,13133.0,10707.0,58805.0,1.262427776,1.262427786,1.262427775,1.262427785,3.15,4.2,1.36,1.46,9.2,55.0,1.05,1.11,4.0,5.8,1.26,1.34,1.65,1.75,1.43,1.47,1.37,1.41,1.262427767,1.262427779,1.262427780,1.262427790
Turkish Super League,2026-09-19,11:00:00,Kocaelispor,Gaziantep FK,2.28,2.48,3.55,4.3,2.9,3.6,1.58,1.75,2.32,2.7,1.91,2.26,1.79,2.1,6.8,15.5,7.8,28.0,1.57,1000.0,1.57,1000.0,6.2,15.5,5.5,10.0,10.0,95.0,1.57,1000.0,8.6,38.0,8.2,26.0,1.57,1000.0,1.57,1000.0,1.57,1000.0,1.57,1000.0,1.57,1000.0,1.57,1000.0,1.57,1000.0,1.57,1000.0,1.57,1000.0,36064331,113126.0,13848831.0,58805.0,1.262337025,1.262337035,1.262337024,1.262337034,2.5,3.25,1.45,1.65,6.8,15.0,1.07,1.18,2.74,3.55,1.39,1.58,1.31,1.39,1.67,1.76,1.4,1.53,1.262337016,1.262337028,1.262337029,1.262337039
English National League,2026-09-19,11:00:00,Eastleigh,Carlisle,3.85,5.1,1.83,2.06,3.75,5.2,2.2,2.62,1.62,1.82,1.01,1000.0,1.01,1000.0,1.01,1000.0,1.01,1000.0,1.01,1000.0,1.01,1000.0,1.01,1000.0,1.01,1000.0,1.01,1000.0,1.01,1000.0,1.01,1000.0,1.01,1000.0,1.01,1000.0,1.01,1000.0,1.01,1000.0,1.01,1000.0,1.01,1000.0,1.01,1000.0,1.01,1000.0,1.01,1000.0,1.01,1000.0,36065252,1222691.0,18561.0,58805.0,1.262346286,1.262346289,1.262346333,1.262346334,1.01,1000.0,1.01,1000.0,4.3,110.0,1.01,1.3,4.3,6.4,1.21,1.3,1.95,2.22,1.24,1.36,1.24,1.37,1.262346335,1.262346296,1.262346287,1.262346288
Scottish Premiership,2026-09-19,11:00:00,St Mirren,Dundee Utd,2.38,2.64,2.74,3.15,3.7,4.5,2.32,2.7,1.59,1.75,1.51,1.69,2.44,2.98,1.2,1000.0,1.2,1000.0,1.2,1000.0,1.2,1000.0,1.2,1000.0,6.4,13.5,1.16,30.0,1.2,1000.0,1.2,1000.0,8.0,24.0,1.2,1000.0,1.2,1000.0,1.2,1000.0,1.2,1000.0,1.2,1000.0,1.2,1000.0,1.17,44.0,1.2,1000.0,1.2,1000.0,36084522,674748.0,48818.0,58805.0,1.262583457,1.262583467,1.262583456,1.262583466,1.01,110.0,1.32,1.43,4.8,110.0,1.01,1.25,4.8,5.6,1.23,1.25,1.47,1.58,1.61,1.72,1.31,1.38,1.262583448,1.262583460,1.262583461,1.262583471
Estonian Premier League,2026-09-19,11:00:00,Nomme Utd,Paide Linnameeskond,4.2,7.0,1.62,1.94,3.7,7.0,2.4,3.6,1.38,1.71,1.01,1000.0,1.01,1000.0,1.01,1000.0,1.01,1000.0,1.01,1000.0,1.01,1000.0,1.01,1000.0,1.01,1000.0,1.01,1000.0,1.01,1000.0,1.01,1000.0,1.01,1000.0,1.01,1000.0,1.01,1000.0,1.01,1000.0,1.01,1000.0,1.01,1000.0,1.01,1000.0,1.01,1000.0,1.01,1000.0,1.01,1000.0,36071185,10443529.0,5407316.0,58805.0,1.262430407,1.262430417,1.262430406,1.262430416,1.01,1000.0,1.01,1000.0,5.5,110.0,1.01,1.18,5.5,10.5,1.11,1.18,2.06,2.62,1.17,1.32,1.17,1.38,1.262430398,1.262430410,1.262430411,1.262430421
Icelandic Urvalsdeild,2026-09-19,11:00:00,KR Reykjavik,Vikingur Reykjavik,0.0,0.0,0.0,0.0,0.0,0.0,1.25,110.0,1.02,5.4,1.2,1.34,1.01,970.0,1.01,1000.0,1.01,1000.0,1.01,1000.0,1.01,1000.0,1.01,1000.0,1.01,1000.0,1.01,1000.0,1.01,1000.0,1.01,1000.0,1.01,1000.0,1.01,1000.0,1.01,1000.0,1.01,1000.0,1.01,1000.0,1.01,1000.0,1.01,1000.0,1.01,970.0,1.01,970.0,1.01,1000.0,36073902,0.0,0.0,0.0,0.0,1.262458139,1.262458183,1.262458184,1.01,1000.0,1.01,1.23,1.01,1000.0,1.01,1000.0,1.26,110.0,1.02,1.08,1.01,1000.0,1.01,1000.0,1.01,1.32,1.262458185,1.262458146,1.262458137,1.262458138
Turkish 1 Lig,2026-09-19,11:00:00,Keciorengucu,Sivasspor,1.97,2.28,3.1,4.3,3.55,110.0,2.02,2.38,1.73,1.97,1.01,1.87,1.01,2.56,1.01,1000.0,8.0,1000.0,1.01,1000.0,1.01,1000.0,6.4,1000.0,6.2,1000.0,8.2,1000.0,1.01,1000.0,7.6,1000.0,6.6,1000.0,1.01,1000.0,1.01,1000.0,1.01,1000.0,1.01,1000.0,1.01,1000.0,1.01,1000.0,7.4,1000.0,1.01,1000.0,1.01,1000.0,36068626,2080693.0,508773.0,58805.0,1.262386219,1.262386222,1.262386266,1.262386267,1.01,4.4,1.3,110.0,4.0,110.0,1.02,1.14,2.16,50.0,1.24,1.33,1.35,1.47,1.79,2.04,1.27,1.39,1.262386268,1.262386229,1.262386220,1.262386221
Scottish League One,2026-09-19,11:00:00,East Fife,Montrose,1.36,2.86,2.72,44.0,2.9,4.0,1.62,2.28,1.78,2.6,1.01,1000.0,1.01,1000.0,1.01,1000.0,1.01,1000.0,1.01,1000.0,1.01,1000.0,1.01,1000.0,1.01,1000.0,1.01,1000.0,1.01,1000.0,1.01,1000.0,1.01,1000.0,1.01,1000.0,1.01,1000.0,1.01,1000.0,1.01,1000.0,1.01,1000.0,1.01,1000.0,1.01,1000.0,1.01,1000.0,1.01,1000.0,36065248,674743.0,674746.0,58805.0,1.262347168,1.262347178,1.262347167,1.262347177,2.62,4.2,1.01,1000.0,3.25,1000.0,1.01,1.44,3.25,110.0,1.01,1.44,1.34,1.58,1.54,26.0,1.35,1.53,1.262347159,1.262347171,1.262347172,1.262347182
Scottish League Two,2026-09-19,11:00:00,Stirling,Clyde,3.55,4.9,1.78,2.06,4.0,4.6,2.4,3.15,1.47,1.71,1.01,1000.0,1.01,1000.0,1.01,1000.0,1.01,1000.0,1.01,1000.0,1.01,1000.0,1.01,1000.0,1.01,1000.0,1.01,1000.0,1.01,1000.0,1.01,1000.0,1.01,1000.0,1.01,1000.0,1.01,1000.0,1.01,1000.0,1.01,1000.0,1.01,1000.0,1.01,1000.0,1.01,1000.0,1.01,1000.0,1.01,1000.0,36067651,729811.0,328050.0,58805.0,1.262373416,1.262373419,1.262373463,1.262373464,1.01,1000.0,1.01,1000.0,2.92,110.0,1.01,1.53,2.92,100.0,1.02,1.53,1.95,2.28,1.28,1.4,1.27,1.34,1.262373465,1.262373426,1.262373417,1.262373418
English Premier League,2026-09-19,11:00:00,Brighton,Arsenal,5.2,5.3,1.75,1.76,4.1,4.2,2.22,2.26,1.79,1.81,1.78,1.82,2.22,2.3,17.5,18.0,9.4,9.8,10.0,10.5,16.5,17.5,19.5,21.0,8.6,9.0,9.2,9.6,16.0,17.0,36.0,42.0,18.5,19.5,17.5,18.0,29.0,32.0,100.0,120.0,55.0,65.0,50.0,55.0,80.0,90.0,60.0,65.0,8.8,9.0,110.0,880.0,36036463,18567.0,1096.0,58805.0,1.262042236,1.262042175,1.262042235,1.262042246,3.55,3.7,1.37,1.4,17.0,19.5,1.05,1.06,4.6,4.9,1.25,1.28,2.3,2.34,1.23,1.24,1.31,1.33,1.262042238,1.262042240,1.262042241,1.262042179
Scottish League Two,2026-09-19,11:00:00,Dumbarton,Spartans,3.8,5.9,1.65,2.14,3.75,7.8,2.08,2.98,1.5,1.93,1.01,1000.0,1.01,1000.0,1.01,1000.0,1.01,1000.0,1.01,1000.0,1.01,1000.0,1.01,1000.0,1.01,1000.0,1.01,1000.0,1.01,1000.0,1.01,1000.0,1.01,1000.0,1.01,1000.0,1.01,1000.0,1.01,1000.0,1.01,1000.0,1.01,1000.0,1.01,1000.0,1.01,1000.0,1.01,1000.0,1.01,1000.0,36068218,2152.0,66266.0,58805.0,1.262378443,1.262378446,1.262378490,1.262378491,1.01,1000.0,1.01,1000.0,2.7,110.0,1.01,1.59,2.7,100.0,1.01,1.59,1.88,2.54,1.2,1.36,1.15,1.37,1.262378492,1.262378453,1.262378444,1.262378445
Scottish League Two,2026-09-19,11:00:00,Forfar,Annan,2.72,3.35,2.4,2.9,3.15,4.7,1.9,2.18,1.85,2.1,1.01,1000.0,1.01,1000.0,1.01,1000.0,1.01,1000.0,1.01,1000.0,1.01,1000.0,1.01,1000.0,1.01,1000.0,1.01,1000.0,1.01,1000.0,1.01,1000.0,1.01,1000.0,1.01,1000.0,1.01,1000.0,1.01,1000.0,1.01,1000.0,1.01,1000.0,1.01,1000.0,1.01,1000.0,1.01,1000.0,1.01,1000.0,36068217,729805.0,11386623.0,58805.0,1.262378335,1.262378338,1.262378382,1.262378383,1.01,1000.0,1.01,1000.0,1.9,1000.0,1.01,2.1,1.9,1000.0,1.01,2.1,1.53,1.72,1.42,1.59,1.27,1.46,1.262378384,1.262378345,1.262378336,1.262378337
Scottish League Two,2026-09-19,11:00:00,Elgin City FC,Stranraer,1.99,2.3,3.2,4.9,3.4,950.0,1.93,2.34,1.75,2.08,1.01,1000.0,1.01,1000.0,1.01,1000.0,9.2,23.0,9.2,40.0,9.2,100.0,1.01,16.0,1.01,12.5,9.2,23.0,9.2,60.0,1.01,21.0,1.01,15.5,1.01,25.0,9.2,70.0,1.01,38.0,1.01,28.0,1.01,48.0,1.01,100.0,1.01,17.5,9.2,55.0,1.01,1000.0,36067640,46277118.0,122903.0,58805.0,1.262373524,1.262373527,1.262373571,1.262373572,1.01,1000.0,1.28,1.55,3.05,110.0,1.01,1.48,3.05,110.0,1.01,1.48,1.33,1.46,1.76,2.02,1.32,1.42,1.262373573,1.262373534,1.262373525,1.262373526
Norwegian Eliteserien,2026-09-19,11:00:00,Kristiansund,Rosenborg,5.8,6.4,1.57,1.61,4.8,5.3,2.8,3.1,1.48,1.55,1.57,1.77,2.28,2.76,1.49,1000.0,8.8,34.0,8.0,25.0,10.0,1000.0,1.49,1000.0,8.0,24.0,7.4,970.0,9.2,40.0,1.49,1000.0,1.49,1000.0,11.0,1000.0,1.49,1000.0,1.49,1000.0,1.49,1000.0,1.49,1000.0,1.49,1000.0,1.49,1000.0,4.4,7.0,1.49,1000.0,36068367,2440424.0,55224.0,58805.0,1.262380705,1.262380708,1.262380752,1.262380753,1.01,110.0,1.23,1.35,1.02,55.0,1.02,1.21,2.8,8.0,1.14,1.55,1.01,1000.0,1.01,1000.0,1.18,1.32,1.262380754,1.262380715,1.262380706,1.262380707
Scottish Premiership,2026-09-19,11:00:00,Hibernian,Aberdeen,1.79,1.84,4.8,5.0,4.0,4.3,2.28,2.48,1.68,1.78,1.68,1.8,2.26,2.48,17.5,22.0,16.5,21.0,8.6,42.0,8.6,120.0,9.2,11.5,8.4,9.8,16.0,19.5,8.8,65.0,10.5,12.5,9.0,11.0,15.5,19.0,9.0,70.0,16.5,20.0,15.0,18.0,8.2,38.0,8.6,100.0,8.2,9.4,8.6,65.0,9.4,1000.0,36071049,9166.0,1189.0,58805.0,1.262427666,1.262427676,1.262427665,1.262427675,3.15,110.0,1.33,1.45,14.0,36.0,1.05,1.07,4.8,5.4,1.24,1.27,1.25,1.27,2.18,2.28,1.3,1.34,1.262427657,1.262427669,1.262427670,1.262427680
English Premier League,2026-09-19,11:00:00,Everton,Ipswich,1.83,1.84,4.9,5.0,3.95,4.0,2.2,2.24,1.8,1.84,1.75,1.8,2.24,2.34,16.0,17.5,18.5,19.0,34.0,38.0,80.0,110.0,10.0,10.5,8.4,8.8,17.0,19.0,50.0,55.0,11.0,11.5,9.4,9.6,16.5,17.5,50.0,60.0,18.0,19.5,16.5,17.0,28.0,32.0,70.0,85.0,9.4,9.8,48.0,55.0,60.0,790.0,36036326,56343.0,48324.0,58805.0,1.262040224,1.262040163,1.262040223,1.262040234,3.55,3.7,1.37,1.39,15.5,18.0,1.06,1.07,4.5,4.8,1.26,1.29,1.25,1.26,2.18,2.22,1.33,1.34,1.262040226,1.262040228,1.262040229,1.262040167
Scottish Championship,2026-09-19,11:00:00,Partick,Raith,1.94,2.22,3.7,4.8,3.25,4.3,1.77,1.99,2.02,2.3,1.81,2.14,1.01,2.28,8.6,1000.0,8.0,1000.0,1.01,1000.0,1.01,1000.0,6.6,17.0,6.0,12.0,9.2,1000.0,1.01,1000.0,8.4,1000.0,7.6,1000.0,10.0,1000.0,1.01,1000.0,1.01,1000.0,1.01,1000.0,1.01,1000.0,1.01,1000.0,9.8,1000.0,1.01,1000.0,1.01,1000.0,36065318,191567.0,674747.0,58805.0,1.262347739,1.262347749,1.262347738,1.262347748,2.62,4.1,1.33,1.61,3.65,970.0,1.08,1.13,3.5,4.4,1.34,1.38,1.27,1.37,1.81,2.08,1.31,1.44,1.262347730,1.262347742,1.262347743,1.262347753
Scottish Championship,2026-09-19,11:00:00,Morton,Dunfermline,4.5,6.2,1.67,1.81,3.95,4.4,2.14,2.4,1.72,1.87,1.01,1.91,1.01,2.52,1.01,1000.0,7.2,1000.0,7.6,1000.0,10.0,1000.0,1.01,1000.0,6.8,1000.0,7.2,1000.0,10.0,1000.0,1.01,1000.0,10.5,1000.0,11.0,1000.0,1.01,1000.0,1.01,1000.0,1.01,1000.0,1.01,1000.0,1.01,1000.0,1.01,1000.0,6.6,1000.0,1.01,1000.0,36064490,46283.0,48812.0,58805.0,1.262348069,1.262348079,1.262348068,1.262348078,3.05,4.2,1.32,1.48,4.2,26.0,1.05,1.1,4.1,5.0,1.25,1.32,2.22,2.5,1.2,1.28,1.3,1.34,1.262348060,1.262348072,1.262348073,1.262348083
English National League,2026-09-19,11:00:00,Forest Green,Boston Utd,1.7,1.9,4.0,5.7,4.1,6.2,2.28,2.74,1.58,1.78,1.01,1000.0,1.01,1000.0,1.01,1000.0,1.01,1000.0,1.01,1000.0,1.01,1000.0,1.01,1000.0,1.01,1000.0,1.01,1000.0,1.01,1000.0,1.01,1000.0,1.01,1000.0,1.01,1000.0,1.01,1000.0,1.01,1000.0,1.01,1000.0,1.01,1000.0,1.01,1000.0,1.01,1000.0,1.01,1000.0,1.01,1000.0,36065247,36033.0,256306.0,58805.0,1.262344918,1.262344921,1.262344965,1.262344966,1.01,1000.0,1.01,1000.0,1.01,110.0,1.01,1.77,2.28,110.0,1.19,1.77,1.21,1.33,2.1,2.44,1.2,1.33,1.262344967,1.262344928,1.262344919,1.262344920
English National League,2026-09-19,11:00:00,FC Halifax Town,Sutton Utd,2.2,2.58,2.76,3.55,3.6,4.6,2.04,2.32,1.76,1.96,1.63,1.87,2.16,2.58,8.8,60.0,8.0,1000.0,1.01,1000.0,1.01,1000.0,1.01,32.0,5.3,970.0,7.8,44.0,1.01,1000.0,1.01,1000.0,7.0,28.0,8.8,1000.0,1.01,1000.0,1.01,1000.0,1.01,1000.0,1.01,1000.0,1.01,1000.0,1.01,1000.0,1.01,1000.0,1.01,1000.0,36065253,4231683.0,1034133.0,58805.0,1.262346178,1.262346181,1.262346225,1.262346226,3.1,4.7,1.27,1.47,3.8,110.0,1.02,1.11,3.6,4.9,1.26,1.36,1.39,1.57,1.64,1.83,1.28,1.39,1.262346227,1.262346188,1.262346179,1.262346180
Scottish League One,2026-09-19,11:00:00,Hamilton,Queen of South,1.31,1.54,8.0,650.0,4.5,9.0,2.18,3.1,1.47,1.85,1.01,1000.0,1.01,1000.0,1.01,1000.0,1.01,1000.0,1.01,1000.0,1.01,1000.0,1.01,1000.0,1.01,1000.0,1.01,1000.0,1.01,1000.0,1.01,1000.0,1.01,1000.0,1.01,1000.0,1.01,1000.0,1.01,1000.0,1.01,1000.0,1.01,1000.0,1.01,1000.0,1.01,1000.0,1.01,1000.0,1.01,1000.0,36064530,203716.0,674744.0,58805.0,1.262347608,1.262347618,1.262347607,1.262347617,1.01,1000.0,1.01,1000.0,4.8,110.0,1.01,1.27,4.8,100.0,1.01,1.27,1.01,1.15,2.88,4.3,1.12,1.29,1.262347599,1.262347611,1.262347612,1.262347622
Spanish La Liga,2026-09-19,11:15:00,Athletic Bilbao,Alaves,1.69,1.7,5.9,6.2,4.1,4.2,1.99,2.02,1.99,2.02,1.94,2.04,1.98,2.08,13.5,14.5,17.5,19.0,25.0,48.0,44.0,170.0,7.6,8.2,8.4,9.2,20.0,23.0,34.0,85.0,9.0,9.8,9.2,9.8,19.0,22.0,36.0,85.0,14.5,16.5,16.5,18.0,32.0,38.0,42.0,120.0,9.6,10.5,40.0,110.0,90.0,1000.0,36071854,9162.0,60324.0,58805.0,1.262436530,1.262436469,1.262436529,1.262436540,3.25,3.4,1.41,1.45,13.5,15.0,1.07,1.08,3.95,4.1,1.32,1.34,1.2,1.21,2.42,2.46,1.31,1.33,1.262436532,1.262436534,1.262436535,1.262436473
Portuguese Primeira Liga,2026-09-19,11:30:00,Gil Vicente,Maritimo,1.96,2.06,4.3,4.6,3.45,3.65,1.7,1.77,2.3,2.42,2.06,2.18,1.85,1.95,9.8,11.5,11.0,13.0,8.2,36.0,10.0,130.0,6.6,7.4,7.2,8.2,16.0,19.5,9.8,80.0,9.8,11.5,9.4,11.5,19.5,26.0,9.8,90.0,21.0,26.0,21.0,27.0,9.0,60.0,10.5,190.0,17.5,21.0,10.0,110.0,11.0,1000.0,36071790,48784.0,46964.0,58805.0,1.262433828,1.262433831,1.262433875,1.262433876,2.58,3.2,1.46,1.63,9.8,11.5,1.09,1.12,3.05,3.2,1.45,1.49,1.27,1.31,1.94,2.04,1.37,1.41,1.262433877,1.262433838,1.262433829,1.262433830
German 3 Liga,2026-09-19,11:30:00,Saarbrucken,SG Sonnenhof,1.89,2.3,3.25,4.4,3.55,5.0,0.0,0.0,0.0,0.0,0.0,0.0,0.0,0.0,0.0,0.0,0.0,0.0,0.0,0.0,0.0,0.0,0.0,0.0,0.0,0.0,0.0,0.0,0.0,0.0,0.0,0.0,0.0,0.0,0.0,0.0,0.0,0.0,0.0,0.0,0.0,0.0,0.0,0.0,0.0,0.0,0.0,0.0,0.0,0.0,0.0,0.0,36074291,110687.0,4069229.0,58805.0,1.262464960,0.0,0.0,0.0,0.0,0.0,0.0,0.0,0.0,0.0,0.0,0.0,0.0,0.0,0.0,0.0,0.0,0.0,0.0,0.0,0.0,0.0,0.0,0.0,0.0,0.0
Romanian Liga I,2026-09-19,11:30:00,CFR Cluj,Botosani,1.95,2.28,3.15,4.1,1.12,950.0,1.96,2.22,1.82,2.04,1.01,1000.0,1.01,1000.0,1.01,1000.0,1.01,1000.0,1.01,1000.0,1.01,1000.0,1.01,1000.0,1.01,1000.0,1.01,1000.0,1.01,1000.0,1.01,1000.0,1.01,1000.0,1.01,1000.0,1.01,1000.0,1.01,1000.0,1.01,1000.0,1.01,1000.0,1.01,1000.0,1.01,1000.0,1.01,1000.0,1.01,1000.0,36040031,1193695.0,3465177.0,58805.0,1.262091851,1.262091862,1.262091850,1.262091861,1.01,110.0,1.01,110.0,9.6,110.0,1.01,1.12,3.85,5.1,1.26,1.35,1.34,1.46,1.79,2.06,1.23,1.39,1.262091842,1.262091855,1.262091856,1.262091867
Dutch Eredivisie,2026-09-19,11:30:00,ADO Den Haag,Cambuur Leeuwarden,1.85,1.9,4.1,4.3,4.2,4.4,2.5,2.96,1.51,1.67,1.48,1.69,2.46,3.1,4.9,34.0,4.8,28.0,5.1,44.0,5.4,95.0,12.5,17.0,9.2,12.5,15.5,21.0,5.2,50.0,13.0,18.0,9.6,11.0,13.5,18.5,5.2,50.0,4.7,27.0,15.0,21.0,18.5,32.0,5.3,70.0,7.0,7.8,4.9,32.0,5.7,440.0,36041219,315069.0,8942269.0,58805.0,1.262098885,1.262098888,1.262098932,1.262098933,1.01,110.0,1.22,1.32,5.1,36.0,1.03,1.16,4.8,7.0,1.18,1.25,1.3,1.33,2.1,2.18,1.29,1.31,1.262098934,1.262098895,1.262098886,1.262098887
Dutch Eerste Divisie,2026-09-19,11:30:00,Vitesse Arnhem,Jong PSV Eindhoven,1.57,1.72,4.3,6.8,4.3,7.0,2.92,3.65,1.38,1.47,1.43,1.59,2.68,3.4,1.01,1000.0,1.01,1000.0,1.01,1000.0,1.01,1000.0,1.01,1000.0,1.01,32.0,12.0,1000.0,1.01,1000.0,8.2,1000.0,1.01,28.0,1.01,1000.0,1.01,1000.0,1.01,1000.0,7.8,1000.0,1.01,1000.0,1.01,1000.0,3.45,6.4,1.01,1000.0,1.01,1000.0,36071783,56363.0,7976153.0,58805.0,1.262433372,1.262433375,1.262433419,1.262433420,1.01,1000.0,1.01,1.29,6.2,110.0,1.02,1.14,6.2,12.5,1.09,1.14,1.19,1.3,2.38,2.76,1.18,1.3,1.262433421,1.262433382,1.262433373,1.262433374
Portuguese Primeira Liga,2026-09-19,11:30:00,CD Nacional Funchal,Famalicao,3.8,4.1,2.14,2.22,3.35,3.6,1.79,1.87,2.14,2.28,1.9,2.0,2.0,2.12,10.5,12.0,7.8,8.6,11.5,13.0,7.4,32.0,11.5,13.0,7.0,7.8,10.0,11.0,21.0,29.0,7.4,32.0,14.5,19.0,17.0,23.0,8.2,50.0,9.0,95.0,8.6,60.0,8.8,75.0,9.2,140.0,8.6,70.0,17.5,23.0,9.0,1000.0,36069797,22012893.0,5875376.0,58805.0,1.262404699,1.262404702,1.262404746,1.262404747,2.68,3.45,1.45,1.54,9.0,13.5,1.09,1.13,3.1,3.75,1.37,1.48,1.81,1.88,1.32,1.36,1.38,1.43,1.262404748,1.262404709,1.262404700,1.262404701
Algerian Ligue 1,2026-09-19,12:00:00,Olympique Akbou,USM Alger,2.56,2.98,2.96,3.6,2.8,3.7,1.38,1.52,2.92,3.75,1.01,2.74,1.53,1.79,1.01,1000.0,5.7,1000.0,1.01,1000.0,1.01,1000.0,1.01,1000.0,5.4,1000.0,1.01,1000.0,1.01,1000.0,1.01,1000.0,1.01,1000.0,1.01,1000.0,1.01,1000.0,1.01,1000.0,1.01,1000.0,1.01,1000.0,1.01,1000.0,1.01,1000.0,1.01,1000.0,1.01,1000.0,36081484,55868423.0,6505229.0,58805.0,1.262555720,1.262555723,1.262555767,1.262555768,1.01,2.6,1.01,1.88,5.2,110.0,1.01,1.24,2.24,2.6,1.63,1.79,1.38,1.52,1.51,1.64,1.38,1.56,1.262555769,1.262555730,1.262555721,1.262555722
Uruguayan Primera Division,2026-09-19,12:00:00,Boston River,Progreso,1.96,2.2,3.85,4.7,3.2,4.4,1.68,1.93,2.08,2.46,1.87,2.18,1.81,2.18,8.2,1000.0,9.0,1000.0,1.01,1000.0,1.01,1000.0,6.2,12.5,5.9,11.5,10.5,1000.0,1.01,1000.0,7.8,1000.0,7.8,1000.0,1.01,1000.0,1.01,1000.0,1.01,1000.0,1.01,1000.0,1.01,1000.0,1.01,1000.0,10.5,1000.0,1.01,1000.0,1.01,1000.0,36077335,9484111.0,6607289.0,58805.0,1.262500787,1.262500790,1.262500834,1.262500835,1.01,1000.0,1.01,1.62,3.35,26.0,1.05,1.13,3.2,3.9,1.37,1.43,1.27,1.36,1.83,2.06,1.31,1.46,1.262500836,1.262500797,1.262500788,1.262500789
Serbian Super League,2026-09-19,12:00:00,Vojvodina,FK IMT Novi Beograd,1.5,1.89,4.4,8.2,3.4,9.4,2.06,2.9,1.53,1.94,1.01,1000.0,1.01,1000.0,1.01,1000.0,1.01,1000.0,1.01,1000.0,1.01,1000.0,1.01,1000.0,1.01,1000.0,1.01,1000.0,1.01,1000.0,1.01,1000.0,1.01,1000.0,1.01,1000.0,1.01,1000.0,1.01,1000.0,1.01,1000.0,1.01,1000.0,1.01,1000.0,1.01,1000.0,1.01,1000.0,1.01,1000.0,36071085,2020542.0,17203916.0,58805.0,1.262425902,1.262425905,1.262425949,1.262425950,1.01,1000.0,1.01,1.46,1.01,110.0,1.01,1.44,3.25,100.0,1.22,1.44,1.14,1.29,2.12,3.0,1.12,1.42,1.262425951,1.262425912,1.262425903,1.262425904
Hungarian NB I,2026-09-19,12:00:00,Kisvarda,Paks,2.8,3.45,2.14,2.54,3.35,5.5,2.68,3.5,1.4,1.58,1.39,1.57,1.01,3.6,1.01,1000.0,1.01,1000.0,1.01,1000.0,1.01,1000.0,1.01,1000.0,1.01,1000.0,1.01,1000.0,1.01,1000.0,1.01,1000.0,1.01,1000.0,1.01,1000.0,1.01,1000.0,1.01,1000.0,1.01,1000.0,1.01,1000.0,1.01,1000.0,1.01,1000.0,1.01,1000.0,1.01,1000.0,36064581,7670420.0,2018015.0,58805.0,1.262365229,1.262365239,1.262365228,1.262365238,1.01,1000.0,1.01,1.34,1.01,110.0,1.01,1.18,2.72,100.0,1.11,1.18,1.68,1.87,1.42,1.55,1.25,1.38,1.262365220,1.262365232,1.262365233,1.262365243
Austrian Bundesliga,2026-09-19,12:00:00,SC Austria Lustenau,SCR Altach,2.92,3.4,2.3,2.64,3.3,3.9,2.06,2.44,1.69,1.95,1.59,1.78,2.28,2.7,11.0,1000.0,8.6,29.0,10.0,1000.0,1.01,1000.0,9.8,55.0,6.2,12.5,8.0,23.0,1.01,1000.0,1.01,1000.0,9.0,32.0,10.0,1000.0,1.01,1000.0,1.01,1000.0,1.01,1000.0,1.01,1000.0,1.01,1000.0,1.01,1000.0,10.0,1000.0,1.01,1000.0,36038745,8522727.0,872710.0,58805.0,1.262067223,1.262067226,1.262067270,1.262067271,1.01,110.0,1.3,1.47,4.2,110.0,1.02,1.1,4.2,5.4,1.24,1.31,1.64,1.76,1.44,1.52,1.34,1.43,1.262067272,1.262067233,1.262067224,1.262067225
Swedish Superettan,2026-09-19,12:00:00,Sandvikens IF,Orebro,2.06,2.28,3.4,4.1,3.6,4.6,2.26,2.46,1.7,1.79,1.6,1.81,2.2,2.66,11.0,1000.0,10.0,1000.0,1.01,1000.0,1.01,1000.0,8.4,1000.0,6.4,13.5,9.2,1000.0,1.01,1000.0,9.0,1000.0,7.0,21.0,10.0,1000.0,1.01,1000.0,1.01,1000.0,1.01,1000.0,1.01,1000.0,1.01,1000.0,8.0,1000.0,1.01,1000.0,1.01,1000.0,36075075,804922.0,42617.0,58805.0,1.262474819,1.262474829,1.262474818,1.262474828,1.01,1000.0,1.01,1.45,11.0,110.0,1.02,1.09,3.9,6.0,1.22,1.29,1.32,1.42,1.78,1.95,1.29,1.39,1.262474810,1.262474822,1.262474823,1.262474833
Serbian Super League,2026-09-19,12:00:00,FK Novi Pazar,Zemun,1.36,1.51,3.25,110.0,4.4,910.0,2.02,2.4,1.72,1.97,1.01,1000.0,1.01,1000.0,1.01,1000.0,1.01,1000.0,1.01,1000.0,1.01,1000.0,1.01,1000.0,1.01,1000.0,1.01,1000.0,1.01,1000.0,1.01,1000.0,1.01,1000.0,1.01,1000.0,1.01,1000.0,1.01,1000.0,1.01,1000.0,1.01,1000.0,1.01,1000.0,1.01,1000.0,1.01,1000.0,1.01,1000.0,36071086,9899252.0,2020602.0,58805.0,1.262425794,1.262425797,1.262425841,1.262425842,1.02,4.7,1.27,110.0,3.5,110.0,1.01,1.4,3.5,100.0,1.25,1.4,1.04,1.45,2.96,3.8,1.01,1.29,1.262425843,1.262425804,1.262425795,1.262425796
Ukrainian Premier League,2026-09-19,12:00:00,FC Epicentr Dunaivtsi,Livyi Bereg Kyiv,2.26,3.0,2.74,4.1,2.82,930.0,1.55,2.0,2.0,2.82,1.72,110.0,1.66,2.42,1.01,1000.0,1.01,1000.0,1.01,1000.0,1.01,1000.0,1.01,1000.0,1.01,1000.0,1.01,1000.0,1.01,1000.0,1.01,1000.0,1.01,1000.0,1.01,1000.0,1.01,1000.0,1.01,1000.0,1.01,1000.0,1.01,1000.0,1.01,1000.0,1.01,1000.0,1.01,1000.0,1.01,1000.0,36077633,36230962.0,102032399.0,58805.0,1.262530452,1.262530462,1.262530451,1.262530461,2.5,3.5,1.4,1.66,1.02,21.0,1.06,110.0,2.62,3.4,1.41,1.62,1.33,1.58,1.5,1.79,1.32,1.55,1.262530443,1.262530455,1.262530456,1.262530466
French Ligue 1,2026-09-19,12:15:00,Paris FC,Strasbourg,2.06,2.1,3.75,3.9,3.8,3.85,2.32,2.5,1.66,1.75,1.61,1.67,2.5,2.64,18.5,21.0,16.5,20.0,23.0,30.0,11.5,75.0,11.0,12.5,8.0,9.0,14.0,16.0,9.0,48.0,13.5,15.0,9.6,11.0,13.5,15.5,9.2,50.0,20.0,32.0,17.0,23.0,22.0,32.0,9.8,80.0,9.8,11.0,23.0,30.0,11.0,570.0,36040015,5168454.0,51404.0,58805.0,1.262087285,1.262087269,1.262087284,1.262087294,3.3,4.6,1.28,1.44,17.5,21.0,1.05,1.06,5.0,5.4,1.23,1.25,1.34,1.36,1.9,1.94,1.35,1.36,1.262087287,1.262087289,1.262087290,1.262087272
Italian Serie B,2026-09-19,12:15:00,Sampdoria,Catanzaro,2.08,2.3,3.55,4.4,3.35,4.1,1.76,2.02,1.98,2.32,1.77,2.06,1.96,2.3,8.4,28.0,10.5,17.0,16.5,30.0,4.0,100.0,7.2,10.5,6.2,9.0,12.0,20.0,3.95,65.0,10.0,15.0,8.4,13.5,15.5,23.0,4.0,90.0,3.7,34.0,19.0,28.0,3.85,50.0,4.2,1000.0,13.0,22.0,4.0,85.0,4.2,1000.0,36072475,60311.0,522058.0,58805.0,1.262450726,1.262450729,1.262450773,1.262450774,2.74,110.0,1.39,1.55,10.0,13.5,1.08,1.1,3.25,3.9,1.35,1.45,1.29,1.38,1.78,1.93,1.39,1.43,1.262450775,1.262450736,1.262450727,1.262450728
Slovenian Premier League,2026-09-19,12:30:00,Koper,Nafta Lendava,1.61,1.76,4.9,7.0,4.0,5.8,2.2,2.54,1.65,1.84,1.01,1.95,1.01,2.42,1.01,1000.0,1.01,1000.0,1.01,1000.0,1.01,1000.0,7.2,1000.0,6.8,1000.0,1.01,1000.0,1.01,1000.0,7.4,1000.0,7.4,1000.0,11.0,1000.0,1.01,1000.0,10.0,1000.0,1.01,1000.0,1.01,1000.0,1.01,1000.0,6.2,1000.0,1.01,1000.0,1.01,1000.0,36064981,166903.0,11737246.0,58805.0,1.262366163,1.262366173,1.262366162,1.262366172,1.01,110.0,1.01,110.0,4.5,110.0,1.01,1.11,2.5,100.0,1.22,1.33,1.17,1.25,2.3,2.68,1.23,1.34,1.262366154,1.262366166,1.262366167,1.262366177
Polish Ekstraklasa,2026-09-19,12:30:00,GKS Katowice,Cracovia Krakow,2.3,2.7,2.74,3.35,3.65,4.0,2.14,2.5,1.66,1.87,1.56,1.76,2.3,2.8,1.01,1000.0,1.01,1000.0,1.01,1000.0,1.01,1000.0,1.01,1000.0,1.01,970.0,1.01,1000.0,1.01,1000.0,1.01,1000.0,1.01,1000.0,1.01,1000.0,1.01,1000.0,1.01,1000.0,1.01,1000.0,1.01,1000.0,1.01,1000.0,1.01,1000.0,1.01,1000.0,1.01,1000.0,36064568,3351396.0,880537.0,58805.0,1.262339106,1.262339109,1.262339153,1.262339154,1.01,1000.0,1.01,1.46,5.3,110.0,1.01,1.1,4.2,100.0,1.22,1.28,1.42,1.56,1.59,1.77,1.33,1.38,1.262339155,1.262339116,1.262339107,1.262339108
Swedish Allsvenskan,2026-09-19,12:30:00,Orgryte,Sirius,5.2,7.0,1.55,1.62,4.7,5.5,2.62,3.2,1.52,1.61,1.56,1.79,2.26,2.78,1.55,1000.0,8.8,30.0,8.0,24.0,10.5,85.0,1.55,1000.0,8.0,27.0,7.2,18.0,9.4,40.0,1.55,1000.0,1.55,1000.0,11.5,1000.0,1.55,1000.0,1.55,1000.0,1.55,1000.0,1.55,1000.0,1.55,1000.0,1.55,1000.0,4.2,6.8,1.55,1000.0,36071877,30686.0,4638067.0,58805.0,1.262436340,1.262436343,1.262436387,1.262436388,3.75,5.6,1.22,1.36,5.2,36.0,1.03,1.2,5.2,8.2,1.14,1.2,2.6,2.82,1.18,1.21,1.22,1.27,1.262436389,1.262436350,1.262436341,1.262436342
Azerbaijan Premier League,2026-09-19,12:45:00,FC Sabah,Imisli FK,1.13,1.5,1.1,1000.0,6.8,470.0,2.44,4.1,1.33,1.69,1.01,1000.0,1.01,1000.0,1.01,1000.0,1.01,1000.0,1.01,1000.0,1.01,1000.0,1.01,1000.0,1.01,1000.0,1.01,1000.0,1.01,1000.0,1.01,1000.0,1.01,1000.0,1.01,1000.0,1.01,1000.0,1.01,1000.0,1.01,1000.0,1.01,1000.0,1.01,1000.0,1.01,1000.0,1.01,1000.0,1.01,1000.0,36081621,15293881.0,79843326.0,58805.0,1.262558329,1.262558339,1.262558328,1.262558338,1.01,1000.0,1.01,1000.0,1.02,110.0,1.01,1.26,2.96,100.0,1.16,1.26,1.01,26.0,3.0,8.4,1.01,1.17,1.262558320,1.262558332,1.262558333,1.262558343
Uruguayan Segunda Division,2026-09-19,13:00:00,Miramar Misiones,Uruguay Montevideo FC,2.38,3.1,2.82,110.0,1.13,4.5,1.59,970.0,1.02,2.7,1.01,1000.0,1.01,1000.0,1.01,1000.0,1.01,1000.0,1.01,1000.0,1.01,1000.0,1.01,1000.0,1.01,1000.0,1.01,1000.0,1.01,1000.0,1.01,1000.0,1.01,1000.0,1.01,1000.0,1.01,1000.0,1.01,1000.0,1.01,1000.0,1.01,1000.0,1.01,1000.0,1.01,1000.0,1.01,1000.0,1.01,1000.0,36081481,5300627.0,11076801.0,58805.0,1.262556489,1.262556534,1.262556573,1.262556498,2.34,3.45,1.4,1.75,1.02,110.0,1.01,110.0,2.72,110.0,1.02,1.58,1.39,1.55,1.5,1.73,1.29,18.0,1.262556490,1.262556492,1.262556493,1.262556537
Norwegian Eliteserien,2026-09-19,13:00:00,Molde,Aalesunds,1.35,1.4,1.2,12.5,5.6,10.0,4.3,15.5,1.08,1.3,1.41,1.59,2.7,3.45,9.6,90.0,9.6,85.0,10.0,130.0,10.0,260.0,20.0,26.0,17.5,21.0,8.2,36.0,9.6,100.0,14.5,17.5,11.5,14.0,18.0,21.0,9.4,70.0,14.0,16.5,11.5,14.0,18.0,22.0,9.2,65.0,2.72,2.92,8.8,50.0,10.0,260.0,36069062,31321.0,3038746.0,58805.0,1.262390963,1.262390966,1.262391010,1.262391011,1.01,110.0,1.12,1.23,1.01,110.0,1.01,1.1,4.3,110.0,1.08,1.1,1.12,1.15,3.5,3.9,1.16,1.19,1.262391012,1.262390973,1.262390964,1.262390965
Bulgarian A League,2026-09-19,13:00:00,Arda,Cherno More,1.82,1.93,4.9,5.6,3.55,3.75,1.65,1.79,2.28,2.52,2.04,2.42,1.71,1.97,9.2,12.5,11.5,14.5,6.8,44.0,7.4,180.0,6.0,7.2,7.2,8.4,16.0,24.0,7.2,100.0,8.8,10.5,9.4,11.5,19.0,26.0,7.2,110.0,17.0,24.0,17.5,27.0,6.8,55.0,7.4,210.0,14.5,21.0,7.4,160.0,7.8,1000.0,36065804,20731976.0,427650.0,58805.0,1.262359978,1.262359988,1.262359977,1.262359987,1.01,3.15,1.01,1.67,8.6,970.0,1.1,1.13,2.88,3.3,1.44,1.51,1.22,1.25,2.06,2.22,1.37,1.4,1.262359969,1.262359981,1.262359982,1.262359992
Swiss Super League,2026-09-19,13:00:00,Young Boys,Servette,1.69,1.79,4.4,4.9,4.6,5.0,3.1,3.9,1.35,1.48,1.4,1.55,2.84,3.5,1.01,1000.0,1.01,1000.0,1.01,1000.0,1.01,1000.0,11.0,1000.0,8.0,23.0,11.0,1000.0,1.01,1000.0,10.5,1000.0,7.6,20.0,9.4,1000.0,1.01,1000.0,1.01,1000.0,9.8,1000.0,1.01,1000.0,1.01,1000.0,4.3,6.6,1.01,1000.0,1.01,1000.0,36071829,65778.0,51405.0,58805.0,1.262434310,1.262434313,1.262434357,1.262434358,1.01,1000.0,1.18,1.32,6.8,110.0,1.02,1.15,6.8,11.0,1.1,1.15,1.25,1.29,2.26,2.44,1.25,1.28,1.262434359,1.262434320,1.262434311,1.262434312
Danish Superliga,2026-09-19,13:00:00,OB,Midtjylland,4.3,4.5,1.83,1.86,4.1,4.3,2.5,2.86,1.53,1.66,1.52,1.72,2.4,2.92,1.35,1000.0,1.3,34.0,9.0,38.0,1.35,1000.0,1.35,1000.0,7.0,970.0,7.4,970.0,10.5,1000.0,1.35,1000.0,10.5,1000.0,1.35,1000.0,1.35,1000.0,1.35,1000.0,1.35,1000.0,1.35,1000.0,1.35,1000.0,1.35,1000.0,5.8,970.0,1.35,1000.0,36065155,113225.0,28220.0,58805.0,1.262344069,1.262344072,1.262344116,1.262344117,1.01,110.0,1.24,1.37,5.2,36.0,1.03,1.24,5.0,7.4,1.17,1.24,2.16,2.2,1.28,1.3,1.3,1.32,1.262344118,1.262344079,1.262344070,1.262344071
Swiss Super League,2026-09-19,13:00:00,Luzern,Grasshoppers Zurich,1.77,1.8,4.3,4.6,4.6,4.8,2.88,3.65,1.38,1.54,1.5,1.62,2.62,3.05,24.0,34.0,24.0,30.0,38.0,44.0,70.0,110.0,15.0,17.5,10.5,12.5,16.5,19.0,36.0,42.0,14.0,17.0,10.0,11.5,14.0,16.0,32.0,40.0,18.5,21.0,14.0,16.5,20.0,23.0,42.0,55.0,5.5,6.2,21.0,25.0,200.0,320.0,36071830,65784.0,373489.0,58805.0,1.262435075,1.262435078,1.262435122,1.262435123,1.01,6.2,1.19,1.33,6.4,110.0,1.02,1.16,6.4,10.5,1.11,1.16,1.28,1.31,2.24,2.3,1.27,1.28,1.262435124,1.262435085,1.262435076,1.262435077
Cypriot 1st Division,2026-09-19,13:00:00,Nea Salamis,Anorthosis,2.2,3.25,2.24,3.35,2.52,6.4,1.63,2.02,1.98,2.6,1.01,1000.0,1.01,970.0,1.01,1000.0,1.01,1000.0,1.01,1000.0,1.01,1000.0,1.01,1000.0,1.01,1000.0,1.01,1000.0,1.01,1000.0,1.01,1000.0,1.01,1000.0,1.01,1000.0,1.01,1000.0,1.01,1000.0,1.01,1000.0,1.01,1000.0,1.01,1000.0,1.01,1000.0,1.01,1000.0,1.01,1000.0,36071726,1209583.0,242449.0,58805.0,1.262444002,1.262444034,1.262443993,1.262444031,2.5,110.0,1.01,1.67,1.01,36.0,1.03,1.47,2.54,4.6,1.36,1.65,1.43,1.81,1.44,1.82,1.18,1.5,1.262443937,1.262444019,1.262444021,1.262444043
Czech 1 Liga,2026-09-19,13:00:00,Slovacko,Banik Ostrava,2.5,2.82,2.8,3.2,3.35,4.1,1.87,2.1,1.92,2.14,1.67,1.91,2.1,2.48,1.01,36.0,7.8,1000.0,1.01,1000.0,1.01,1000.0,7.2,21.0,5.6,970.0,1.01,1000.0,1.01,1000.0,1.01,1000.0,1.01,1000.0,1.01,1000.0,1.01,1000.0,1.01,1000.0,1.01,1000.0,1.01,1000.0,1.01,1000.0,1.01,1000.0,1.01,1000.0,1.01,1000.0,36066681,1533861.0,367581.0,58805.0,1.262367387,1.262367390,1.262367434,1.262367435,2.7,4.2,1.31,1.59,9.2,55.0,1.03,1.12,3.55,4.2,1.32,1.36,1.45,1.56,1.55,1.67,1.32,1.43,1.262367436,1.262367397,1.262367388,1.262367389
Cypriot 1st Division,2026-09-19,13:00:00,Apollon Limassol,APOEL,2.16,2.46,3.25,4.1,3.15,4.4,1.24,2.02,1.99,6.0,1.01,1000.0,1.01,1000.0,1.01,1000.0,1.01,1000.0,1.01,1000.0,1.01,1000.0,1.01,1000.0,1.01,1000.0,1.01,1000.0,1.01,1000.0,1.01,1000.0,1.01,1000.0,1.01,1000.0,1.01,1000.0,1.01,1000.0,1.01,1000.0,1.01,1000.0,1.01,1000.0,1.01,1000.0,1.01,1000.0,1.01,1000.0,36071166,46976.0,1209582.0,58805.0,1.262429780,1.262429790,1.262429779,1.262429789,1.01,1000.0,1.01,1000.0,3.15,110.0,1.01,1.46,3.15,970.0,1.31,1.46,1.32,1.45,1.68,1.87,1.29,1.46,1.262429771,1.262429783,1.262429784,1.262429794
Greek Super League,2026-09-19,13:00:00,Atromitos,Kifisia,2.0,2.26,3.6,5.0,3.2,4.0,1.71,1.89,2.12,2.42,1.01,1000.0,1.01,1000.0,1.01,1000.0,1.01,1000.0,1.01,1000.0,1.01,1000.0,1.01,1000.0,1.01,1000.0,1.01,1000.0,1.01,1000.0,1.01,1000.0,1.01,1000.0,1.01,1000.0,1.01,1000.0,1.01,1000.0,1.01,1000.0,1.01,1000.0,1.01,1000.0,1.01,1000.0,1.01,1000.0,1.01,1000.0,36067739,1234639.0,16093929.0,58805.0,1.262375569,1.262375572,1.262375616,1.262375617,1.01,110.0,1.01,110.0,2.68,110.0,1.01,1.6,2.68,970.0,1.38,1.6,1.27,1.36,1.8,1.99,1.37,1.46,1.262375618,1.262375579,1.262375570,1.262375571
Slovakian Super League,2026-09-19,13:00:00,Zilina,Trencin,1.36,1.42,8.0,9.2,5.8,6.8,3.3,3.95,1.34,1.43,1.59,1.73,2.36,2.68,5.7,50.0,5.7,48.0,6.0,90.0,6.2,250.0,12.5,17.0,12.0,16.5,5.4,34.0,6.0,110.0,10.0,15.0,9.0,13.5,16.0,25.0,5.9,70.0,11.5,15.5,10.5,15.5,18.5,28.0,5.9,75.0,3.05,4.1,5.9,75.0,6.4,430.0,36069523,189806.0,501167.0,58805.0,1.262402489,1.262402499,1.262402488,1.262402498,1.01,1000.0,1.01,1.31,7.8,110.0,1.01,1.09,7.8,11.0,1.1,1.14,1.12,1.15,3.35,3.85,1.17,1.21,1.262402480,1.262402492,1.262402493,1.262402503
Italian Serie A,2026-09-19,13:00:00,Roma,Inter,2.82,2.86,2.68,2.7,3.6,3.65,2.4,2.48,1.68,1.71,1.55,1.59,2.7,2.82,18.0,20.0,14.0,15.5,18.5,21.0,36.0,40.0,14.5,16.0,7.6,8.4,11.0,12.0,22.0,25.0,19.5,22.0,11.5,12.5,13.0,14.0,28.0,32.0,38.0,42.0,24.0,27.0,30.0,34.0,50.0,60.0,16.0,17.5,14.5,16.0,55.0,500.0,36041253,56967.0,63347.0,58805.0,1.262102872,1.262102856,1.262102871,1.262102881,3.85,4.0,1.33,1.35,18.5,21.0,1.05,1.06,5.3,5.7,1.21,1.24,1.59,1.6,1.53,1.55,1.37,1.39,1.262102874,1.262102876,1.262102877,1.262102859
Icelandic 1 Deild,2026-09-19,13:15:00,Throttur,Fylkir,1.78,2.22,3.5,5.2,3.5,6.6,2.5,4.0,1.33,1.66,1.01,1000.0,1.01,1000.0,1.01,1000.0,1.01,1000.0,1.01,1000.0,1.01,1000.0,1.01,1000.0,1.01,1000.0,1.01,1000.0,1.01,1000.0,1.01,1000.0,1.01,1000.0,1.01,1000.0,1.01,1000.0,1.01,1000.0,1.01,1000.0,1.01,1000.0,1.01,1000.0,1.01,1000.0,1.01,1000.0,1.01,1000.0,36083380,3968882.0,46954.0,58805.0,1.262575198,1.262575208,1.262575197,1.262575207,1.01,1000.0,1.01,1000.0,1.01,110.0,1.01,1.18,2.5,100.0,1.11,1.18,1.24,1.4,1.82,2.3,1.19,1.4,1.262575189,1.262575201,1.262575202,1.262575212
Spanish Segunda Division,2026-09-19,13:30:00,CD Castellon,Tenerife,1.52,1.61,6.0,7.4,4.2,5.3,1.95,2.3,1.78,2.06,1.84,2.18,1.85,2.18,10.5,95.0,12.0,1000.0,1.6,1000.0,1.6,1000.0,6.4,13.0,7.0,16.0,1.6,1000.0,1.6,1000.0,6.8,15.0,7.2,17.5,1.6,1000.0,1.6,1000.0,10.0,55.0,10.5,95.0,1.6,1000.0,1.6,1000.0,6.4,13.5,1.6,1000.0,1.6,1000.0,36071162,8916596.0,44509.0,58805.0,1.262426650,1.262426653,1.262426697,1.262426698,3.05,3.8,1.36,1.49,12.0,55.0,1.02,1.09,3.65,4.6,1.28,1.38,1.15,1.2,2.62,2.9,1.23,1.32,1.262426699,1.262426660,1.262426651,1.262426652
Israeli Premier League,2026-09-19,13:30:00,Bnei Sakhnin,Hapoel Ramat Gan,2.38,2.74,2.76,3.35,3.35,4.2,1.88,1.97,2.02,2.14,1.76,2.08,1.94,2.3,1.01,1000.0,1.01,1000.0,1.01,1000.0,1.01,1000.0,1.01,18.5,1.01,11.5,1.01,1000.0,1.01,1000.0,1.01,1000.0,1.01,1000.0,1.01,1000.0,1.01,1000.0,1.01,1000.0,1.01,1000.0,1.01,1000.0,1.01,1000.0,1.01,1000.0,1.01,1000.0,1.01,1000.0,36075996,3157354.0,542944.0,58805.0,1.262479927,1.262479930,1.262479974,1.262479975,2.6,110.0,1.01,1.63,9.2,970.0,1.08,1.11,3.55,4.3,1.35,1.4,1.43,1.56,1.58,1.73,1.31,1.43,1.262479976,1.262479937,1.262479928,1.262479929
Israeli Premier League,2026-09-19,13:30:00,Maccabi Petach Tikva,Hapoel Jerusalem,2.44,2.88,3.0,3.7,2.96,3.7,1.65,1.87,2.14,2.54,1.84,2.14,1.89,2.18,1.01,970.0,1.01,20.0,1.01,1000.0,1.01,1000.0,1.01,970.0,1.01,970.0,1.01,1000.0,1.01,1000.0,1.01,1000.0,1.01,1000.0,1.01,1000.0,1.01,1000.0,1.01,1000.0,1.01,1000.0,1.01,1000.0,1.01,1000.0,1.01,1000.0,1.01,1000.0,1.01,1000.0,36076001,939576.0,5810348.0,58805.0,1.262480143,1.262480146,1.262480190,1.262480191,2.58,3.7,1.37,1.63,2.94,18.0,1.06,1.15,2.94,3.8,1.4,1.52,1.37,1.5,1.55,1.69,1.38,1.52,1.262480192,1.262480153,1.262480144,1.262480145
Greek Super League,2026-09-19,13:30:00,Aris,Iraklis,1.67,1.76,5.6,7.2,3.8,4.1,1.79,1.99,2.02,2.26,1.96,2.34,1.75,2.04,1.23,1000.0,1.23,1000.0,1.23,1000.0,1.23,1000.0,1.1,970.0,1.23,1000.0,1.23,1000.0,1.23,1000.0,1.23,1000.0,1.15,970.0,1.23,1000.0,1.23,1000.0,1.23,1000.0,1.23,1000.0,1.23,1000.0,1.23,1000.0,1.16,22.0,1.23,1000.0,1.23,1000.0,36067687,244704.0,14076.0,58805.0,1.262377179,1.262377190,1.262377178,1.262377188,1.01,110.0,1.01,110.0,3.3,970.0,1.08,1.12,3.3,4.3,1.35,1.42,1.17,1.22,2.3,2.5,1.32,1.36,1.262377170,1.262377182,1.262377183,1.262377199
Spanish La Liga,2026-09-19,13:30:00,Celta Vigo,Racing Santander,1.87,1.88,4.2,4.5,4.1,4.3,2.36,2.44,1.7,1.74,1.68,1.73,2.38,2.48,18.5,22.0,16.5,19.5,22.0,36.0,36.0,90.0,10.5,11.5,8.6,9.4,15.5,17.5,38.0,50.0,11.5,13.0,9.4,10.5,15.0,17.0,27.0,50.0,18.0,21.0,16.0,18.0,24.0,32.0,34.0,80.0,8.8,9.8,25.0,42.0,55.0,1000.0,36071860,66483.0,24072.0,58805.0,1.262436034,1.262435973,1.262436033,1.262436044,3.8,4.0,1.33,1.36,18.5,23.0,1.04,1.06,5.1,5.3,1.23,1.25,1.29,1.31,2.12,2.16,1.3,1.33,1.262436036,1.262436038,1.262436039,1.262435977
Lithuanian A Lyga,2026-09-19,13:30:00,TransINVEST Vilnius,VMFD Zalgiris,1.1,1000.0,1.1,1000.0,1.1,900.0,1.31,100.0,1.2,5.0,1.01,1000.0,1.01,1000.0,1.01,1000.0,1.01,1000.0,1.01,1000.0,1.01,1000.0,1.01,1000.0,1.01,1000.0,1.01,1000.0,1.01,1000.0,1.01,1000.0,1.01,1000.0,1.01,1000.0,1.01,1000.0,1.01,1000.0,1.01,1000.0,1.01,1000.0,1.01,1000.0,1.01,1000.0,1.01,1000.0,1.01,1000.0,36074914,55858833.0,5524811.0,58805.0,1.262468764,1.262468767,1.262468811,1.262468812,1.01,1000.0,1.01,1000.0,1.31,110.0,1.01,4.2,1.31,110.0,1.2,4.2,1.02,36.0,1.02,36.0,1.01,110.0,1.262468813,1.262468774,1.262468765,1.262468766
German Bundesliga,2026-09-19,13:30:00,Stuttgart,Dortmund,2.46,2.5,2.86,2.9,3.95,4.1,3.25,3.35,1.43,1.44,1.41,1.43,3.35,3.45,22.0,34.0,21.0,23.0,18.5,28.0,42.0,48.0,19.0,22.0,10.0,10.5,12.5,13.5,22.0,25.0,21.0,24.0,11.5,12.5,12.0,13.0,24.0,26.0,34.0,38.0,19.5,21.0,22.0,24.0,34.0,38.0,9.0,9.8,11.5,12.5,46.0,1000.0,36041099,44519.0,44785.0,58805.0,1.262094830,1.262094814,1.262094829,1.262094839,4.9,5.3,1.24,1.26,29.0,55.0,1.03,1.04,7.8,8.2,1.14,1.15,1.52,1.54,1.66,1.69,1.32,1.34,1.262094832,1.262094834,1.262094835,1.262094817
Spanish Segunda Division,2026-09-19,13:30:00,Eldense,Eibar,3.2,3.4,2.44,2.56,3.25,3.45,1.72,1.8,2.24,2.38,1.9,2.02,1.98,2.12,10.0,11.5,8.2,9.2,13.0,15.5,7.8,38.0,9.8,11.5,6.8,7.6,10.5,12.5,7.4,32.0,18.0,23.0,12.5,15.0,17.0,20.0,8.2,60.0,8.6,75.0,8.0,46.0,8.6,70.0,9.2,150.0,8.4,60.0,7.6,34.0,9.8,1000.0,36071962,2250350.0,247969.0,58805.0,1.262440799,1.262440802,1.262440846,1.262440847,2.66,3.2,1.47,1.61,10.0,11.5,1.09,1.11,3.25,3.4,1.42,1.44,1.64,1.7,1.42,1.46,1.4,1.45,1.262440848,1.262440809,1.262440800,1.262440801
Bosnian Premier League,2026-09-19,13:30:00,Zrinjski,Fk Velez Mostar,1.27,1.38,7.2,1000.0,4.6,19.5,1.86,2.26,1.79,2.16,1.01,1000.0,1.01,1000.0,1.01,1000.0,1.01,1000.0,1.01,1000.0,1.01,1000.0,1.01,1000.0,1.01,1000.0,1.01,1000.0,1.01,1000.0,1.01,1000.0,1.01,1000.0,1.01,1000.0,1.01,1000.0,1.01,1000.0,1.01,1000.0,1.01,1000.0,1.01,1000.0,1.01,1000.0,1.01,1000.0,1.01,1000.0,36076277,4807138.0,15020693.0,58805.0,1.262482790,1.262482800,1.262482789,1.262482799,1.01,1000.0,1.31,1.6,3.35,110.0,1.01,1.43,3.35,100.0,1.01,1.43,1.01,1.17,2.8,4.6,1.08,1.28,1.262482781,1.262482793,1.262482794,1.262482804
English Premier League,2026-09-19,13:30:00,Nottm Forest,Coventry,1.65,1.66,6.0,6.2,4.2,4.3,2.12,2.2,1.84,1.89,1.87,1.95,2.06,2.14,15.5,17.0,20.0,22.0,44.0,48.0,42.0,160.0,8.8,9.0,8.8,9.2,20.0,23.0,70.0,80.0,9.2,9.4,9.2,9.8,19.0,19.5,65.0,80.0,15.0,15.5,15.0,16.5,30.0,34.0,40.0,100.0,8.2,8.8,70.0,85.0,60.0,810.0,36036325,39674645.0,48043.0,58805.0,1.262040362,1.262040301,1.262040361,1.262040372,3.5,3.65,1.38,1.4,15.5,17.5,1.06,1.07,4.4,4.6,1.28,1.3,1.19,1.2,2.5,2.54,1.3,1.31,1.262040364,1.262040366,1.262040367,1.262040305
Dutch Eredivisie,2026-09-19,13:45:00,Sparta Rotterdam,Heerenveen,2.7,2.74,2.7,2.74,3.75,3.9,2.56,2.86,1.53,1.65,1.5,1.57,2.76,3.0,22.0,25.0,15.5,18.5,20.0,23.0,34.0,46.0,15.5,18.5,8.2,9.6,11.5,13.5,22.0,25.0,19.5,26.0,11.5,13.5,12.0,14.0,25.0,30.0,34.0,40.0,21.0,25.0,25.0,30.0,40.0,50.0,12.0,14.0,12.5,14.0,12.0,340.0,36041217,111703.0,3630179.0,58805.0,1.262098777,1.262098780,1.262098824,1.262098825,3.55,110.0,1.26,1.35,1.01,36.0,1.04,1.11,5.7,7.0,1.17,1.2,1.57,1.59,1.57,1.59,1.35,1.37,1.262098826,1.262098787,1.262098778,1.262098779
Scottish Premiership,2026-09-19,13:45:00,Kilmarnock,Hearts,5.0,5.4,1.68,1.73,4.4,4.5,2.42,2.7,1.58,1.7,1.58,1.77,2.3,2.74,19.5,27.0,11.0,12.5,11.0,13.0,15.0,18.0,18.5,29.0,9.6,11.0,9.2,10.5,14.0,16.5,30.0,55.0,17.0,24.0,15.0,18.5,19.0,32.0,9.8,130.0,9.2,65.0,36.0,60.0,9.4,85.0,32.0,55.0,6.2,7.0,10.0,600.0,36071054,56086.0,47993.0,58805.0,1.262427886,1.262427896,1.262427885,1.262427895,3.5,5.1,1.29,1.37,1.01,36.0,1.03,1.17,5.0,6.4,1.2,1.25,2.36,2.46,1.22,1.25,1.28,1.3,1.262427877,1.262427889,1.262427890,1.262427900
Turkish 1 Lig,2026-09-19,14:00:00,Batman Petrolspor,Bursaspor,2.78,3.4,2.52,3.05,2.66,4.1,1.93,2.26,1.8,2.08,1.58,1.82,2.2,110.0,1.01,1000.0,8.2,1000.0,10.5,1000.0,1.01,1000.0,8.6,1000.0,5.7,1000.0,8.0,1000.0,1.01,1000.0,1.01,1000.0,8.4,1000.0,1.01,1000.0,1.01,1000.0,1.01,1000.0,1.01,1000.0,1.01,1000.0,1.01,1000.0,1.01,1000.0,1.01,1000.0,1.01,1000.0,36069529,5291013.0,113183.0,58805.0,1.262399904,1.262399907,1.262399951,1.262399952,2.86,110.0,1.01,1.54,1.01,55.0,1.02,1.34,3.6,50.0,1.26,1.35,1.49,1.65,1.42,1.56,1.35,1.51,1.262399953,1.262399914,1.262399905,1.262399906
Turkish Super League,2026-09-19,14:00:00,Basaksehir,Genclerbirligi,1.53,1.61,6.0,7.6,4.5,4.9,2.26,2.54,1.65,1.79,1.68,1.95,2.06,2.46,1.5,1000.0,1.5,1000.0,1.5,1000.0,1.5,1000.0,7.2,970.0,7.4,970.0,1.5,1000.0,1.5,1000.0,7.4,970.0,6.8,970.0,1.5,1000.0,1.5,1000.0,1.49,1000.0,1.49,1000.0,1.5,1000.0,1.5,1000.0,5.5,970.0,1.5,1000.0,1.5,1000.0,36065344,10071088.0,50350.0,58805.0,1.262359558,1.262359569,1.262359557,1.262359568,3.3,110.0,1.3,1.4,4.4,26.0,1.04,1.06,4.4,5.8,1.22,1.29,1.15,1.2,2.62,2.9,1.25,1.29,1.262359549,1.262359561,1.262359562,1.262359573
Turkish Super League,2026-09-19,14:00:00,Trabzonspor,Galatasaray,3.2,3.4,2.16,2.24,4.0,4.2,2.92,3.15,1.46,1.52,1.46,1.52,2.94,3.2,8.6,32.0,15.5,18.0,17.0,20.0,8.4,30.0,19.5,28.0,9.2,10.5,10.0,12.0,17.0,19.5,21.0,32.0,13.0,15.5,12.0,14.0,21.0,24.0,10.0,65.0,21.0,32.0,8.6,32.0,9.6,55.0,15.5,17.5,7.8,8.8,11.0,300.0,36065347,113125.0,2436.0,58805.0,1.262359292,1.262359302,1.262359291,1.262359301,3.75,110.0,1.23,1.31,6.8,36.0,1.03,1.11,6.8,7.4,1.15,1.18,1.8,1.87,1.41,1.46,1.31,1.34,1.262359283,1.262359295,1.262359296,1.262359306
Serbian Super League,2026-09-19,14:00:00,OFK Beograd,FK Radnicki 1923,2.48,3.75,2.12,2.68,3.15,8.0,1.81,2.42,1.71,2.22,1.01,1000.0,1.01,1000.0,1.01,1000.0,1.01,1000.0,1.01,1000.0,1.01,1000.0,1.01,1000.0,1.01,1000.0,1.01,1000.0,1.01,1000.0,1.01,1000.0,1.01,1000.0,1.01,1000.0,1.01,1000.0,1.01,1000.0,1.01,1000.0,1.01,1000.0,1.01,1000.0,1.01,1000.0,1.01,1000.0,1.01,1000.0,36071157,9790651.0,10465511.0,58805.0,1.262426432,1.262426435,1.262426479,1.262426480,1.01,1000.0,1.01,1000.0,1.01,110.0,1.01,1.4,3.4,100.0,1.28,1.4,1.59,1.9,1.36,1.68,1.15,1.47,1.262426481,1.262426442,1.262426433,1.262426434
Polish I Liga,2026-09-19,14:00:00,Miedz Legnica,Stal Rzeszow,1.55,1.78,4.4,7.4,3.85,8.0,2.3,3.25,1.45,1.76,1.01,1000.0,1.01,1000.0,1.01,1000.0,1.01,1000.0,1.01,1000.0,1.01,1000.0,1.01,1000.0,1.01,1000.0,1.01,1000.0,1.01,1000.0,1.01,1000.0,1.01,1000.0,1.01,1000.0,1.01,1000.0,1.01,1000.0,1.01,1000.0,1.01,1000.0,1.01,1000.0,1.01,1000.0,1.01,1000.0,1.01,1000.0,36069080,4935893.0,5817456.0,58805.0,1.262391423,1.262391426,1.262391470,1.262391471,1.01,1000.0,1.01,1000.0,4.4,110.0,1.01,1.29,4.4,8.6,1.15,1.29,1.16,1.3,2.28,2.82,1.14,1.36,1.262391472,1.262391433,1.262391424,1.262391425
Israeli Premier League,2026-09-19,14:00:00,Maccabi Haifa,Ironi Tiberias,1.32,1.51,7.6,110.0,4.9,11.0,2.34,3.4,1.42,1.74,1.01,1000.0,1.01,1000.0,1.01,1000.0,1.01,1000.0,1.01,1000.0,1.01,1000.0,1.01,1000.0,1.01,1000.0,1.01,1000.0,1.01,1000.0,1.01,1000.0,1.01,1000.0,1.01,1000.0,1.01,1000.0,1.01,1000.0,1.01,1000.0,1.01,1000.0,1.01,1000.0,1.01,1000.0,1.01,1000.0,1.01,1000.0,36075997,52465647.0,6064987.0,58805.0,1.262479819,1.262479822,1.262479866,1.262479867,1.01,1000.0,1.01,1000.0,2.34,110.0,1.01,1.24,2.34,7.0,1.16,1.24,1.04,1.16,2.96,4.2,1.13,1.26,1.262479868,1.262479829,1.262479820,1.262479821
Israeli Premier League,2026-09-19,14:00:00,Maccabi Netanya,Maccabi Tel Aviv,6.0,7.0,1.54,1.62,4.5,5.0,2.9,3.25,1.45,1.52,1.58,1.66,2.52,2.74,24.0,36.0,12.0,14.5,11.5,13.5,14.5,16.5,26.0,36.0,10.0,12.0,9.0,10.5,12.5,15.0,1.01,70.0,1.01,29.0,14.5,17.0,20.0,27.0,100.0,160.0,48.0,70.0,1.01,65.0,1.01,65.0,34.0,55.0,4.9,5.5,260.0,420.0,36073300,427639.0,197970.0,58805.0,1.262455031,1.262455034,1.262455078,1.262455079,1.01,1000.0,1.01,1.34,1.01,110.0,1.01,1.1,6.6,8.2,1.15,1.17,2.6,2.88,1.16,1.2,1.25,1.29,1.262455080,1.262455041,1.262455032,1.262455033
Portuguese Primeira Liga,2026-09-19,14:00:00,Alverca,Rio Ave,1.92,2.1,4.0,5.0,3.25,4.3,1.76,2.0,2.0,2.32,1.78,2.1,1.92,2.3,9.0,34.0,9.6,48.0,1.49,1000.0,1.49,1000.0,6.4,14.0,5.8,11.5,11.0,1000.0,1.49,1000.0,7.8,21.0,7.4,19.5,1.49,1000.0,1.49,1000.0,1.49,1000.0,1.49,1000.0,1.49,1000.0,1.49,1000.0,9.8,46.0,1.49,1000.0,1.49,1000.0,36071785,48789.0,495321.0,58805.0,1.262433504,1.262433507,1.262433551,1.262433552,2.66,3.6,1.44,1.5,8.0,14.0,1.07,1.1,3.25,4.4,1.34,1.45,1.27,1.33,1.92,2.1,1.35,1.4,1.262433553,1.262433514,1.262433505,1.262433506
Turkish 1 Lig,2026-09-19,14:00:00,Erokspor A.S,Fatih Karagumruk Istanbul,1.89,2.2,3.35,5.3,3.35,5.9,1.86,2.44,1.7,2.16,1.01,1000.0,1.01,1000.0,1.01,1000.0,1.01,1000.0,1.01,1000.0,1.01,1000.0,1.01,1000.0,1.01,1000.0,1.01,1000.0,1.01,1000.0,1.01,1000.0,1.01,1000.0,1.01,1000.0,1.01,1000.0,1.01,1000.0,1.01,1000.0,1.01,1000.0,1.01,1000.0,1.01,1000.0,1.01,1000.0,1.01,1000.0,36069531,20929178.0,10472882.0,58805.0,1.262400012,1.262400015,1.262400059,1.262400060,2.9,1000.0,1.28,1000.0,3.4,110.0,1.01,1.34,3.4,5.9,1.24,1.34,1.23,1.43,1.84,2.14,1.21,1.42,1.262400061,1.262400022,1.262400013,1.262400014
Serbian Super League,2026-09-19,14:00:00,Radnik Surdulica,Partizan Belgrade,3.4,5.7,1.7,2.2,3.65,8.6,1.89,2.58,1.63,2.12,1.01,1000.0,1.01,1000.0,1.01,1000.0,1.01,1000.0,1.01,1000.0,1.01,1000.0,1.01,1000.0,1.01,1000.0,1.01,1000.0,1.01,1000.0,1.01,1000.0,1.01,1000.0,1.01,1000.0,1.01,1000.0,1.01,1000.0,1.01,1000.0,1.01,1000.0,1.01,1000.0,1.01,1000.0,1.01,1000.0,1.01,1000.0,36071084,8860947.0,46980.0,58805.0,1.262425686,1.262425689,1.262425733,1.262425734,1.01,1000.0,1.28,1000.0,1.01,110.0,1.01,110.0,3.0,100.0,1.25,1.5,1.83,2.44,1.22,1.42,1.13,1.38,1.262425735,1.262425696,1.262425687,1.262425688
Israeli Premier League,2026-09-19,14:15:00,Hapoel Be'er Sheva,Hapoel Kiryat Shmona,1.49,1.57,6.2,7.6,4.6,5.4,2.24,2.86,1.54,1.76,1.68,1.95,2.06,2.48,1.01,1000.0,1.01,1000.0,1.01,1000.0,1.01,1000.0,1.01,1000.0,1.01,1000.0,1.01,1000.0,1.01,1000.0,1.01,970.0,1.01,970.0,1.01,1000.0,1.01,1000.0,1.01,1000.0,1.01,1000.0,1.01,1000.0,1.01,1000.0,4.6,970.0,1.01,1000.0,1.01,1000.0,36073246,102137986.0,5538497.0,58805.0,1.262459338,1.262459348,1.262459337,1.262459347,1.01,1000.0,1.01,1.4,5.3,110.0,1.01,1.23,5.3,8.0,1.19,1.23,1.15,1.19,2.74,3.05,1.22,1.28,1.262459329,1.262459341,1.262459342,1.262459352
Italian Serie B,2026-09-19,14:30:00,Ascoli,Calcio Avellino SSD,2.02,2.42,3.35,4.7,3.2,4.1,1.83,2.14,1.88,2.22,1.68,1.95,2.06,2.48,9.2,38.0,9.6,48.0,1.38,1000.0,1.38,1000.0,7.2,970.0,5.6,10.5,10.0,1000.0,1.38,1000.0,8.8,32.0,7.6,21.0,10.5,1000.0,1.38,1000.0,1.38,1000.0,1.38,1000.0,1.38,1000.0,1.38,1000.0,10.5,1000.0,1.38,1000.0,1.38,1000.0,36072487,201261.0,20530702.0,58805.0,1.262452417,1.262452427,1.262452416,1.262452426,2.8,3.75,1.37,1.55,8.6,28.0,1.03,1.13,3.5,4.3,1.31,1.4,1.27,1.42,1.7,1.99,1.33,1.46,1.262452408,1.262452420,1.262452421,1.262452431
Israeli Premier League,2026-09-19,14:30:00,Beitar Jerusalem,Hapoel Haifa,1.62,1.88,4.3,5.5,4.0,6.6,2.46,3.25,1.48,1.69,1.53,1.74,2.32,2.9,1.01,1000.0,1.01,1000.0,1.01,1000.0,1.01,1000.0,1.01,1000.0,1.01,1000.0,1.01,1000.0,1.01,1000.0,1.01,1000.0,1.01,1000.0,1.01,1000.0,1.01,1000.0,1.01,1000.0,1.01,1000.0,1.01,1000.0,1.01,1000.0,1.01,9.4,1.01,1000.0,1.01,1000.0,36076000,1169738.0,5266551.0,58805.0,1.262480035,1.262480038,1.262480082,1.262480083,1.01,1000.0,1.01,1.38,12.0,110.0,1.01,1.09,5.5,8.6,1.16,1.21,1.22,1.3,2.12,2.62,1.23,1.33,1.262480084,1.262480045,1.262480036,1.262480037
Romanian Liga I,2026-09-19,14:30:00,Universitatea Craiova,FCSB,1.82,1.86,4.3,4.9,4.0,4.4,2.32,2.6,1.63,1.75,1.64,1.77,2.3,2.58,16.5,25.0,17.5,25.0,6.6,40.0,7.0,110.0,10.0,12.5,8.4,10.5,15.5,20.0,6.8,60.0,11.0,13.5,9.0,11.0,14.5,18.0,6.8,60.0,16.5,21.0,14.5,18.5,21.0,34.0,6.8,75.0,7.6,9.0,6.8,50.0,7.6,1000.0,36038718,2487036.0,12819357.0,58805.0,1.262070466,1.262070476,1.262070465,1.262070475,1.01,110.0,1.01,110.0,16.0,25.0,1.04,1.07,4.8,5.7,1.21,1.25,1.26,1.3,2.16,2.22,1.3,1.34,1.262070457,1.262070469,1.262070470,1.262070480
Argentinian Primera Division,2026-09-19,14:30:00,Gimnasia Mendoza,Deportivo Riestra,2.42,2.64,3.55,4.0,2.9,3.3,1.36,1.47,3.1,3.8,2.32,2.88,1.53,1.76,5.2,7.8,6.6,15.0,1.9,1000.0,1.9,1000.0,5.1,8.4,5.6,10.5,1.9,1000.0,1.9,1000.0,8.4,27.0,1.82,40.0,1.9,1000.0,1.9,1000.0,1.9,1000.0,1.9,1000.0,1.9,1000.0,1.9,1000.0,1.9,1000.0,1.9,1000.0,1.9,1000.0,36041669,9229725.0,5994579.0,58805.0,1.262101075,1.262101085,1.262101074,1.262101084,2.14,2.54,1.65,1.87,5.7,8.6,1.13,1.21,2.24,2.6,1.62,1.8,1.33,1.39,1.65,1.71,1.44,1.53,1.262101066,1.262101078,1.262101079,1.262101089
Argentinian Primera Division,2026-09-19,14:30:00,Gimnasia La Plata,Banfield,1.86,2.02,4.5,5.2,3.25,4.4,1.63,1.88,2.14,2.6,1.98,2.32,1.76,2.02,8.0,23.0,1.47,48.0,1.52,1000.0,1.52,1000.0,5.8,11.0,6.0,12.0,1.52,1000.0,1.52,1000.0,7.2,17.0,7.8,21.0,1.52,1000.0,1.52,1000.0,1.52,1000.0,1.52,1000.0,1.52,1000.0,1.52,1000.0,1.52,1000.0,1.52,1000.0,1.52,1000.0,36041282,1213581.0,194508.0,58805.0,1.262101185,1.262101195,1.262101184,1.262101194,2.62,110.0,1.46,1.54,7.2,12.0,1.09,1.14,3.0,3.5,1.4,1.49,1.23,1.28,1.98,2.28,1.34,1.4,1.262101176,1.262101188,1.262101189,1.262101199
Hungarian NB I,2026-09-19,14:30:00,Debreceni VSC,Vasas,2.34,2.76,2.6,3.2,1.12,5.2,2.34,6.2,1.53,1.75,1.01,1.68,1.01,3.05,1.01,1000.0,1.01,1000.0,1.01,1000.0,1.01,1000.0,1.01,1000.0,1.01,1000.0,1.01,1000.0,1.01,1000.0,1.01,1000.0,1.01,1000.0,1.01,1000.0,1.01,1000.0,1.01,1000.0,1.01,1000.0,1.01,1000.0,1.01,1000.0,1.01,1000.0,1.01,1000.0,1.01,1000.0,36066354,9709317.0,886340.0,58805.0,1.262365119,1.262365129,1.262365118,1.262365128,1.01,1000.0,1.01,1.41,1.01,110.0,1.01,1.25,2.38,6.4,1.19,1.25,1.45,1.62,1.57,1.74,1.27,1.41,1.262365110,1.262365122,1.262365123,1.262365133
Peruvian Primera Division,2026-09-19,15:00:00,FC Cajamarca,Cusco FC,3.0,3.75,2.06,2.36,3.75,5.6,2.22,2.6,1.62,1.82,1.01,1000.0,1.01,1000.0,1.01,1000.0,1.01,1000.0,1.01,1000.0,1.01,1000.0,1.01,1000.0,1.01,1000.0,1.01,1000.0,1.01,1000.0,1.01,1000.0,1.01,1000.0,1.01,1000.0,1.01,1000.0,1.01,1000.0,1.01,1000.0,1.01,1000.0,1.01,1000.0,1.01,1000.0,1.01,1000.0,1.01,1000.0,36065843,84010697.0,27767097.0,58805.0,1.262359702,1.262359747,1.262359786,1.262359711,1.01,1000.0,1.01,1000.0,4.4,110.0,1.01,1.21,4.4,100.0,1.2,1.29,1.73,1.95,1.36,1.5,1.22,1.37,1.262359703,1.262359705,1.262359706,1.262359750
French Ligue 2,2026-09-19,15:00:00,Metz,St Etienne,3.55,4.1,2.04,2.16,3.5,3.95,2.14,2.44,1.7,1.87,1.62,1.81,2.24,2.6,1.01,60.0,1.01,21.0,7.8,40.0,1.01,1000.0,8.4,1000.0,1.01,13.0,1.01,19.0,10.0,1000.0,1.01,1000.0,8.4,1000.0,8.8,1000.0,1.01,1000.0,1.01,1000.0,1.01,1000.0,1.01,1000.0,1.01,1000.0,1.01,1000.0,7.4,38.0,1.01,1000.0,36071713,44795.0,309689.0,58805.0,1.262431345,1.262431348,1.262431392,1.262431393,1.01,1000.0,1.01,1.49,4.3,110.0,1.02,1.09,3.9,5.6,1.24,1.31,1.87,1.96,1.34,1.38,1.34,1.38,1.262431394,1.262431355,1.262431346,1.262431347
Algerian Ligue 1,2026-09-19,15:00:00,ES Setif,CS Constantine,2.26,2.6,3.65,4.6,2.76,3.55,1.37,1.53,2.88,3.75,1.01,1000.0,1.01,1000.0,1.01,1000.0,1.01,1000.0,1.01,1000.0,1.01,1000.0,1.01,1000.0,1.01,1000.0,1.01,1000.0,1.01,1000.0,1.01,1000.0,1.01,1000.0,1.01,1000.0,1.01,1000.0,1.01,1000.0,1.01,1000.0,1.01,1000.0,1.01,1000.0,1.01,1000.0,1.01,1000.0,1.01,1000.0,36081483,5201569.0,7598561.0,58805.0,1.262555609,1.262555612,1.262555656,1.262555657,1.01,1000.0,1.01,1000.0,5.1,1000.0,1.01,1.24,2.26,2.66,1.6,1.79,1.28,1.38,1.62,1.8,1.4,1.57,1.262555658,1.262555619,1.262555610,1.262555611
Dutch Eredivisie,2026-09-19,15:00:00,Ajax,Excelsior,1.27,1.29,10.5,12.5,7.4,8.2,3.9,5.2,1.25,1.34,1.69,1.8,2.26,2.46,6.8,70.0,6.8,70.0,7.0,130.0,7.2,350.0,13.5,23.0,15.5,22.0,6.4,48.0,7.0,130.0,11.5,15.5,10.0,16.0,17.5,28.0,6.8,95.0,10.5,14.5,11.5,15.0,19.5,32.0,6.8,90.0,2.68,2.88,6.8,90.0,7.2,440.0,36041214,52494689.0,67164.0,58805.0,1.262098654,1.262098657,1.262098703,1.262098704,1.01,110.0,1.01,110.0,34.0,110.0,1.02,1.03,10.0,12.5,1.09,1.11,1.09,1.1,4.4,4.9,1.15,1.16,1.262098705,1.262098665,1.262098655,1.262098656
Slovenian Premier League,2026-09-19,15:15:00,NK Maribor,NK Aluminij,1.44,1.6,5.6,10.5,4.5,5.1,1.97,2.3,1.78,2.04,1.94,2.34,1.75,2.06,10.5,1000.0,1.01,1000.0,1.01,1000.0,1.01,1000.0,6.4,1000.0,7.4,19.5,1.01,1000.0,1.01,1000.0,6.0,12.0,7.8,1000.0,1.01,1000.0,1.01,1000.0,9.2,1000.0,10.0,1000.0,1.01,1000.0,1.01,1000.0,5.4,1000.0,1.01,1000.0,1.01,1000.0,36069685,44625.0,5664283.0,58805.0,1.262402741,1.262402744,1.262402788,1.262402789,1.01,1000.0,1.01,1.48,1.01,110.0,1.02,1.11,3.8,55.0,1.27,1.34,1.12,1.22,2.68,3.25,1.24,1.28,1.262402790,1.262402751,1.262402742,1.262402743
Polish Ekstraklasa,2026-09-19,15:15:00,LKP Motor Lublin,Gornik Zabrze,3.25,3.55,2.18,2.3,3.7,4.1,2.2,2.54,1.65,1.84,1.62,1.73,2.36,2.6,17.0,23.0,10.5,13.0,13.5,16.0,23.0,28.0,14.0,16.5,7.8,9.4,9.8,11.5,18.0,22.0,22.0,27.0,12.5,15.0,13.5,16.5,19.0,32.0,50.0,70.0,30.0,36.0,34.0,46.0,55.0,80.0,24.0,28.0,11.0,13.5,85.0,1000.0,36065830,6635878.0,503499.0,58805.0,1.262352779,1.262352782,1.262352826,1.262352827,1.01,4.4,1.01,1.46,4.3,110.0,1.05,1.1,4.3,5.5,1.22,1.3,1.77,1.85,1.39,1.45,1.33,1.37,1.262352828,1.262352789,1.262352780,1.262352781
Swiss Super League,2026-09-19,15:30:00,Sion,FC Zurich,1.45,1.56,5.5,8.8,4.7,6.8,2.88,3.8,1.36,1.53,1.49,1.67,2.5,3.1,1.01,1000.0,1.01,1000.0,1.01,1000.0,1.01,1000.0,10.0,85.0,8.2,27.0,1.01,1000.0,1.01,1000.0,8.4,32.0,7.6,21.0,11.0,1000.0,1.01,1000.0,10.0,85.0,9.0,36.0,1.01,1000.0,1.01,1000.0,3.8,5.3,1.01,1000.0,1.01,1000.0,36071834,65785.0,65783.0,58805.0,1.262434636,1.262434639,1.262434683,1.262434684,1.01,6.2,1.19,1.33,6.2,55.0,1.02,1.05,6.2,11.0,1.1,1.16,1.15,1.23,2.78,3.25,1.18,1.28,1.262434685,1.262434646,1.262434637,1.262434638
German Bundesliga 2,2026-09-19,15:30:00,Dynamo Dresden,Hertha Berlin,2.78,2.9,2.38,2.48,4.1,4.4,2.94,3.15,1.46,1.52,1.47,1.49,3.0,3.15,6.4,34.0,16.0,19.0,17.5,24.0,6.6,40.0,17.5,23.0,9.8,11.5,11.0,15.0,19.0,25.0,20.0,30.0,11.5,16.5,12.5,14.5,22.0,28.0,8.0,55.0,18.5,27.0,19.5,28.0,6.8,46.0,10.5,14.0,9.2,10.5,7.6,290.0,36065871,498543.0,44518.0,58805.0,1.262359182,1.262359192,1.262359181,1.262359191,1.01,110.0,1.23,1.31,1.01,36.0,1.03,1.04,6.6,7.4,1.15,1.18,1.67,1.73,1.52,1.57,1.29,1.33,1.262359173,1.262359185,1.262359186,1.262359196
Slovakian Super League,2026-09-19,15:30:00,KFC Komarno,Slovan Bratislava,4.2,7.4,1.59,1.79,3.7,6.2,2.6,7.8,1.46,1.63,1.54,1.77,2.3,1000.0,1.14,1000.0,1.14,1000.0,1.14,1000.0,1.22,1000.0,1.14,1000.0,1.14,1000.0,1.14,1000.0,1.17,1000.0,1.14,1000.0,1.14,1000.0,1.22,1000.0,1.14,1000.0,1.14,1000.0,1.14,1000.0,1.14,1000.0,1.15,1000.0,1.14,1000.0,1.01,970.0,1.14,1000.0,36069526,11450136.0,46933.0,58805.0,1.262402116,1.262402126,1.262402115,1.262402125,1.01,1000.0,1.01,1.39,1.01,55.0,1.02,1.21,4.4,970.0,1.15,1.21,2.26,2.7,1.2,1.26,1.2,1.33,1.262402107,1.262402119,1.262402120,1.262402130
Uruguayan Primera Division,2026-09-19,15:30:00,Cerro,Penarol,1.1,1000.0,1.1,1000.0,1.1,1000.0,1.24,110.0,1.07,6.4,1.01,1000.0,1.01,1000.0,1.01,1000.0,1.01,1000.0,1.01,1000.0,1.01,1000.0,1.01,1000.0,1.01,1000.0,1.01,1000.0,1.01,1000.0,1.01,1000.0,1.01,1000.0,1.01,1000.0,1.01,1000.0,1.01,1000.0,1.01,1000.0,1.01,1000.0,1.01,1000.0,1.01,1000.0,1.01,1000.0,1.01,1000.0,36084507,2329297.0,328191.0,58805.0,1.262583099,1.262583102,1.262583146,1.262583147,1.01,1000.0,1.01,1000.0,1.04,1000.0,1.01,110.0,1.24,110.0,1.07,110.0,1.02,36.0,1.02,36.0,1.01,110.0,1.262583148,1.262583109,1.262583100,1.262583101
Irish Premier Division,2026-09-19,15:45:00,Sligo Rovers,St Patricks,8.6,11.5,1.4,1.43,5.1,5.7,2.28,2.6,1.63,1.78,1.88,2.22,1.82,2.14,15.5,27.0,8.0,11.0,7.8,11.0,10.0,14.5,25.0,30.0,10.5,15.0,9.2,10.5,13.0,15.5,55.0,100.0,24.0,42.0,19.0,32.0,26.0,36.0,95.0,350.0,90.0,160.0,75.0,130.0,95.0,160.0,95.0,190.0,5.2,5.9,95.0,1000.0,36071070,387040.0,364471.0,58805.0,1.262425535,1.262425538,1.262425582,1.262425583,2.98,110.0,1.23,1.43,4.1,110.0,1.04,1.32,4.1,36.0,1.2,1.32,3.3,3.5,1.11,1.13,1.22,1.25,1.262425584,1.262425545,1.262425536,1.262425537
Italian Serie A,2026-09-19,15:45:00,Venezia,Lazio,4.0,4.1,2.04,2.08,3.75,3.8,2.14,2.2,1.83,1.88,1.71,1.76,2.32,2.42,15.0,17.0,10.0,11.0,12.5,14.0,22.0,25.0,15.5,16.5,7.6,8.2,9.8,10.5,18.0,21.0,27.0,30.0,14.5,16.0,15.5,16.0,29.0,32.0,34.0,80.0,40.0,44.0,42.0,50.0,65.0,80.0,32.0,40.0,11.5,12.5,60.0,1000.0,36041237,44504.0,56966.0,58805.0,1.262103244,1.262103228,1.262103243,1.262103253,3.4,3.55,1.39,1.42,15.5,17.5,1.06,1.07,4.4,4.6,1.28,1.29,1.93,1.97,1.32,1.34,1.35,1.37,1.262103246,1.262103248,1.262103249,1.262103231
French Ligue 1,2026-09-19,15:45:00,Toulouse,Le Havre,1.79,1.81,5.1,5.3,3.9,4.0,1.98,2.08,1.93,2.02,1.87,1.96,2.04,2.14,13.5,15.0,16.5,17.5,34.0,44.0,14.5,130.0,8.0,8.8,8.0,8.8,17.5,20.0,13.0,70.0,9.8,11.0,9.2,10.0,18.0,20.0,60.0,80.0,17.0,19.0,17.0,19.5,32.0,42.0,14.5,120.0,10.5,12.0,14.0,85.0,15.0,1000.0,36039892,305969.0,70446.0,58805.0,1.262087409,1.262087393,1.262087408,1.262087418,2.82,3.45,1.41,1.55,13.0,15.0,1.07,1.09,3.85,4.2,1.32,1.35,1.23,1.25,2.22,2.28,1.33,1.35,1.262087411,1.262087413,1.262087414,1.262087396
French Ligue 1,2026-09-19,15:45:00,Lyon,Rennes,2.16,2.2,3.35,3.45,3.9,4.0,2.62,2.74,1.58,1.62,1.53,1.57,2.76,2.9,10.0,24.0,17.5,20.0,26.0,28.0,50.0,60.0,13.5,15.0,8.8,9.6,13.0,14.5,29.0,36.0,16.0,17.5,10.0,11.0,13.0,14.5,30.0,34.0,26.0,29.0,17.5,23.0,23.0,29.0,48.0,55.0,9.6,10.5,18.5,22.0,14.0,410.0,36039873,55271.0,44799.0,58805.0,1.262087681,1.262087665,1.262087680,1.262087690,3.55,5.1,1.27,1.39,21.0,26.0,1.04,1.05,5.8,6.2,1.19,1.21,1.4,1.42,1.83,1.86,1.33,1.35,1.262087683,1.262087685,1.262087686,1.262087668
French Ligue 1,2026-09-19,15:45:00,Le Mans,Lorient,2.8,2.84,2.72,2.76,3.55,3.6,2.0,2.34,1.75,2.0,1.68,1.74,2.36,2.48,14.5,16.5,11.5,13.0,16.5,19.0,34.0,40.0,11.5,13.5,7.4,8.2,11.0,12.5,24.0,28.0,17.5,19.5,11.5,13.0,14.5,16.0,32.0,38.0,36.0,44.0,26.0,29.0,11.5,40.0,13.5,80.0,19.5,23.0,19.0,22.0,15.0,1000.0,36039862,269791.0,44794.0,58805.0,1.262087805,1.262087789,1.262087804,1.262087814,2.88,3.6,1.39,1.54,10.0,18.0,1.06,1.08,4.0,5.4,1.26,1.33,1.56,1.59,1.54,1.56,1.38,1.4,1.262087807,1.262087809,1.262087810,1.262087792
French Ligue 1,2026-09-19,15:45:00,Angers,ESTAC Troyes,2.26,2.3,3.55,3.6,3.55,3.6,1.9,1.93,2.08,2.12,1.83,1.9,2.12,2.2,12.0,12.5,11.5,13.0,22.0,25.0,60.0,70.0,8.8,9.6,7.2,7.8,13.5,14.5,38.0,44.0,13.0,14.0,10.0,11.0,16.5,19.0,48.0,55.0,27.0,30.0,23.0,25.0,36.0,40.0,16.0,110.0,18.0,20.0,38.0,46.0,18.0,1000.0,36039891,473963.0,4864974.0,58805.0,1.262087557,1.262087541,1.262087556,1.262087566,2.66,3.35,1.43,1.61,11.5,13.5,1.08,1.1,3.6,3.8,1.35,1.39,1.38,1.4,1.77,1.8,1.38,1.4,1.262087559,1.262087561,1.262087562,1.262087544
Spanish Segunda Division,2026-09-19,16:00:00,Cadiz,Girona,3.75,4.7,2.0,2.16,3.2,4.2,1.86,2.14,1.88,2.16,1.73,2.02,1.99,2.38,9.2,42.0,6.8,15.5,8.4,26.0,1.47,1000.0,9.6,44.0,6.0,11.5,7.6,19.0,1.47,1000.0,1.47,1000.0,10.5,80.0,1.47,1000.0,1.47,1000.0,1.47,1000.0,1.47,1000.0,1.47,1000.0,1.47,1000.0,1.47,1000.0,1.43,46.0,1.47,1000.0,36067821,516259.0,968185.0,58805.0,1.262376903,1.262376906,1.262376950,1.262376951,2.78,3.65,1.4,1.49,8.6,55.0,1.03,1.12,3.5,4.7,1.3,1.4,1.86,2.0,1.28,1.36,1.32,1.39,1.262376952,1.262376913,1.262376904,1.262376905
Uruguayan Segunda Division,2026-09-19,16:00:00,Plaza Colonia,Paysandu FC,1.78,2.3,3.6,6.2,2.84,3.75,1.54,2.04,1.96,2.82,1.01,1000.0,1.01,1000.0,1.01,1000.0,1.01,1000.0,1.01,1000.0,1.01,1000.0,1.01,1000.0,1.01,1000.0,1.01,1000.0,1.01,1000.0,1.01,1000.0,1.01,1000.0,1.01,1000.0,1.01,1000.0,1.01,1000.0,1.01,1000.0,1.01,1000.0,1.01,1000.0,1.01,1000.0,1.01,1000.0,1.01,1000.0,36081581,10149637.0,57046763.0,58805.0,1.262557155,1.262557200,1.262557239,1.262557164,1.01,1000.0,1.38,1.73,1.01,110.0,1.01,110.0,2.66,3.9,1.34,1.6,1.2,1.38,1.76,2.28,1.36,1.55,1.262557156,1.262557158,1.262557159,1.262557203
Brazilian Serie A,2026-09-19,16:00:00,Atletico MG,Chapecoense,1.44,1.47,8.4,9.0,4.9,5.2,2.2,2.32,1.75,1.83,2.0,2.1,1.91,2.0,17.0,24.0,19.5,34.0,8.6,95.0,9.4,340.0,7.8,8.6,10.0,11.5,7.6,38.0,9.0,160.0,7.8,8.8,9.2,10.5,20.0,32.0,9.0,130.0,11.0,12.5,13.5,18.5,7.8,44.0,9.0,170.0,6.0,6.6,9.2,210.0,8.8,1000.0,36045433,361329.0,2909511.0,58805.0,1.262176217,1.262176220,1.262176264,1.262176265,3.1,4.3,1.36,1.45,15.0,21.0,1.05,1.07,4.5,5.0,1.25,1.29,1.12,1.13,3.1,3.3,1.23,1.26,1.262176266,1.262176227,1.262176218,1.262176219
Dutch Eredivisie,2026-09-19,16:00:00,Willem II,Fortuna Sittard,2.6,2.7,2.62,2.74,3.9,4.1,2.6,2.94,1.51,1.63,1.45,1.59,2.7,3.2,9.4,26.0,15.0,16.5,18.5,22.0,11.0,42.0,15.0,17.0,8.6,9.8,11.0,13.0,21.0,27.0,19.0,22.0,11.5,13.0,13.0,14.5,20.0,34.0,11.0,50.0,9.4,27.0,20.0,34.0,12.0,65.0,12.5,14.0,12.5,14.5,14.5,400.0,36041229,48455.0,49058.0,58805.0,1.262098993,1.262098996,1.262099040,1.262099041,3.75,5.2,1.27,1.35,5.7,36.0,1.04,1.21,5.8,6.4,1.19,1.21,1.57,1.62,1.58,1.62,1.33,1.35,1.262099042,1.262099003,1.262098994,1.262098995
Ecuadorian Serie A,2026-09-19,16:00:00,Manta FC,Orense Sporting Club,2.52,3.3,2.74,3.7,2.88,4.2,1.63,1.98,2.02,2.6,0.0,0.0,0.0,0.0,0.0,0.0,0.0,0.0,0.0,0.0,0.0,0.0,0.0,0.0,0.0,0.0,0.0,0.0,0.0,0.0,0.0,0.0,0.0,0.0,0.0,0.0,0.0,0.0,0.0,0.0,0.0,0.0,0.0,0.0,0.0,0.0,0.0,0.0,0.0,0.0,0.0,0.0,36077261,5366102.0,17583926.0,58805.0,1.262493560,1.262493564,0.0,0.0,0.0,0.0,0.0,0.0,0.0,0.0,0.0,0.0,0.0,0.0,0.0,0.0,0.0,0.0,0.0,0.0,0.0,0.0,0.0,0.0,0.0,0.0
Spanish La Liga,2026-09-19,16:00:00,Sevilla,Barcelona,15.5,16.0,1.22,1.23,8.4,8.8,4.2,4.4,1.29,1.31,1.71,1.74,2.36,2.42,50.0,70.0,17.0,19.0,10.5,12.5,10.5,11.5,55.0,90.0,19.0,21.0,11.0,12.5,10.5,11.5,48.0,180.0,46.0,55.0,27.0,32.0,25.0,28.0,120.0,1000.0,48.0,1000.0,42.0,120.0,42.0,130.0,46.0,140.0,2.62,2.74,100.0,1000.0,36071858,52480974.0,52480964.0,58805.0,1.262436283,1.262436222,1.262436282,1.262436293,6.0,6.6,1.18,1.2,50.0,110.0,1.01,1.02,11.0,12.5,1.09,1.1,5.5,5.6,1.06,1.07,1.13,1.14,1.262436285,1.262436287,1.262436288,1.262436226
Paraguayan Primera Division,2026-09-19,16:00:00,Libertad,Club Sportivo Ameliano,0.0,0.0,0.0,0.0,0.0,0.0,1.25,970.0,1.3,6.0,1.79,2.12,1.91,2.28,9.6,1000.0,10.0,1000.0,1.01,1000.0,1.01,1000.0,6.4,14.0,6.4,14.0,11.0,1000.0,1.01,1000.0,7.4,19.5,7.4,19.0,1.01,1000.0,1.01,1000.0,11.5,1000.0,11.5,1000.0,1.01,1000.0,1.01,1000.0,8.2,25.0,1.01,1000.0,1.01,1000.0,36072230,0.0,0.0,0.0,0.0,1.262445850,1.262445896,1.262445897,1.01,3.8,1.01,1.54,1.01,1000.0,1.01,1000.0,1.26,110.0,1.3,5.0,1.01,1000.0,1.01,1000.0,1.26,1.41,1.262445898,1.262445858,1.262445848,1.262445849
Colombian Primera A,2026-09-19,16:00:00,Millonarios,Boyaca Chico,1.27,1.35,11.0,60.0,5.3,8.6,2.02,2.28,1.79,1.99,2.38,2.84,1.54,1.73,1.71,1000.0,1.71,1000.0,1.71,1000.0,1.71,1000.0,5.8,10.5,1.71,1000.0,1.71,1000.0,1.71,1000.0,5.1,9.6,7.6,1000.0,1.71,1000.0,1.71,1000.0,1.53,15.0,1.71,1000.0,1.71,1000.0,1.71,1000.0,1.36,6.8,1.71,1000.0,1.71,1000.0,36072525,900849.0,3636902.0,58805.0,1.262452859,1.262452869,1.262452858,1.262452868,1.01,110.0,1.01,110.0,10.5,110.0,1.01,1.09,3.9,5.1,1.25,1.31,1.03,1.09,3.85,4.8,1.15,1.23,1.262452850,1.262452862,1.262452863,1.262452873
Icelandic Urvalsdeild,2026-09-19,16:30:00,KA Akureyri,Thor,0.0,0.0,0.0,0.0,0.0,0.0,1.72,110.0,1.4,1.59,1.01,1.6,1.01,3.45,1.01,1000.0,1.01,1000.0,1.01,1000.0,1.01,1000.0,1.01,1000.0,1.01,1000.0,1.01,1000.0,1.01,1000.0,1.01,1000.0,1.01,1000.0,1.01,1000.0,1.01,1000.0,1.01,1000.0,1.01,1000.0,1.01,1000.0,1.01,1000.0,5.5,1000.0,1.01,1000.0,1.01,1000.0,36068638,0.0,0.0,0.0,0.0,1.262395538,1.262395527,1.262395537,1.01,1000.0,1.01,1.34,1.01,1000.0,1.01,1.18,2.68,110.0,1.11,1.18,1.27,1.45,1.78,2.38,1.14,1.51,1.262395519,1.262395531,1.262395532,1.262395542
Portuguese Primeira Liga,2026-09-19,16:30:00,Sporting Lisbon,Arouca,1.22,1.23,16.0,18.5,7.6,8.0,2.92,3.65,1.41,1.52,2.08,2.22,1.82,1.92,8.8,42.0,9.2,70.0,10.0,210.0,10.5,1000.0,10.0,12.0,15.0,22.0,38.0,70.0,10.0,330.0,7.8,8.8,10.5,12.0,8.8,38.0,10.0,230.0,8.4,9.4,12.5,17.0,9.0,48.0,10.0,220.0,3.2,3.45,10.5,390.0,10.5,1000.0,36069796,52495073.0,3413603.0,58805.0,1.262404591,1.262404594,1.262404638,1.262404639,3.35,110.0,1.22,1.3,26.0,55.0,1.02,1.04,6.8,8.8,1.14,1.17,1.05,1.07,5.2,5.6,1.14,1.15,1.262404640,1.262404601,1.262404592,1.262404593
Brazilian Serie B,2026-09-19,16:30:00,Sport Recife,Juventude,2.4,2.74,3.1,3.75,2.88,3.35,1.54,1.74,2.36,2.82,2.0,2.36,1.73,2.0,8.2,14.5,1.42,18.0,1.54,1000.0,1.54,1000.0,6.4,13.5,5.5,10.5,1.54,1000.0,1.54,1000.0,9.0,34.0,1.47,34.0,1.54,1000.0,1.54,1000.0,1.54,1000.0,1.54,1000.0,1.54,1000.0,1.54,1000.0,1.54,1000.0,1.54,1000.0,1.54,1000.0,36077780,2405306.0,198144.0,58805.0,1.262531214,1.262531217,1.262531261,1.262531262,2.44,110.0,1.52,1.62,6.2,13.5,1.08,1.17,2.66,3.1,1.48,1.6,1.37,1.47,1.57,1.71,1.42,1.53,1.262531263,1.262531224,1.262531215,1.262531216
Argentinian Primera Division,2026-09-19,16:45:00,Union Santa Fe,CA Independiente,2.44,2.76,3.15,3.45,2.9,3.45,1.5,1.69,2.46,2.98,1.96,2.28,1.78,2.06,1.4,14.5,1.43,17.0,1.56,1000.0,1.56,1000.0,1.39,13.0,1.33,9.2,1.56,1000.0,1.56,1000.0,1.51,50.0,1.5,38.0,1.56,1000.0,1.56,1000.0,1.56,1000.0,1.56,1000.0,1.56,1000.0,1.56,1000.0,1.56,1000.0,1.56,1000.0,1.56,1000.0,36041714,194516.0,8015153.0,58805.0,1.262101296,1.262101308,1.262101295,1.262101306,1.01,110.0,1.01,1.7,6.2,16.0,1.08,1.18,2.84,3.1,1.48,1.54,1.41,1.46,1.57,1.69,1.4,1.52,1.262101287,1.262101300,1.262101301,1.262101312
Brazilian Serie A,2026-09-19,17:00:00,Mirassol,Botafogo FR,2.22,2.38,3.2,3.45,3.4,4.2,1.99,2.32,1.76,2.02,1.62,1.85,2.18,2.62,10.0,1000.0,9.6,44.0,1.35,1000.0,1.35,1000.0,8.0,23.0,6.0,12.0,9.4,42.0,1.35,1000.0,9.8,46.0,7.8,22.0,10.5,1000.0,1.35,1000.0,1.35,1000.0,1.35,1000.0,1.35,1000.0,1.35,1000.0,1.31,46.0,1.35,1000.0,1.35,1000.0,36045431,2760854.0,11302836.0,58805.0,1.262180241,1.262180251,1.262180240,1.262180250,3.0,4.1,1.38,1.49,13.5,21.0,1.06,1.08,4.0,4.6,1.28,1.33,1.4,1.45,1.72,1.81,1.35,1.41,1.262180232,1.262180244,1.262180245,1.262180255
Venezuelan Primera Division,2026-09-19,17:00:00,Universidad de Venezuela,Carabobo FC,1.1,1000.0,1.1,1000.0,1.1,1000.0,1.07,110.0,1.28,36.0,1.01,1000.0,1.01,1000.0,1.01,1000.0,1.01,1000.0,1.01,1000.0,1.01,1000.0,1.01,1000.0,1.01,1000.0,1.01,1000.0,1.01,1000.0,1.01,1000.0,1.01,1000.0,1.01,1000.0,1.01,1000.0,1.01,1000.0,1.01,1000.0,1.01,1000.0,1.01,1000.0,1.01,1000.0,1.01,1000.0,1.01,1000.0,36084597,39170146.0,893607.0,58805.0,1.262584704,1.262584714,1.262584703,1.262584713,1.01,1000.0,1.01,1000.0,1.01,1000.0,1.01,110.0,1.07,110.0,1.28,110.0,1.02,36.0,1.02,36.0,1.01,110.0,1.262584695,1.262584707,1.262584708,1.262584718
Peruvian Primera Division,2026-09-19,17:30:00,Sporting Cristal,Atletico Grau,1.3,1.56,6.8,1000.0,4.3,11.5,2.08,3.0,1.5,1.93,1.01,1000.0,1.01,1000.0,1.01,1000.0,1.01,1000.0,1.01,1000.0,1.01,1000.0,1.01,1000.0,1.01,1000.0,1.01,1000.0,1.01,1000.0,1.01,1000.0,1.01,1000.0,1.01,1000.0,1.01,1000.0,1.01,1000.0,1.01,1000.0,1.01,1000.0,1.01,1000.0,1.01,1000.0,1.01,1000.0,1.01,1000.0,36066664,328696.0,16192656.0,58805.0,1.262367057,1.262367060,1.262367104,1.262367105,1.01,1000.0,1.01,1000.0,1.02,110.0,1.01,1.68,2.46,100.0,1.2,1.69,1.01,1.17,2.8,4.3,1.09,1.3,1.262367106,1.262367067,1.262367058,1.262367059
Colombian Primera A,2026-09-19,18:05:00,Alianza FC Valledupar,Santa Fe,2.88,3.35,2.56,2.98,3.15,3.85,1.59,1.79,2.2,2.76,1.89,2.26,1.82,2.14,1.34,1000.0,5.4,16.5,1.34,1000.0,1.34,1000.0,5.8,16.0,1.18,9.6,1.29,34.0,1.34,1000.0,1.34,1000.0,7.8,1000.0,1.34,1000.0,1.34,1000.0,1.34,1000.0,1.34,1000.0,1.34,1000.0,1.34,1000.0,1.34,1000.0,1.34,1000.0,1.34,1000.0,36072857,79102706.0,4908158.0,58805.0,1.262452197,1.262452207,1.262452196,1.262452206,1.01,110.0,1.01,110.0,2.98,21.0,1.05,1.14,2.8,3.35,1.44,1.51,1.5,1.65,1.43,1.54,1.35,1.47,1.262452188,1.262452200,1.262452201,1.262452211
Brazilian Serie A,2026-09-19,18:30:00,Remo,Santos,2.9,3.2,2.52,2.68,3.2,3.9,1.92,2.08,1.94,2.08,1.7,1.93,2.08,2.44,9.4,40.0,8.0,22.0,10.0,65.0,1.4,1000.0,8.6,25.0,5.9,11.0,8.4,26.0,1.4,1000.0,11.5,1000.0,8.6,34.0,11.0,1000.0,1.4,1000.0,1.4,1000.0,1.4,1000.0,1.4,1000.0,1.4,1000.0,1.4,1000.0,1.4,1000.0,1.4,1000.0,36045403,376830.0,198127.0,58805.0,1.262175484,1.262175487,1.262175531,1.262175532,2.9,3.8,1.36,1.53,9.4,18.0,1.07,1.1,3.6,4.5,1.29,1.39,1.59,1.66,1.46,1.53,1.35,1.46,1.262175533,1.262175494,1.262175485,1.262175486
Uruguayan Primera Division,2026-09-19,18:30:00,Deportivo Maldonado,Cerro Largo FC,1.65,1.85,5.1,7.0,3.7,5.1,1.72,1.93,2.08,2.4,1.01,1000.0,1.01,1000.0,1.01,1000.0,1.01,1000.0,1.01,1000.0,1.01,1000.0,1.01,1000.0,1.01,1000.0,1.01,1000.0,1.01,1000.0,1.01,1000.0,1.01,1000.0,1.01,1000.0,1.01,1000.0,1.01,1000.0,1.01,1000.0,1.01,1000.0,1.01,1000.0,1.01,1000.0,1.01,1000.0,1.01,1000.0,36078883,10932747.0,10573041.0,58805.0,1.262539720,1.262539723,1.262539768,1.262539769,1.01,1000.0,1.35,1.65,3.05,110.0,1.01,1.46,3.05,3.9,1.36,1.46,1.17,1.25,2.18,2.54,1.25,1.38,1.262539771,1.262539731,1.262539721,1.262539722
Uruguayan Primera Division,2026-09-19,18:30:00,Deportivo Maldonado,Juventud De Las Piedras,1.1,1000.0,1.1,1000.0,1.1,900.0,1.24,1000.0,1.01,6.4,0.0,0.0,0.0,0.0,0.0,0.0,0.0,0.0,0.0,0.0,0.0,0.0,0.0,0.0,0.0,0.0,0.0,0.0,0.0,0.0,0.0,0.0,0.0,0.0,0.0,0.0,0.0,0.0,0.0,0.0,0.0,0.0,0.0,0.0,0.0,0.0,0.0,0.0,0.0,0.0,0.0,0.0,36077336.0,10932747.0,8947595.0,58805.0,1.262500671,1.262500674,0.0,0.0,0.0,0.0,0.0,0.0,0.0,0.0,0.0,0.0,0.0,0.0,0.0,0.0,0.0,0.0,0.0,0.0,0.0,0.0,0.0,0.0,0.0,0.0
Ecuadorian Serie A,2026-09-19,18:30:00,Guayaquil City,CD Leones del Norte,2.14,2.48,3.55,4.6,3.1,3.85,1.53,1.71,2.4,2.9,0.0,0.0,0.0,0.0,0.0,0.0,0.0,0.0,0.0,0.0,0.0,0.0,0.0,0.0,0.0,0.0,0.0,0.0,0.0,0.0,0.0,0.0,0.0,0.0,0.0,0.0,0.0,0.0,0.0,0.0,0.0,0.0,0.0,0.0,0.0,0.0,0.0,0.0,0.0,0.0,0.0,0.0,36078516,15116449.0,67023925.0,58805.0,1.262541260,1.262541270,0,0,0.0,0.0,0.0,0.0,0.0,0.0,0.0,0.0,0.0,0.0,0.0,0.0,0.0,0.0,0.0,0.0,0.0,0.0,0,0,0,0
Brazilian Serie B,2026-09-19,18:30:00,Athletic Club,Botafogo SP,2.24,2.58,3.65,4.6,2.76,3.25,1.54,1.65,2.54,2.9,2.08,2.48,1.67,1.93,6.0,12.0,1.46,18.5,1.59,1000.0,1.59,1000.0,5.7,11.0,5.4,9.4,1.59,1000.0,1.59,1000.0,1.5,26.0,1.59,1000.0,1.59,1000.0,1.59,1000.0,1.59,1000.0,1.59,1000.0,1.59,1000.0,1.59,1000.0,1.59,1000.0,1.59,1000.0,1.59,1000.0,36074097,23018379.0,4435648.0,58805.0,1.262460558,1.262460561,1.262460605,1.262460606,1.01,110.0,1.52,1.75,6.0,11.0,1.1,1.2,2.6,2.86,1.54,1.63,1.28,1.38,1.63,1.8,1.44,1.57,1.262460607,1.262460568,1.262460559,1.262460560
Paraguayan Primera Division,2026-09-19,18:30:00,Cerro Porteno,Rubio Nu,0.0,0.0,0.0,0.0,0.0,0.0,1.25,110.0,1.34,6.0,2.0,2.4,1.72,2.0,8.4,26.0,10.0,1000.0,1.01,1000.0,1.01,1000.0,5.7,10.5,6.6,14.0,1.01,1000.0,1.01,1000.0,6.6,14.5,7.6,19.5,1.01,1000.0,1.01,1000.0,10.5,1000.0,12.0,1000.0,1.01,1000.0,1.01,1000.0,8.4,26.0,1.01,1000.0,1.01,1000.0,36072224,0.0,0.0,0.0,0.0,1.262445692,1.262445736,1.262445737,1.01,3.4,1.01,1.61,1.01,1000.0,1.01,1000.0,1.26,110.0,1.34,110.0,1.01,1000.0,1.01,1000.0,1.26,1.41,1.262445738,1.262445699,1.262445690,1.262445691
Venezuelan Primera Division,2026-09-19,19:00:00,Puerto Cabello,Portuguesa FC,1.1,1000.0,1.1,1000.0,1.1,1000.0,1.08,110.0,1.42,18.0,1.01,1000.0,1.01,1000.0,1.01,1000.0,1.01,1000.0,1.01,1000.0,1.01,1000.0,1.01,1000.0,1.01,1000.0,1.01,1000.0,1.01,1000.0,1.01,1000.0,1.01,1000.0,1.01,1000.0,1.01,1000.0,1.01,1000.0,1.01,1000.0,1.01,1000.0,1.01,1000.0,1.01,1000.0,1.01,1000.0,1.01,1000.0,36084578,13442344.0,10939060.0,58805.0,1.262584814,1.262584824,1.262584813,1.262584823,1.01,1000.0,1.01,1000.0,1.01,1000.0,1.01,110.0,1.08,110.0,1.02,110.0,1.02,36.0,1.02,36.0,1.01,110.0,1.262584805,1.262584817,1.262584818,1.262584828
Argentinian Primera Division,2026-09-19,19:00:00,River Plate,CA Huracan,1.12,1.6,6.2,11.0,3.6,5.0,1.63,2.0,2.0,2.78,1.01,3.05,1.01,1.7,1.19,1000.0,1.19,1000.0,1.19,1000.0,1.19,1000.0,1.19,1000.0,1.11,18.5,1.19,1000.0,1.19,1000.0,1.05,9.4,1.19,1000.0,1.19,1000.0,1.19,1000.0,1.19,1000.0,1.19,1000.0,1.19,1000.0,1.19,1000.0,1.19,1000.0,1.19,1000.0,1.19,1000.0,36073236,194515.0,12545982.0,58805.0,1.262459583,1.262459593,1.262459582,1.262459592,1.01,110.0,1.01,110.0,1.01,110.0,1.01,1.17,2.78,100.0,1.01,1.52,1.11,1.15,2.66,26.0,1.25,1.34,1.262459574,1.262459586,1.262459587,1.262459597
Mexican Liga MX,2026-09-19,20:00:00,Atletico San Luis,Necaxa,2.3,2.54,3.0,3.45,3.5,4.4,2.02,2.24,1.8,1.99,1.62,1.85,2.18,2.6,10.0,1000.0,9.2,40.0,1.32,1000.0,1.32,1000.0,7.8,24.0,6.0,12.0,9.0,42.0,1.32,1000.0,9.6,65.0,7.8,23.0,10.5,1000.0,1.32,1000.0,1.32,1000.0,1.32,1000.0,1.32,1000.0,1.32,1000.0,10.0,90.0,1.32,1000.0,1.32,1000.0,36071842,10781957.0,230910.0,58805.0,1.262435183,1.262435186,1.262435230,1.262435231,3.2,4.2,1.32,1.45,13.5,21.0,1.06,1.08,4.0,5.0,1.25,1.34,1.41,1.5,1.65,1.77,1.33,1.4,1.262435232,1.262435193,1.262435184,1.262435185
Mexican Liga MX,2026-09-19,20:00:00,Atlas,Pumas UNAM,2.54,2.68,3.0,3.2,3.35,3.6,1.86,2.08,1.92,2.16,1.74,1.84,2.18,2.34,12.0,16.5,11.0,14.5,17.5,25.0,5.9,60.0,9.8,13.0,6.8,8.0,11.5,15.5,5.5,36.0,15.0,20.0,10.5,14.0,14.5,17.0,5.9,55.0,5.7,44.0,5.3,36.0,5.8,48.0,5.7,100.0,19.0,27.0,5.4,38.0,6.0,1000.0,36070127,328950.0,328955.0,58805.0,1.262410764,1.262410767,1.262410811,1.262410812,1.01,110.0,1.01,110.0,3.8,36.0,1.04,1.13,3.75,4.4,1.31,1.36,1.45,1.5,1.59,1.65,1.38,1.43,1.262410813,1.262410774,1.262410765,1.262410766
Peruvian Primera Division,2026-09-19,20:00:00,Deportivo Garcilaso,Universitario de Deportes,2.68,4.0,2.24,3.1,2.72,5.6,1.54,1.87,2.14,2.86,1.01,1000.0,1.01,1000.0,1.01,1000.0,1.01,1000.0,1.01,1000.0,1.01,1000.0,1.01,1000.0,1.01,1000.0,1.01,1000.0,1.01,1000.0,1.01,1000.0,1.01,1000.0,1.01,1000.0,1.01,1000.0,1.01,1000.0,1.01,1000.0,1.01,1000.0,1.01,1000.0,1.01,1000.0,1.01,1000.0,1.01,1000.0,36066665,12104874.0,3636903.0,58805.0,1.262366949,1.262366952,1.262366996,1.262366997,1.01,1000.0,1.01,1000.0,2.78,110.0,1.01,1.57,2.78,100.0,1.02,1.57,1.47,1.81,1.33,1.6,1.22,1.59,1.262366998,1.262366959,1.262366950,1.262366951
Colombian Primera A,2026-09-19,20:10:00,Deportivo Cali,Cucuta Deportivo,1.44,1.64,6.6,11.0,4.1,5.5,1.74,1.98,2.02,2.36,2.06,2.48,1.67,1.92,1.67,30.0,10.0,1000.0,1.77,1000.0,1.77,1000.0,5.2,12.0,1.6,16.5,1.77,1000.0,1.77,1000.0,5.8,14.5,1.61,24.0,1.77,1000.0,1.77,1000.0,1.7,44.0,1.77,1000.0,1.77,1000.0,1.77,1000.0,5.8,15.0,1.77,1000.0,1.77,1000.0,36072709,328690.0,2301978.0,58805.0,1.262452527,1.262452537,1.262452526,1.262452536,1.01,110.0,1.02,110.0,7.2,55.0,1.03,1.12,3.15,3.95,1.35,1.47,1.11,1.18,2.56,3.25,1.22,1.33,1.262452518,1.262452530,1.262452531,1.262452541
US MLS,2026-09-19,20:30:00,CF Montreal,Columbus,2.52,2.64,2.74,2.92,3.75,4.1,2.48,2.58,1.64,1.67,1.48,1.69,2.46,3.1,1.26,1000.0,10.0,100.0,1.26,1000.0,1.26,1000.0,9.8,70.0,6.6,15.0,8.8,34.0,1.26,1000.0,11.5,1000.0,8.4,28.0,9.8,50.0,1.26,1000.0,1.26,1000.0,1.26,1000.0,1.26,1000.0,1.26,1000.0,9.2,32.0,10.0,1000.0,1.26,1000.0,36078680,42741189.0,171903.0,58805.0,1.262537741,1.262537751,1.262537740,1.262537750,4.0,4.3,1.31,1.34,17.5,36.0,1.04,1.06,5.3,5.8,1.21,1.23,1.52,1.57,1.6,1.66,1.32,1.37,1.262537732,1.262537744,1.262537745,1.262537755
US MLS,2026-09-19,20:30:00,New England Revolution,Orlando City,1.91,1.97,3.75,3.95,4.3,4.6,3.1,3.2,1.45,1.48,1.41,1.59,2.72,3.45,1.49,1000.0,1.49,1000.0,1.49,1000.0,1.47,90.0,10.5,18.0,8.0,22.0,10.5,1000.0,1.49,1000.0,10.5,1000.0,7.8,21.0,9.6,42.0,1.49,1000.0,1.49,1000.0,10.5,1000.0,1.49,1000.0,1.49,1000.0,5.4,9.6,1.4,22.0,1.49,1000.0,36078679,408103.0,5640226.0,58805.0,1.262537961,1.262537971,1.262537960,1.262537970,4.8,5.2,1.24,1.27,7.2,55.0,1.03,1.04,7.2,7.8,1.15,1.16,1.34,1.36,2.02,2.1,1.27,1.31,1.262537952,1.262537964,1.262537965,1.262537975
Brazilian Serie A,2026-09-19,20:30:00,Vasco da Gama,Coritiba,1.56,1.61,6.6,7.4,4.2,4.6,2.0,2.12,1.9,2.0,1.98,2.12,1.9,2.02,14.0,18.5,19.0,22.0,36.0,70.0,10.5,250.0,7.2,8.2,8.8,10.0,20.0,27.0,11.0,130.0,8.0,9.2,9.0,10.5,21.0,24.0,11.0,110.0,13.0,15.0,15.0,17.5,27.0,44.0,11.5,160.0,7.8,9.0,10.5,160.0,11.0,1000.0,36045430,198124.0,198141.0,58805.0,1.262176104,1.262176107,1.262176151,1.262176152,3.05,110.0,1.39,1.48,13.5,18.0,1.06,1.08,3.9,4.3,1.3,1.34,1.15,1.18,2.62,2.8,1.28,1.32,1.262176153,1.262176114,1.262176105,1.262176106
US MLS,2026-09-19,20:30:00,San Jose Earthquakes,Los Angeles FC,2.9,3.1,2.26,2.4,4.0,4.4,2.72,2.92,1.52,1.58,1.51,1.58,2.74,2.96,7.8,29.0,14.0,17.0,16.0,20.0,24.0,32.0,16.0,20.0,9.2,10.5,10.5,12.5,18.0,22.0,21.0,27.0,12.0,14.0,12.5,15.5,18.5,28.0,8.8,55.0,20.0,29.0,22.0,34.0,32.0,60.0,14.0,16.5,9.4,11.0,10.0,370.0,36078682,408102.0,17268707.0,58805.0,1.262537521,1.262537531,1.262537520,1.262537530,4.3,4.7,1.28,1.31,5.4,36.0,1.03,1.05,6.0,6.6,1.18,1.2,1.71,1.8,1.47,1.53,1.29,1.34,1.262537512,1.262537524,1.262537525,1.262537535
US MLS,2026-09-19,20:30:00,DC Utd,Charlotte FC,2.78,2.9,2.52,2.62,3.75,4.1,2.54,2.6,1.62,1.65,1.55,1.61,2.64,2.82,19.5,26.0,13.5,16.0,18.5,22.0,7.4,44.0,14.5,17.0,8.2,9.4,11.0,12.5,19.0,30.0,20.0,26.0,11.5,13.5,13.0,15.5,7.0,34.0,7.6,50.0,20.0,29.0,7.0,34.0,7.8,65.0,14.0,18.5,12.0,14.5,8.8,410.0,36078671,436099.0,42741188.0,58805.0,1.262538626,1.262538637,1.262538625,1.262538636,4.1,4.4,1.3,1.32,15.0,26.0,1.04,1.05,5.5,5.8,1.21,1.22,1.62,1.66,1.52,1.57,1.32,1.37,1.262538616,1.262538629,1.262538630,1.262538641
Ecuadorian Serie A,2026-09-19,21:00:00,Emelec,Libertad FC,1.86,2.1,3.4,5.8,3.35,4.3,1.63,1.83,2.2,2.58,0.0,0.0,0.0,0.0,0.0,0.0,0.0,0.0,0.0,0.0,0.0,0.0,0.0,0.0,0.0,0.0,0.0,0.0,0.0,0.0,0.0,0.0,0.0,0.0,0.0,0.0,0.0,0.0,0.0,0.0,0.0,0.0,0.0,0.0,0.0,0.0,0.0,0.0,0.0,0.0,0.0,0.0,36077418,328197.0,44232344.0,58805.0,1.262507305,1.262507308,0,0,0.0,0.0,0.0,0.0,0.0,0.0,0.0,0.0,0.0,0.0,0.0,0.0,0.0,0.0,0.0,0.0,0.0,0.0,0,0,0,0
Brazilian Serie A,2026-09-19,21:00:00,Sao Paulo,Internacional,1.88,1.95,4.5,4.9,3.65,3.95,1.84,1.93,2.08,2.18,1.94,2.04,1.96,2.06,11.5,13.5,13.0,15.0,8.2,44.0,9.0,140.0,7.0,8.0,7.4,8.6,16.0,23.0,9.0,85.0,9.8,11.5,9.0,10.5,17.5,23.0,9.0,90.0,6.8,23.0,17.5,23.0,8.4,50.0,9.4,160.0,13.5,15.5,8.8,110.0,9.6,1000.0,36045401,198126.0,198137.0,58805.0,1.262175268,1.262175271,1.262175315,1.262175316,1.01,110.0,1.46,1.52,11.5,13.5,1.08,1.1,3.35,3.65,1.38,1.42,1.25,1.28,2.04,2.18,1.34,1.38,1.262175317,1.262175278,1.262175269,1.262175270
Argentinian Primera Division,2026-09-19,21:15:00,Instituto,Talleres,1.98,2.08,4.8,5.1,3.2,3.4,1.53,1.66,2.5,2.88,2.1,2.48,1.67,1.9,7.8,8.8,10.5,13.5,26.0,44.0,100.0,180.0,5.9,6.6,6.8,7.6,18.0,22.0,65.0,110.0,9.6,11.0,10.0,12.0,21.0,32.0,80.0,140.0,18.0,26.0,23.0,32.0,42.0,75.0,150.0,260.0,21.0,32.0,110.0,190.0,1.01,1000.0,36041709,897267.0,194518.0,58805.0,1.262101426,1.262101436,1.262101425,1.262101435,2.32,2.92,1.52,1.75,6.0,9.4,1.12,1.18,2.58,2.9,1.52,1.64,1.24,1.26,1.94,2.04,1.42,1.46,1.262101417,1.262101429,1.262101430,1.262101440
US MLS,2026-09-19,21:30:00,Minnesota Utd,LA Galaxy,1.68,1.78,4.5,5.0,4.6,5.0,2.74,3.2,1.45,1.57,1.49,1.7,2.46,3.1,1.32,1000.0,1.32,1000.0,1.32,1000.0,1.32,1000.0,9.4,1000.0,7.8,22.0,1.32,1000.0,1.32,1000.0,8.8,34.0,7.4,19.5,1.32,1000.0,1.32,1000.0,1.32,1000.0,9.6,1000.0,1.32,1000.0,1.32,1000.0,4.9,8.4,1.32,1000.0,1.32,1000.0,36078673,7533070.0,2658589.0,58805.0,1.262538312,1.262538325,1.262538311,1.262538324,1.01,110.0,1.21,1.35,6.0,110.0,1.01,1.19,6.0,8.6,1.13,1.19,1.25,1.29,2.28,2.48,1.25,1.28,1.262538303,1.262538315,1.262538316,1.262538331
US MLS,2026-09-19,21:30:00,FC Dallas,Austin FC,1.68,1.77,4.6,5.2,4.3,4.7,2.58,2.7,1.59,1.63,1.6,1.79,2.26,2.78,3.4,36.0,3.35,34.0,3.55,65.0,3.75,1000.0,3.0,15.5,2.88,13.0,14.0,26.0,3.55,75.0,3.05,17.5,2.88,13.0,13.0,25.0,3.55,70.0,14.5,26.0,12.0,23.0,18.5,34.0,3.6,95.0,5.8,8.2,3.5,60.0,3.75,1000.0,36078674,2937353.0,39013198.0,58805.0,1.262538482,1.262538492,1.262538481,1.262538491,1.01,110.0,1.01,110.0,5.0,110.0,1.01,1.23,5.0,6.6,1.19,1.23,1.23,1.28,2.28,2.48,1.27,1.31,1.262538473,1.262538485,1.262538486,1.262538496
US MLS,2026-09-19,21:30:00,Kansas City,Philadelphia,4.6,5.0,1.7,1.76,4.5,5.0,2.94,3.2,1.46,1.52,1.5,1.65,2.46,3.1,3.0,46.0,12.0,21.0,11.0,20.0,2.9,28.0,2.98,38.0,9.0,15.5,8.8,15.5,2.82,23.0,3.05,65.0,16.5,29.0,12.0,23.0,2.96,34.0,3.2,1000.0,3.1,70.0,3.05,65.0,3.1,75.0,18.5,46.0,4.6,7.4,3.2,1000.0,36078677,171912.0,4589333.0,58805.0,1.262538079,1.262538089,1.262538078,1.262538088,1.01,110.0,1.01,1.36,5.5,110.0,1.01,1.18,5.5,8.8,1.14,1.18,2.3,2.44,1.25,1.28,1.25,1.29,1.262538070,1.262538082,1.262538083,1.262538093
US MLS,2026-09-19,21:30:00,Houston Dynamo,FC Cincinnati,1.9,2.0,3.8,4.5,4.0,4.4,2.56,2.8,1.56,1.64,1.51,1.68,2.48,2.96,8.6,32.0,18.5,21.0,9.0,34.0,10.5,100.0,11.5,14.0,9.0,10.5,14.5,17.0,9.4,55.0,13.0,15.5,9.6,11.0,14.0,16.0,9.4,55.0,20.0,24.0,16.0,18.5,8.2,29.0,10.0,80.0,7.8,8.8,8.4,32.0,12.0,480.0,36078687,1432923.0,10962520.0,58805.0,1.262536862,1.262536872,1.262536861,1.262536871,3.5,110.0,1.25,1.37,5.1,36.0,1.04,1.25,5.1,7.0,1.17,1.25,1.29,1.36,2.0,2.12,1.29,1.34,1.262536853,1.262536865,1.262536866,1.262536876
US MLS,2026-09-19,21:30:00,St Louis City SC,Toronto FC,1.64,1.77,4.2,5.9,4.3,5.8,2.56,3.25,1.45,1.65,1.5,1.71,2.42,3.0,1.4,1000.0,1.4,1000.0,1.4,1000.0,1.4,1000.0,9.2,40.0,7.6,21.0,11.5,1000.0,1.4,1000.0,9.0,36.0,7.6,21.0,10.5,1000.0,1.4,1000.0,11.0,1000.0,9.8,55.0,1.4,1000.0,1.4,1000.0,5.0,8.6,1.4,1000.0,1.4,1000.0,36078685,52290449.0,2362969.0,58805.0,1.262537082,1.262537092,1.262537081,1.262537091,3.7,5.6,1.22,1.35,5.5,110.0,1.01,1.2,5.5,8.8,1.14,1.2,1.21,1.32,2.28,2.56,1.21,1.31,1.262537073,1.262537085,1.262537086,1.262537096
Mexican Liga MX,2026-09-19,22:10:00,Monterrey,Cruz Azul,2.58,2.7,2.62,2.76,3.8,4.1,2.44,2.56,1.64,1.7,1.57,1.64,2.56,2.74,8.0,24.0,14.0,16.0,17.5,22.0,32.0,38.0,13.5,15.5,8.4,9.4,11.5,13.0,8.2,27.0,17.0,22.0,11.0,13.0,13.0,15.0,9.0,34.0,32.0,38.0,8.2,27.0,8.8,32.0,10.0,70.0,14.0,16.5,14.0,19.5,11.5,500.0,36066692,328949.0,328204.0,58805.0,1.262367681,1.262367691,1.262367680,1.262367690,1.01,110.0,1.26,1.44,14.0,110.0,1.04,1.07,5.2,5.7,1.21,1.24,1.55,1.61,1.58,1.64,1.32,1.36,1.262367672,1.262367684,1.262367685,1.262367695
Peruvian Primera Division,2026-09-19,22:15:00,Melgar,Sport Boys (Per),1.38,1.55,6.8,110.0,4.4,9.6,1.97,2.34,1.74,2.04,1.01,2.46,1.01,2.04,1.01,1000.0,1.01,1000.0,1.01,1000.0,1.01,1000.0,1.01,1000.0,1.01,1000.0,1.01,1000.0,1.01,1000.0,1.01,1000.0,1.01,1000.0,1.01,1000.0,1.01,1000.0,1.01,1000.0,1.01,1000.0,1.01,1000.0,1.01,1000.0,1.01,1000.0,1.01,1000.0,1.01,1000.0,36066663,5839079.0,7587321.0,58805.0,1.262367247,1.262367257,1.262367246,1.262367256,1.01,110.0,1.01,1000.0,1.01,110.0,1.01,1.35,3.5,100.0,1.27,1.36,1.06,1.18,2.8,3.95,1.15,1.3,1.262367238,1.262367250,1.262367251,1.262367261
Colombian Primera A,2026-09-19,22:15:00,Deportivo Pasto,Once Caldas,3.0,110.0,1.1,2.8,1.61,930.0,1.76,1.99,2.02,2.3,1.01,1000.0,1.01,1000.0,9.8,1000.0,8.0,1000.0,10.5,1000.0,23.0,1000.0,9.0,1000.0,6.0,1000.0,9.2,1000.0,19.0,1000.0,16.0,1000.0,9.8,1000.0,14.5,1000.0,29.0,1000.0,36.0,1000.0,26.0,1000.0,36.0,1000.0,40.0,1000.0,1.01,1000.0,1.01,1000.0,1.01,1000.0,36072691,478919.0,816112.0,58805.0,1.262452747,1.262452757,1.262452746,1.262452756,1.01,110.0,1.01,110.0,3.3,110.0,1.01,1.43,3.3,4.1,1.34,1.43,1.56,26.0,1.01,1.5,1.01,2.64,1.262452738,1.262452750,1.262452751,1.262452761
US MLS,2026-09-19,22:30:00,Colorado,Seattle Sounders,1.91,2.0,3.85,4.2,4.0,4.4,2.2,2.44,1.69,1.83,1.64,1.86,2.1,2.54,11.5,21.0,10.0,18.0,2.1,1000.0,2.04,100.0,7.4,11.0,8.2,15.0,10.0,1000.0,2.1,1000.0,11.0,28.0,7.4,11.0,11.0,21.0,2.1,1000.0,2.1,1000.0,2.1,1000.0,1.99,38.0,2.1,1000.0,7.8,19.0,2.1,1000.0,2.1,1000.0,36078678,171911.0,4019787.0,58805.0,1.262537851,1.262537861,1.262537850,1.262537860,3.1,4.3,1.31,1.47,11.0,110.0,1.01,1.09,4.3,5.0,1.25,1.3,1.31,1.36,2.0,2.1,1.29,1.34,1.262537842,1.262537854,1.262537855,1.262537865
US MLS,2026-09-19,22:30:00,Real Salt Lake,Vancouver Whitecaps,3.75,4.0,1.92,2.02,4.0,4.5,2.44,3.05,1.49,1.69,1.49,1.71,2.5,2.9,5.5,32.0,12.5,14.5,13.5,18.0,20.0,27.0,18.5,23.0,9.2,12.0,9.8,13.0,16.0,18.5,5.6,34.0,14.5,17.0,13.5,18.0,5.4,30.0,6.2,80.0,5.8,44.0,5.8,44.0,6.0,65.0,5.4,32.0,7.6,9.8,6.6,430.0,36078683,1101610.0,5383053.0,58805.0,1.262537303,1.262537313,1.262537302,1.262537312,1.01,110.0,1.01,110.0,4.8,110.0,1.01,1.22,4.8,7.4,1.16,1.22,1.98,2.1,1.33,1.37,1.28,1.34,1.262537294,1.262537306,1.262537307,1.262537317
US MLS,2026-09-19,22:30:00,Nashville SC,Chicago Fire,1.8,1.91,4.1,4.5,4.2,4.6,2.74,6.8,1.17,1.57,1.48,1.69,2.46,2.96,3.6,36.0,3.55,30.0,3.75,50.0,3.85,100.0,10.0,18.5,8.6,13.0,10.5,21.0,3.8,60.0,11.0,20.0,8.6,13.0,11.5,20.0,3.75,55.0,15.0,29.0,13.0,21.0,18.0,34.0,3.85,85.0,5.9,9.2,19.0,44.0,4.0,1000.0,36078684,17790476.0,226469.0,58805.0,1.262537192,1.262537202,1.262537191,1.262537201,1.01,110.0,1.01,110.0,17.5,110.0,1.01,1.06,4.8,6.8,1.17,1.21,1.29,1.33,2.08,2.26,1.27,1.32,1.262537183,1.262537195,1.262537196,1.262537206
US MLS,2026-09-19,23:30:00,Portland Timbers,Atlanta Utd,2.16,2.2,3.15,3.25,4.2,4.5,2.72,3.2,1.52,1.59,1.45,1.65,2.74,3.25,22.0,30.0,17.0,22.0,22.0,32.0,7.8,65.0,13.5,16.5,9.2,10.5,13.0,15.5,23.0,36.0,15.0,18.5,10.0,12.0,13.5,16.0,25.0,36.0,24.0,32.0,17.0,21.0,19.5,28.0,40.0,60.0,8.4,10.5,15.5,20.0,5.7,1000.0,36078686,4004854.0,12592557.0,58805.0,1.262536972,1.262536982,1.262536971,1.262536981,1.01,110.0,1.23,1.35,5.1,110.0,1.01,1.2,5.1,8.8,1.14,1.2,1.44,1.47,1.83,1.87,1.28,1.32,1.262536963,1.262536975,1.262536976,1.262536986
